item,ours-int8pc
B1-000000#0,2
B1-000000#1,2
B1-000000#2,2
B1-000000#3,2
B1-000000#4,2
B1-000000#5,2
B1-000000#6,2
B1-000000#7,2
B1-000001#0,2
B1-000001#1,2
B1-000001#10,2
B1-000001#11,2
B1-000001#12,2
B1-000001#2,2
B1-000001#3,2
B1-000001#4,2
B1-000001#5,2
B1-000001#6,2
B1-000001#7,2
B1-000001#8,2
B1-000001#9,2
B1-000002#0,2
B1-000002#1,2
B1-000002#10,2
B1-000002#11,2
B1-000002#12,2
B1-000002#13,2
B1-000002#14,2
B1-000002#15,2
B1-000002#16,2
B1-000002#2,2
B1-000002#3,2
B1-000002#4,2
B1-000002#5,2
B1-000002#6,2
B1-000002#7,2
B1-000002#8,1
B1-000002#9,2
B1-000003#0,2
B1-000003#1,2
B1-000003#2,2
B1-000003#3,2
B1-000003#4,2
B1-000003#5,2
B1-000004#0,2
B1-000004#1,2
B1-000004#10,2
B1-000004#11,2
B1-000004#12,2
B1-000004#2,2
B1-000004#3,2
B1-000004#4,2
B1-000004#5,2
B1-000004#6,2
B1-000004#7,2
B1-000004#8,2
B1-000004#9,1
B1-000005#0,2
B1-000005#1,2
B1-000005#2,2
B1-000005#3,2
B1-000005#4,2
B1-000005#5,2
B1-000005#6,2
B1-000005#7,2
B1-000005#8,2
B1-000005#9,2
B1-000006#0,2
B1-000006#1,2
B1-000006#2,2
B1-000006#3,2
B1-000006#4,2
B1-000006#5,2
B1-000007#0,2
B1-000007#1,2
B1-000007#10,2
B1-000007#11,2
B1-000007#12,2
B1-000007#2,2
B1-000007#3,2
B1-000007#4,2
B1-000007#5,2
B1-000007#6,2
B1-000007#7,2
B1-000007#8,2
B1-000007#9,2
B1-000008#0,2
B1-000008#1,2
B1-000008#10,2
B1-000008#11,2
B1-000008#12,2
B1-000008#2,2
B1-000008#3,2
B1-000008#4,2
B1-000008#5,2
B1-000008#6,2
B1-000008#7,2
B1-000008#8,2
B1-000008#9,2
B1-000009#0,2
B1-000009#1,2
B1-000009#2,2
B1-000009#3,2
B1-000009#4,2
B1-000009#5,2
B1-000009#6,2
B1-000010#0,2
B1-000010#1,2
B1-000010#10,2
B1-000010#11,2
B1-000010#12,2
B1-000010#13,2
B1-000010#2,2
B1-000010#3,2
B1-000010#4,2
B1-000010#5,2
B1-000010#6,2
B1-000010#7,2
B1-000010#8,2
B1-000010#9,2
B1-000011#0,2
B1-000011#1,2
B1-000011#10,2
B1-000011#11,2
B1-000011#2,2
B1-000011#3,2
B1-000011#4,2
B1-000011#5,2
B1-000011#6,2
B1-000011#7,2
B1-000011#8,2
B1-000011#9,2
B1-000012#0,2
B1-000012#1,2
B1-000012#2,2
B1-000012#3,2
B1-000012#4,2
B1-000013#0,2
B1-000013#1,2
B1-000013#10,2
B1-000013#11,2
B1-000013#2,2
B1-000013#3,2
B1-000013#4,2
B1-000013#5,2
B1-000013#6,2
B1-000013#7,2
B1-000013#8,2
B1-000013#9,2
B1-000014#0,2
B1-000014#1,2
B1-000014#10,2
B1-000014#11,2
B1-000014#2,2
B1-000014#3,2
B1-000014#4,1
B1-000014#5,2
B1-000014#6,2
B1-000014#7,2
B1-000014#8,2
B1-000014#9,2
B1-000015#0,2
B1-000015#1,2
B1-000015#2,2
B1-000015#3,2
B1-000015#4,2
B1-000015#5,2
B1-000015#6,2
B1-000016#0,2
B1-000016#1,2
B1-000016#2,2
B1-000016#3,2
B1-000016#4,2
B1-000016#5,2
B1-000016#6,2
B1-000016#7,2
B1-000016#8,2
B1-000016#9,2
B1-000017#0,1
B1-000017#1,2
B1-000017#2,2
B1-000017#3,2
B1-000017#4,2
B1-000017#5,2
B1-000017#6,2
B1-000017#7,2
B1-000018#0,2
B1-000018#1,2
B1-000018#10,2
B1-000018#11,2
B1-000018#12,2
B1-000018#13,2
B1-000018#14,2
B1-000018#15,2
B1-000018#16,2
B1-000018#2,2
B1-000018#3,2
B1-000018#4,2
B1-000018#5,2
B1-000018#6,2
B1-000018#7,2
B1-000018#8,2
B1-000018#9,2
B1-000019#0,2
B1-000019#1,2
B1-000019#2,2
B1-000019#3,2
B1-000019#4,2
B1-000019#5,2
B1-000019#6,2
B1-000020#0,2
B1-000020#1,2
B1-000020#10,2
B1-000020#11,2
B1-000020#12,2
B1-000020#2,2
B1-000020#3,2
B1-000020#4,2
B1-000020#5,2
B1-000020#6,2
B1-000020#7,2
B1-000020#8,2
B1-000020#9,2
B1-000021#0,2
B1-000021#1,2
B1-000021#10,2
B1-000021#11,2
B1-000021#2,2
B1-000021#3,2
B1-000021#4,2
B1-000021#5,2
B1-000021#6,2
B1-000021#7,2
B1-000021#8,2
B1-000021#9,2
B1-000022#0,2
B1-000022#1,2
B1-000022#2,2
B1-000022#3,2
B1-000022#4,2
B1-000022#5,2
B1-000022#6,2
B1-000023#0,2
B1-000023#1,2
B1-000023#10,2
B1-000023#2,2
B1-000023#3,2
B1-000023#4,2
B1-000023#5,2
B1-000023#6,2
B1-000023#7,2
B1-000023#8,2
B1-000023#9,2
B1-000024#0,2
B1-000024#1,2
B1-000024#2,2
B1-000024#3,2
B1-000024#4,2
B1-000024#5,2
B1-000024#6,2
B1-000024#7,2
B1-000024#8,2
B1-000024#9,2
B1-000025#0,2
B1-000025#1,2
B1-000025#2,2
B1-000025#3,2
B1-000025#4,2
B1-000025#5,2
B1-000025#6,2
B1-000026#0,2
B1-000026#1,2
B1-000026#2,2
B1-000026#3,2
B1-000026#4,2
B1-000026#5,2
B1-000027#0,2
B1-000027#1,2
B1-000027#2,2
B1-000027#3,2
B1-000027#4,2
B1-000027#5,2
B1-000028#0,2
B1-000028#1,2
B1-000028#2,2
B1-000028#3,2
B1-000028#4,2
B1-000028#5,2
B1-000028#6,2
B1-000029#0,1
B1-000029#1,2
B1-000029#2,2
B1-000029#3,2
B1-000029#4,2
B1-000030#0,2
B1-000030#1,2
B1-000030#10,2
B1-000030#11,2
B1-000030#12,2
B1-000030#13,2
B1-000030#14,2
B1-000030#15,1
B1-000030#16,2
B1-000030#2,2
B1-000030#3,2
B1-000030#4,2
B1-000030#5,2
B1-000030#6,2
B1-000030#7,2
B1-000030#8,2
B1-000030#9,2
B1-000031#0,1
B1-000031#1,2
B1-000031#10,2
B1-000031#11,2
B1-000031#12,2
B1-000031#13,2
B1-000031#14,2
B1-000031#15,2
B1-000031#16,2
B1-000031#2,2
B1-000031#3,2
B1-000031#4,2
B1-000031#5,2
B1-000031#6,2
B1-000031#7,2
B1-000031#8,2
B1-000031#9,2
B1-000032#0,2
B1-000032#1,1
B1-000032#10,2
B1-000032#11,2
B1-000032#12,2
B1-000032#2,2
B1-000032#3,2
B1-000032#4,2
B1-000032#5,2
B1-000032#6,2
B1-000032#7,2
B1-000032#8,2
B1-000032#9,2
B1-000033#0,2
B1-000033#1,2
B1-000033#2,2
B1-000033#3,2
B1-000033#4,2
B1-000033#5,2
B1-000033#6,2
B1-000033#7,2
B1-000034#0,2
B1-000034#1,2
B1-000034#10,2
B1-000034#2,2
B1-000034#4,2
B1-000034#5,2
B1-000034#6,2
B1-000034#7,2
B1-000034#8,2
B1-000034#9,2
B1-000035#0,2
B1-000035#1,2
B1-000035#2,2
B1-000035#3,2
B1-000035#4,2
B1-000036#0,2
B1-000036#1,2
B1-000036#2,2
B1-000036#3,2
B1-000036#4,2
B1-000036#5,2
B1-000037#0,2
B1-000037#1,2
B1-000037#10,2
B1-000037#11,2
B1-000037#12,2
B1-000037#13,2
B1-000037#14,2
B1-000037#2,2
B1-000037#3,2
B1-000037#4,2
B1-000037#5,2
B1-000037#6,2
B1-000037#7,2
B1-000037#8,2
B1-000037#9,2
B1-000038#0,2
B1-000038#1,2
B1-000038#10,2
B1-000038#11,2
B1-000038#12,2
B1-000038#13,2
B1-000038#2,2
B1-000038#3,2
B1-000038#4,2
B1-000038#5,2
B1-000038#6,2
B1-000038#7,2
B1-000038#8,2
B1-000038#9,2
B1-000039#0,2
B1-000039#1,2
B1-000039#2,2
B1-000039#3,2
B1-000039#4,2
B1-000039#5,2
B1-000040#0,2
B1-000040#1,2
B1-000040#10,2
B1-000040#11,2
B1-000040#12,2
B1-000040#13,2
B1-000040#2,2
B1-000040#3,2
B1-000040#4,2
B1-000040#5,2
B1-000040#6,2
B1-000040#7,2
B1-000040#8,2
B1-000040#9,2
B1-000041#0,2
B1-000041#1,2
B1-000041#2,1
B1-000041#3,2
B1-000041#4,2
B1-000041#5,2
B1-000041#6,2
B1-000041#7,2
B1-000042#0,2
B1-000042#1,2
B1-000042#2,2
B1-000042#3,2
B1-000042#4,2
B1-000042#5,2
B1-000043#0,2
B1-000043#1,2
B1-000043#2,2
B1-000043#3,2
B1-000043#4,2
B1-000043#5,2
B1-000043#6,2
B1-000043#7,2
B1-000043#8,2
B1-000044#0,2
B1-000044#1,2
B1-000044#2,2
B1-000044#3,2
B1-000044#4,2
B1-000044#5,2
B1-000044#6,2
B1-000045#0,2
B1-000045#1,2
B1-000045#10,2
B1-000045#11,2
B1-000045#12,2
B1-000045#13,2
B1-000045#14,2
B1-000045#15,2
B1-000045#2,2
B1-000045#3,2
B1-000045#4,2
B1-000045#5,2
B1-000045#6,2
B1-000045#7,2
B1-000045#8,2
B1-000045#9,2
B1-000046#0,2
B1-000046#1,2
B1-000046#2,2
B1-000046#3,2
B1-000046#4,2
B1-000046#5,2
B1-000047#0,2
B1-000047#1,2
B1-000047#10,2
B1-000047#11,2
B1-000047#12,2
B1-000047#13,0
B1-000047#14,2
B1-000047#15,2
B1-000047#16,2
B1-000047#17,2
B1-000047#2,2
B1-000047#3,2
B1-000047#4,2
B1-000047#5,2
B1-000047#6,2
B1-000047#7,2
B1-000047#8,2
B1-000047#9,2
B1-000048#0,2
B1-000048#1,2
B1-000048#2,2
B1-000048#3,2
B1-000048#4,2
B1-000048#5,2
B1-000048#6,2
B1-000048#7,2
B1-000048#8,2
B1-000048#9,2
B1-000049#0,2
B1-000049#1,2
B1-000049#2,2
B1-000049#3,2
B1-000049#4,2
B1-000049#5,2
B1-000049#6,2
B1-000049#7,2
B1-000049#8,2
B1-000050#0,2
B1-000050#1,2
B1-000050#2,2
B1-000050#3,2
B1-000050#4,2
B1-000050#5,2
B1-000050#6,2
B1-000051#0,2
B1-000051#1,2
B1-000051#2,2
B1-000051#3,2
B1-000051#4,2
B1-000051#5,2
B1-000051#6,2
B1-000051#7,2
B1-000051#8,2
B1-000052#0,2
B1-000052#1,2
B1-000052#2,2
B1-000052#3,2
B1-000052#4,2
B1-000052#5,2
B1-000052#6,2
B1-000052#7,2
B1-000053#0,2
B1-000053#1,2
B1-000053#10,2
B1-000053#11,2
B1-000053#12,2
B1-000053#13,2
B1-000053#14,2
B1-000053#2,2
B1-000053#3,2
B1-000053#4,2
B1-000053#5,2
B1-000053#6,2
B1-000053#7,2
B1-000053#8,2
B1-000053#9,2
B1-000054#0,2
B1-000054#1,2
B1-000054#2,2
B1-000054#3,2
B1-000054#4,2
B1-000054#5,2
B1-000054#6,2
B1-000054#7,2
B1-000054#8,2
B1-000055#0,2
B1-000055#1,2
B1-000055#10,2
B1-000055#11,2
B1-000055#12,2
B1-000055#13,2
B1-000055#14,2
B1-000055#15,2
B1-000055#2,2
B1-000055#3,2
B1-000055#4,2
B1-000055#5,2
B1-000055#6,2
B1-000055#7,2
B1-000055#8,2
B1-000055#9,2
B1-000056#0,2
B1-000056#1,2
B1-000056#2,2
B1-000056#3,2
B1-000056#4,2
B1-000056#5,2
B1-000056#6,2
B1-000056#7,2
B1-000056#8,2
B1-000057#0,2
B1-000057#1,2
B1-000057#10,2
B1-000057#11,2
B1-000057#12,2
B1-000057#13,2
B1-000057#14,2
B1-000057#15,2
B1-000057#16,2
B1-000057#2,1
B1-000057#3,2
B1-000057#4,2
B1-000057#5,2
B1-000057#6,2
B1-000057#7,2
B1-000057#8,2
B1-000057#9,2
B1-000058#0,2
B1-000058#1,2
B1-000058#2,2
B1-000058#3,2
B1-000058#4,2
B1-000058#5,2
B1-000058#6,2
B1-000059#0,2
B1-000059#1,2
B1-000059#2,2
B1-000059#3,2
B1-000059#4,0
B1-000059#5,2
B1-000060#0,2
B1-000060#1,2
B1-000060#2,2
B1-000060#3,2
B1-000060#4,2
B1-000060#5,2
B1-000061#0,2
B1-000061#1,2
B1-000061#10,2
B1-000061#11,2
B1-000061#12,2
B1-000061#13,2
B1-000061#14,2
B1-000061#2,2
B1-000061#3,2
B1-000061#4,2
B1-000061#5,2
B1-000061#6,2
B1-000061#7,2
B1-000061#8,2
B1-000061#9,2
B1-000062#0,2
B1-000062#1,2
B1-000062#2,2
B1-000062#3,2
B1-000062#4,2
B1-000062#5,2
B1-000062#6,2
B1-000062#7,2
B1-000062#8,2
B1-000063#0,2
B1-000063#1,2
B1-000063#2,2
B1-000063#3,2
B1-000063#4,2
B1-000063#5,2
B1-000064#0,2
B1-000064#1,2
B1-000064#10,1
B1-000064#11,2
B1-000064#12,2
B1-000064#13,2
B1-000064#14,2
B1-000064#2,2
B1-000064#3,2
B1-000064#4,2
B1-000064#5,2
B1-000064#6,2
B1-000064#7,2
B1-000064#8,2
B1-000064#9,2
B1-000065#0,2
B1-000065#1,2
B1-000065#10,2
B1-000065#11,2
B1-000065#12,2
B1-000065#13,2
B1-000065#14,2
B1-000065#2,2
B1-000065#3,2
B1-000065#4,2
B1-000065#5,2
B1-000065#6,2
B1-000065#7,2
B1-000065#8,2
B1-000065#9,2
B1-000066#0,2
B1-000066#1,2
B1-000066#10,2
B1-000066#2,2
B1-000066#3,2
B1-000066#4,2
B1-000066#5,1
B1-000066#6,2
B1-000066#7,2
B1-000066#8,2
B1-000066#9,2
B1-000067#0,2
B1-000067#1,2
B1-000067#2,2
B1-000067#3,2
B1-000067#4,2
B1-000068#0,2
B1-000068#1,2
B1-000068#10,2
B1-000068#11,2
B1-000068#12,2
B1-000068#13,2
B1-000068#14,2
B1-000068#15,2
B1-000068#2,2
B1-000068#3,2
B1-000068#4,2
B1-000068#5,2
B1-000068#6,2
B1-000068#7,2
B1-000068#8,2
B1-000068#9,2
B1-000069#0,2
B1-000069#1,2
B1-000069#2,2
B1-000069#3,2
B1-000069#4,2
B1-000069#5,2
B1-000069#6,2
B1-000070#0,2
B1-000070#1,2
B1-000070#2,2
B1-000070#3,2
B1-000070#4,2
B1-000071#0,2
B1-000071#1,2
B1-000071#2,2
B1-000071#3,2
B1-000071#4,2
B1-000071#5,2
B1-000071#6,2
B1-000072#0,2
B1-000072#1,2
B1-000072#10,2
B1-000072#11,2
B1-000072#12,2
B1-000072#13,2
B1-000072#2,2
B1-000072#3,2
B1-000072#4,2
B1-000072#5,2
B1-000072#6,2
B1-000072#7,2
B1-000072#8,2
B1-000072#9,2
B1-000073#0,2
B1-000073#1,2
B1-000073#2,2
B1-000073#3,2
B1-000073#4,2
B1-000074#0,2
B1-000074#1,2
B1-000074#10,2
B1-000074#11,2
B1-000074#12,2
B1-000074#13,2
B1-000074#2,2
B1-000074#3,2
B1-000074#4,2
B1-000074#5,2
B1-000074#6,2
B1-000074#7,2
B1-000074#8,2
B1-000074#9,2
B1-000075#0,2
B1-000075#1,2
B1-000075#10,2
B1-000075#11,2
B1-000075#12,2
B1-000075#13,2
B1-000075#2,2
B1-000075#3,2
B1-000075#4,2
B1-000075#5,2
B1-000075#6,2
B1-000075#7,2
B1-000075#8,2
B1-000075#9,2
B1-000076#0,2
B1-000076#1,2
B1-000076#10,2
B1-000076#11,2
B1-000076#12,2
B1-000076#13,2
B1-000076#2,2
B1-000076#3,2
B1-000076#4,2
B1-000076#5,2
B1-000076#6,2
B1-000076#7,2
B1-000076#8,2
B1-000076#9,2
B1-000077#0,2
B1-000077#1,2
B1-000077#2,2
B1-000077#3,2
B1-000077#4,2
B1-000078#0,2
B1-000078#1,2
B1-000078#2,2
B1-000078#3,2
B1-000079#0,2
B1-000079#1,2
B1-000079#10,2
B1-000079#11,2
B1-000079#12,2
B1-000079#13,2
B1-000079#14,2
B1-000079#15,2
B1-000079#16,2
B1-000079#2,2
B1-000079#3,2
B1-000079#4,2
B1-000079#5,2
B1-000079#6,2
B1-000079#7,2
B1-000079#8,2
B1-000079#9,2
B1-000080#1,2
B1-000080#11,2
B1-000080#2,2
B1-000080#3,2
B1-000080#4,2
B1-000080#5,2
B1-000080#6,2
B1-000080#7,2
B1-000080#8,2
B1-000080#9,2
B1-000081#0,2
B1-000081#1,1
B1-000081#10,2
B1-000081#11,2
B1-000081#12,2
B1-000081#2,2
B1-000081#3,2
B1-000081#4,2
B1-000081#5,2
B1-000081#6,2
B1-000081#7,2
B1-000081#8,2
B1-000081#9,2
B1-000082#0,2
B1-000082#1,2
B1-000082#10,2
B1-000082#11,0
B1-000082#12,2
B1-000082#2,2
B1-000082#3,2
B1-000082#4,2
B1-000082#5,2
B1-000082#6,2
B1-000082#7,2
B1-000082#8,2
B1-000082#9,2
B1-000083#0,2
B1-000083#1,2
B1-000083#2,2
B1-000083#3,2
B1-000083#4,2
B1-000083#5,2
B1-000083#6,2
B1-000083#7,2
B1-000083#8,2
B1-000083#9,2
B1-000084#0,2
B1-000084#1,2
B1-000084#10,2
B1-000084#11,2
B1-000084#12,2
B1-000084#2,2
B1-000084#3,2
B1-000084#4,2
B1-000084#5,2
B1-000084#6,2
B1-000084#7,2
B1-000084#8,2
B1-000084#9,2
B1-000085#0,2
B1-000085#1,2
B1-000085#10,2
B1-000085#2,2
B1-000085#3,2
B1-000085#4,2
B1-000085#5,2
B1-000085#6,2
B1-000085#7,2
B1-000085#8,2
B1-000085#9,2
B1-000086#0,2
B1-000086#1,2
B1-000086#2,2
B1-000086#3,2
B1-000086#4,2
B1-000086#5,2
B1-000086#6,2
B1-000087#0,2
B1-000087#1,2
B1-000087#2,2
B1-000087#3,2
B1-000087#4,2
B1-000087#5,2
B1-000087#6,2
B1-000087#7,2
B1-000087#8,2
B1-000087#9,2
B1-000088#0,1
B1-000088#1,2
B1-000088#10,2
B1-000088#11,2
B1-000088#12,2
B1-000088#2,2
B1-000088#3,2
B1-000088#4,2
B1-000088#5,2
B1-000088#6,2
B1-000088#7,2
B1-000088#9,2
B1-000089#0,2
B1-000089#1,2
B1-000089#2,2
B1-000089#3,2
B1-000089#4,2
B1-000089#5,2
B1-000089#6,2
B1-000089#7,2
B1-000089#8,2
B1-000090#0,2
B1-000090#1,2
B1-000090#2,2
B1-000090#3,2
B1-000090#4,2
B1-000090#5,2
B1-000090#6,2
B1-000091#0,2
B1-000091#1,2
B1-000091#10,2
B1-000091#11,2
B1-000091#12,2
B1-000091#13,2
B1-000091#2,2
B1-000091#3,2
B1-000091#4,2
B1-000091#5,2
B1-000091#6,2
B1-000091#7,2
B1-000091#8,2
B1-000091#9,2
B1-000092#0,2
B1-000092#1,2
B1-000092#2,2
B1-000092#3,2
B1-000092#4,2
B1-000092#5,2
B1-000092#6,2
B1-000092#7,2
B1-000092#8,2
B1-000092#9,2
B1-000093#0,2
B1-000093#1,2
B1-000093#10,2
B1-000093#2,2
B1-000093#3,2
B1-000093#4,2
B1-000093#5,2
B1-000093#6,2
B1-000093#7,2
B1-000093#8,2
B1-000093#9,2
B1-000094#0,2
B1-000094#1,2
B1-000094#10,2
B1-000094#11,2
B1-000094#12,2
B1-000094#2,2
B1-000094#3,2
B1-000094#4,2
B1-000094#5,2
B1-000094#6,2
B1-000094#7,2
B1-000094#8,2
B1-000094#9,2
B1-000095#0,2
B1-000095#1,2
B1-000095#2,2
B1-000095#3,2
B1-000095#4,2
B1-000095#5,2
B1-000095#6,2
B1-000095#7,2
B1-000096#0,2
B1-000096#1,2
B1-000096#10,2
B1-000096#11,2
B1-000096#12,2
B1-000096#13,2
B1-000096#14,2
B1-000096#15,2
B1-000096#2,2
B1-000096#3,2
B1-000096#4,2
B1-000096#5,2
B1-000096#6,2
B1-000096#7,2
B1-000096#8,2
B1-000096#9,2
B1-000097#0,2
B1-000097#1,2
B1-000097#10,2
B1-000097#11,2
B1-000097#12,2
B1-000097#2,2
B1-000097#3,2
B1-000097#4,2
B1-000097#5,2
B1-000097#6,2
B1-000097#7,1
B1-000097#8,2
B1-000097#9,2
B1-000098#0,2
B1-000098#1,2
B1-000098#10,2
B1-000098#11,2
B1-000098#12,2
B1-000098#13,2
B1-000098#2,2
B1-000098#3,2
B1-000098#4,2
B1-000098#5,2
B1-000098#6,2
B1-000098#7,2
B1-000098#8,2
B1-000098#9,2
B1-000099#0,2
B1-000099#1,2
B1-000099#10,2
B1-000099#11,2
B1-000099#2,2
B1-000099#3,2
B1-000099#4,2
B1-000099#5,2
B1-000099#6,2
B1-000099#7,0
B1-000099#8,2
B1-000099#9,2
B1-000100#0,2
B1-000100#1,2
B1-000100#2,2
B1-000100#3,2
B1-000100#4,2
B1-000100#5,2
B1-000100#6,0
B1-000100#7,2
B1-000101#0,2
B1-000101#1,2
B1-000101#2,2
B1-000101#3,2
B1-000101#4,2
B1-000101#5,2
B1-000102#0,2
B1-000102#1,2
B1-000102#2,2
B1-000102#3,2
B1-000102#4,2
B1-000102#5,2
B1-000102#6,2
B1-000102#7,2
B1-000103#0,2
B1-000103#1,2
B1-000103#10,2
B1-000103#11,2
B1-000103#12,2
B1-000103#13,2
B1-000103#14,2
B1-000103#15,2
B1-000103#16,2
B1-000103#17,2
B1-000103#2,2
B1-000103#3,2
B1-000103#4,2
B1-000103#5,2
B1-000103#6,2
B1-000103#7,2
B1-000103#8,2
B1-000103#9,2
B1-000104#0,2
B1-000104#1,2
B1-000104#10,2
B1-000104#11,2
B1-000104#12,2
B1-000104#2,2
B1-000104#3,2
B1-000104#4,2
B1-000104#5,2
B1-000104#6,2
B1-000104#7,2
B1-000104#8,2
B1-000104#9,2
B1-000105#0,2
B1-000105#1,2
B1-000105#10,2
B1-000105#11,2
B1-000105#12,2
B1-000105#13,2
B1-000105#14,2
B1-000105#2,2
B1-000105#3,2
B1-000105#4,2
B1-000105#5,2
B1-000105#6,2
B1-000105#7,2
B1-000105#8,2
B1-000105#9,2
B1-000106#0,2
B1-000106#1,2
B1-000106#2,2
B1-000106#3,2
B1-000106#4,2
B1-000106#5,2
B1-000106#6,2
B1-000106#7,2
B1-000106#8,2
B1-000107#0,2
B1-000107#1,2
B1-000107#10,2
B1-000107#11,2
B1-000107#12,2
B1-000107#13,2
B1-000107#14,2
B1-000107#15,2
B1-000107#16,2
B1-000107#2,2
B1-000107#3,2
B1-000107#4,2
B1-000107#5,2
B1-000107#6,2
B1-000107#7,2
B1-000107#8,2
B1-000107#9,2
B1-000108#0,2
B1-000108#1,2
B1-000108#2,2
B1-000108#3,2
B1-000108#4,2
B1-000108#5,2
B1-000109#0,2
B1-000109#1,2
B1-000109#10,2
B1-000109#11,2
B1-000109#2,2
B1-000109#3,2
B1-000109#4,2
B1-000109#5,2
B1-000109#6,2
B1-000109#7,2
B1-000109#8,2
B1-000109#9,2
B1-000110#0,2
B1-000110#1,2
B1-000110#10,2
B1-000110#2,2
B1-000110#3,2
B1-000110#4,2
B1-000110#5,2
B1-000110#6,2
B1-000110#7,2
B1-000110#8,2
B1-000110#9,2
B1-000111#0,2
B1-000111#1,2
B1-000111#10,2
B1-000111#11,2
B1-000111#12,2
B1-000111#2,2
B1-000111#3,2
B1-000111#4,2
B1-000111#5,2
B1-000111#6,2
B1-000111#7,2
B1-000111#8,2
B1-000111#9,2
B1-000112#0,2
B1-000112#1,2
B1-000112#10,2
B1-000112#11,0
B1-000112#12,2
B1-000112#2,2
B1-000112#3,1
B1-000112#4,2
B1-000112#5,2
B1-000112#6,2
B1-000112#7,2
B1-000112#8,2
B1-000112#9,2
B1-000113#0,2
B1-000113#1,2
B1-000113#2,2
B1-000113#3,2
B1-000113#4,2
B1-000113#5,2
B1-000113#6,2
B1-000114#0,2
B1-000114#1,2
B1-000114#2,2
B1-000114#3,2
B1-000114#4,2
B1-000115#0,2
B1-000115#1,2
B1-000115#10,2
B1-000115#11,2
B1-000115#12,2
B1-000115#13,2
B1-000115#14,2
B1-000115#15,2
B1-000115#2,2
B1-000115#3,2
B1-000115#4,2
B1-000115#5,2
B1-000115#6,2
B1-000115#7,2
B1-000115#8,2
B1-000115#9,2
B1-000116#0,2
B1-000116#1,2
B1-000116#10,2
B1-000116#11,2
B1-000116#12,2
B1-000116#13,2
B1-000116#2,2
B1-000116#3,2
B1-000116#4,2
B1-000116#5,2
B1-000116#6,2
B1-000116#7,2
B1-000116#8,2
B1-000116#9,2
B1-000117#0,2
B1-000117#1,2
B1-000117#10,2
B1-000117#11,2
B1-000117#12,2
B1-000117#13,2
B1-000117#14,2
B1-000117#15,2
B1-000117#2,2
B1-000117#3,2
B1-000117#4,2
B1-000117#5,2
B1-000117#6,2
B1-000117#7,2
B1-000117#8,2
B1-000117#9,2
B1-000118#0,2
B1-000118#1,2
B1-000118#10,2
B1-000118#11,2
B1-000118#12,2
B1-000118#2,2
B1-000118#3,2
B1-000118#4,2
B1-000118#5,2
B1-000118#6,2
B1-000118#7,1
B1-000118#8,2
B1-000118#9,2
B1-000119#0,2
B1-000119#1,2
B1-000119#10,2
B1-000119#11,2
B1-000119#12,2
B1-000119#13,2
B1-000119#14,2
B1-000119#2,2
B1-000119#3,2
B1-000119#4,2
B1-000119#5,2
B1-000119#6,2
B1-000119#7,2
B1-000119#8,2
B1-000119#9,2
B1-000120#0,2
B1-000120#1,2
B1-000120#10,2
B1-000120#11,2
B1-000120#12,2
B1-000120#13,2
B1-000120#14,2
B1-000120#15,2
B1-000120#16,0
B1-000120#17,2
B1-000120#2,2
B1-000120#3,2
B1-000120#4,2
B1-000120#5,2
B1-000120#6,2
B1-000120#7,2
B1-000120#8,2
B1-000120#9,2
B1-000121#0,2
B1-000121#1,2
B1-000121#10,2
B1-000121#11,2
B1-000121#12,2
B1-000121#13,2
B1-000121#14,2
B1-000121#15,2
B1-000121#2,2
B1-000121#3,2
B1-000121#4,2
B1-000121#5,2
B1-000121#6,2
B1-000121#7,2
B1-000121#8,2
B1-000121#9,2
B1-000122#0,2
B1-000122#1,2
B1-000122#2,2
B1-000122#3,2
B1-000122#4,2
B1-000123#0,2
B1-000123#1,2
B1-000123#10,2
B1-000123#11,2
B1-000123#12,1
B1-000123#13,2
B1-000123#14,2
B1-000123#15,2
B1-000123#16,2
B1-000123#2,2
B1-000123#3,2
B1-000123#4,2
B1-000123#5,2
B1-000123#6,2
B1-000123#7,2
B1-000123#8,2
B1-000123#9,2
B1-000124#0,2
B1-000124#1,2
B1-000124#2,2
B1-000124#3,2
B1-000124#4,2
B1-000124#5,2
B1-000124#6,2
B1-000124#7,2
B1-000124#8,2
B1-000124#9,2
B1-000125#0,2
B1-000125#1,2
B1-000125#10,2
B1-000125#11,2
B1-000125#2,2
B1-000125#3,2
B1-000125#4,2
B1-000125#5,2
B1-000125#6,2
B1-000125#7,2
B1-000125#8,2
B1-000125#9,2
B1-000126#0,2
B1-000126#1,2
B1-000126#10,2
B1-000126#11,2
B1-000126#12,2
B1-000126#13,2
B1-000126#14,2
B1-000126#15,2
B1-000126#2,2
B1-000126#3,2
B1-000126#4,2
B1-000126#5,2
B1-000126#6,2
B1-000126#7,2
B1-000126#8,2
B1-000126#9,2
B1-000127#0,2
B1-000127#1,2
B1-000127#2,2
B1-000127#3,2
B1-000127#4,2
B1-000128#0,2
B1-000128#1,2
B1-000128#10,2
B1-000128#11,2
B1-000128#12,2
B1-000128#13,2
B1-000128#14,2
B1-000128#2,2
B1-000128#3,2
B1-000128#4,2
B1-000128#5,2
B1-000128#6,2
B1-000128#7,2
B1-000128#8,2
B1-000128#9,2
B1-000129#0,2
B1-000129#1,2
B1-000129#10,2
B1-000129#11,2
B1-000129#12,2
B1-000129#13,2
B1-000129#2,2
B1-000129#3,2
B1-000129#4,2
B1-000129#5,2
B1-000129#6,2
B1-000129#7,2
B1-000129#8,2
B1-000129#9,2
B1-000130#0,2
B1-000130#1,2
B1-000130#2,2
B1-000130#3,2
B1-000130#4,2
B1-000130#5,2
B1-000131#0,2
B1-000131#1,2
B1-000131#10,2
B1-000131#11,2
B1-000131#12,2
B1-000131#13,2
B1-000131#14,2
B1-000131#15,2
B1-000131#2,2
B1-000131#3,2
B1-000131#4,2
B1-000131#5,2
B1-000131#6,2
B1-000131#7,2
B1-000131#8,2
B1-000131#9,2
B1-000132#0,2
B1-000132#1,2
B1-000132#2,2
B1-000132#3,2
B1-000132#4,2
B1-000132#5,2
B1-000132#6,2
B1-000132#7,2
B1-000133#0,2
B1-000133#1,2
B1-000133#10,2
B1-000133#11,2
B1-000133#2,2
B1-000133#3,2
B1-000133#4,2
B1-000133#5,2
B1-000133#6,2
B1-000133#7,2
B1-000133#8,2
B1-000133#9,2
B1-000134#0,2
B1-000134#1,2
B1-000134#2,2
B1-000134#3,2
B1-000134#4,2
B1-000134#5,2
B1-000134#6,2
B1-000134#7,2
B1-000135#0,2
B1-000135#1,2
B1-000135#10,2
B1-000135#11,2
B1-000135#2,2
B1-000135#3,2
B1-000135#4,2
B1-000135#5,0
B1-000135#6,2
B1-000135#7,2
B1-000135#8,2
B1-000135#9,2
B1-000136#0,2
B1-000136#1,2
B1-000136#2,2
B1-000136#3,2
B1-000136#4,2
B1-000136#5,2
B1-000136#6,2
B1-000137#0,1
B1-000137#1,2
B1-000137#10,2
B1-000137#11,2
B1-000137#2,2
B1-000137#3,2
B1-000137#4,2
B1-000137#5,2
B1-000137#6,2
B1-000137#7,2
B1-000137#8,2
B1-000137#9,1
B1-000138#0,2
B1-000138#1,2
B1-000138#10,2
B1-000138#11,2
B1-000138#12,2
B1-000138#13,2
B1-000138#14,2
B1-000138#15,2
B1-000138#16,2
B1-000138#2,2
B1-000138#3,2
B1-000138#4,2
B1-000138#5,2
B1-000138#6,2
B1-000138#7,2
B1-000138#8,2
B1-000138#9,2
B1-000139#0,2
B1-000139#1,2
B1-000139#10,2
B1-000139#2,2
B1-000139#3,2
B1-000139#4,2
B1-000139#5,2
B1-000139#6,1
B1-000139#7,2
B1-000139#8,2
B1-000139#9,2
B1-000140#0,2
B1-000140#1,2
B1-000140#2,2
B1-000140#3,2
B1-000140#4,2
B1-000140#5,2
B1-000140#6,2
B1-000140#7,2
B1-000140#8,2
B1-000141#0,2
B1-000141#1,0
B1-000141#10,2
B1-000141#2,2
B1-000141#3,2
B1-000141#4,2
B1-000141#5,2
B1-000141#6,0
B1-000141#7,2
B1-000141#8,2
B1-000141#9,2
B1-000142#0,2
B1-000142#1,2
B1-000142#10,2
B1-000142#11,2
B1-000142#12,2
B1-000142#13,2
B1-000142#14,1
B1-000142#15,2
B1-000142#16,2
B1-000142#2,2
B1-000142#3,2
B1-000142#4,2
B1-000142#5,2
B1-000142#6,2
B1-000142#7,2
B1-000142#8,2
B1-000142#9,2
B1-000143#0,2
B1-000143#1,2
B1-000143#2,2
B1-000143#3,2
B1-000143#4,2
B1-000143#5,2
B1-000144#0,2
B1-000144#1,2
B1-000144#10,2
B1-000144#2,2
B1-000144#3,2
B1-000144#4,2
B1-000144#5,2
B1-000144#6,2
B1-000144#7,2
B1-000144#8,2
B1-000144#9,2
B1-000145#0,2
B1-000145#1,2
B1-000145#2,2
B1-000145#3,2
B1-000145#4,2
B1-000145#6,2
B1-000145#7,1
B1-000145#8,2
B1-000145#9,2
B1-000146#0,2
B1-000146#1,2
B1-000146#2,2
B1-000146#3,2
B1-000146#4,2
B1-000146#5,2
B1-000146#6,2
B1-000146#7,2
B1-000146#8,2
B1-000146#9,2
B1-000147#0,2
B1-000147#1,2
B1-000147#10,2
B1-000147#11,2
B1-000147#12,2
B1-000147#13,2
B1-000147#14,2
B1-000147#15,2
B1-000147#2,2
B1-000147#3,2
B1-000147#4,2
B1-000147#5,2
B1-000147#6,2
B1-000147#7,2
B1-000147#8,2
B1-000147#9,2
B1-000148#0,2
B1-000148#1,2
B1-000148#10,2
B1-000148#2,2
B1-000148#3,2
B1-000148#4,2
B1-000148#5,2
B1-000148#6,2
B1-000148#7,2
B1-000148#8,1
B1-000148#9,1
B1-000149#0,2
B1-000149#1,2
B1-000149#2,2
B1-000149#3,2
B1-000149#4,2
B1-000149#5,2
B1-000149#6,2
B1-000149#7,2
B1-000149#8,2
B1-000149#9,2
B1-000150#0,2
B1-000150#1,2
B1-000150#2,2
B1-000150#3,2
B1-000150#4,2
B1-000151#0,2
B1-000151#1,2
B1-000151#2,2
B1-000151#3,2
B1-000151#4,2
B1-000151#5,2
B1-000151#6,2
B1-000151#7,2
B1-000151#8,2
B1-000151#9,2
B1-000152#0,2
B1-000152#1,2
B1-000152#10,2
B1-000152#11,2
B1-000152#12,2
B1-000152#13,2
B1-000152#14,2
B1-000152#15,2
B1-000152#2,2
B1-000152#3,2
B1-000152#4,2
B1-000152#5,2
B1-000152#6,2
B1-000152#7,2
B1-000152#8,2
B1-000152#9,2
B1-000153#0,2
B1-000153#1,2
B1-000153#2,2
B1-000153#3,2
B1-000153#4,2
B1-000153#5,2
B1-000153#6,2
B1-000154#0,2
B1-000154#1,2
B1-000154#10,2
B1-000154#11,2
B1-000154#12,2
B1-000154#13,2
B1-000154#2,2
B1-000154#3,2
B1-000154#4,2
B1-000154#5,2
B1-000154#6,2
B1-000154#7,2
B1-000154#8,2
B1-000154#9,2
B1-000155#0,2
B1-000155#1,2
B1-000155#10,2
B1-000155#11,2
B1-000155#12,2
B1-000155#13,2
B1-000155#2,2
B1-000155#3,2
B1-000155#4,2
B1-000155#5,2
B1-000155#6,1
B1-000155#7,2
B1-000155#8,2
B1-000155#9,2
B1-000156#0,2
B1-000156#1,2
B1-000156#2,2
B1-000156#3,2
B1-000156#4,2
B1-000156#5,2
B1-000156#6,2
B1-000157#0,2
B1-000157#1,2
B1-000157#2,2
B1-000157#3,0
B1-000157#4,2
B1-000157#5,2
B1-000158#0,2
B1-000158#1,2
B1-000158#10,2
B1-000158#11,2
B1-000158#12,2
B1-000158#13,1
B1-000158#14,2
B1-000158#15,2
B1-000158#2,2
B1-000158#3,2
B1-000158#4,2
B1-000158#5,2
B1-000158#6,2
B1-000158#7,0
B1-000158#8,2
B1-000158#9,2
B1-000159#0,2
B1-000159#1,2
B1-000159#2,2
B1-000159#3,2
B1-000159#4,2
B1-000159#5,2
B1-000160#0,2
B1-000160#1,2
B1-000160#10,2
B1-000160#11,2
B1-000160#12,2
B1-000160#13,2
B1-000160#2,2
B1-000160#3,2
B1-000160#4,2
B1-000160#5,2
B1-000160#6,2
B1-000160#7,2
B1-000160#8,2
B1-000160#9,2
B1-000161#0,2
B1-000161#1,2
B1-000161#2,2
B1-000161#3,2
B1-000161#4,2
B1-000161#5,2
B1-000161#6,2
B1-000161#7,2
B1-000161#8,2
B1-000162#0,2
B1-000162#1,2
B1-000162#10,2
B1-000162#11,2
B1-000162#12,2
B1-000162#13,2
B1-000162#2,2
B1-000162#3,2
B1-000162#4,1
B1-000162#5,2
B1-000162#6,2
B1-000162#7,2
B1-000162#8,2
B1-000162#9,1
B1-000163#0,0
B1-000163#1,2
B1-000163#10,2
B1-000163#2,2
B1-000163#3,2
B1-000163#4,2
B1-000163#5,2
B1-000163#6,2
B1-000163#7,2
B1-000163#8,2
B1-000163#9,2
B1-000164#0,2
B1-000164#1,0
B1-000164#10,2
B1-000164#11,1
B1-000164#12,2
B1-000164#13,2
B1-000164#2,2
B1-000164#3,2
B1-000164#4,2
B1-000164#5,2
B1-000164#6,2
B1-000164#7,2
B1-000164#8,2
B1-000164#9,2
B1-000165#0,2
B1-000165#1,2
B1-000165#10,2
B1-000165#11,2
B1-000165#12,2
B1-000165#13,2
B1-000165#2,2
B1-000165#3,2
B1-000165#4,2
B1-000165#5,2
B1-000165#6,2
B1-000165#7,2
B1-000165#8,2
B1-000165#9,2
B1-000166#0,2
B1-000166#1,2
B1-000166#2,2
B1-000166#3,2
B1-000166#4,2
B1-000166#5,2
B1-000166#6,2
B1-000166#7,2
B1-000166#8,2
B1-000166#9,2
B1-000167#0,2
B1-000167#1,2
B1-000167#10,2
B1-000167#11,2
B1-000167#12,2
B1-000167#2,2
B1-000167#3,2
B1-000167#4,2
B1-000167#5,2
B1-000167#6,2
B1-000167#7,2
B1-000167#8,2
B1-000167#9,2
B1-000168#0,2
B1-000168#1,2
B1-000168#2,2
B1-000168#3,2
B1-000168#4,2
B1-000168#5,2
B1-000168#6,2
B1-000168#7,2
B1-000168#8,2
B1-000169#0,2
B1-000169#1,2
B1-000169#2,2
B1-000169#3,2
B1-000169#4,2
B1-000169#5,1
B1-000169#6,2
B1-000169#7,2
B1-000169#8,2
B1-000170#0,2
B1-000170#1,2
B1-000170#10,2
B1-000170#11,2
B1-000170#12,2
B1-000170#13,2
B1-000170#14,2
B1-000170#15,2
B1-000170#16,2
B1-000170#2,2
B1-000170#3,2
B1-000170#4,2
B1-000170#5,2
B1-000170#6,2
B1-000170#7,2
B1-000170#8,2
B1-000170#9,2
B1-000171#0,1
B1-000171#1,2
B1-000171#10,2
B1-000171#2,2
B1-000171#3,2
B1-000171#4,2
B1-000171#5,2
B1-000171#6,2
B1-000171#7,2
B1-000171#8,2
B1-000171#9,2
B1-000172#0,2
B1-000172#1,2
B1-000172#2,2
B1-000172#3,2
B1-000172#4,2
B1-000172#5,2
B1-000172#6,2
B1-000173#0,2
B1-000173#1,2
B1-000173#2,2
B1-000173#3,2
B1-000173#4,2
B1-000173#5,2
B1-000173#6,2
B1-000173#7,2
B1-000174#0,2
B1-000174#1,2
B1-000174#10,2
B1-000174#11,2
B1-000174#12,2
B1-000174#13,2
B1-000174#2,2
B1-000174#3,2
B1-000174#4,2
B1-000174#5,2
B1-000174#6,2
B1-000174#7,2
B1-000174#8,2
B1-000174#9,2
B1-000175#0,2
B1-000175#1,2
B1-000175#2,2
B1-000175#3,2
B1-000175#4,2
B1-000176#0,1
B1-000176#1,2
B1-000176#10,2
B1-000176#11,2
B1-000176#12,2
B1-000176#13,2
B1-000176#14,2
B1-000176#2,2
B1-000176#3,2
B1-000176#4,2
B1-000176#5,2
B1-000176#6,2
B1-000176#7,2
B1-000176#8,2
B1-000176#9,2
B1-000177#0,2
B1-000177#1,2
B1-000177#2,2
B1-000177#3,2
B1-000177#4,1
B1-000177#5,2
B1-000177#6,2
B1-000177#7,2
B1-000177#8,2
B1-000178#0,2
B1-000178#1,2
B1-000178#10,2
B1-000178#11,2
B1-000178#12,2
B1-000178#13,2
B1-000178#14,2
B1-000178#15,2
B1-000178#16,2
B1-000178#2,2
B1-000178#3,2
B1-000178#4,2
B1-000178#5,2
B1-000178#6,2
B1-000178#7,2
B1-000178#8,2
B1-000178#9,2
B1-000179#0,2
B1-000179#1,2
B1-000179#2,2
B1-000179#3,2
B1-000179#4,2
B1-000180#0,2
B1-000180#1,2
B1-000180#10,2
B1-000180#11,2
B1-000180#2,2
B1-000180#3,2
B1-000180#4,2
B1-000180#5,2
B1-000180#6,2
B1-000180#7,2
B1-000180#8,2
B1-000180#9,2
B1-000181#0,2
B1-000181#1,2
B1-000181#2,2
B1-000181#3,2
B1-000181#4,2
B1-000182#0,2
B1-000182#1,0
B1-000182#10,2
B1-000182#11,2
B1-000182#2,2
B1-000182#3,2
B1-000182#4,2
B1-000182#5,2
B1-000182#6,2
B1-000182#7,2
B1-000182#8,2
B1-000182#9,0
B1-000183#0,2
B1-000183#1,2
B1-000183#10,2
B1-000183#2,2
B1-000183#3,2
B1-000183#4,2
B1-000183#5,2
B1-000183#6,2
B1-000183#7,2
B1-000183#8,2
B1-000183#9,2
B1-000184#0,2
B1-000184#1,2
B1-000184#10,2
B1-000184#11,2
B1-000184#12,2
B1-000184#13,2
B1-000184#14,2
B1-000184#2,2
B1-000184#3,2
B1-000184#4,2
B1-000184#5,2
B1-000184#6,2
B1-000184#7,2
B1-000184#8,1
B1-000184#9,2
B1-000185#0,2
B1-000185#1,2
B1-000185#10,2
B1-000185#11,2
B1-000185#2,2
B1-000185#3,2
B1-000185#4,2
B1-000185#5,2
B1-000185#6,2
B1-000185#7,2
B1-000185#8,2
B1-000185#9,2
B1-000186#0,2
B1-000186#1,2
B1-000186#10,2
B1-000186#11,2
B1-000186#12,2
B1-000186#2,2
B1-000186#3,2
B1-000186#4,2
B1-000186#5,2
B1-000186#6,2
B1-000186#7,2
B1-000186#8,2
B1-000186#9,2
B1-000187#0,2
B1-000187#1,1
B1-000187#10,2
B1-000187#11,2
B1-000187#12,2
B1-000187#13,2
B1-000187#14,2
B1-000187#15,2
B1-000187#2,2
B1-000187#3,2
B1-000187#4,2
B1-000187#5,2
B1-000187#6,2
B1-000187#7,2
B1-000187#8,2
B1-000187#9,2
B1-000188#0,2
B1-000188#1,2
B1-000188#10,2
B1-000188#11,2
B1-000188#12,2
B1-000188#13,2
B1-000188#14,2
B1-000188#2,2
B1-000188#3,2
B1-000188#4,2
B1-000188#5,2
B1-000188#6,2
B1-000188#7,2
B1-000188#8,2
B1-000188#9,2
B1-000189#0,2
B1-000189#1,2
B1-000189#2,2
B1-000189#3,2
B1-000189#4,2
B1-000189#5,2
B1-000189#6,2
B1-000189#7,2
B1-000189#8,2
B1-000189#9,2
B1-000190#0,2
B1-000190#1,2
B1-000190#2,2
B1-000190#3,2
B1-000190#4,2
B1-000190#5,2
B1-000190#6,2
B1-000190#7,2
B1-000190#8,2
B1-000190#9,2
B1-000191#0,2
B1-000191#1,2
B1-000191#10,2
B1-000191#11,2
B1-000191#12,2
B1-000191#13,2
B1-000191#14,2
B1-000191#15,2
B1-000191#2,2
B1-000191#3,2
B1-000191#4,2
B1-000191#5,2
B1-000191#6,2
B1-000191#7,2
B1-000191#8,2
B1-000191#9,2
B1-000192#0,2
B1-000192#1,2
B1-000192#2,2
B1-000192#3,2
B1-000192#4,2
B1-000192#5,2
B1-000192#6,2
B1-000192#7,2
B1-000192#8,2
B1-000192#9,2
B1-000193#0,2
B1-000193#1,2
B1-000193#10,2
B1-000193#11,2
B1-000193#12,2
B1-000193#13,2
B1-000193#14,2
B1-000193#2,0
B1-000193#3,2
B1-000193#4,2
B1-000193#5,2
B1-000193#6,2
B1-000193#7,2
B1-000193#8,2
B1-000193#9,2
B1-000194#0,2
B1-000194#1,2
B1-000194#10,2
B1-000194#11,2
B1-000194#12,2
B1-000194#2,2
B1-000194#3,2
B1-000194#4,2
B1-000194#5,2
B1-000194#6,2
B1-000194#7,2
B1-000194#8,2
B1-000194#9,2
B1-000195#0,2
B1-000195#1,1
B1-000195#10,2
B1-000195#11,2
B1-000195#12,2
B1-000195#13,2
B1-000195#14,2
B1-000195#15,2
B1-000195#16,2
B1-000195#2,2
B1-000195#3,2
B1-000195#4,2
B1-000195#5,2
B1-000195#6,2
B1-000195#7,2
B1-000195#8,2
B1-000195#9,2
B1-000196#0,2
B1-000196#1,2
B1-000196#10,2
B1-000196#11,2
B1-000196#12,2
B1-000196#13,2
B1-000196#14,2
B1-000196#15,2
B1-000196#2,2
B1-000196#3,2
B1-000196#4,2
B1-000196#5,2
B1-000196#6,2
B1-000196#7,2
B1-000196#8,2
B1-000196#9,2
B1-000197#0,2
B1-000197#1,2
B1-000197#2,2
B1-000197#3,2
B1-000197#4,2
B1-000197#5,2
B1-000197#6,2
B1-000197#7,2
B1-000197#8,2
B1-000198#0,2
B1-000198#1,2
B1-000198#2,2
B1-000198#3,2
B1-000198#4,2
B1-000198#5,2
B1-000198#6,2
B1-000198#7,2
B1-000198#8,2
B1-000198#9,2
B1-000199#0,2
B1-000199#1,2
B1-000199#2,2
B1-000199#3,2
B1-000199#4,2
B1-000199#5,2
B1-000199#6,2
B1-000199#7,2
B1-000199#8,2
B1-000200#0,2
B1-000200#1,2
B1-000200#10,2
B1-000200#11,2
B1-000200#12,2
B1-000200#13,2
B1-000200#14,2
B1-000200#2,2
B1-000200#3,2
B1-000200#4,2
B1-000200#5,2
B1-000200#6,2
B1-000200#7,2
B1-000200#8,2
B1-000200#9,2
B1-000201#0,2
B1-000201#1,2
B1-000201#2,2
B1-000201#3,2
B1-000201#4,2
B1-000201#5,2
B1-000201#6,2
B1-000201#7,2
B1-000202#0,2
B1-000202#1,2
B1-000202#10,2
B1-000202#2,2
B1-000202#3,2
B1-000202#4,2
B1-000202#5,2
B1-000202#6,2
B1-000202#7,2
B1-000202#8,2
B1-000202#9,2
B1-000203#0,2
B1-000203#1,2
B1-000203#10,2
B1-000203#11,2
B1-000203#2,2
B1-000203#3,2
B1-000203#4,2
B1-000203#5,2
B1-000203#6,2
B1-000203#7,2
B1-000203#8,2
B1-000203#9,2
B1-000204#0,2
B1-000204#1,2
B1-000204#2,2
B1-000204#3,2
B1-000204#4,2
B1-000204#5,2
B1-000204#6,2
B1-000205#0,2
B1-000205#1,2
B1-000205#10,2
B1-000205#11,2
B1-000205#12,2
B1-000205#13,2
B1-000205#14,2
B1-000205#15,2
B1-000205#2,2
B1-000205#3,2
B1-000205#4,2
B1-000205#5,2
B1-000205#6,2
B1-000205#7,2
B1-000205#8,2
B1-000205#9,2
B1-000206#0,2
B1-000206#1,2
B1-000206#10,2
B1-000206#11,2
B1-000206#12,2
B1-000206#2,2
B1-000206#3,2
B1-000206#4,2
B1-000206#5,2
B1-000206#6,2
B1-000206#7,2
B1-000206#8,2
B1-000206#9,2
B1-000207#0,2
B1-000207#1,2
B1-000207#2,2
B1-000207#3,2
B1-000207#4,2
B1-000207#5,2
B1-000207#6,2
B1-000208#0,2
B1-000208#1,2
B1-000208#10,2
B1-000208#11,2
B1-000208#12,2
B1-000208#2,2
B1-000208#3,2
B1-000208#4,2
B1-000208#5,2
B1-000208#6,2
B1-000208#7,2
B1-000208#8,2
B1-000208#9,2
B1-000209#0,2
B1-000209#1,2
B1-000209#2,2
B1-000209#3,2
B1-000209#4,2
B1-000209#5,2
B1-000209#6,2
B1-000209#7,2
B1-000210#0,2
B1-000210#1,2
B1-000210#2,2
B1-000210#3,2
B1-000210#4,2
B1-000210#5,2
B1-000210#6,2
B1-000210#7,2
B1-000211#0,2
B1-000211#1,2
B1-000211#10,2
B1-000211#11,2
B1-000211#12,2
B1-000211#2,2
B1-000211#3,2
B1-000211#4,2
B1-000211#5,2
B1-000211#6,2
B1-000211#7,2
B1-000211#8,2
B1-000211#9,2
B1-000212#0,2
B1-000212#1,2
B1-000212#10,2
B1-000212#11,2
B1-000212#12,2
B1-000212#13,2
B1-000212#14,2
B1-000212#15,0
B1-000212#16,2
B1-000212#2,2
B1-000212#3,2
B1-000212#4,2
B1-000212#5,2
B1-000212#6,2
B1-000212#7,2
B1-000212#8,2
B1-000212#9,2
B1-000213#0,2
B1-000213#1,2
B1-000213#2,2
B1-000213#3,2
B1-000213#4,2
B1-000213#5,2
B1-000213#6,2
B1-000213#7,2
B1-000213#8,2
B1-000213#9,2
B1-000214#0,2
B1-000214#1,2
B1-000214#2,2
B1-000214#3,2
B1-000214#4,2
B1-000214#5,2
B1-000214#6,2
B1-000214#7,2
B1-000214#8,2
B1-000215#0,2
B1-000215#1,2
B1-000215#10,2
B1-000215#11,2
B1-000215#12,2
B1-000215#13,2
B1-000215#2,2
B1-000215#3,2
B1-000215#4,2
B1-000215#5,2
B1-000215#6,2
B1-000215#7,2
B1-000215#8,2
B1-000215#9,2
B1-000216#0,2
B1-000216#1,2
B1-000216#2,2
B1-000216#3,2
B1-000216#4,2
B1-000216#5,2
B1-000216#6,2
B1-000217#0,2
B1-000217#1,2
B1-000217#10,2
B1-000217#11,2
B1-000217#12,2
B1-000217#13,2
B1-000217#2,2
B1-000217#3,2
B1-000217#4,2
B1-000217#5,2
B1-000217#6,2
B1-000217#7,2
B1-000217#8,2
B1-000217#9,2
B1-000218#0,2
B1-000218#1,2
B1-000218#2,2
B1-000218#3,2
B1-000218#4,2
B1-000218#5,2
B1-000218#6,2
B1-000219#0,2
B1-000219#1,2
B1-000219#10,2
B1-000219#11,2
B1-000219#12,2
B1-000219#13,2
B1-000219#2,2
B1-000219#3,2
B1-000219#4,2
B1-000219#5,2
B1-000219#6,2
B1-000219#7,2
B1-000219#8,2
B1-000219#9,2
B1-000220#0,2
B1-000220#1,2
B1-000220#10,2
B1-000220#11,2
B1-000220#12,2
B1-000220#13,2
B1-000220#14,2
B1-000220#2,2
B1-000220#3,2
B1-000220#4,2
B1-000220#5,2
B1-000220#6,2
B1-000220#7,2
B1-000220#8,2
B1-000220#9,2
B1-000221#0,2
B1-000221#1,2
B1-000221#2,2
B1-000221#3,2
B1-000221#4,2
B1-000221#5,2
B1-000222#0,2
B1-000222#1,2
B1-000222#2,2
B1-000222#3,2
B1-000222#4,2
B1-000222#5,2
B1-000223#0,1
B1-000223#1,2
B1-000223#2,2
B1-000223#3,2
B1-000223#4,2
B1-000223#5,2
B1-000223#6,2
B1-000223#7,2
B1-000224#0,2
B1-000224#1,2
B1-000224#2,2
B1-000224#3,2
B1-000224#4,2
B1-000225#0,2
B1-000225#1,2
B1-000225#2,2
B1-000225#3,1
B1-000225#4,2
B1-000225#5,2
B1-000225#6,2
B1-000225#7,2
B1-000225#8,2
B1-000225#9,2
B1-000226#0,2
B1-000226#1,0
B1-000226#10,2
B1-000226#11,2
B1-000226#12,2
B1-000226#13,2
B1-000226#2,2
B1-000226#3,2
B1-000226#4,2
B1-000226#5,2
B1-000226#6,2
B1-000226#7,2
B1-000226#8,2
B1-000226#9,2
B1-000227#0,1
B1-000227#1,2
B1-000227#10,2
B1-000227#11,2
B1-000227#12,2
B1-000227#13,2
B1-000227#14,2
B1-000227#15,2
B1-000227#16,2
B1-000227#2,2
B1-000227#3,2
B1-000227#4,2
B1-000227#5,2
B1-000227#6,2
B1-000227#7,2
B1-000227#8,2
B1-000227#9,2
B1-000228#0,2
B1-000228#1,2
B1-000228#10,2
B1-000228#11,2
B1-000228#12,2
B1-000228#2,2
B1-000228#3,1
B1-000228#4,2
B1-000228#5,2
B1-000228#6,2
B1-000228#7,2
B1-000228#8,2
B1-000228#9,2
B1-000229#0,2
B1-000229#1,2
B1-000229#10,2
B1-000229#2,2
B1-000229#3,2
B1-000229#4,2
B1-000229#5,2
B1-000229#6,2
B1-000229#7,2
B1-000229#8,2
B1-000229#9,0
B1-000230#0,2
B1-000230#1,2
B1-000230#10,2
B1-000230#11,2
B1-000230#2,2
B1-000230#3,2
B1-000230#4,2
B1-000230#5,2
B1-000230#6,2
B1-000230#7,2
B1-000230#8,2
B1-000230#9,2
B1-000231#0,2
B1-000231#1,2
B1-000231#2,2
B1-000231#3,2
B1-000231#4,2
B1-000231#5,2
B1-000231#6,2
B1-000231#7,2
B1-000231#8,2
B1-000231#9,2
B1-000232#0,2
B1-000232#1,2
B1-000232#10,2
B1-000232#11,2
B1-000232#12,2
B1-000232#13,2
B1-000232#14,2
B1-000232#15,2
B1-000232#16,1
B1-000232#17,2
B1-000232#2,2
B1-000232#3,2
B1-000232#4,2
B1-000232#5,2
B1-000232#6,2
B1-000232#7,2
B1-000232#8,2
B1-000232#9,2
B1-000233#0,2
B1-000233#1,2
B1-000233#10,2
B1-000233#2,2
B1-000233#3,2
B1-000233#4,2
B1-000233#5,2
B1-000233#6,2
B1-000233#7,2
B1-000233#8,2
B1-000233#9,2
B1-000234#0,2
B1-000234#1,2
B1-000234#10,2
B1-000234#11,2
B1-000234#12,2
B1-000234#13,2
B1-000234#14,2
B1-000234#2,2
B1-000234#3,2
B1-000234#4,2
B1-000234#5,2
B1-000234#6,0
B1-000234#7,2
B1-000234#8,2
B1-000234#9,2
B1-000235#0,2
B1-000235#1,2
B1-000235#2,2
B1-000235#3,2
B1-000235#4,2
B1-000235#5,2
B1-000235#6,1
B1-000235#7,2
B1-000236#0,2
B1-000236#1,2
B1-000236#10,2
B1-000236#11,2
B1-000236#12,2
B1-000236#13,2
B1-000236#2,2
B1-000236#3,2
B1-000236#4,2
B1-000236#5,2
B1-000236#6,2
B1-000236#7,2
B1-000236#8,2
B1-000236#9,2
B1-000237#0,2
B1-000237#1,2
B1-000237#10,2
B1-000237#11,2
B1-000237#2,2
B1-000237#3,2
B1-000237#4,2
B1-000237#5,2
B1-000237#6,2
B1-000237#7,2
B1-000237#8,2
B1-000237#9,2
B1-000238#0,2
B1-000238#1,2
B1-000238#10,2
B1-000238#11,2
B1-000238#12,2
B1-000238#13,2
B1-000238#2,2
B1-000238#3,2
B1-000238#4,2
B1-000238#5,2
B1-000238#6,2
B1-000238#7,2
B1-000238#8,2
B1-000238#9,2
B1-000239#0,2
B1-000239#1,2
B1-000239#2,2
B1-000239#3,2
B1-000239#4,2
B1-000239#5,2
B1-000240#0,2
B1-000240#1,2
B1-000240#2,2
B1-000240#3,2
B1-000240#4,2
B1-000240#5,2
B1-000241#0,2
B1-000241#1,2
B1-000241#2,2
B1-000241#3,2
B1-000241#4,2
B1-000241#5,2
B1-000241#6,2
B1-000241#7,2
B1-000241#8,2
B1-000241#9,2
B1-000242#0,2
B1-000242#1,2
B1-000242#10,2
B1-000242#11,2
B1-000242#12,2
B1-000242#13,2
B1-000242#14,1
B1-000242#15,2
B1-000242#2,2
B1-000242#3,2
B1-000242#4,2
B1-000242#5,2
B1-000242#6,2
B1-000242#7,2
B1-000242#8,2
B1-000242#9,2
B1-000243#0,1
B1-000243#1,2
B1-000243#2,2
B1-000243#3,2
B1-000243#4,0
B1-000243#5,2
B1-000243#6,2
B1-000243#7,2
B1-000243#8,2
B1-000243#9,2
B1-000244#0,2
B1-000244#1,2
B1-000244#10,2
B1-000244#11,2
B1-000244#12,2
B1-000244#13,2
B1-000244#14,2
B1-000244#15,2
B1-000244#2,2
B1-000244#3,2
B1-000244#4,2
B1-000244#5,2
B1-000244#6,2
B1-000244#7,2
B1-000244#8,2
B1-000244#9,2
B1-000245#0,2
B1-000245#1,2
B1-000245#10,2
B1-000245#11,2
B1-000245#12,2
B1-000245#2,2
B1-000245#3,2
B1-000245#4,2
B1-000245#5,2
B1-000245#6,2
B1-000245#7,2
B1-000245#8,2
B1-000245#9,2
B1-000246#0,2
B1-000246#1,2
B1-000246#2,2
B1-000246#3,2
B1-000246#4,2
B1-000246#5,2
B1-000246#6,2
B1-000246#7,2
B1-000246#8,2
B1-000246#9,2
B1-000247#0,2
B1-000247#1,2
B1-000247#2,2
B1-000247#3,1
B1-000247#4,2
B1-000247#5,2
B1-000248#0,2
B1-000248#1,2
B1-000248#10,2
B1-000248#11,2
B1-000248#12,2
B1-000248#13,2
B1-000248#14,2
B1-000248#15,2
B1-000248#16,2
B1-000248#2,2
B1-000248#3,2
B1-000248#4,2
B1-000248#5,2
B1-000248#6,2
B1-000248#7,2
B1-000248#8,2
B1-000248#9,2
B1-000249#0,2
B1-000249#1,1
B1-000249#10,2
B1-000249#11,2
B1-000249#12,2
B1-000249#13,2
B1-000249#14,2
B1-000249#15,2
B1-000249#16,2
B1-000249#2,2
B1-000249#3,2
B1-000249#4,2
B1-000249#5,1
B1-000249#6,2
B1-000249#7,2
B1-000249#8,2
B1-000249#9,2
B1-000250#0,1
B1-000250#1,2
B1-000250#10,2
B1-000250#2,2
B1-000250#3,2
B1-000250#4,2
B1-000250#5,2
B1-000250#6,2
B1-000250#7,2
B1-000250#8,2
B1-000250#9,2
B1-000251#0,2
B1-000251#1,2
B1-000251#10,2
B1-000251#11,2
B1-000251#12,2
B1-000251#13,2
B1-000251#14,2
B1-000251#15,2
B1-000251#2,2
B1-000251#3,2
B1-000251#4,2
B1-000251#5,2
B1-000251#6,2
B1-000251#7,2
B1-000251#8,2
B1-000251#9,2
B1-000252#0,2
B1-000252#1,2
B1-000252#2,2
B1-000252#3,2
B1-000252#4,2
B1-000252#5,2
B1-000252#6,2
B1-000252#7,2
B1-000252#8,2
B1-000252#9,2
B1-000253#0,2
B1-000253#1,2
B1-000253#10,2
B1-000253#11,2
B1-000253#12,2
B1-000253#13,2
B1-000253#14,2
B1-000253#2,2
B1-000253#3,2
B1-000253#4,2
B1-000253#5,2
B1-000253#6,2
B1-000253#7,2
B1-000253#8,2
B1-000253#9,2
B1-000254#0,2
B1-000254#1,2
B1-000254#2,2
B1-000254#3,2
B1-000254#4,2
B1-000254#5,2
B1-000254#6,2
B1-000255#0,2
B1-000255#1,2
B1-000255#2,2
B1-000255#3,2
B1-000255#4,2
B1-000256#0,2
B1-000256#1,2
B1-000256#10,2
B1-000256#11,2
B1-000256#12,2
B1-000256#13,2
B1-000256#14,2
B1-000256#15,2
B1-000256#2,2
B1-000256#3,2
B1-000256#4,2
B1-000256#5,2
B1-000256#6,2
B1-000256#7,2
B1-000256#8,2
B1-000256#9,2
B1-000257#0,2
B1-000257#1,2
B1-000257#10,2
B1-000257#11,1
B1-000257#12,2
B1-000257#2,2
B1-000257#3,2
B1-000257#4,2
B1-000257#5,2
B1-000257#6,2
B1-000257#7,2
B1-000257#8,2
B1-000257#9,2
B1-000258#0,2
B1-000258#1,2
B1-000258#2,2
B1-000258#3,2
B1-000258#4,2
B1-000258#5,2
B1-000259#0,2
B1-000259#1,2
B1-000259#10,2
B1-000259#11,2
B1-000259#2,2
B1-000259#3,2
B1-000259#4,2
B1-000259#5,2
B1-000259#6,2
B1-000259#7,2
B1-000259#8,2
B1-000259#9,2
B1-000260#0,2
B1-000260#1,2
B1-000260#10,2
B1-000260#11,2
B1-000260#12,2
B1-000260#13,2
B1-000260#14,2
B1-000260#2,2
B1-000260#3,2
B1-000260#4,2
B1-000260#5,2
B1-000260#6,2
B1-000260#7,2
B1-000260#8,2
B1-000260#9,2
B1-000261#0,2
B1-000261#1,2
B1-000261#2,1
B1-000261#3,2
B1-000261#4,2
B1-000262#0,2
B1-000262#1,2
B1-000262#10,2
B1-000262#11,2
B1-000262#12,2
B1-000262#13,2
B1-000262#2,2
B1-000262#3,2
B1-000262#4,2
B1-000262#5,2
B1-000262#6,2
B1-000262#7,2
B1-000262#8,2
B1-000262#9,2
B1-000263#0,2
B1-000263#1,2
B1-000263#2,2
B1-000263#3,2
B1-000263#4,2
B1-000263#5,2
B1-000263#6,2
B1-000263#7,2
B1-000263#8,2
B1-000264#0,2
B1-000264#1,2
B1-000264#2,2
B1-000264#3,2
B1-000264#4,2
B1-000264#5,2
B1-000264#6,2
B1-000264#7,2
B1-000265#0,2
B1-000265#1,2
B1-000265#10,2
B1-000265#11,2
B1-000265#2,2
B1-000265#3,2
B1-000265#4,2
B1-000265#5,2
B1-000265#6,2
B1-000265#7,2
B1-000265#8,2
B1-000265#9,2
B1-000266#0,2
B1-000266#1,2
B1-000266#2,2
B1-000266#3,2
B1-000266#4,2
B1-000266#5,2
B1-000266#6,2
B1-000266#7,2
B1-000267#0,2
B1-000267#1,2
B1-000267#10,2
B1-000267#11,2
B1-000267#12,2
B1-000267#13,2
B1-000267#14,2
B1-000267#15,2
B1-000267#2,2
B1-000267#3,2
B1-000267#4,2
B1-000267#5,2
B1-000267#6,2
B1-000267#7,2
B1-000267#8,2
B1-000267#9,2
B1-000268#0,2
B1-000268#1,2
B1-000268#10,2
B1-000268#11,2
B1-000268#12,2
B1-000268#13,2
B1-000268#14,2
B1-000268#15,2
B1-000268#16,2
B1-000268#17,2
B1-000268#2,2
B1-000268#3,2
B1-000268#4,2
B1-000268#5,2
B1-000268#6,2
B1-000268#7,2
B1-000268#8,2
B1-000268#9,2
B1-000269#0,2
B1-000269#1,2
B1-000269#10,2
B1-000269#11,2
B1-000269#12,2
B1-000269#2,2
B1-000269#3,2
B1-000269#4,2
B1-000269#5,2
B1-000269#6,2
B1-000269#7,2
B1-000269#8,2
B1-000269#9,2
B1-000270#0,2
B1-000270#1,2
B1-000270#2,2
B1-000270#3,2
B1-000270#4,2
B1-000270#5,2
B1-000270#6,2
B1-000270#7,2
B1-000271#0,2
B1-000271#1,2
B1-000271#10,2
B1-000271#11,2
B1-000271#12,2
B1-000271#13,2
B1-000271#2,2
B1-000271#3,2
B1-000271#4,2
B1-000271#5,2
B1-000271#6,2
B1-000271#7,2
B1-000271#8,2
B1-000271#9,2
B1-000272#0,2
B1-000272#1,2
B1-000272#2,2
B1-000272#3,2
B1-000272#4,2
B1-000272#5,2
B1-000272#6,2
B1-000272#7,2
B1-000273#0,2
B1-000273#1,2
B1-000273#2,2
B1-000273#3,2
B1-000273#4,2
B1-000273#5,2
B1-000273#6,2
B1-000273#7,2
B1-000273#8,2
B1-000274#0,2
B1-000274#1,2
B1-000274#10,1
B1-000274#11,2
B1-000274#2,2
B1-000274#3,2
B1-000274#4,2
B1-000274#5,2
B1-000274#6,2
B1-000274#7,2
B1-000274#8,2
B1-000274#9,2
B1-000275#0,2
B1-000275#1,2
B1-000275#2,2
B1-000275#3,2
B1-000275#4,2
B1-000275#5,2
B1-000275#6,2
B1-000275#7,2
B1-000275#8,2
B1-000275#9,2
B1-000276#0,2
B1-000276#1,2
B1-000276#10,2
B1-000276#11,1
B1-000276#12,2
B1-000276#13,2
B1-000276#14,2
B1-000276#15,2
B1-000276#16,2
B1-000276#2,2
B1-000276#3,2
B1-000276#4,2
B1-000276#5,2
B1-000276#6,2
B1-000276#7,2
B1-000276#8,2
B1-000276#9,2
B1-000277#0,2
B1-000277#1,2
B1-000277#10,2
B1-000277#11,2
B1-000277#12,2
B1-000277#13,2
B1-000277#14,2
B1-000277#15,2
B1-000277#2,2
B1-000277#3,2
B1-000277#4,2
B1-000277#5,2
B1-000277#6,2
B1-000277#7,2
B1-000277#8,2
B1-000277#9,2
B1-000278#0,2
B1-000278#1,2
B1-000278#2,2
B1-000278#3,2
B1-000278#4,2
B1-000278#5,2
B1-000278#6,2
B1-000278#7,2
B1-000278#8,2
B1-000279#0,0
B1-000279#1,2
B1-000279#2,2
B1-000279#3,2
B1-000279#4,2
B1-000279#5,2
B1-000279#6,2
B1-000279#7,2
B1-000279#8,2
B1-000280#0,2
B1-000280#1,2
B1-000280#2,2
B1-000280#3,2
B1-000280#4,2
B1-000280#5,2
B1-000280#6,2
B1-000280#7,2
B1-000281#0,2
B1-000281#1,2
B1-000281#2,2
B1-000281#3,2
B1-000281#4,2
B1-000281#5,2
B1-000281#6,2
B1-000281#7,2
B1-000281#8,2
B1-000282#0,2
B1-000282#1,2
B1-000282#2,2
B1-000282#3,2
B1-000282#4,2
B1-000282#5,2
B1-000282#6,2
B1-000283#0,2
B1-000283#1,2
B1-000283#10,2
B1-000283#11,2
B1-000283#12,2
B1-000283#13,2
B1-000283#2,2
B1-000283#3,2
B1-000283#4,2
B1-000283#5,2
B1-000283#6,2
B1-000283#7,2
B1-000283#8,2
B1-000283#9,2
B1-000284#0,2
B1-000284#1,2
B1-000284#10,2
B1-000284#11,2
B1-000284#12,2
B1-000284#13,2
B1-000284#14,2
B1-000284#15,2
B1-000284#2,2
B1-000284#3,2
B1-000284#4,2
B1-000284#5,2
B1-000284#6,2
B1-000284#7,2
B1-000284#8,2
B1-000284#9,2
B1-000285#0,2
B1-000285#1,2
B1-000285#2,2
B1-000285#3,2
B1-000285#4,2
B1-000285#5,2
B1-000285#6,2
B1-000285#7,2
B1-000286#0,2
B1-000286#1,2
B1-000286#10,2
B1-000286#11,2
B1-000286#12,2
B1-000286#2,2
B1-000286#3,2
B1-000286#4,2
B1-000286#5,2
B1-000286#6,2
B1-000286#7,2
B1-000286#8,2
B1-000286#9,2
B1-000287#0,2
B1-000287#1,2
B1-000287#2,2
B1-000287#3,2
B1-000287#4,2
B1-000287#5,2
B1-000287#6,2
B1-000287#7,2
B1-000287#8,2
B1-000287#9,2
B1-000288#0,2
B1-000288#1,2
B1-000288#2,1
B1-000288#3,2
B1-000288#4,2
B1-000288#5,2
B1-000288#6,2
B1-000288#7,2
B1-000289#0,2
B1-000289#1,2
B1-000289#2,2
B1-000289#3,2
B1-000289#4,2
B1-000289#5,2
B1-000289#6,2
B1-000290#0,2
B1-000290#1,2
B1-000290#2,2
B1-000290#3,2
B1-000290#4,2
B1-000291#0,2
B1-000291#1,2
B1-000291#10,2
B1-000291#11,2
B1-000291#12,2
B1-000291#13,2
B1-000291#14,2
B1-000291#15,2
B1-000291#2,2
B1-000291#3,2
B1-000291#4,2
B1-000291#5,2
B1-000291#6,2
B1-000291#7,2
B1-000291#8,2
B1-000291#9,2
B1-000292#0,2
B1-000292#1,0
B1-000292#2,2
B1-000292#3,2
B1-000292#4,2
B1-000292#5,2
B1-000293#0,2
B1-000293#1,1
B1-000293#10,2
B1-000293#11,2
B1-000293#12,2
B1-000293#13,2
B1-000293#14,2
B1-000293#15,2
B1-000293#16,2
B1-000293#2,2
B1-000293#3,2
B1-000293#4,2
B1-000293#5,2
B1-000293#6,2
B1-000293#7,2
B1-000293#8,2
B1-000293#9,2
B1-000294#0,1
B1-000294#1,2
B1-000294#10,0
B1-000294#11,2
B1-000294#2,2
B1-000294#3,2
B1-000294#4,2
B1-000294#5,2
B1-000294#6,2
B1-000294#7,2
B1-000294#8,2
B1-000294#9,2
B1-000295#0,2
B1-000295#1,2
B1-000295#2,2
B1-000295#3,2
B1-000295#4,2
B1-000295#5,2
B1-000296#0,2
B1-000296#1,2
B1-000296#2,2
B1-000296#3,2
B1-000296#4,2
B1-000296#5,2
B1-000296#6,2
B1-000296#7,2
B1-000297#0,2
B1-000297#1,2
B1-000297#2,2
B1-000297#3,2
B1-000297#4,2
B1-000297#5,2
B1-000298#0,2
B1-000298#1,2
B1-000298#2,2
B1-000298#3,2
B1-000298#4,2
B1-000298#5,2
B1-000298#6,2
B1-000298#7,2
B1-000298#8,2
B1-000298#9,2
B1-000299#0,1
B1-000299#1,2
B1-000299#10,2
B1-000299#11,2
B1-000299#2,2
B1-000299#3,2
B1-000299#4,2
B1-000299#5,2
B1-000299#6,2
B1-000299#7,2
B1-000299#8,2
B1-000299#9,2
B1-000300#0,2
B1-000300#1,2
B1-000300#10,2
B1-000300#11,2
B1-000300#12,2
B1-000300#13,2
B1-000300#14,2
B1-000300#15,2
B1-000300#16,2
B1-000300#2,2
B1-000300#3,2
B1-000300#4,2
B1-000300#5,2
B1-000300#6,2
B1-000300#7,2
B1-000300#8,2
B1-000300#9,2
B1-000301#0,2
B1-000301#1,2
B1-000301#10,2
B1-000301#2,2
B1-000301#3,2
B1-000301#4,2
B1-000301#5,2
B1-000301#6,0
B1-000301#7,2
B1-000301#8,2
B1-000301#9,2
B1-000302#0,2
B1-000302#1,2
B1-000302#2,2
B1-000302#3,2
B1-000302#4,2
B1-000302#5,2
B1-000302#6,2
B1-000302#7,2
B1-000302#8,2
B1-000303#0,2
B1-000303#1,2
B1-000303#10,2
B1-000303#11,2
B1-000303#12,2
B1-000303#13,2
B1-000303#14,2
B1-000303#15,2
B1-000303#2,2
B1-000303#3,2
B1-000303#4,2
B1-000303#5,2
B1-000303#6,2
B1-000303#7,2
B1-000303#8,2
B1-000303#9,2
B1-000304#0,2
B1-000304#1,2
B1-000304#10,2
B1-000304#11,2
B1-000304#2,2
B1-000304#3,2
B1-000304#4,2
B1-000304#5,2
B1-000304#6,2
B1-000304#7,2
B1-000304#8,2
B1-000304#9,2
B1-000305#0,2
B1-000305#1,2
B1-000305#2,2
B1-000305#3,2
B1-000305#4,2
B1-000305#5,2
B1-000305#6,2
B1-000305#7,2
B1-000305#8,2
B1-000306#0,2
B1-000306#1,2
B1-000306#2,2
B1-000306#3,2
B1-000306#4,2
B1-000306#5,2
B1-000306#6,2
B1-000307#0,2
B1-000307#1,2
B1-000307#10,2
B1-000307#11,2
B1-000307#2,2
B1-000307#3,2
B1-000307#4,2
B1-000307#5,2
B1-000307#6,2
B1-000307#7,2
B1-000307#8,2
B1-000307#9,2
B1-000308#0,2
B1-000308#1,2
B1-000308#10,2
B1-000308#11,2
B1-000308#12,2
B1-000308#13,2
B1-000308#2,2
B1-000308#3,2
B1-000308#4,2
B1-000308#5,2
B1-000308#6,2
B1-000308#7,2
B1-000308#8,2
B1-000308#9,2
B1-000309#0,2
B1-000309#1,2
B1-000309#2,2
B1-000309#3,2
B1-000309#4,2
B1-000309#5,2
B1-000309#6,2
B1-000309#7,2
B1-000309#8,2
B1-000310#0,2
B1-000310#1,2
B1-000310#10,2
B1-000310#11,2
B1-000310#12,2
B1-000310#13,2
B1-000310#14,2
B1-000310#15,2
B1-000310#2,2
B1-000310#3,2
B1-000310#4,2
B1-000310#5,2
B1-000310#6,2
B1-000310#7,2
B1-000310#8,2
B1-000310#9,2
B1-000311#0,2
B1-000311#1,2
B1-000311#10,2
B1-000311#11,2
B1-000311#12,2
B1-000311#13,2
B1-000311#14,2
B1-000311#15,2
B1-000311#16,2
B1-000311#2,2
B1-000311#3,2
B1-000311#4,2
B1-000311#5,0
B1-000311#6,2
B1-000311#7,2
B1-000311#8,2
B1-000311#9,2
B1-000312#0,2
B1-000312#1,2
B1-000312#2,2
B1-000312#3,2
B1-000312#4,2
B1-000312#5,2
B1-000312#6,2
B1-000312#7,2
B1-000312#8,2
B1-000313#0,2
B1-000313#1,2
B1-000313#2,2
B1-000313#3,2
B1-000313#4,2
B1-000313#5,2
B1-000313#6,2
B1-000314#0,2
B1-000314#1,2
B1-000314#2,2
B1-000314#3,2
B1-000314#4,2
B1-000314#5,2
B1-000315#0,2
B1-000315#1,2
B1-000315#2,2
B1-000315#3,2
B1-000315#4,2
B1-000315#5,2
B1-000315#6,2
B1-000315#7,2
B1-000316#0,2
B1-000316#1,2
B1-000316#2,2
B1-000316#3,2
B1-000316#4,2
B1-000316#5,2
B1-000316#6,2
B1-000316#7,2
B1-000317#0,2
B1-000317#1,2
B1-000317#10,2
B1-000317#11,2
B1-000317#2,2
B1-000317#3,2
B1-000317#4,2
B1-000317#5,2
B1-000317#6,2
B1-000317#7,2
B1-000317#8,2
B1-000317#9,2
B1-000318#0,2
B1-000318#1,2
B1-000318#2,2
B1-000318#3,2
B1-000318#4,1
B1-000318#5,2
B1-000318#6,2
B1-000318#7,2
B1-000318#8,2
B1-000318#9,2
B1-000319#0,2
B1-000319#1,2
B1-000319#10,2
B1-000319#11,2
B1-000319#12,2
B1-000319#13,2
B1-000319#2,2
B1-000319#3,2
B1-000319#4,2
B1-000319#5,2
B1-000319#6,2
B1-000319#7,2
B1-000319#8,1
B1-000319#9,2
B1-000320#0,2
B1-000320#1,2
B1-000320#2,2
B1-000320#3,2
B1-000320#4,2
B1-000320#5,2
B1-000321#0,2
B1-000321#1,2
B1-000321#10,2
B1-000321#2,2
B1-000321#3,2
B1-000321#4,2
B1-000321#5,2
B1-000321#6,2
B1-000321#7,0
B1-000321#8,2
B1-000321#9,2
B1-000322#0,2
B1-000322#1,2
B1-000322#2,2
B1-000322#3,2
B1-000323#0,2
B1-000323#1,2
B1-000323#2,2
B1-000323#3,2
B1-000323#4,2
B1-000323#5,2
B1-000323#6,2
B1-000323#7,2
B1-000323#8,2
B1-000324#0,2
B1-000324#2,2
B1-000324#3,2
B1-000324#4,2
B1-000324#5,2
B1-000324#6,2
B1-000324#7,2
B1-000324#8,2
B1-000325#0,2
B1-000325#1,2
B1-000325#2,2
B1-000325#3,2
B1-000325#4,2
B1-000325#5,2
B1-000325#6,2
B1-000325#7,2
B1-000325#8,2
B1-000325#9,2
B1-000326#0,2
B1-000326#1,1
B1-000326#10,2
B1-000326#11,2
B1-000326#12,2
B1-000326#13,2
B1-000326#2,2
B1-000326#3,2
B1-000326#4,2
B1-000326#5,2
B1-000326#6,2
B1-000326#7,2
B1-000326#8,2
B1-000326#9,2
B1-000327#0,2
B1-000327#1,2
B1-000327#10,2
B1-000327#2,2
B1-000327#3,2
B1-000327#4,2
B1-000327#5,2
B1-000327#6,2
B1-000327#7,2
B1-000327#8,1
B1-000327#9,2
B1-000328#0,2
B1-000328#1,2
B1-000328#2,2
B1-000328#3,2
B1-000328#4,2
B1-000328#5,2
B1-000329#0,2
B1-000329#1,2
B1-000329#10,2
B1-000329#2,2
B1-000329#3,2
B1-000329#4,2
B1-000329#5,2
B1-000329#6,2
B1-000329#7,2
B1-000329#8,2
B1-000329#9,2
B1-000330#0,2
B1-000330#1,2
B1-000330#2,2
B1-000330#3,2
B1-000330#4,2
B1-000330#5,2
B1-000330#6,2
B1-000330#7,2
B1-000331#0,2
B1-000331#1,2
B1-000331#2,2
B1-000331#3,2
B1-000331#4,2
B1-000331#5,2
B1-000331#6,2
B1-000331#7,2
B1-000331#8,2
B1-000331#9,2
B1-000332#0,2
B1-000332#1,2
B1-000332#10,2
B1-000332#11,2
B1-000332#12,2
B1-000332#13,2
B1-000332#14,2
B1-000332#15,2
B1-000332#16,2
B1-000332#2,2
B1-000332#3,2
B1-000332#4,2
B1-000332#5,2
B1-000332#6,2
B1-000332#7,2
B1-000332#8,2
B1-000332#9,2
B1-000333#0,2
B1-000333#1,2
B1-000333#10,2
B1-000333#2,2
B1-000333#3,2
B1-000333#4,2
B1-000333#5,2
B1-000333#6,2
B1-000333#7,2
B1-000333#8,2
B1-000333#9,2
B1-000334#0,2
B1-000334#1,2
B1-000334#10,2
B1-000334#2,2
B1-000334#3,2
B1-000334#4,2
B1-000334#5,2
B1-000334#6,2
B1-000334#7,2
B1-000334#8,2
B1-000334#9,2
B1-000335#0,2
B1-000335#1,2
B1-000335#10,2
B1-000335#11,2
B1-000335#12,2
B1-000335#13,2
B1-000335#14,2
B1-000335#15,2
B1-000335#2,2
B1-000335#3,2
B1-000335#4,2
B1-000335#5,2
B1-000335#6,2
B1-000335#7,2
B1-000335#8,2
B1-000335#9,2
B1-000336#0,2
B1-000336#1,2
B1-000336#2,2
B1-000336#3,2
B1-000336#4,2
B1-000336#5,2
B1-000337#0,2
B1-000337#1,2
B1-000337#10,2
B1-000337#11,2
B1-000337#12,2
B1-000337#13,2
B1-000337#14,2
B1-000337#2,2
B1-000337#3,2
B1-000337#4,2
B1-000337#5,2
B1-000337#6,2
B1-000337#7,2
B1-000337#8,2
B1-000337#9,2
B1-000338#0,2
B1-000338#1,0
B1-000338#10,2
B1-000338#11,2
B1-000338#2,2
B1-000338#3,1
B1-000338#4,2
B1-000338#5,2
B1-000338#6,0
B1-000338#7,2
B1-000338#8,2
B1-000338#9,1
B1-000339#0,2
B1-000339#1,2
B1-000339#2,2
B1-000339#3,2
B1-000339#4,2
B1-000339#5,2
B1-000339#6,2
B1-000339#7,2
B1-000339#8,2
B1-000339#9,2
B1-000340#0,2
B1-000340#1,2
B1-000340#10,2
B1-000340#11,2
B1-000340#2,2
B1-000340#3,2
B1-000340#4,2
B1-000340#5,2
B1-000340#6,2
B1-000340#7,2
B1-000340#8,2
B1-000340#9,2
B1-000341#0,1
B1-000341#1,2
B1-000341#10,2
B1-000341#2,2
B1-000341#3,2
B1-000341#4,2
B1-000341#5,2
B1-000341#6,2
B1-000341#7,2
B1-000341#8,2
B1-000341#9,2
B1-000342#0,2
B1-000342#1,2
B1-000342#2,2
B1-000342#3,2
B1-000342#4,2
B1-000342#5,2
B1-000342#6,2
B1-000343#0,2
B1-000343#1,2
B1-000343#10,2
B1-000343#11,2
B1-000343#12,2
B1-000343#13,2
B1-000343#2,2
B1-000343#3,2
B1-000343#4,2
B1-000343#5,2
B1-000343#6,2
B1-000343#7,2
B1-000343#8,2
B1-000343#9,2
B1-000344#0,2
B1-000344#1,2
B1-000344#10,2
B1-000344#11,2
B1-000344#12,2
B1-000344#13,2
B1-000344#14,2
B1-000344#15,2
B1-000344#16,2
B1-000344#2,2
B1-000344#3,2
B1-000344#4,1
B1-000344#5,2
B1-000344#6,2
B1-000344#7,2
B1-000344#8,2
B1-000344#9,2
B1-000345#0,2
B1-000345#1,2
B1-000345#2,2
B1-000345#3,2
B1-000345#4,2
B1-000345#5,2
B1-000345#6,2
B1-000346#0,2
B1-000346#1,2
B1-000346#2,2
B1-000346#3,2
B1-000346#4,2
B1-000346#5,2
B1-000346#6,2
B1-000347#0,2
B1-000347#1,2
B1-000347#10,2
B1-000347#2,2
B1-000347#3,2
B1-000347#4,2
B1-000347#5,2
B1-000347#6,2
B1-000347#7,2
B1-000347#8,2
B1-000347#9,2
B1-000348#0,2
B1-000348#1,2
B1-000348#2,2
B1-000348#3,2
B1-000348#4,2
B1-000348#5,0
B1-000348#6,2
B1-000349#0,2
B1-000349#1,2
B1-000349#2,2
B1-000349#3,2
B1-000349#4,2
B1-000349#5,2
B1-000349#6,2
B1-000349#7,2
B1-000349#8,2
B1-000349#9,2
B1-000350#0,2
B1-000350#1,2
B1-000350#2,2
B1-000350#3,2
B1-000350#4,2
B1-000350#5,2
B1-000350#6,2
B1-000350#7,2
B1-000350#8,2
B1-000351#0,2
B1-000351#1,1
B1-000351#10,2
B1-000351#11,2
B1-000351#12,2
B1-000351#13,2
B1-000351#14,2
B1-000351#15,2
B1-000351#16,2
B1-000351#2,2
B1-000351#3,2
B1-000351#4,2
B1-000351#5,2
B1-000351#6,2
B1-000351#7,2
B1-000351#8,2
B1-000351#9,2
B1-000352#0,2
B1-000352#1,2
B1-000352#2,2
B1-000352#3,2
B1-000352#4,2
B1-000352#5,2
B1-000352#6,2
B1-000352#7,2
B1-000352#8,2
B1-000352#9,2
B1-000353#0,2
B1-000353#1,2
B1-000353#10,2
B1-000353#11,2
B1-000353#12,2
B1-000353#13,2
B1-000353#14,2
B1-000353#15,2
B1-000353#16,2
B1-000353#2,2
B1-000353#3,2
B1-000353#4,2
B1-000353#5,2
B1-000353#6,2
B1-000353#7,2
B1-000353#8,2
B1-000353#9,2
B1-000354#0,2
B1-000354#1,2
B1-000354#10,2
B1-000354#11,2
B1-000354#12,2
B1-000354#13,2
B1-000354#2,2
B1-000354#3,1
B1-000354#4,2
B1-000354#5,2
B1-000354#6,2
B1-000354#7,2
B1-000354#8,2
B1-000354#9,2
B1-000355#0,2
B1-000355#1,2
B1-000355#10,2
B1-000355#11,2
B1-000355#2,2
B1-000355#3,2
B1-000355#4,2
B1-000355#5,2
B1-000355#6,2
B1-000355#7,2
B1-000355#8,2
B1-000355#9,2
B1-000356#0,2
B1-000356#1,2
B1-000356#2,2
B1-000356#3,2
B1-000356#4,2
B1-000356#5,2
B1-000356#6,2
B1-000357#0,2
B1-000357#1,2
B1-000357#10,2
B1-000357#11,2
B1-000357#12,2
B1-000357#13,2
B1-000357#14,2
B1-000357#15,2
B1-000357#16,2
B1-000357#2,2
B1-000357#3,2
B1-000357#4,2
B1-000357#5,2
B1-000357#6,2
B1-000357#7,2
B1-000357#8,2
B1-000357#9,2
B1-000358#0,2
B1-000358#1,2
B1-000358#10,2
B1-000358#11,2
B1-000358#12,2
B1-000358#2,2
B1-000358#3,2
B1-000358#4,2
B1-000358#6,2
B1-000358#7,2
B1-000358#8,2
B1-000358#9,2
B1-000359#1,2
B1-000359#10,2
B1-000359#11,2
B1-000359#12,2
B1-000359#13,2
B1-000359#14,2
B1-000359#2,2
B1-000359#4,2
B1-000359#5,2
B1-000359#6,2
B1-000359#7,2
B1-000359#8,2
B1-000359#9,2
B1-000360#0,2
B1-000360#1,2
B1-000360#2,2
B1-000360#3,2
B1-000360#4,2
B1-000360#5,2
B1-000360#6,2
B1-000360#7,2
B1-000360#8,2
B1-000360#9,2
B1-000361#0,2
B1-000361#1,2
B1-000361#10,2
B1-000361#2,2
B1-000361#3,2
B1-000361#4,2
B1-000361#5,2
B1-000361#6,2
B1-000361#7,2
B1-000361#8,2
B1-000361#9,2
B1-000362#0,2
B1-000362#1,2
B1-000362#2,2
B1-000362#3,2
B1-000362#4,2
B1-000362#5,2
B1-000362#6,2
B1-000362#7,2
B1-000363#0,2
B1-000363#1,2
B1-000363#10,2
B1-000363#11,2
B1-000363#12,1
B1-000363#13,2
B1-000363#2,2
B1-000363#3,2
B1-000363#4,2
B1-000363#5,2
B1-000363#6,2
B1-000363#7,2
B1-000363#8,2
B1-000363#9,2
B1-000364#0,2
B1-000364#1,2
B1-000364#10,2
B1-000364#11,2
B1-000364#12,2
B1-000364#13,2
B1-000364#14,2
B1-000364#15,2
B1-000364#16,2
B1-000364#2,2
B1-000364#3,2
B1-000364#4,2
B1-000364#5,2
B1-000364#6,2
B1-000364#7,2
B1-000364#8,2
B1-000364#9,2
B1-000365#0,2
B1-000365#1,2
B1-000365#10,2
B1-000365#2,2
B1-000365#3,2
B1-000365#4,2
B1-000365#5,2
B1-000365#6,2
B1-000365#7,2
B1-000365#8,2
B1-000365#9,2
B1-000366#0,2
B1-000366#1,2
B1-000366#10,2
B1-000366#11,2
B1-000366#2,2
B1-000366#3,2
B1-000366#4,2
B1-000366#5,2
B1-000366#6,2
B1-000366#7,2
B1-000366#8,2
B1-000366#9,2
B1-000367#0,2
B1-000367#1,2
B1-000367#2,2
B1-000367#3,2
B1-000367#4,2
B1-000367#5,2
B1-000367#6,2
B1-000367#7,2
B1-000367#8,2
B1-000368#0,2
B1-000368#1,2
B1-000368#2,2
B1-000368#3,2
B1-000368#4,2
B1-000368#5,2
B1-000368#6,2
B1-000369#0,2
B1-000369#1,2
B1-000369#2,2
B1-000369#3,2
B1-000369#4,2
B1-000369#5,2
B1-000369#6,2
B1-000369#7,2
B1-000370#0,2
B1-000370#1,2
B1-000370#2,2
B1-000370#3,2
B1-000370#4,2
B1-000370#5,2
B1-000370#6,2
B1-000370#7,2
B1-000371#0,2
B1-000371#1,0
B1-000371#2,2
B1-000371#3,2
B1-000371#4,2
B1-000371#5,2
B1-000372#0,2
B1-000372#1,2
B1-000372#10,2
B1-000372#11,2
B1-000372#12,2
B1-000372#13,2
B1-000372#14,2
B1-000372#15,2
B1-000372#16,2
B1-000372#2,2
B1-000372#3,2
B1-000372#4,2
B1-000372#5,2
B1-000372#6,2
B1-000372#7,2
B1-000372#8,2
B1-000372#9,2
B1-000373#0,2
B1-000373#1,2
B1-000373#10,2
B1-000373#11,2
B1-000373#12,2
B1-000373#13,2
B1-000373#14,2
B1-000373#15,2
B1-000373#16,2
B1-000373#2,2
B1-000373#3,2
B1-000373#4,2
B1-000373#5,2
B1-000373#6,2
B1-000373#7,2
B1-000373#8,2
B1-000373#9,2
B1-000374#0,2
B1-000374#1,2
B1-000374#2,2
B1-000374#3,2
B1-000374#4,2
B1-000374#5,2
B1-000375#0,2
B1-000375#1,2
B1-000375#2,2
B1-000375#3,2
B1-000375#4,2
B1-000375#5,2
B1-000375#6,2
B1-000375#7,2
B1-000376#0,2
B1-000376#1,0
B1-000376#10,2
B1-000376#11,2
B1-000376#12,2
B1-000376#13,2
B1-000376#14,2
B1-000376#2,1
B1-000376#3,2
B1-000376#4,2
B1-000376#5,2
B1-000376#6,2
B1-000376#7,2
B1-000376#8,0
B1-000376#9,1
B1-000377#0,2
B1-000377#1,2
B1-000377#2,2
B1-000377#3,2
B1-000377#4,2
B1-000377#5,2
B1-000377#6,2
B1-000377#7,2
B1-000377#8,2
B1-000377#9,2
B1-000378#0,2
B1-000378#1,2
B1-000378#2,2
B1-000378#3,2
B1-000378#4,2
B1-000378#5,2
B1-000378#6,2
B1-000379#0,2
B1-000379#1,2
B1-000379#2,2
B1-000379#3,2
B1-000379#4,2
B1-000379#5,2
B1-000379#6,2
B1-000379#7,2
B1-000380#0,2
B1-000380#1,2
B1-000380#10,2
B1-000380#11,2
B1-000380#12,2
B1-000380#13,2
B1-000380#14,2
B1-000380#15,2
B1-000380#16,2
B1-000380#2,2
B1-000380#3,2
B1-000380#4,2
B1-000380#5,2
B1-000380#6,2
B1-000380#7,2
B1-000380#8,2
B1-000380#9,2
B1-000381#0,2
B1-000381#1,2
B1-000381#10,2
B1-000381#11,2
B1-000381#12,2
B1-000381#13,2
B1-000381#14,2
B1-000381#15,2
B1-000381#16,2
B1-000381#2,2
B1-000381#3,2
B1-000381#4,2
B1-000381#5,2
B1-000381#6,2
B1-000381#7,2
B1-000381#8,2
B1-000381#9,2
B1-000382#0,2
B1-000382#1,2
B1-000382#2,2
B1-000382#3,2
B1-000382#4,2
B1-000382#5,2
B1-000383#0,2
B1-000383#1,2
B1-000383#10,2
B1-000383#11,2
B1-000383#2,2
B1-000383#3,2
B1-000383#4,2
B1-000383#5,2
B1-000383#6,2
B1-000383#7,2
B1-000383#8,2
B1-000383#9,2
B1-000384#0,2
B1-000384#1,2
B1-000384#10,2
B1-000384#11,2
B1-000384#12,2
B1-000384#13,2
B1-000384#14,2
B1-000384#15,2
B1-000384#16,2
B1-000384#2,2
B1-000384#3,2
B1-000384#4,2
B1-000384#5,2
B1-000384#6,2
B1-000384#7,2
B1-000384#8,2
B1-000384#9,2
B1-000385#0,2
B1-000385#1,2
B1-000385#2,2
B1-000385#3,2
B1-000385#4,2
B1-000385#5,2
B1-000385#6,2
B1-000385#7,2
B1-000385#8,2
B1-000386#0,2
B1-000386#1,2
B1-000386#10,2
B1-000386#11,2
B1-000386#12,1
B1-000386#13,2
B1-000386#14,2
B1-000386#15,2
B1-000386#16,2
B1-000386#2,2
B1-000386#3,2
B1-000386#4,2
B1-000386#5,2
B1-000386#6,2
B1-000386#7,2
B1-000386#8,2
B1-000386#9,2
B1-000387#0,2
B1-000387#1,2
B1-000387#10,2
B1-000387#11,2
B1-000387#12,2
B1-000387#13,2
B1-000387#14,2
B1-000387#15,2
B1-000387#16,2
B1-000387#2,2
B1-000387#3,2
B1-000387#4,2
B1-000387#5,2
B1-000387#6,2
B1-000387#7,2
B1-000387#8,2
B1-000387#9,2
B1-000388#0,2
B1-000388#1,2
B1-000388#10,2
B1-000388#11,2
B1-000388#12,2
B1-000388#13,2
B1-000388#2,2
B1-000388#3,2
B1-000388#4,2
B1-000388#5,2
B1-000388#6,2
B1-000388#7,2
B1-000388#8,2
B1-000388#9,2
B1-000389#0,2
B1-000389#1,2
B1-000389#2,2
B1-000389#3,2
B1-000389#4,2
B1-000389#5,2
B1-000389#6,2
B1-000389#7,2
B1-000389#8,2
B1-000390#0,2
B1-000390#1,2
B1-000390#2,2
B1-000390#3,2
B1-000390#4,2
B1-000390#5,2
B1-000390#6,2
B1-000391#0,2
B1-000391#1,2
B1-000391#2,2
B1-000391#3,2
B1-000391#4,2
B1-000391#5,2
B1-000391#6,2
B1-000392#0,2
B1-000392#1,2
B1-000392#10,2
B1-000392#11,2
B1-000392#12,2
B1-000392#13,2
B1-000392#14,2
B1-000392#15,2
B1-000392#2,2
B1-000392#3,2
B1-000392#4,2
B1-000392#5,2
B1-000392#6,2
B1-000392#7,2
B1-000392#8,2
B1-000392#9,2
B1-000393#0,2
B1-000393#1,2
B1-000393#10,2
B1-000393#2,2
B1-000393#3,2
B1-000393#4,2
B1-000393#5,2
B1-000393#6,2
B1-000393#7,2
B1-000393#8,2
B1-000393#9,2
B1-000394#0,2
B1-000394#1,2
B1-000394#2,2
B1-000394#3,2
B1-000394#4,2
B1-000394#5,2
B1-000394#6,2
B1-000394#7,2
B1-000394#8,2
B1-000395#0,2
B1-000395#1,2
B1-000395#10,2
B1-000395#11,2
B1-000395#12,2
B1-000395#2,2
B1-000395#3,2
B1-000395#4,2
B1-000395#5,2
B1-000395#6,2
B1-000395#7,2
B1-000395#8,2
B1-000395#9,2
B1-000396#0,2
B1-000396#1,1
B1-000396#2,2
B1-000396#3,2
B1-000396#4,2
B1-000396#5,2
B1-000396#6,2
B1-000396#7,2
B1-000396#8,2
B1-000397#0,2
B1-000397#1,2
B1-000397#2,2
B1-000397#3,2
B1-000397#4,2
B1-000397#5,2
B1-000397#6,2
B1-000397#7,2
B1-000398#0,2
B1-000398#1,2
B1-000398#10,2
B1-000398#11,2
B1-000398#12,2
B1-000398#2,2
B1-000398#3,2
B1-000398#4,2
B1-000398#5,2
B1-000398#6,2
B1-000398#7,2
B1-000398#8,2
B1-000398#9,2
B1-000399#0,2
B1-000399#1,2
B1-000399#10,2
B1-000399#11,2
B1-000399#12,0
B1-000399#13,2
B1-000399#14,2
B1-000399#15,2
B1-000399#16,2
B1-000399#2,2
B1-000399#3,2
B1-000399#4,2
B1-000399#5,2
B1-000399#6,2
B1-000399#7,2
B1-000399#8,2
B1-000399#9,2
B1-000400#0,2
B1-000400#1,2
B1-000400#10,2
B1-000400#11,2
B1-000400#12,2
B1-000400#13,2
B1-000400#2,2
B1-000400#3,2
B1-000400#4,2
B1-000400#5,2
B1-000400#6,2
B1-000400#7,2
B1-000400#8,2
B1-000400#9,2
B1-000401#0,2
B1-000401#1,2
B1-000401#10,2
B1-000401#11,2
B1-000401#12,2
B1-000401#13,2
B1-000401#14,2
B1-000401#2,2
B1-000401#3,2
B1-000401#4,2
B1-000401#5,2
B1-000401#6,2
B1-000401#7,2
B1-000401#8,2
B1-000401#9,2
B1-000402#0,2
B1-000402#1,2
B1-000402#10,2
B1-000402#11,2
B1-000402#12,2
B1-000402#2,2
B1-000402#3,2
B1-000402#4,2
B1-000402#5,2
B1-000402#6,2
B1-000402#7,2
B1-000402#8,2
B1-000402#9,2
B1-000403#0,2
B1-000403#1,2
B1-000403#2,2
B1-000403#3,2
B1-000403#4,2
B1-000403#5,2
B1-000403#6,2
B1-000404#0,2
B1-000404#1,2
B1-000404#2,2
B1-000404#3,2
B1-000404#4,2
B1-000404#5,2
B1-000404#6,2
B1-000404#7,2
B1-000404#8,2
B1-000405#0,2
B1-000405#1,2
B1-000405#2,2
B1-000405#3,2
B1-000405#4,2
B1-000405#5,2
B1-000406#0,2
B1-000406#1,2
B1-000406#2,2
B1-000406#3,2
B1-000406#4,2
B1-000406#5,2
B1-000406#6,2
B1-000407#0,2
B1-000407#1,2
B1-000407#10,2
B1-000407#11,2
B1-000407#12,2
B1-000407#2,2
B1-000407#3,2
B1-000407#4,2
B1-000407#5,2
B1-000407#6,2
B1-000407#7,2
B1-000407#8,2
B1-000407#9,2
B1-000408#0,2
B1-000408#1,2
B1-000408#2,2
B1-000408#3,2
B1-000408#4,2
B1-000408#5,2
B1-000408#6,2
B1-000408#7,2
B1-000408#8,2
B1-000409#0,2
B1-000409#1,2
B1-000409#10,2
B1-000409#11,2
B1-000409#12,2
B1-000409#2,2
B1-000409#3,2
B1-000409#4,2
B1-000409#5,2
B1-000409#6,2
B1-000409#7,2
B1-000409#8,2
B1-000409#9,2
B1-000410#0,2
B1-000410#1,2
B1-000410#2,2
B1-000410#3,2
B1-000410#4,1
B1-000410#5,2
B1-000410#6,2
B1-000410#7,2
B1-000411#0,2
B1-000411#1,2
B1-000411#10,2
B1-000411#11,2
B1-000411#12,2
B1-000411#13,2
B1-000411#2,2
B1-000411#3,2
B1-000411#4,2
B1-000411#5,2
B1-000411#6,2
B1-000411#7,2
B1-000411#8,2
B1-000411#9,2
B1-000412#0,2
B1-000412#1,2
B1-000412#10,2
B1-000412#11,2
B1-000412#12,2
B1-000412#2,2
B1-000412#3,2
B1-000412#4,2
B1-000412#5,2
B1-000412#6,2
B1-000412#7,2
B1-000412#8,2
B1-000412#9,2
B1-000413#0,2
B1-000413#1,2
B1-000413#2,2
B1-000413#3,2
B1-000414#0,2
B1-000414#1,2
B1-000414#10,2
B1-000414#11,2
B1-000414#12,2
B1-000414#2,2
B1-000414#3,2
B1-000414#4,2
B1-000414#5,2
B1-000414#6,2
B1-000414#7,2
B1-000414#8,2
B1-000414#9,2
B1-000415#0,2
B1-000415#1,2
B1-000415#2,2
B1-000415#3,2
B1-000415#4,2
B1-000415#5,2
B1-000415#6,2
B1-000415#7,2
B1-000415#8,2
B1-000416#0,2
B1-000416#1,2
B1-000416#10,2
B1-000416#11,2
B1-000416#12,2
B1-000416#13,2
B1-000416#14,2
B1-000416#15,2
B1-000416#16,2
B1-000416#17,2
B1-000416#2,2
B1-000416#3,2
B1-000416#4,2
B1-000416#5,2
B1-000416#6,2
B1-000416#7,2
B1-000416#8,2
B1-000416#9,2
B1-000417#0,2
B1-000417#1,2
B1-000417#2,2
B1-000417#3,2
B1-000417#4,2
B1-000417#5,2
B1-000417#6,2
B1-000418#0,1
B1-000418#1,2
B1-000418#2,2
B1-000418#3,2
B1-000418#4,2
B1-000418#5,2
B1-000418#6,2
B1-000418#7,2
B1-000418#8,2
B1-000419#0,2
B1-000419#1,2
B1-000419#10,2
B1-000419#11,2
B1-000419#12,2
B1-000419#13,2
B1-000419#2,2
B1-000419#3,2
B1-000419#4,2
B1-000419#5,2
B1-000419#6,2
B1-000419#7,2
B1-000419#8,2
B1-000419#9,2
B1-000420#0,2
B1-000420#1,2
B1-000420#10,2
B1-000420#2,2
B1-000420#3,2
B1-000420#4,2
B1-000420#5,2
B1-000420#6,2
B1-000420#7,2
B1-000420#8,2
B1-000420#9,2
B1-000421#0,2
B1-000421#1,2
B1-000421#2,2
B1-000421#3,2
B1-000421#4,2
B1-000421#5,2
B1-000421#6,2
B1-000421#7,2
B1-000422#0,2
B1-000422#1,2
B1-000422#2,2
B1-000422#3,2
B1-000422#4,2
B1-000422#5,2
B1-000422#6,2
B1-000422#7,2
B1-000422#8,2
B1-000422#9,1
B1-000423#0,2
B1-000423#1,2
B1-000423#2,2
B1-000423#3,2
B1-000423#4,2
B1-000423#5,2
B1-000423#6,2
B1-000423#7,2
B1-000423#8,2
B1-000423#9,2
B1-000424#0,2
B1-000424#1,2
B1-000424#2,2
B1-000424#3,2
B1-000424#4,2
B1-000425#0,2
B1-000425#1,2
B1-000425#10,2
B1-000425#11,2
B1-000425#12,2
B1-000425#13,2
B1-000425#14,2
B1-000425#15,2
B1-000425#16,2
B1-000425#2,2
B1-000425#3,2
B1-000425#4,2
B1-000425#5,2
B1-000425#6,2
B1-000425#7,2
B1-000425#8,2
B1-000425#9,2
B1-000426#0,2
B1-000426#1,2
B1-000426#10,2
B1-000426#11,2
B1-000426#12,2
B1-000426#2,2
B1-000426#3,2
B1-000426#4,2
B1-000426#5,2
B1-000426#6,2
B1-000426#7,2
B1-000426#8,2
B1-000426#9,2
B1-000427#0,2
B1-000427#1,2
B1-000427#10,2
B1-000427#11,2
B1-000427#2,2
B1-000427#3,2
B1-000427#4,2
B1-000427#5,2
B1-000427#6,1
B1-000427#7,2
B1-000427#8,2
B1-000427#9,2
B1-000428#0,2
B1-000428#1,2
B1-000428#10,2
B1-000428#11,2
B1-000428#12,2
B1-000428#2,2
B1-000428#3,2
B1-000428#4,2
B1-000428#5,2
B1-000428#6,2
B1-000428#7,2
B1-000428#8,2
B1-000428#9,2
B1-000429#0,2
B1-000429#1,2
B1-000429#10,2
B1-000429#11,2
B1-000429#12,2
B1-000429#13,2
B1-000429#2,2
B1-000429#3,2
B1-000429#4,2
B1-000429#5,2
B1-000429#6,2
B1-000429#7,2
B1-000429#8,2
B1-000429#9,2
B1-000430#0,2
B1-000430#1,2
B1-000430#2,2
B1-000430#3,2
B1-000430#4,2
B1-000430#5,2
B1-000430#6,2
B1-000430#7,2
B1-000430#8,2
B1-000430#9,2
B1-000431#0,2
B1-000431#1,2
B1-000431#2,2
B1-000431#3,2
B1-000431#4,2
B1-000431#5,2
B1-000431#6,2
B1-000431#7,2
B1-000432#0,2
B1-000432#1,2
B1-000432#10,2
B1-000432#11,1
B1-000432#12,2
B1-000432#13,2
B1-000432#14,2
B1-000432#15,2
B1-000432#16,2
B1-000432#2,2
B1-000432#3,2
B1-000432#4,2
B1-000432#5,2
B1-000432#6,1
B1-000432#7,2
B1-000432#8,2
B1-000432#9,2
B1-000433#0,2
B1-000433#1,2
B1-000433#10,2
B1-000433#11,2
B1-000433#12,2
B1-000433#13,2
B1-000433#14,2
B1-000433#2,2
B1-000433#3,2
B1-000433#4,2
B1-000433#5,2
B1-000433#6,2
B1-000433#7,2
B1-000433#8,2
B1-000433#9,2
B1-000434#0,2
B1-000434#1,2
B1-000434#10,2
B1-000434#11,2
B1-000434#12,2
B1-000434#13,2
B1-000434#2,1
B1-000434#3,2
B1-000434#4,2
B1-000434#5,2
B1-000434#6,2
B1-000434#7,2
B1-000434#8,2
B1-000434#9,2
B1-000435#0,2
B1-000435#1,2
B1-000435#2,2
B1-000435#3,2
B1-000435#4,2
B1-000435#5,2
B1-000435#6,2
B1-000435#7,2
B1-000436#0,2
B1-000436#1,2
B1-000436#2,2
B1-000436#3,2
B1-000436#4,2
B1-000436#5,2
B1-000436#6,2
B1-000437#0,2
B1-000437#1,2
B1-000437#10,2
B1-000437#11,2
B1-000437#12,2
B1-000437#13,2
B1-000437#14,2
B1-000437#15,1
B1-000437#2,2
B1-000437#3,2
B1-000437#4,2
B1-000437#5,2
B1-000437#6,2
B1-000437#7,2
B1-000437#8,2
B1-000437#9,2
B1-000438#0,2
B1-000438#1,2
B1-000438#2,2
B1-000438#3,2
B1-000438#4,2
B1-000438#5,2
B1-000438#6,2
B1-000438#7,2
B1-000438#8,2
B1-000439#0,2
B1-000439#1,2
B1-000439#2,2
B1-000439#3,2
B1-000440#0,2
B1-000440#1,2
B1-000440#2,2
B1-000440#3,2
B1-000440#4,2
B1-000440#5,2
B1-000440#6,2
B1-000440#7,2
B1-000441#0,2
B1-000441#1,2
B1-000441#10,2
B1-000441#11,2
B1-000441#12,2
B1-000441#13,2
B1-000441#14,2
B1-000441#15,2
B1-000441#16,2
B1-000441#17,2
B1-000441#2,2
B1-000441#3,2
B1-000441#4,2
B1-000441#5,2
B1-000441#6,2
B1-000441#7,2
B1-000441#8,2
B1-000441#9,2
B1-000442#0,2
B1-000442#1,2
B1-000442#10,2
B1-000442#11,2
B1-000442#12,2
B1-000442#13,2
B1-000442#2,2
B1-000442#3,2
B1-000442#4,2
B1-000442#5,0
B1-000442#6,2
B1-000442#7,2
B1-000442#8,2
B1-000442#9,2
B1-000443#0,2
B1-000443#1,2
B1-000443#10,2
B1-000443#11,2
B1-000443#12,2
B1-000443#2,2
B1-000443#3,2
B1-000443#4,2
B1-000443#5,2
B1-000443#6,2
B1-000443#7,2
B1-000443#8,2
B1-000443#9,2
B1-000444#0,2
B1-000444#1,2
B1-000444#10,2
B1-000444#11,2
B1-000444#12,2
B1-000444#13,2
B1-000444#14,2
B1-000444#15,2
B1-000444#2,2
B1-000444#3,2
B1-000444#4,2
B1-000444#5,2
B1-000444#6,2
B1-000444#7,2
B1-000444#8,2
B1-000444#9,2
B1-000445#0,2
B1-000445#1,2
B1-000445#2,2
B1-000445#3,2
B1-000445#4,2
B1-000445#5,2
B1-000445#6,2
B1-000445#7,2
B1-000446#0,2
B1-000446#1,2
B1-000446#2,1
B1-000446#3,2
B1-000446#4,2
B1-000446#5,2
B1-000446#6,2
B1-000446#7,2
B1-000446#8,2
B1-000447#0,2
B1-000447#1,2
B1-000447#10,2
B1-000447#11,2
B1-000447#12,2
B1-000447#2,2
B1-000447#3,2
B1-000447#4,2
B1-000447#5,2
B1-000447#6,2
B1-000447#7,2
B1-000447#8,2
B1-000447#9,2
B1-000448#1,2
B1-000448#2,2
B1-000448#4,2
B1-000449#0,2
B1-000449#1,2
B1-000449#10,2
B1-000449#11,2
B1-000449#2,2
B1-000449#3,2
B1-000449#4,2
B1-000449#5,2
B1-000449#6,2
B1-000449#7,2
B1-000449#8,2
B1-000449#9,2
B1-000450#0,2
B1-000450#1,2
B1-000450#2,2
B1-000450#3,2
B1-000450#4,2
B1-000450#5,2
B1-000451#0,2
B1-000451#1,2
B1-000451#10,2
B1-000451#2,2
B1-000451#3,2
B1-000451#4,2
B1-000451#5,2
B1-000451#6,2
B1-000451#7,2
B1-000451#8,2
B1-000451#9,2
B1-000452#0,2
B1-000452#1,2
B1-000452#10,2
B1-000452#11,2
B1-000452#2,2
B1-000452#3,2
B1-000452#4,2
B1-000452#5,2
B1-000452#6,2
B1-000452#7,2
B1-000452#8,2
B1-000452#9,2
B1-000453#0,2
B1-000453#1,2
B1-000453#10,1
B1-000453#11,2
B1-000453#2,2
B1-000453#3,2
B1-000453#4,2
B1-000453#5,2
B1-000453#6,2
B1-000453#7,2
B1-000453#8,2
B1-000453#9,1
B1-000454#0,2
B1-000454#1,2
B1-000454#2,2
B1-000454#3,2
B1-000454#4,2
B1-000454#5,2
B1-000454#6,2
B1-000454#7,2
B1-000454#8,2
B1-000455#0,2
B1-000455#1,2
B1-000455#10,2
B1-000455#11,2
B1-000455#12,2
B1-000455#2,2
B1-000455#3,2
B1-000455#4,2
B1-000455#5,2
B1-000455#6,2
B1-000455#7,2
B1-000455#8,2
B1-000455#9,2
B1-000456#0,2
B1-000456#1,2
B1-000456#10,2
B1-000456#11,2
B1-000456#12,2
B1-000456#13,2
B1-000456#14,2
B1-000456#15,2
B1-000456#2,2
B1-000456#3,2
B1-000456#4,2
B1-000456#5,2
B1-000456#6,2
B1-000456#7,2
B1-000456#8,2
B1-000456#9,2
B1-000457#0,2
B1-000457#1,2
B1-000457#10,2
B1-000457#11,2
B1-000457#12,2
B1-000457#13,2
B1-000457#14,2
B1-000457#15,2
B1-000457#2,2
B1-000457#3,2
B1-000457#4,2
B1-000457#5,1
B1-000457#6,2
B1-000457#7,2
B1-000457#8,2
B1-000457#9,2
B1-000458#0,2
B1-000458#1,2
B1-000458#2,2
B1-000458#3,2
B1-000458#4,2
B1-000459#0,2
B1-000459#1,2
B1-000459#10,2
B1-000459#11,2
B1-000459#12,2
B1-000459#13,2
B1-000459#14,2
B1-000459#15,2
B1-000459#2,2
B1-000459#3,2
B1-000459#4,2
B1-000459#5,2
B1-000459#6,2
B1-000459#7,2
B1-000459#8,2
B1-000459#9,2
B1-000460#0,2
B1-000460#1,2
B1-000460#10,2
B1-000460#11,2
B1-000460#12,2
B1-000460#13,2
B1-000460#2,2
B1-000460#3,2
B1-000460#4,2
B1-000460#5,2
B1-000460#6,2
B1-000460#7,2
B1-000460#8,2
B1-000460#9,2
B1-000461#0,2
B1-000461#1,2
B1-000461#10,2
B1-000461#2,2
B1-000461#3,0
B1-000461#4,2
B1-000461#5,2
B1-000461#6,2
B1-000461#7,2
B1-000461#8,2
B1-000461#9,2
B1-000462#0,2
B1-000462#1,2
B1-000462#10,2
B1-000462#11,2
B1-000462#2,2
B1-000462#3,2
B1-000462#4,2
B1-000462#5,2
B1-000462#6,2
B1-000462#7,1
B1-000462#8,2
B1-000462#9,2
B1-000463#0,2
B1-000463#1,2
B1-000463#2,2
B1-000463#3,2
B1-000463#4,2
B1-000463#5,2
B1-000463#6,2
B1-000463#7,2
B1-000463#8,2
B1-000463#9,2
B1-000464#0,2
B1-000464#1,2
B1-000464#2,1
B1-000464#3,2
B1-000464#4,2
B1-000464#5,2
B1-000464#6,2
B1-000464#7,2
B1-000465#0,2
B1-000465#1,2
B1-000465#10,2
B1-000465#11,2
B1-000465#12,2
B1-000465#13,2
B1-000465#14,2
B1-000465#2,2
B1-000465#3,2
B1-000465#4,2
B1-000465#5,2
B1-000465#6,2
B1-000465#7,2
B1-000465#8,2
B1-000465#9,2
B1-000466#0,2
B1-000466#1,2
B1-000466#10,2
B1-000466#11,2
B1-000466#12,2
B1-000466#13,2
B1-000466#14,2
B1-000466#15,0
B1-000466#16,2
B1-000466#2,2
B1-000466#3,2
B1-000466#4,2
B1-000466#5,2
B1-000466#6,2
B1-000466#7,2
B1-000466#8,2
B1-000466#9,2
B1-000467#0,2
B1-000467#1,2
B1-000467#2,2
B1-000467#3,2
B1-000467#4,2
B1-000468#0,2
B1-000468#1,2
B1-000468#10,2
B1-000468#11,2
B1-000468#12,2
B1-000468#2,2
B1-000468#3,2
B1-000468#4,2
B1-000468#5,2
B1-000468#6,2
B1-000468#7,2
B1-000468#8,2
B1-000468#9,2
B1-000469#0,2
B1-000469#1,2
B1-000469#2,2
B1-000469#3,2
B1-000469#4,2
B1-000469#5,2
B1-000470#0,2
B1-000470#1,2
B1-000470#2,2
B1-000470#3,2
B1-000470#4,2
B1-000470#5,2
B1-000470#6,2
B1-000470#7,2
B1-000470#8,2
B1-000470#9,2
B1-000471#0,2
B1-000471#1,2
B1-000471#2,2
B1-000471#3,2
B1-000471#4,2
B1-000471#5,2
B1-000472#0,2
B1-000472#1,2
B1-000472#2,2
B1-000472#3,2
B1-000472#4,2
B1-000472#5,2
B1-000473#0,2
B1-000473#1,2
B1-000473#2,2
B1-000473#3,1
B1-000473#4,2
B1-000473#5,2
B1-000473#6,2
B1-000473#7,2
B1-000473#8,2
B1-000473#9,2
B1-000474#0,2
B1-000474#1,2
B1-000474#10,2
B1-000474#11,2
B1-000474#12,2
B1-000474#13,2
B1-000474#14,2
B1-000474#15,2
B1-000474#2,2
B1-000474#3,2
B1-000474#4,2
B1-000474#5,2
B1-000474#6,2
B1-000474#7,2
B1-000474#8,2
B1-000474#9,2
B1-000475#0,2
B1-000475#1,2
B1-000475#2,2
B1-000475#3,2
B1-000475#4,2
B1-000475#5,2
B1-000475#6,2
B1-000476#0,2
B1-000476#1,2
B1-000476#10,2
B1-000476#11,2
B1-000476#12,2
B1-000476#2,2
B1-000476#3,2
B1-000476#4,2
B1-000476#5,2
B1-000476#6,2
B1-000476#7,2
B1-000476#8,2
B1-000476#9,2
B1-000477#0,2
B1-000477#1,2
B1-000477#10,2
B1-000477#11,2
B1-000477#12,2
B1-000477#13,2
B1-000477#14,2
B1-000477#15,2
B1-000477#2,2
B1-000477#3,2
B1-000477#4,2
B1-000477#5,2
B1-000477#6,2
B1-000477#7,2
B1-000477#8,2
B1-000477#9,2
B1-000478#0,2
B1-000478#1,2
B1-000478#10,2
B1-000478#11,2
B1-000478#12,2
B1-000478#13,2
B1-000478#2,2
B1-000478#3,2
B1-000478#4,2
B1-000478#5,2
B1-000478#6,2
B1-000478#7,2
B1-000478#8,2
B1-000478#9,2
B1-000479#0,2
B1-000479#1,2
B1-000479#10,2
B1-000479#11,2
B1-000479#12,2
B1-000479#13,2
B1-000479#14,0
B1-000479#15,2
B1-000479#2,2
B1-000479#3,2
B1-000479#4,2
B1-000479#5,2
B1-000479#6,2
B1-000479#7,2
B1-000479#8,2
B1-000479#9,2
B1-000480#0,2
B1-000480#1,2
B1-000480#10,2
B1-000480#11,2
B1-000480#12,2
B1-000480#13,2
B1-000480#14,2
B1-000480#15,2
B1-000480#16,2
B1-000480#2,2
B1-000480#3,2
B1-000480#4,2
B1-000480#5,2
B1-000480#6,2
B1-000480#7,2
B1-000480#8,2
B1-000480#9,1
B1-000481#0,2
B1-000481#1,2
B1-000481#10,2
B1-000481#11,2
B1-000481#12,0
B1-000481#13,2
B1-000481#14,2
B1-000481#15,1
B1-000481#16,2
B1-000481#2,2
B1-000481#3,2
B1-000481#4,2
B1-000481#5,2
B1-000481#6,2
B1-000481#7,2
B1-000481#8,2
B1-000481#9,2
B1-000482#0,2
B1-000482#1,2
B1-000482#10,2
B1-000482#2,2
B1-000482#3,1
B1-000482#4,2
B1-000482#5,2
B1-000482#6,2
B1-000482#7,2
B1-000482#8,2
B1-000482#9,2
B1-000483#0,2
B1-000483#1,2
B1-000483#10,2
B1-000483#2,2
B1-000483#3,2
B1-000483#4,2
B1-000483#5,2
B1-000483#6,2
B1-000483#7,2
B1-000483#8,2
B1-000483#9,2
B1-000484#0,2
B1-000484#1,2
B1-000484#10,2
B1-000484#11,2
B1-000484#12,2
B1-000484#13,2
B1-000484#2,2
B1-000484#3,2
B1-000484#4,2
B1-000484#5,2
B1-000484#6,2
B1-000484#7,2
B1-000484#8,2
B1-000484#9,2
B1-000485#0,2
B1-000485#1,2
B1-000485#10,2
B1-000485#11,2
B1-000485#2,2
B1-000485#3,2
B1-000485#4,2
B1-000485#5,2
B1-000485#6,2
B1-000485#7,2
B1-000485#8,2
B1-000485#9,2
B1-000486#0,2
B1-000486#1,2
B1-000486#2,2
B1-000486#3,2
B1-000486#4,2
B1-000486#5,2
B1-000486#6,2
B1-000486#7,2
B1-000486#8,2
B1-000486#9,2
B1-000487#0,2
B1-000487#1,2
B1-000487#10,2
B1-000487#11,2
B1-000487#12,2
B1-000487#13,2
B1-000487#14,2
B1-000487#2,2
B1-000487#3,2
B1-000487#4,1
B1-000487#5,2
B1-000487#6,2
B1-000487#7,2
B1-000487#8,2
B1-000487#9,2
B1-000488#0,2
B1-000488#1,2
B1-000488#10,2
B1-000488#2,2
B1-000488#3,2
B1-000488#4,2
B1-000488#5,0
B1-000488#6,2
B1-000488#7,2
B1-000488#8,2
B1-000488#9,2
B1-000489#0,2
B1-000489#1,2
B1-000489#10,2
B1-000489#11,2
B1-000489#12,2
B1-000489#13,2
B1-000489#14,2
B1-000489#2,2
B1-000489#3,2
B1-000489#4,2
B1-000489#5,2
B1-000489#6,2
B1-000489#7,2
B1-000489#8,2
B1-000489#9,2
B1-000490#0,2
B1-000490#1,2
B1-000490#2,2
B1-000490#3,2
B1-000490#4,2
B1-000490#5,2
B1-000490#6,2
B1-000490#7,2
B1-000491#0,2
B1-000491#1,2
B1-000491#2,2
B1-000491#3,2
B1-000491#4,2
B1-000491#5,2
B1-000491#6,2
B1-000491#7,2
B1-000492#0,2
B1-000492#1,2
B1-000492#10,2
B1-000492#11,2
B1-000492#12,2
B1-000492#13,2
B1-000492#14,2
B1-000492#2,2
B1-000492#3,2
B1-000492#4,2
B1-000492#5,2
B1-000492#6,2
B1-000492#7,2
B1-000492#8,2
B1-000492#9,2
B1-000493#0,2
B1-000493#1,2
B1-000493#2,2
B1-000493#3,2
B1-000493#4,2
B1-000494#0,2
B1-000494#1,2
B1-000494#10,2
B1-000494#11,2
B1-000494#12,2
B1-000494#2,2
B1-000494#3,2
B1-000494#4,2
B1-000494#5,2
B1-000494#6,2
B1-000494#7,2
B1-000494#8,2
B1-000494#9,2
B1-000495#0,2
B1-000495#1,2
B1-000495#10,2
B1-000495#11,2
B1-000495#12,2
B1-000495#2,2
B1-000495#3,2
B1-000495#4,2
B1-000495#5,2
B1-000495#6,2
B1-000495#7,2
B1-000495#8,2
B1-000495#9,2
B1-000496#0,2
B1-000496#1,2
B1-000496#2,2
B1-000496#3,2
B1-000496#4,2
B1-000496#5,2
B1-000497#0,2
B1-000497#1,2
B1-000497#10,1
B1-000497#11,2
B1-000497#12,2
B1-000497#13,2
B1-000497#14,2
B1-000497#2,2
B1-000497#3,2
B1-000497#4,2
B1-000497#5,2
B1-000497#6,2
B1-000497#7,2
B1-000497#8,2
B1-000497#9,0
B1-000498#0,2
B1-000498#1,2
B1-000498#2,2
B1-000498#3,2
B1-000498#4,2
B1-000498#5,2
B1-000498#6,2
B1-000499#0,2
B1-000499#1,2
B1-000499#2,2
B1-000499#3,2
B1-000499#4,2
B1-000499#5,2
B1-000499#6,2
B1-000499#7,2
B1-000499#8,2
B1-000500#0,2
B1-000500#1,2
B1-000500#2,2
B1-000500#3,2
B1-000500#4,2
B1-000500#5,2
B1-000500#6,2
B1-000501#0,2
B1-000501#1,1
B1-000501#2,2
B1-000501#3,2
B1-000501#4,2
B1-000501#5,2
B1-000501#6,2
B1-000501#7,2
B1-000501#8,2
B1-000501#9,2
B1-000502#0,2
B1-000502#1,2
B1-000502#10,2
B1-000502#2,2
B1-000502#3,2
B1-000502#4,2
B1-000502#5,2
B1-000502#6,2
B1-000502#7,2
B1-000502#8,2
B1-000502#9,2
B1-000503#0,2
B1-000503#1,2
B1-000503#10,2
B1-000503#11,2
B1-000503#12,2
B1-000503#2,2
B1-000503#3,2
B1-000503#4,2
B1-000503#5,2
B1-000503#6,2
B1-000503#7,2
B1-000503#8,2
B1-000503#9,2
B1-000504#0,2
B1-000504#1,2
B1-000504#10,2
B1-000504#11,2
B1-000504#12,2
B1-000504#2,2
B1-000504#3,2
B1-000504#4,2
B1-000504#5,2
B1-000504#6,1
B1-000504#7,2
B1-000504#8,2
B1-000504#9,2
B1-000505#0,2
B1-000505#1,2
B1-000505#2,2
B1-000505#3,2
B1-000505#4,2
B1-000506#0,2
B1-000506#1,2
B1-000506#10,2
B1-000506#11,2
B1-000506#2,2
B1-000506#3,2
B1-000506#4,2
B1-000506#5,2
B1-000506#6,2
B1-000506#7,2
B1-000506#8,2
B1-000506#9,2
B1-000507#0,2
B1-000507#1,2
B1-000507#2,2
B1-000507#3,2
B1-000507#4,2
B1-000507#5,2
B1-000507#6,2
B1-000507#7,2
B1-000507#8,2
B1-000507#9,2
B1-000508#0,2
B1-000508#1,2
B1-000508#2,2
B1-000508#3,2
B1-000508#4,2
B1-000509#0,2
B1-000509#1,2
B1-000509#10,2
B1-000509#11,2
B1-000509#12,2
B1-000509#2,2
B1-000509#3,2
B1-000509#4,2
B1-000509#5,2
B1-000509#6,2
B1-000509#7,2
B1-000509#8,2
B1-000509#9,2
B1-000510#0,2
B1-000510#1,2
B1-000510#10,2
B1-000510#11,2
B1-000510#12,2
B1-000510#13,2
B1-000510#14,2
B1-000510#15,2
B1-000510#2,2
B1-000510#3,2
B1-000510#4,2
B1-000510#5,2
B1-000510#6,2
B1-000510#7,1
B1-000510#8,2
B1-000510#9,2
B1-000511#0,2
B1-000511#1,2
B1-000511#2,2
B1-000511#3,2
B1-000511#4,2
B1-000511#5,2
B1-000511#6,2
B1-000512#0,2
B1-000512#1,2
B1-000512#2,2
B1-000512#3,2
B1-000512#4,2
B1-000512#5,1
B1-000512#6,2
B1-000512#7,2
B1-000513#0,2
B1-000513#1,2
B1-000513#10,2
B1-000513#11,2
B1-000513#12,2
B1-000513#13,2
B1-000513#14,2
B1-000513#2,2
B1-000513#3,2
B1-000513#4,2
B1-000513#5,2
B1-000513#6,2
B1-000513#7,2
B1-000513#8,2
B1-000513#9,2
B1-000514#0,2
B1-000514#1,2
B1-000514#10,2
B1-000514#11,2
B1-000514#12,2
B1-000514#13,2
B1-000514#14,2
B1-000514#15,2
B1-000514#16,2
B1-000514#17,2
B1-000514#2,2
B1-000514#3,2
B1-000514#4,2
B1-000514#5,2
B1-000514#6,2
B1-000514#7,2
B1-000514#8,2
B1-000514#9,2
B1-000515#0,2
B1-000515#1,2
B1-000515#10,2
B1-000515#2,2
B1-000515#3,2
B1-000515#4,2
B1-000515#5,2
B1-000515#6,2
B1-000515#7,2
B1-000515#8,2
B1-000515#9,2
B1-000516#0,2
B1-000516#1,2
B1-000516#2,2
B1-000516#3,2
B1-000516#4,2
B1-000516#5,2
B1-000516#6,2
B1-000516#7,2
B1-000516#8,2
B1-000516#9,2
B1-000517#0,2
B1-000517#1,2
B1-000517#10,2
B1-000517#2,2
B1-000517#3,2
B1-000517#4,2
B1-000517#5,2
B1-000517#6,2
B1-000517#7,2
B1-000517#8,2
B1-000517#9,2
B1-000518#0,2
B1-000518#1,2
B1-000518#10,2
B1-000518#11,2
B1-000518#12,2
B1-000518#13,2
B1-000518#14,2
B1-000518#2,2
B1-000518#3,2
B1-000518#4,2
B1-000518#5,2
B1-000518#6,2
B1-000518#7,2
B1-000518#8,2
B1-000518#9,2
B1-000519#0,2
B1-000519#1,2
B1-000519#10,2
B1-000519#11,2
B1-000519#12,2
B1-000519#13,2
B1-000519#14,2
B1-000519#15,2
B1-000519#2,2
B1-000519#3,2
B1-000519#4,2
B1-000519#5,2
B1-000519#6,2
B1-000519#7,2
B1-000519#8,2
B1-000519#9,2
B1-000520#0,0
B1-000520#1,2
B1-000520#2,2
B1-000520#3,2
B1-000520#4,2
B1-000520#5,2
B1-000520#6,2
B1-000520#7,2
B1-000520#8,2
B1-000520#9,2
B1-000521#0,2
B1-000521#1,2
B1-000521#10,2
B1-000521#11,2
B1-000521#12,2
B1-000521#2,2
B1-000521#3,2
B1-000521#4,2
B1-000521#5,2
B1-000521#6,2
B1-000521#7,2
B1-000521#8,2
B1-000521#9,2
B1-000522#0,2
B1-000522#1,2
B1-000522#2,2
B1-000522#3,2
B1-000522#4,2
B1-000522#5,2
B1-000522#6,2
B1-000522#7,2
B1-000523#0,2
B1-000523#1,2
B1-000523#10,2
B1-000523#11,2
B1-000523#12,2
B1-000523#13,2
B1-000523#14,2
B1-000523#2,2
B1-000523#3,2
B1-000523#4,2
B1-000523#5,2
B1-000523#6,2
B1-000523#7,2
B1-000523#8,2
B1-000523#9,2
B1-000524#0,2
B1-000524#1,2
B1-000524#10,2
B1-000524#2,2
B1-000524#3,2
B1-000524#4,2
B1-000524#5,2
B1-000524#6,2
B1-000524#7,2
B1-000524#8,1
B1-000524#9,2
B1-000525#0,2
B1-000525#1,2
B1-000525#10,2
B1-000525#11,1
B1-000525#12,2
B1-000525#2,2
B1-000525#3,2
B1-000525#4,2
B1-000525#5,2
B1-000525#6,2
B1-000525#7,2
B1-000525#8,2
B1-000525#9,2
B1-000526#0,2
B1-000526#1,2
B1-000526#2,2
B1-000526#3,2
B1-000526#4,2
B1-000526#5,2
B1-000527#0,2
B1-000527#1,2
B1-000527#10,2
B1-000527#11,2
B1-000527#2,2
B1-000527#3,2
B1-000527#4,2
B1-000527#5,2
B1-000527#6,2
B1-000527#7,2
B1-000527#8,2
B1-000527#9,2
B1-000528#0,2
B1-000528#1,2
B1-000528#10,2
B1-000528#11,2
B1-000528#12,2
B1-000528#2,2
B1-000528#3,2
B1-000528#4,2
B1-000528#5,2
B1-000528#6,2
B1-000528#7,2
B1-000528#8,2
B1-000528#9,2
B1-000529#0,2
B1-000529#1,2
B1-000529#2,2
B1-000529#3,2
B1-000529#4,2
B1-000530#0,2
B1-000530#1,2
B1-000530#10,2
B1-000530#11,2
B1-000530#12,2
B1-000530#13,2
B1-000530#14,2
B1-000530#2,2
B1-000530#3,2
B1-000530#4,2
B1-000530#5,2
B1-000530#6,2
B1-000530#7,2
B1-000530#8,2
B1-000530#9,2
B1-000531#0,2
B1-000531#1,2
B1-000531#10,2
B1-000531#11,2
B1-000531#12,2
B1-000531#2,2
B1-000531#3,2
B1-000531#4,2
B1-000531#5,2
B1-000531#6,2
B1-000531#7,2
B1-000531#8,2
B1-000531#9,2
B1-000532#0,2
B1-000532#1,2
B1-000532#2,2
B1-000532#3,2
B1-000532#4,2
B1-000532#5,2
B1-000532#6,2
B1-000532#7,2
B1-000532#8,2
B1-000532#9,2
B1-000533#0,2
B1-000533#1,2
B1-000533#2,2
B1-000533#3,2
B1-000533#4,2
B1-000533#5,2
B1-000533#6,2
B1-000533#7,2
B1-000534#0,2
B1-000534#1,2
B1-000534#10,2
B1-000534#11,2
B1-000534#2,2
B1-000534#3,2
B1-000534#4,2
B1-000534#5,2
B1-000534#6,2
B1-000534#7,2
B1-000534#8,2
B1-000534#9,2
B1-000535#0,2
B1-000535#1,2
B1-000535#2,2
B1-000535#3,2
B1-000535#4,2
B1-000535#5,2
B1-000535#6,2
B1-000535#7,2
B1-000535#8,2
B1-000535#9,2
B1-000536#0,2
B1-000536#1,2
B1-000536#2,2
B1-000536#3,2
B1-000536#4,2
B1-000536#5,2
B1-000537#0,1
B1-000537#1,2
B1-000537#10,2
B1-000537#2,2
B1-000537#3,2
B1-000537#4,2
B1-000537#5,2
B1-000537#6,2
B1-000537#7,2
B1-000537#8,2
B1-000537#9,2
B1-000538#0,2
B1-000538#1,2
B1-000538#10,2
B1-000538#11,2
B1-000538#12,2
B1-000538#13,2
B1-000538#2,2
B1-000538#3,2
B1-000538#4,2
B1-000538#5,2
B1-000538#6,2
B1-000538#7,2
B1-000538#8,2
B1-000538#9,2
B1-000539#0,2
B1-000539#1,2
B1-000539#10,2
B1-000539#11,2
B1-000539#12,2
B1-000539#13,2
B1-000539#14,2
B1-000539#15,2
B1-000539#16,2
B1-000539#17,2
B1-000539#2,2
B1-000539#3,2
B1-000539#4,2
B1-000539#5,2
B1-000539#6,2
B1-000539#7,2
B1-000539#8,2
B1-000539#9,2
B1-000540#0,2
B1-000540#1,2
B1-000540#10,2
B1-000540#11,2
B1-000540#12,2
B1-000540#13,2
B1-000540#14,2
B1-000540#2,2
B1-000540#3,2
B1-000540#4,2
B1-000540#5,2
B1-000540#6,2
B1-000540#7,2
B1-000540#8,2
B1-000540#9,2
B1-000541#0,2
B1-000541#1,2
B1-000541#2,2
B1-000541#3,2
B1-000541#4,2
B1-000541#5,2
B1-000541#6,2
B1-000542#0,2
B1-000542#1,2
B1-000542#2,2
B1-000542#3,2
B1-000542#4,2
B1-000543#0,2
B1-000543#1,2
B1-000543#2,2
B1-000543#3,2
B1-000543#4,2
B1-000543#5,2
B1-000543#6,2
B1-000543#7,2
B1-000543#8,2
B1-000544#0,2
B1-000544#1,2
B1-000544#2,2
B1-000544#3,2
B1-000544#4,2
B1-000544#5,2
B1-000544#6,2
B1-000545#0,2
B1-000545#1,2
B1-000545#10,2
B1-000545#11,2
B1-000545#12,2
B1-000545#2,2
B1-000545#3,2
B1-000545#4,2
B1-000545#5,2
B1-000545#6,2
B1-000545#7,2
B1-000545#8,2
B1-000545#9,2
B1-000546#0,2
B1-000546#1,2
B1-000546#10,2
B1-000546#11,2
B1-000546#12,2
B1-000546#2,2
B1-000546#3,2
B1-000546#4,2
B1-000546#5,2
B1-000546#6,2
B1-000546#7,2
B1-000546#8,2
B1-000546#9,2
B1-000547#0,2
B1-000547#1,2
B1-000547#2,2
B1-000547#3,2
B1-000547#4,2
B1-000547#5,2
B1-000547#6,2
B1-000547#7,2
B1-000548#0,2
B1-000548#1,2
B1-000548#10,2
B1-000548#11,2
B1-000548#12,2
B1-000548#13,2
B1-000548#14,2
B1-000548#15,2
B1-000548#16,2
B1-000548#2,2
B1-000548#3,2
B1-000548#4,2
B1-000548#5,2
B1-000548#6,2
B1-000548#7,2
B1-000548#8,2
B1-000548#9,1
B1-000549#0,2
B1-000549#1,2
B1-000549#10,2
B1-000549#11,2
B1-000549#12,2
B1-000549#13,2
B1-000549#2,2
B1-000549#3,1
B1-000549#4,2
B1-000549#5,2
B1-000549#6,2
B1-000549#7,2
B1-000549#8,2
B1-000549#9,2
B1-000550#0,2
B1-000550#1,0
B1-000550#10,2
B1-000550#11,2
B1-000550#12,2
B1-000550#13,2
B1-000550#14,2
B1-000550#15,2
B1-000550#16,2
B1-000550#2,2
B1-000550#3,2
B1-000550#4,2
B1-000550#5,2
B1-000550#6,2
B1-000550#7,2
B1-000550#8,2
B1-000550#9,2
B1-000551#0,2
B1-000551#1,2
B1-000551#2,2
B1-000551#3,2
B1-000551#4,2
B1-000551#5,2
B1-000551#6,2
B1-000551#7,2
B1-000551#8,2
B1-000551#9,2
B1-000552#0,2
B1-000552#1,2
B1-000552#10,2
B1-000552#11,2
B1-000552#2,2
B1-000552#3,2
B1-000552#4,2
B1-000552#5,2
B1-000552#6,2
B1-000552#7,2
B1-000552#8,2
B1-000552#9,2
B1-000553#0,1
B1-000553#1,2
B1-000553#2,2
B1-000553#3,2
B1-000553#5,2
B1-000553#6,2
B1-000553#7,2
B1-000554#0,2
B1-000554#1,2
B1-000554#10,2
B1-000554#11,2
B1-000554#12,2
B1-000554#13,2
B1-000554#14,2
B1-000554#2,2
B1-000554#3,2
B1-000554#4,2
B1-000554#5,2
B1-000554#6,2
B1-000554#7,2
B1-000554#8,2
B1-000554#9,2
B1-000555#0,2
B1-000555#1,2
B1-000555#10,2
B1-000555#11,2
B1-000555#12,2
B1-000555#13,2
B1-000555#14,2
B1-000555#15,2
B1-000555#2,2
B1-000555#3,2
B1-000555#4,2
B1-000555#5,2
B1-000555#6,2
B1-000555#7,2
B1-000555#8,2
B1-000555#9,2
B1-000556#0,2
B1-000556#1,2
B1-000556#10,2
B1-000556#11,2
B1-000556#12,2
B1-000556#13,2
B1-000556#14,2
B1-000556#2,2
B1-000556#3,2
B1-000556#4,2
B1-000556#5,2
B1-000556#6,2
B1-000556#7,2
B1-000556#8,2
B1-000556#9,2
B1-000557#0,2
B1-000557#1,2
B1-000557#10,2
B1-000557#11,2
B1-000557#2,2
B1-000557#3,2
B1-000557#4,2
B1-000557#5,2
B1-000557#6,2
B1-000557#7,2
B1-000557#8,2
B1-000557#9,2
B1-000558#0,2
B1-000558#1,2
B1-000558#10,2
B1-000558#2,2
B1-000558#3,2
B1-000558#4,2
B1-000558#5,2
B1-000558#6,2
B1-000558#7,2
B1-000558#8,2
B1-000558#9,2
B1-000559#0,2
B1-000559#1,2
B1-000559#10,2
B1-000559#11,2
B1-000559#12,2
B1-000559#13,2
B1-000559#14,2
B1-000559#2,2
B1-000559#3,2
B1-000559#4,2
B1-000559#5,2
B1-000559#6,2
B1-000559#7,2
B1-000559#8,2
B1-000559#9,2
B1-000560#0,2
B1-000560#1,2
B1-000560#10,2
B1-000560#11,2
B1-000560#12,2
B1-000560#13,2
B1-000560#2,2
B1-000560#3,2
B1-000560#4,2
B1-000560#5,2
B1-000560#6,2
B1-000560#7,2
B1-000560#8,2
B1-000560#9,2
B1-000561#0,2
B1-000561#1,2
B1-000561#10,2
B1-000561#11,2
B1-000561#12,2
B1-000561#13,2
B1-000561#14,2
B1-000561#15,2
B1-000561#2,2
B1-000561#3,2
B1-000561#4,2
B1-000561#5,2
B1-000561#6,2
B1-000561#7,2
B1-000561#8,2
B1-000561#9,2
B1-000562#0,2
B1-000562#1,2
B1-000562#10,2
B1-000562#11,2
B1-000562#2,2
B1-000562#3,2
B1-000562#4,2
B1-000562#5,2
B1-000562#6,2
B1-000562#7,2
B1-000562#8,2
B1-000562#9,2
B1-000563#0,2
B1-000563#1,2
B1-000563#10,2
B1-000563#11,2
B1-000563#2,2
B1-000563#3,2
B1-000563#4,2
B1-000563#5,2
B1-000563#6,2
B1-000563#7,2
B1-000563#8,2
B1-000563#9,2
B1-000564#0,2
B1-000564#1,2
B1-000564#2,2
B1-000564#3,2
B1-000564#4,2
B1-000564#5,2
B1-000564#6,2
B1-000564#7,2
B1-000564#8,2
B1-000565#0,2
B1-000565#1,2
B1-000565#10,2
B1-000565#11,2
B1-000565#2,2
B1-000565#3,2
B1-000565#4,2
B1-000565#5,2
B1-000565#6,2
B1-000565#7,2
B1-000565#8,2
B1-000565#9,2
B1-000566#0,2
B1-000566#1,2
B1-000566#2,2
B1-000566#3,2
B1-000566#4,2
B1-000566#5,2
B1-000566#6,2
B1-000566#7,2
B1-000566#8,2
B1-000566#9,2
B1-000567#0,2
B1-000567#1,2
B1-000567#2,2
B1-000567#3,2
B1-000567#4,2
B1-000567#5,2
B1-000567#6,2
B1-000568#0,2
B1-000568#1,2
B1-000568#10,2
B1-000568#11,2
B1-000568#12,2
B1-000568#13,2
B1-000568#2,2
B1-000568#3,2
B1-000568#4,2
B1-000568#5,2
B1-000568#6,2
B1-000568#7,2
B1-000568#8,2
B1-000568#9,2
B1-000569#0,2
B1-000569#1,2
B1-000569#10,2
B1-000569#11,2
B1-000569#2,2
B1-000569#3,2
B1-000569#4,2
B1-000569#5,2
B1-000569#6,2
B1-000569#7,2
B1-000569#8,2
B1-000569#9,2
B1-000570#0,2
B1-000570#1,2
B1-000570#10,2
B1-000570#11,2
B1-000570#12,2
B1-000570#13,2
B1-000570#14,2
B1-000570#15,2
B1-000570#2,2
B1-000570#3,2
B1-000570#4,2
B1-000570#5,2
B1-000570#6,2
B1-000570#7,2
B1-000570#8,2
B1-000570#9,2
B1-000571#0,2
B1-000571#1,2
B1-000571#10,2
B1-000571#2,2
B1-000571#3,2
B1-000571#4,2
B1-000571#5,2
B1-000571#6,2
B1-000571#7,2
B1-000571#8,2
B1-000571#9,2
B1-000572#0,2
B1-000572#1,2
B1-000572#10,2
B1-000572#2,2
B1-000572#3,2
B1-000572#4,2
B1-000572#5,2
B1-000572#6,2
B1-000572#7,2
B1-000572#8,2
B1-000572#9,2
B1-000573#0,2
B1-000573#1,2
B1-000573#2,2
B1-000573#3,2
B1-000573#4,2
B1-000573#5,2
B1-000573#6,2
B1-000573#7,2
B1-000573#8,2
B1-000573#9,2
B1-000574#0,2
B1-000574#1,2
B1-000574#10,2
B1-000574#11,2
B1-000574#12,2
B1-000574#13,2
B1-000574#14,2
B1-000574#15,2
B1-000574#16,2
B1-000574#2,2
B1-000574#3,2
B1-000574#4,2
B1-000574#5,2
B1-000574#6,2
B1-000574#7,2
B1-000574#8,2
B1-000574#9,2
B1-000575#0,2
B1-000575#1,2
B1-000575#2,2
B1-000575#3,2
B1-000575#4,2
B1-000576#0,2
B1-000576#1,2
B1-000576#10,2
B1-000576#2,2
B1-000576#3,2
B1-000576#4,2
B1-000576#5,2
B1-000576#6,2
B1-000576#7,2
B1-000576#8,2
B1-000576#9,2
B1-000577#0,2
B1-000577#1,2
B1-000577#2,2
B1-000577#3,2
B1-000577#4,2
B1-000577#5,2
B1-000577#6,2
B1-000578#0,2
B1-000578#1,2
B1-000578#10,2
B1-000578#11,2
B1-000578#12,2
B1-000578#13,2
B1-000578#14,2
B1-000578#2,2
B1-000578#3,1
B1-000578#4,2
B1-000578#5,2
B1-000578#6,2
B1-000578#7,2
B1-000578#8,2
B1-000578#9,2
B1-000579#0,2
B1-000579#1,1
B1-000579#10,2
B1-000579#11,2
B1-000579#12,2
B1-000579#13,2
B1-000579#14,2
B1-000579#15,2
B1-000579#16,2
B1-000579#2,2
B1-000579#3,1
B1-000579#4,2
B1-000579#5,2
B1-000579#6,2
B1-000579#7,2
B1-000579#8,2
B1-000579#9,2
B1-000580#0,2
B1-000580#1,2
B1-000580#10,2
B1-000580#2,2
B1-000580#3,2
B1-000580#4,2
B1-000580#5,1
B1-000580#6,2
B1-000580#7,2
B1-000580#8,2
B1-000580#9,2
B1-000581#0,2
B1-000581#1,2
B1-000581#2,2
B1-000581#3,2
B1-000581#4,2
B1-000581#5,2
B1-000581#6,2
B1-000581#7,2
B1-000581#8,2
B1-000582#0,2
B1-000582#1,2
B1-000582#10,2
B1-000582#11,2
B1-000582#12,2
B1-000582#13,2
B1-000582#14,2
B1-000582#2,2
B1-000582#3,2
B1-000582#4,2
B1-000582#5,2
B1-000582#6,2
B1-000582#7,2
B1-000582#8,2
B1-000582#9,2
B1-000583#0,2
B1-000583#1,2
B1-000583#10,2
B1-000583#11,2
B1-000583#2,2
B1-000583#3,2
B1-000583#4,2
B1-000583#5,2
B1-000583#6,2
B1-000583#7,2
B1-000583#8,2
B1-000583#9,2
B1-000584#0,2
B1-000584#1,2
B1-000584#2,2
B1-000584#3,2
B1-000584#4,2
B1-000584#5,2
B1-000584#6,2
B1-000584#7,0
B1-000584#8,2
B1-000585#0,2
B1-000585#1,2
B1-000585#2,2
B1-000585#3,2
B1-000585#4,2
B1-000585#5,2
B1-000585#6,2
B1-000586#0,2
B1-000586#1,2
B1-000586#10,2
B1-000586#11,2
B1-000586#12,2
B1-000586#13,2
B1-000586#14,2
B1-000586#2,2
B1-000586#3,2
B1-000586#4,2
B1-000586#5,2
B1-000586#6,2
B1-000586#7,2
B1-000586#8,2
B1-000586#9,2
B1-000587#0,1
B1-000587#1,2
B1-000587#10,2
B1-000587#11,2
B1-000587#2,2
B1-000587#3,2
B1-000587#4,2
B1-000587#5,2
B1-000587#6,2
B1-000587#7,2
B1-000587#8,2
B1-000587#9,2
B1-000588#0,2
B1-000588#1,2
B1-000588#10,2
B1-000588#11,2
B1-000588#12,2
B1-000588#13,2
B1-000588#14,2
B1-000588#15,2
B1-000588#2,2
B1-000588#3,2
B1-000588#4,2
B1-000588#5,2
B1-000588#6,2
B1-000588#7,2
B1-000588#8,2
B1-000588#9,2
B1-000589#0,2
B1-000589#1,2
B1-000589#10,2
B1-000589#11,2
B1-000589#12,2
B1-000589#13,2
B1-000589#2,2
B1-000589#3,2
B1-000589#4,2
B1-000589#5,2
B1-000589#6,2
B1-000589#7,2
B1-000589#8,2
B1-000589#9,2
B1-000590#0,1
B1-000590#1,2
B1-000590#2,2
B1-000590#3,2
B1-000590#4,2
B1-000590#5,2
B1-000590#6,2
B1-000590#7,2
B1-000590#8,2
B1-000590#9,2
B1-000591#0,2
B1-000591#1,2
B1-000591#10,2
B1-000591#2,2
B1-000591#3,2
B1-000591#4,2
B1-000591#5,2
B1-000591#6,2
B1-000591#7,2
B1-000591#8,2
B1-000591#9,2
B1-000592#0,2
B1-000592#1,2
B1-000592#10,2
B1-000592#11,2
B1-000592#12,2
B1-000592#13,2
B1-000592#2,2
B1-000592#3,2
B1-000592#4,2
B1-000592#5,2
B1-000592#6,2
B1-000592#7,2
B1-000592#8,2
B1-000592#9,2
B1-000593#0,2
B1-000593#1,2
B1-000593#10,2
B1-000593#11,2
B1-000593#12,2
B1-000593#13,2
B1-000593#2,2
B1-000593#3,2
B1-000593#4,1
B1-000593#5,2
B1-000593#6,2
B1-000593#7,2
B1-000593#8,2
B1-000593#9,2
B1-000594#0,2
B1-000594#1,1
B1-000594#2,2
B1-000594#3,2
B1-000594#4,2
B1-000594#5,2
B1-000594#6,2
B1-000594#7,2
B1-000594#8,2
B1-000595#0,2
B1-000595#1,2
B1-000595#10,2
B1-000595#11,2
B1-000595#12,2
B1-000595#13,2
B1-000595#2,2
B1-000595#3,2
B1-000595#4,2
B1-000595#5,2
B1-000595#6,2
B1-000595#7,2
B1-000595#8,2
B1-000595#9,2
B1-000596#0,2
B1-000596#1,2
B1-000596#2,2
B1-000596#3,2
B1-000596#4,2
B1-000597#0,2
B1-000597#1,2
B1-000597#2,2
B1-000597#3,2
B1-000597#4,2
B1-000598#0,2
B1-000598#1,2
B1-000598#2,2
B1-000598#3,2
B1-000598#4,2
B1-000598#5,2
B1-000598#6,2
B1-000598#7,2
B1-000599#0,2
B1-000599#1,2
B1-000599#10,2
B1-000599#2,2
B1-000599#3,2
B1-000599#4,0
B1-000599#5,2
B1-000599#6,2
B1-000599#7,2
B1-000599#8,2
B1-000599#9,2
B1-000600#0,2
B1-000600#1,2
B1-000600#2,2
B1-000600#3,2
B1-000600#4,2
B1-000600#5,2
B1-000600#6,2
B1-000600#7,2
B1-000601#0,2
B1-000601#1,2
B1-000601#10,2
B1-000601#11,2
B1-000601#2,2
B1-000601#3,2
B1-000601#4,2
B1-000601#5,2
B1-000601#6,2
B1-000601#7,2
B1-000601#8,2
B1-000601#9,2
B1-000602#0,2
B1-000602#1,2
B1-000602#2,2
B1-000602#3,2
B1-000602#4,2
B1-000603#0,2
B1-000603#1,2
B1-000603#10,2
B1-000603#11,2
B1-000603#12,2
B1-000603#13,2
B1-000603#14,2
B1-000603#2,2
B1-000603#3,2
B1-000603#4,2
B1-000603#5,2
B1-000603#6,2
B1-000603#7,2
B1-000603#8,2
B1-000603#9,2
B1-000604#0,2
B1-000604#1,2
B1-000604#2,2
B1-000604#3,2
B1-000604#4,2
B1-000604#5,2
B1-000604#6,2
B1-000604#7,2
B1-000604#8,2
B1-000605#0,2
B1-000605#1,2
B1-000605#10,2
B1-000605#11,2
B1-000605#12,2
B1-000605#13,2
B1-000605#14,2
B1-000605#15,2
B1-000605#16,2
B1-000605#2,2
B1-000605#3,2
B1-000605#4,2
B1-000605#5,2
B1-000605#6,2
B1-000605#7,2
B1-000605#8,2
B1-000605#9,2
B1-000606#0,2
B1-000606#1,2
B1-000606#10,2
B1-000606#11,2
B1-000606#12,2
B1-000606#13,2
B1-000606#14,2
B1-000606#2,2
B1-000606#3,2
B1-000606#4,2
B1-000606#5,2
B1-000606#6,2
B1-000606#7,2
B1-000606#8,2
B1-000606#9,2
B1-000607#0,2
B1-000607#1,2
B1-000607#10,2
B1-000607#2,2
B1-000607#3,2
B1-000607#4,2
B1-000607#5,2
B1-000607#6,2
B1-000607#7,2
B1-000607#8,2
B1-000607#9,2
B1-000608#0,2
B1-000608#1,2
B1-000608#10,2
B1-000608#11,1
B1-000608#12,2
B1-000608#13,2
B1-000608#2,2
B1-000608#3,2
B1-000608#4,2
B1-000608#5,2
B1-000608#6,2
B1-000608#7,2
B1-000608#8,2
B1-000608#9,2
B1-000609#0,2
B1-000609#1,2
B1-000609#2,2
B1-000609#3,2
B1-000609#4,2
B1-000609#5,2
B1-000609#6,0
B1-000610#0,2
B1-000610#1,2
B1-000610#10,2
B1-000610#11,2
B1-000610#2,2
B1-000610#3,2
B1-000610#4,2
B1-000610#5,2
B1-000610#6,2
B1-000610#7,2
B1-000610#8,2
B1-000610#9,2
B1-000611#0,2
B1-000611#1,2
B1-000611#10,2
B1-000611#11,2
B1-000611#12,2
B1-000611#13,2
B1-000611#14,2
B1-000611#15,2
B1-000611#2,2
B1-000611#3,2
B1-000611#4,2
B1-000611#5,2
B1-000611#6,2
B1-000611#7,2
B1-000611#8,2
B1-000611#9,2
B1-000612#0,2
B1-000612#1,2
B1-000612#10,2
B1-000612#11,2
B1-000612#12,2
B1-000612#13,2
B1-000612#14,2
B1-000612#2,2
B1-000612#3,2
B1-000612#4,2
B1-000612#5,2
B1-000612#6,2
B1-000612#7,2
B1-000612#8,2
B1-000612#9,2
B1-000613#0,2
B1-000613#1,2
B1-000613#10,2
B1-000613#11,2
B1-000613#12,2
B1-000613#2,2
B1-000613#3,2
B1-000613#4,2
B1-000613#5,2
B1-000613#6,2
B1-000613#7,2
B1-000613#8,2
B1-000613#9,2
B1-000614#0,2
B1-000614#1,2
B1-000614#2,2
B1-000614#3,2
B1-000614#4,2
B1-000614#5,2
B1-000614#6,2
B1-000614#7,2
B1-000614#8,2
B1-000614#9,2
B1-000615#0,2
B1-000615#1,2
B1-000615#10,2
B1-000615#11,2
B1-000615#12,2
B1-000615#13,2
B1-000615#2,2
B1-000615#3,2
B1-000615#4,2
B1-000615#5,2
B1-000615#6,2
B1-000615#7,2
B1-000615#8,2
B1-000615#9,2
B1-000616#0,2
B1-000616#1,2
B1-000616#2,2
B1-000616#3,2
B1-000616#4,2
B1-000617#0,2
B1-000617#1,2
B1-000617#2,2
B1-000617#3,2
B1-000617#4,2
B1-000617#5,2
B1-000617#6,2
B1-000617#7,2
B1-000617#8,2
B1-000618#0,2
B1-000618#1,2
B1-000618#2,1
B1-000618#3,2
B1-000618#4,2
B1-000618#5,2
B1-000618#6,2
B1-000618#7,2
B1-000619#0,2
B1-000619#1,2
B1-000619#2,2
B1-000619#3,2
B1-000619#4,2
B1-000620#0,2
B1-000620#1,2
B1-000620#10,2
B1-000620#11,2
B1-000620#12,2
B1-000620#13,2
B1-000620#14,0
B1-000620#15,2
B1-000620#2,2
B1-000620#3,2
B1-000620#4,2
B1-000620#5,2
B1-000620#6,2
B1-000620#7,2
B1-000620#8,2
B1-000620#9,2
B1-000621#0,2
B1-000621#1,2
B1-000621#10,2
B1-000621#11,2
B1-000621#12,2
B1-000621#13,2
B1-000621#14,2
B1-000621#2,2
B1-000621#3,2
B1-000621#4,2
B1-000621#5,2
B1-000621#6,2
B1-000621#7,2
B1-000621#8,2
B1-000621#9,2
B1-000622#0,2
B1-000622#1,2
B1-000622#10,2
B1-000622#2,2
B1-000622#3,2
B1-000622#4,2
B1-000622#5,2
B1-000622#6,2
B1-000622#7,2
B1-000622#8,2
B1-000622#9,2
B1-000623#0,2
B1-000623#1,2
B1-000623#10,2
B1-000623#11,2
B1-000623#12,2
B1-000623#13,2
B1-000623#14,2
B1-000623#2,2
B1-000623#3,2
B1-000623#4,2
B1-000623#5,2
B1-000623#6,2
B1-000623#7,2
B1-000623#8,2
B1-000623#9,2
B1-000624#0,2
B1-000624#1,2
B1-000624#2,2
B1-000624#3,2
B1-000624#4,2
B1-000624#5,2
B1-000624#7,2
B1-000625#0,2
B1-000625#1,2
B1-000625#2,2
B1-000625#3,2
B1-000625#4,2
B1-000625#5,2
B1-000625#6,2
B1-000625#7,2
B1-000625#8,2
B1-000626#0,2
B1-000626#1,2
B1-000626#2,2
B1-000626#3,1
B1-000626#4,2
B1-000626#5,2
B1-000627#0,2
B1-000627#1,2
B1-000627#10,2
B1-000627#11,2
B1-000627#12,2
B1-000627#13,2
B1-000627#2,2
B1-000627#3,1
B1-000627#4,2
B1-000627#5,2
B1-000627#6,2
B1-000627#7,2
B1-000627#8,2
B1-000627#9,2
B1-000628#0,2
B1-000628#1,2
B1-000628#10,2
B1-000628#11,2
B1-000628#12,2
B1-000628#13,2
B1-000628#14,2
B1-000628#2,2
B1-000628#3,2
B1-000628#4,2
B1-000628#5,2
B1-000628#6,2
B1-000628#7,2
B1-000628#8,2
B1-000628#9,2
B1-000629#0,2
B1-000629#1,2
B1-000629#10,2
B1-000629#11,2
B1-000629#12,2
B1-000629#2,2
B1-000629#3,2
B1-000629#4,2
B1-000629#5,2
B1-000629#6,2
B1-000629#7,2
B1-000629#8,2
B1-000629#9,2
B1-000630#0,2
B1-000630#1,2
B1-000630#10,2
B1-000630#11,2
B1-000630#12,2
B1-000630#13,2
B1-000630#14,2
B1-000630#2,2
B1-000630#3,2
B1-000630#4,2
B1-000630#5,2
B1-000630#6,2
B1-000630#7,2
B1-000630#8,2
B1-000630#9,2
B1-000631#0,2
B1-000631#1,2
B1-000631#2,2
B1-000631#3,2
B1-000631#4,2
B1-000631#5,2
B1-000631#6,2
B1-000631#7,2
B1-000631#8,2
B1-000631#9,2
B1-000632#0,2
B1-000632#1,2
B1-000632#10,2
B1-000632#11,2
B1-000632#12,2
B1-000632#13,2
B1-000632#14,2
B1-000632#2,2
B1-000632#3,2
B1-000632#4,2
B1-000632#5,2
B1-000632#6,2
B1-000632#7,2
B1-000632#8,2
B1-000632#9,2
B1-000633#0,2
B1-000633#1,2
B1-000633#2,2
B1-000633#3,2
B1-000633#4,2
B1-000633#5,2
B1-000633#6,2
B1-000633#7,2
B1-000633#8,2
B1-000633#9,2
B1-000634#0,2
B1-000634#1,2
B1-000634#10,2
B1-000634#11,2
B1-000634#12,2
B1-000634#2,2
B1-000634#3,2
B1-000634#4,2
B1-000634#5,2
B1-000634#6,2
B1-000634#7,2
B1-000634#8,2
B1-000634#9,2
B1-000635#0,2
B1-000635#1,2
B1-000635#2,2
B1-000635#3,2
B1-000635#4,2
B1-000635#5,2
B1-000636#0,2
B1-000636#1,2
B1-000636#10,2
B1-000636#2,2
B1-000636#3,2
B1-000636#4,2
B1-000636#5,2
B1-000636#6,2
B1-000636#7,2
B1-000636#8,2
B1-000636#9,2
B1-000637#0,2
B1-000637#1,2
B1-000637#2,2
B1-000637#3,2
B1-000637#4,2
B1-000637#5,2
B1-000637#6,2
B1-000637#7,2
B1-000638#0,2
B1-000638#1,2
B1-000638#10,2
B1-000638#11,2
B1-000638#12,2
B1-000638#13,2
B1-000638#2,2
B1-000638#3,2
B1-000638#4,2
B1-000638#5,2
B1-000638#6,2
B1-000638#7,2
B1-000638#8,2
B1-000638#9,2
B1-000639#0,2
B1-000639#1,2
B1-000639#10,2
B1-000639#11,2
B1-000639#12,2
B1-000639#2,2
B1-000639#3,2
B1-000639#4,2
B1-000639#5,2
B1-000639#6,2
B1-000639#7,2
B1-000639#8,2
B1-000639#9,2
B1-000640#0,2
B1-000640#1,2
B1-000640#2,2
B1-000640#3,2
B1-000640#4,2
B1-000640#5,2
B1-000640#6,2
B1-000641#0,2
B1-000641#1,2
B1-000641#10,2
B1-000641#11,2
B1-000641#12,2
B1-000641#13,2
B1-000641#14,2
B1-000641#15,2
B1-000641#16,2
B1-000641#2,2
B1-000641#3,2
B1-000641#4,2
B1-000641#5,2
B1-000641#6,2
B1-000641#7,2
B1-000641#8,2
B1-000641#9,2
B1-000642#0,2
B1-000642#1,2
B1-000642#10,2
B1-000642#11,2
B1-000642#12,2
B1-000642#13,2
B1-000642#14,2
B1-000642#15,1
B1-000642#16,2
B1-000642#2,2
B1-000642#3,2
B1-000642#4,2
B1-000642#5,2
B1-000642#6,2
B1-000642#7,2
B1-000642#8,2
B1-000642#9,2
B1-000643#0,2
B1-000643#1,2
B1-000643#10,2
B1-000643#11,2
B1-000643#12,2
B1-000643#2,2
B1-000643#3,2
B1-000643#4,2
B1-000643#5,2
B1-000643#6,2
B1-000643#7,2
B1-000643#8,2
B1-000643#9,2
B1-000644#0,2
B1-000644#1,2
B1-000644#2,2
B1-000644#3,2
B1-000644#4,2
B1-000644#5,2
B1-000644#6,2
B1-000645#0,2
B1-000645#1,2
B1-000645#10,2
B1-000645#2,2
B1-000645#3,2
B1-000645#4,2
B1-000645#5,2
B1-000645#6,2
B1-000645#7,2
B1-000645#8,2
B1-000645#9,2
B1-000646#0,2
B1-000646#1,2
B1-000646#2,2
B1-000646#3,2
B1-000646#4,2
B1-000647#0,2
B1-000647#1,2
B1-000647#10,2
B1-000647#11,2
B1-000647#12,2
B1-000647#13,2
B1-000647#14,2
B1-000647#15,2
B1-000647#16,2
B1-000647#2,2
B1-000647#3,2
B1-000647#4,2
B1-000647#5,2
B1-000647#6,2
B1-000647#7,2
B1-000647#8,2
B1-000647#9,2
B1-000648#0,2
B1-000648#1,2
B1-000648#10,2
B1-000648#11,2
B1-000648#2,2
B1-000648#3,2
B1-000648#4,2
B1-000648#5,2
B1-000648#6,2
B1-000648#7,2
B1-000648#8,2
B1-000648#9,2
B1-000649#0,1
B1-000649#1,2
B1-000649#2,2
B1-000649#3,2
B1-000649#4,2
B1-000649#5,2
B1-000650#0,2
B1-000650#1,2
B1-000650#10,2
B1-000650#11,2
B1-000650#12,2
B1-000650#13,2
B1-000650#2,2
B1-000650#3,2
B1-000650#4,2
B1-000650#5,2
B1-000650#6,2
B1-000650#7,2
B1-000650#8,1
B1-000650#9,2
B1-000651#0,2
B1-000651#1,2
B1-000651#10,2
B1-000651#11,2
B1-000651#12,2
B1-000651#13,2
B1-000651#14,2
B1-000651#2,2
B1-000651#3,2
B1-000651#4,2
B1-000651#5,2
B1-000651#6,2
B1-000651#7,2
B1-000651#8,2
B1-000651#9,2
B1-000652#0,2
B1-000652#1,2
B1-000652#2,2
B1-000652#3,2
B1-000652#4,2
B1-000652#5,2
B1-000652#6,2
B1-000652#7,2
B1-000652#8,2
B1-000653#0,2
B1-000653#1,2
B1-000653#2,2
B1-000653#3,2
B1-000653#4,2
B1-000653#5,2
B1-000653#6,2
B1-000653#7,2
B1-000653#8,2
B1-000653#9,2
B1-000654#0,1
B1-000654#1,2
B1-000654#2,2
B1-000654#3,2
B1-000654#4,2
B1-000655#0,2
B1-000655#1,2
B1-000655#2,2
B1-000655#3,2
B1-000655#4,2
B1-000655#5,2
B1-000655#6,2
B1-000656#0,2
B1-000656#1,2
B1-000656#2,2
B1-000656#3,2
B1-000656#4,2
B1-000656#5,2
B1-000656#6,2
B1-000656#7,2
B1-000656#8,1
B1-000656#9,2
B1-000657#0,2
B1-000657#1,2
B1-000657#2,2
B1-000657#3,2
B1-000657#4,2
B1-000657#5,1
B1-000657#6,2
B1-000657#7,2
B1-000657#8,2
B1-000657#9,2
B1-000658#0,2
B1-000658#1,2
B1-000658#10,2
B1-000658#2,2
B1-000658#3,2
B1-000658#4,2
B1-000658#5,2
B1-000658#6,2
B1-000658#7,2
B1-000658#8,2
B1-000658#9,2
B1-000659#0,2
B1-000659#1,2
B1-000659#10,2
B1-000659#2,2
B1-000659#3,2
B1-000659#4,2
B1-000659#5,2
B1-000659#6,2
B1-000659#7,2
B1-000659#8,2
B1-000659#9,2
B1-000660#0,2
B1-000660#1,2
B1-000660#10,2
B1-000660#11,2
B1-000660#12,2
B1-000660#2,2
B1-000660#3,2
B1-000660#4,2
B1-000660#5,2
B1-000660#6,2
B1-000660#7,2
B1-000660#8,2
B1-000660#9,2
B1-000661#0,2
B1-000661#1,2
B1-000661#10,2
B1-000661#2,2
B1-000661#3,2
B1-000661#4,2
B1-000661#5,2
B1-000661#6,2
B1-000661#7,2
B1-000661#8,2
B1-000661#9,2
B1-000662#0,2
B1-000662#1,2
B1-000662#2,2
B1-000662#3,2
B1-000662#4,2
B1-000662#5,2
B1-000662#6,2
B1-000662#7,2
B1-000662#8,2
B1-000663#0,2
B1-000663#1,2
B1-000663#2,2
B1-000663#3,2
B1-000663#4,2
B1-000663#5,2
B1-000663#6,2
B1-000663#7,2
B1-000663#8,2
B1-000664#0,0
B1-000664#1,2
B1-000664#10,2
B1-000664#2,2
B1-000664#3,2
B1-000664#4,2
B1-000664#5,2
B1-000664#6,2
B1-000664#7,0
B1-000664#8,2
B1-000664#9,2
B1-000665#0,2
B1-000665#1,2
B1-000665#2,2
B1-000665#3,2
B1-000665#4,2
B1-000665#5,2
B1-000666#0,2
B1-000666#1,2
B1-000666#10,2
B1-000666#11,2
B1-000666#12,2
B1-000666#13,2
B1-000666#14,2
B1-000666#15,2
B1-000666#2,2
B1-000666#3,2
B1-000666#4,2
B1-000666#5,2
B1-000666#6,2
B1-000666#7,2
B1-000666#8,2
B1-000666#9,2
B1-000667#0,2
B1-000667#1,2
B1-000667#10,2
B1-000667#11,2
B1-000667#12,2
B1-000667#13,2
B1-000667#2,1
B1-000667#3,2
B1-000667#4,2
B1-000667#5,2
B1-000667#6,2
B1-000667#7,2
B1-000667#8,2
B1-000667#9,2
B1-000668#0,2
B1-000668#1,2
B1-000668#10,2
B1-000668#11,2
B1-000668#12,2
B1-000668#13,2
B1-000668#14,2
B1-000668#15,2
B1-000668#16,2
B1-000668#2,2
B1-000668#3,2
B1-000668#4,2
B1-000668#5,2
B1-000668#6,2
B1-000668#7,2
B1-000668#8,2
B1-000668#9,2
B1-000669#0,2
B1-000669#1,2
B1-000669#10,2
B1-000669#11,2
B1-000669#2,2
B1-000669#3,1
B1-000669#4,2
B1-000669#5,2
B1-000669#6,2
B1-000669#7,2
B1-000669#8,2
B1-000669#9,2
B1-000670#0,2
B1-000670#1,2
B1-000670#2,2
B1-000670#3,2
B1-000670#4,2
B1-000670#5,2
B1-000670#6,2
B1-000670#7,2
B1-000670#8,2
B1-000670#9,2
B1-000671#0,2
B1-000671#1,2
B1-000671#2,2
B1-000671#3,2
B1-000671#4,2
B1-000671#5,2
B1-000671#6,2
B1-000672#0,2
B1-000672#1,2
B1-000672#2,2
B1-000672#3,2
B1-000672#4,2
B1-000672#5,2
B1-000672#6,2
B1-000672#7,2
B1-000672#8,2
B1-000672#9,2
B1-000673#0,2
B1-000673#1,2
B1-000673#10,2
B1-000673#11,2
B1-000673#2,2
B1-000673#3,2
B1-000673#4,2
B1-000673#5,2
B1-000673#6,2
B1-000673#7,2
B1-000673#8,2
B1-000673#9,2
B1-000674#0,2
B1-000674#1,2
B1-000674#10,2
B1-000674#11,2
B1-000674#12,1
B1-000674#13,2
B1-000674#14,2
B1-000674#2,2
B1-000674#3,2
B1-000674#4,2
B1-000674#5,2
B1-000674#6,2
B1-000674#7,2
B1-000674#8,2
B1-000674#9,2
B1-000675#0,2
B1-000675#1,2
B1-000675#2,2
B1-000675#3,2
B1-000675#4,2
B1-000675#5,2
B1-000675#6,2
B1-000675#7,2
B1-000675#8,2
B1-000675#9,2
B1-000676#0,2
B1-000676#1,2
B1-000676#10,2
B1-000676#11,2
B1-000676#12,2
B1-000676#13,2
B1-000676#2,2
B1-000676#3,2
B1-000676#4,2
B1-000676#5,2
B1-000676#6,2
B1-000676#7,2
B1-000676#8,2
B1-000676#9,2
B1-000677#0,2
B1-000677#1,2
B1-000677#2,2
B1-000677#3,2
B1-000677#4,2
B1-000677#5,2
B1-000678#0,2
B1-000678#1,2
B1-000678#2,2
B1-000678#3,2
B1-000678#4,2
B1-000678#5,0
B1-000678#6,2
B1-000678#7,2
B1-000678#8,2
B1-000678#9,2
B1-000679#0,2
B1-000679#1,2
B1-000679#2,2
B1-000679#3,2
B1-000679#4,1
B1-000679#5,2
B1-000680#0,2
B1-000680#1,2
B1-000680#2,2
B1-000680#3,2
B1-000680#4,2
B1-000680#5,2
B1-000680#6,2
B1-000680#7,2
B1-000681#0,2
B1-000681#1,2
B1-000681#10,2
B1-000681#11,2
B1-000681#12,2
B1-000681#13,2
B1-000681#14,2
B1-000681#15,2
B1-000681#2,2
B1-000681#3,2
B1-000681#4,2
B1-000681#5,2
B1-000681#6,2
B1-000681#7,0
B1-000681#8,2
B1-000681#9,2
B1-000682#0,2
B1-000682#1,2
B1-000682#2,2
B1-000682#3,1
B1-000682#4,2
B1-000682#5,2
B1-000682#6,2
B1-000682#7,2
B1-000682#8,2
B1-000682#9,2
B1-000683#0,2
B1-000683#1,2
B1-000683#10,2
B1-000683#11,2
B1-000683#12,2
B1-000683#13,2
B1-000683#14,2
B1-000683#2,2
B1-000683#3,2
B1-000683#4,2
B1-000683#5,2
B1-000683#6,2
B1-000683#7,2
B1-000683#8,2
B1-000683#9,2
B1-000684#0,2
B1-000684#1,2
B1-000684#2,2
B1-000684#3,2
B1-000684#4,2
B1-000684#5,2
B1-000684#6,2
B1-000684#7,2
B1-000684#8,2
B1-000685#0,2
B1-000685#1,2
B1-000685#10,2
B1-000685#11,0
B1-000685#12,2
B1-000685#2,2
B1-000685#3,2
B1-000685#4,2
B1-000685#5,2
B1-000685#6,2
B1-000685#7,2
B1-000685#8,2
B1-000685#9,2
B1-000686#0,2
B1-000686#1,2
B1-000686#10,2
B1-000686#11,2
B1-000686#12,2
B1-000686#2,2
B1-000686#3,2
B1-000686#4,2
B1-000686#5,2
B1-000686#6,2
B1-000686#7,2
B1-000686#8,2
B1-000686#9,2
B1-000687#0,2
B1-000687#1,2
B1-000687#10,2
B1-000687#11,2
B1-000687#12,2
B1-000687#13,2
B1-000687#14,2
B1-000687#15,2
B1-000687#2,2
B1-000687#3,2
B1-000687#4,2
B1-000687#5,2
B1-000687#6,2
B1-000687#7,2
B1-000687#8,2
B1-000687#9,2
B1-000688#0,2
B1-000688#1,2
B1-000688#2,2
B1-000688#3,2
B1-000688#4,2
B1-000688#5,2
B1-000688#6,2
B1-000688#7,2
B1-000688#8,2
B1-000688#9,2
B1-000689#0,2
B1-000689#1,2
B1-000689#10,2
B1-000689#11,2
B1-000689#12,1
B1-000689#13,2
B1-000689#14,2
B1-000689#2,2
B1-000689#3,2
B1-000689#4,2
B1-000689#5,2
B1-000689#6,2
B1-000689#7,2
B1-000689#8,1
B1-000689#9,2
B1-000690#0,2
B1-000690#1,2
B1-000690#10,2
B1-000690#11,2
B1-000690#12,2
B1-000690#13,2
B1-000690#14,2
B1-000690#2,2
B1-000690#3,2
B1-000690#4,2
B1-000690#5,2
B1-000690#6,2
B1-000690#7,2
B1-000690#8,2
B1-000690#9,2
B1-000691#0,2
B1-000691#1,2
B1-000691#2,2
B1-000691#3,2
B1-000691#4,2
B1-000691#5,2
B1-000692#0,2
B1-000692#1,2
B1-000692#2,2
B1-000692#3,2
B1-000692#4,2
B1-000692#5,2
B1-000692#6,2
B1-000692#7,2
B1-000692#8,2
B1-000692#9,2
B1-000693#0,2
B1-000693#1,2
B1-000693#2,2
B1-000693#3,2
B1-000693#4,2
B1-000693#5,2
B1-000694#0,2
B1-000694#1,2
B1-000694#10,2
B1-000694#11,2
B1-000694#2,1
B1-000694#3,2
B1-000694#4,2
B1-000694#5,2
B1-000694#6,2
B1-000694#7,2
B1-000694#8,2
B1-000694#9,2
B1-000695#0,1
B1-000695#1,2
B1-000695#2,2
B1-000695#3,2
B1-000695#4,2
B1-000695#5,2
B1-000695#6,2
B1-000695#7,2
B1-000695#8,2
B1-000696#0,2
B1-000696#1,2
B1-000696#10,2
B1-000696#11,2
B1-000696#12,2
B1-000696#13,2
B1-000696#14,2
B1-000696#15,2
B1-000696#2,2
B1-000696#3,2
B1-000696#4,2
B1-000696#5,2
B1-000696#6,2
B1-000696#7,2
B1-000696#8,2
B1-000696#9,2
B1-000697#0,2
B1-000697#1,2
B1-000697#2,2
B1-000697#3,2
B1-000697#4,2
B1-000697#5,2
B1-000697#6,2
B1-000697#7,2
B1-000697#8,2
B1-000697#9,2
B1-000698#0,2
B1-000698#1,2
B1-000698#10,2
B1-000698#11,2
B1-000698#12,2
B1-000698#13,2
B1-000698#2,2
B1-000698#3,2
B1-000698#4,2
B1-000698#5,2
B1-000698#6,2
B1-000698#7,2
B1-000698#8,2
B1-000698#9,2
B1-000699#0,2
B1-000699#1,1
B1-000699#10,2
B1-000699#11,2
B1-000699#12,2
B1-000699#13,2
B1-000699#14,2
B1-000699#15,2
B1-000699#16,2
B1-000699#2,2
B1-000699#3,2
B1-000699#4,2
B1-000699#5,2
B1-000699#6,2
B1-000699#7,2
B1-000699#8,2
B1-000699#9,2
B1-000700#0,2
B1-000700#1,2
B1-000700#10,2
B1-000700#11,2
B1-000700#12,2
B1-000700#13,2
B1-000700#14,1
B1-000700#15,2
B1-000700#16,2
B1-000700#2,2
B1-000700#3,2
B1-000700#4,2
B1-000700#5,2
B1-000700#6,2
B1-000700#7,2
B1-000700#8,2
B1-000700#9,2
B1-000701#0,2
B1-000701#1,2
B1-000701#2,2
B1-000701#3,2
B1-000701#4,2
B1-000701#5,2
B1-000701#6,2
B1-000701#7,2
B1-000701#8,2
B1-000701#9,2
B1-000702#0,2
B1-000702#1,2
B1-000702#10,2
B1-000702#2,2
B1-000702#3,2
B1-000702#4,2
B1-000702#5,2
B1-000702#6,2
B1-000702#7,2
B1-000702#8,2
B1-000702#9,2
B1-000703#0,2
B1-000703#1,2
B1-000703#2,2
B1-000703#3,2
B1-000703#4,2
B1-000703#5,2
B1-000703#6,2
B1-000703#7,2
B1-000703#8,2
B1-000703#9,2
B1-000704#0,2
B1-000704#1,2
B1-000704#2,2
B1-000704#3,2
B1-000704#4,2
B1-000705#0,2
B1-000705#1,2
B1-000705#2,2
B1-000705#3,2
B1-000705#4,2
B1-000705#5,2
B1-000705#6,2
B1-000706#0,2
B1-000706#1,2
B1-000706#10,2
B1-000706#11,2
B1-000706#2,2
B1-000706#3,2
B1-000706#4,2
B1-000706#5,2
B1-000706#6,2
B1-000706#7,2
B1-000706#8,2
B1-000706#9,2
B1-000707#0,2
B1-000707#1,2
B1-000707#10,2
B1-000707#11,2
B1-000707#2,2
B1-000707#3,2
B1-000707#4,2
B1-000707#5,2
B1-000707#6,2
B1-000707#7,2
B1-000707#8,2
B1-000707#9,2
B1-000708#0,2
B1-000708#1,2
B1-000708#10,2
B1-000708#11,2
B1-000708#12,2
B1-000708#2,2
B1-000708#3,2
B1-000708#4,2
B1-000708#5,2
B1-000708#6,2
B1-000708#7,2
B1-000708#8,2
B1-000708#9,2
B1-000709#0,2
B1-000709#1,2
B1-000709#2,2
B1-000709#3,2
B1-000709#4,2
B1-000709#5,2
B1-000709#6,2
B1-000709#7,2
B1-000709#8,2
B1-000709#9,2
B1-000710#0,2
B1-000710#1,2
B1-000710#2,2
B1-000710#3,2
B1-000710#4,2
B1-000711#0,2
B1-000711#1,2
B1-000711#10,1
B1-000711#11,2
B1-000711#12,2
B1-000711#13,2
B1-000711#2,2
B1-000711#3,2
B1-000711#4,2
B1-000711#5,2
B1-000711#6,2
B1-000711#7,2
B1-000711#8,2
B1-000711#9,2
B1-000712#0,2
B1-000712#1,2
B1-000712#2,2
B1-000712#3,2
B1-000712#4,2
B1-000712#5,2
B1-000712#6,2
B1-000712#7,2
B1-000712#8,2
B1-000713#0,2
B1-000713#1,2
B1-000713#10,2
B1-000713#11,2
B1-000713#12,2
B1-000713#13,2
B1-000713#14,2
B1-000713#2,2
B1-000713#3,2
B1-000713#4,2
B1-000713#5,2
B1-000713#6,2
B1-000713#7,2
B1-000713#8,2
B1-000713#9,2
B1-000714#0,2
B1-000714#1,2
B1-000714#10,2
B1-000714#11,2
B1-000714#12,2
B1-000714#13,2
B1-000714#2,2
B1-000714#3,2
B1-000714#4,2
B1-000714#5,2
B1-000714#6,2
B1-000714#7,2
B1-000714#8,2
B1-000714#9,2
B1-000715#0,2
B1-000715#1,2
B1-000715#2,2
B1-000715#3,0
B1-000715#4,2
B1-000715#5,2
B1-000715#6,2
B1-000715#7,2
B1-000715#8,2
B1-000716#0,2
B1-000716#1,2
B1-000716#2,2
B1-000716#3,2
B1-000716#4,2
B1-000716#5,2
B1-000716#6,2
B1-000716#7,2
B1-000716#8,2
B1-000717#0,2
B1-000717#1,2
B1-000717#2,2
B1-000717#3,2
B1-000717#4,2
B1-000718#0,2
B1-000718#1,2
B1-000718#2,2
B1-000718#3,2
B1-000718#4,2
B1-000718#5,2
B1-000718#6,2
B1-000718#7,2
B1-000718#8,2
B1-000718#9,2
B1-000719#0,2
B1-000719#1,2
B1-000719#10,2
B1-000719#11,2
B1-000719#12,2
B1-000719#2,2
B1-000719#3,2
B1-000719#4,2
B1-000719#5,2
B1-000719#6,2
B1-000719#7,2
B1-000719#8,2
B1-000719#9,2
B1-000720#0,2
B1-000720#1,2
B1-000720#2,2
B1-000720#3,2
B1-000720#4,2
B1-000721#0,2
B1-000721#1,2
B1-000721#10,2
B1-000721#11,2
B1-000721#12,2
B1-000721#2,2
B1-000721#3,2
B1-000721#4,2
B1-000721#5,2
B1-000721#6,2
B1-000721#7,2
B1-000721#8,2
B1-000721#9,2
B1-000722#0,2
B1-000722#1,2
B1-000722#2,2
B1-000722#3,2
B1-000722#4,2
B1-000722#5,2
B1-000722#6,2
B1-000722#7,2
B1-000722#8,2
B1-000723#0,2
B1-000723#1,2
B1-000723#2,2
B1-000723#3,2
B1-000723#4,2
B1-000724#0,2
B1-000724#1,2
B1-000724#2,2
B1-000724#3,2
B1-000724#4,2
B1-000724#5,2
B1-000724#6,2
B1-000724#7,2
B1-000724#8,2
B1-000725#0,2
B1-000725#1,2
B1-000725#10,2
B1-000725#11,2
B1-000725#12,2
B1-000725#13,2
B1-000725#14,2
B1-000725#2,2
B1-000725#3,2
B1-000725#4,2
B1-000725#5,2
B1-000725#6,2
B1-000725#7,2
B1-000725#8,2
B1-000725#9,2
B1-000726#0,2
B1-000726#1,2
B1-000726#10,2
B1-000726#11,2
B1-000726#12,2
B1-000726#13,2
B1-000726#14,2
B1-000726#15,2
B1-000726#16,2
B1-000726#17,2
B1-000726#2,2
B1-000726#3,2
B1-000726#4,2
B1-000726#5,2
B1-000726#6,2
B1-000726#7,2
B1-000726#8,2
B1-000726#9,2
B1-000727#0,2
B1-000727#1,2
B1-000727#10,2
B1-000727#11,2
B1-000727#2,2
B1-000727#3,2
B1-000727#4,2
B1-000727#5,2
B1-000727#6,2
B1-000727#7,2
B1-000727#8,2
B1-000727#9,2
B1-000728#0,2
B1-000728#1,2
B1-000728#2,2
B1-000728#3,2
B1-000728#4,2
B1-000728#5,2
B1-000728#6,2
B1-000729#0,2
B1-000729#1,2
B1-000729#10,2
B1-000729#11,2
B1-000729#12,2
B1-000729#2,2
B1-000729#3,2
B1-000729#4,2
B1-000729#5,2
B1-000729#6,2
B1-000729#7,2
B1-000729#8,2
B1-000729#9,2
B1-000730#0,2
B1-000730#1,2
B1-000730#2,2
B1-000730#3,2
B1-000730#4,2
B1-000730#5,2
B1-000730#6,2
B1-000730#7,2
B1-000730#8,2
B1-000730#9,2
B1-000731#0,2
B1-000731#1,2
B1-000731#10,2
B1-000731#11,2
B1-000731#12,2
B1-000731#2,2
B1-000731#3,2
B1-000731#4,2
B1-000731#5,2
B1-000731#6,2
B1-000731#7,2
B1-000731#8,2
B1-000731#9,2
B1-000732#0,2
B1-000732#1,2
B1-000732#10,2
B1-000732#2,2
B1-000732#3,2
B1-000732#4,2
B1-000732#5,2
B1-000732#6,2
B1-000732#7,2
B1-000732#8,2
B1-000732#9,2
B1-000733#0,2
B1-000733#1,2
B1-000733#2,2
B1-000733#3,2
B1-000733#4,2
B1-000733#5,2
B1-000733#6,2
B1-000733#7,2
B1-000733#8,2
B1-000733#9,2
B1-000734#0,2
B1-000734#1,2
B1-000734#2,2
B1-000734#3,2
B1-000734#4,2
B1-000734#5,2
B1-000734#6,2
B1-000734#7,2
B1-000735#0,1
B1-000735#1,2
B1-000735#10,2
B1-000735#11,2
B1-000735#2,2
B1-000735#3,2
B1-000735#4,2
B1-000735#5,2
B1-000735#6,2
B1-000735#7,2
B1-000735#8,2
B1-000735#9,2
B1-000736#0,2
B1-000736#1,2
B1-000736#10,2
B1-000736#11,2
B1-000736#2,2
B1-000736#3,2
B1-000736#4,2
B1-000736#5,2
B1-000736#6,2
B1-000736#7,2
B1-000736#8,2
B1-000736#9,2
B1-000737#0,2
B1-000737#1,2
B1-000737#10,2
B1-000737#2,2
B1-000737#3,2
B1-000737#4,2
B1-000737#5,2
B1-000737#6,2
B1-000737#7,2
B1-000737#8,2
B1-000737#9,2
B1-000738#0,2
B1-000738#1,2
B1-000738#10,2
B1-000738#11,2
B1-000738#2,2
B1-000738#3,2
B1-000738#4,2
B1-000738#5,2
B1-000738#6,2
B1-000738#7,2
B1-000738#8,2
B1-000738#9,2
B1-000739#0,2
B1-000739#1,2
B1-000739#10,2
B1-000739#11,2
B1-000739#12,2
B1-000739#13,2
B1-000739#14,2
B1-000739#15,2
B1-000739#2,2
B1-000739#3,2
B1-000739#4,2
B1-000739#5,2
B1-000739#6,2
B1-000739#7,2
B1-000739#8,2
B1-000739#9,2
B1-000740#0,2
B1-000740#1,2
B1-000740#2,2
B1-000740#3,2
B1-000740#4,2
B1-000740#5,2
B1-000740#6,2
B1-000740#7,2
B1-000741#0,2
B1-000741#1,2
B1-000741#10,2
B1-000741#11,2
B1-000741#12,2
B1-000741#2,2
B1-000741#3,2
B1-000741#4,1
B1-000741#5,2
B1-000741#6,2
B1-000741#7,2
B1-000741#8,2
B1-000741#9,2
B1-000742#0,2
B1-000742#1,2
B1-000742#2,2
B1-000742#3,2
B1-000742#4,2
B1-000742#5,2
B1-000742#6,2
B1-000742#7,1
B1-000742#8,2
B1-000742#9,2
B1-000743#0,2
B1-000743#1,2
B1-000743#10,2
B1-000743#11,2
B1-000743#12,2
B1-000743#13,2
B1-000743#2,2
B1-000743#3,2
B1-000743#4,2
B1-000743#5,2
B1-000743#6,2
B1-000743#7,2
B1-000743#8,2
B1-000743#9,2
B1-000744#0,2
B1-000744#1,2
B1-000744#10,2
B1-000744#11,2
B1-000744#12,2
B1-000744#13,2
B1-000744#14,2
B1-000744#15,2
B1-000744#16,2
B1-000744#17,2
B1-000744#2,2
B1-000744#3,2
B1-000744#4,2
B1-000744#5,2
B1-000744#6,2
B1-000744#7,2
B1-000744#8,2
B1-000744#9,2
B1-000745#0,2
B1-000745#1,2
B1-000745#10,2
B1-000745#2,2
B1-000745#3,2
B1-000745#4,2
B1-000745#5,2
B1-000745#6,2
B1-000745#7,2
B1-000745#8,2
B1-000745#9,2
B1-000746#0,2
B1-000746#1,2
B1-000746#10,2
B1-000746#11,2
B1-000746#12,2
B1-000746#13,2
B1-000746#14,2
B1-000746#2,2
B1-000746#3,2
B1-000746#4,2
B1-000746#5,2
B1-000746#6,2
B1-000746#7,2
B1-000746#8,2
B1-000746#9,2
B1-000747#0,2
B1-000747#1,2
B1-000747#2,2
B1-000747#3,2
B1-000747#4,2
B1-000747#5,2
B1-000747#6,2
B1-000747#7,2
B1-000747#8,2
B1-000748#0,2
B1-000748#1,2
B1-000748#10,2
B1-000748#11,2
B1-000748#12,2
B1-000748#13,2
B1-000748#14,2
B1-000748#2,2
B1-000748#3,2
B1-000748#4,2
B1-000748#5,2
B1-000748#6,2
B1-000748#7,2
B1-000748#8,2
B1-000748#9,2
B1-000749#0,2
B1-000749#1,2
B1-000749#2,2
B1-000749#3,2
B1-000749#4,2
B1-000749#5,2
B1-000749#6,2
B1-000749#7,2
B1-000749#8,2
B1-000749#9,2
B1-000750#0,2
B1-000750#1,2
B1-000750#2,2
B1-000750#3,2
B1-000750#4,2
B1-000750#5,2
B1-000750#6,2
B1-000751#0,2
B1-000751#1,2
B1-000751#10,2
B1-000751#2,2
B1-000751#3,1
B1-000751#4,2
B1-000751#5,2
B1-000751#6,0
B1-000751#7,2
B1-000751#8,2
B1-000751#9,2
B1-000752#0,2
B1-000752#1,2
B1-000752#2,2
B1-000752#3,2
B1-000752#4,2
B1-000752#5,2
B1-000752#6,2
B1-000752#7,2
B1-000752#8,2
B1-000753#0,2
B1-000753#1,2
B1-000753#2,2
B1-000753#3,2
B1-000753#4,2
B1-000754#0,2
B1-000754#1,2
B1-000754#2,2
B1-000754#3,2
B1-000754#4,2
B1-000754#5,2
B1-000754#6,2
B1-000754#7,2
B1-000754#8,2
B1-000755#0,2
B1-000755#1,2
B1-000755#10,2
B1-000755#11,2
B1-000755#12,2
B1-000755#2,2
B1-000755#3,2
B1-000755#4,1
B1-000755#5,2
B1-000755#6,2
B1-000755#7,2
B1-000755#8,2
B1-000755#9,2
B1-000756#0,2
B1-000756#1,2
B1-000756#2,2
B1-000756#3,2
B1-000756#4,2
B1-000756#5,2
B1-000757#0,2
B1-000757#1,2
B1-000757#2,2
B1-000757#3,2
B1-000757#4,2
B1-000757#5,2
B1-000757#6,2
B1-000757#7,2
B1-000758#0,1
B1-000758#1,2
B1-000758#10,2
B1-000758#11,2
B1-000758#12,2
B1-000758#2,2
B1-000758#4,2
B1-000758#5,2
B1-000758#6,2
B1-000758#7,2
B1-000758#8,2
B1-000758#9,2
B1-000759#0,2
B1-000759#1,2
B1-000759#2,2
B1-000759#3,2
B1-000759#4,2
B1-000759#5,2
B1-000759#6,2
B1-000760#0,2
B1-000760#1,2
B1-000760#2,2
B1-000760#3,2
B1-000760#4,2
B1-000760#5,1
B1-000760#6,2
B1-000760#7,2
B1-000761#0,2
B1-000761#1,2
B1-000761#2,2
B1-000761#3,2
B1-000761#4,2
B1-000761#5,2
B1-000761#6,2
B1-000761#7,2
B1-000762#0,1
B1-000762#1,2
B1-000762#2,2
B1-000762#3,2
B1-000762#4,2
B1-000762#5,2
B1-000762#7,2
B1-000763#0,2
B1-000763#1,2
B1-000763#10,2
B1-000763#11,2
B1-000763#2,2
B1-000763#3,2
B1-000763#4,2
B1-000763#5,2
B1-000763#6,2
B1-000763#7,2
B1-000763#8,2
B1-000763#9,2
B1-000764#0,1
B1-000764#1,2
B1-000764#2,2
B1-000764#3,2
B1-000764#4,2
B1-000764#5,2
B1-000765#0,2
B1-000765#1,2
B1-000765#2,2
B1-000765#3,2
B1-000765#4,2
B1-000765#5,2
B1-000766#0,2
B1-000766#1,2
B1-000766#2,2
B1-000766#3,2
B1-000766#4,2
B1-000766#5,2
B1-000766#6,2
B1-000766#7,2
B1-000766#8,2
B1-000767#0,2
B1-000767#1,2
B1-000767#2,2
B1-000767#3,2
B1-000767#4,2
B1-000767#5,2
B1-000767#6,1
B1-000767#7,2
B1-000767#8,2
B1-000768#0,2
B1-000768#1,2
B1-000768#2,2
B1-000768#3,2
B1-000768#4,2
B1-000768#5,2
B1-000768#6,2
B1-000769#0,2
B1-000769#1,2
B1-000769#10,2
B1-000769#11,2
B1-000769#12,2
B1-000769#13,2
B1-000769#14,2
B1-000769#15,2
B1-000769#2,2
B1-000769#3,2
B1-000769#4,2
B1-000769#5,2
B1-000769#6,2
B1-000769#7,2
B1-000769#8,2
B1-000769#9,2
B1-000770#0,2
B1-000770#1,2
B1-000770#10,2
B1-000770#11,2
B1-000770#12,2
B1-000770#13,2
B1-000770#14,2
B1-000770#15,2
B1-000770#2,2
B1-000770#3,2
B1-000770#4,1
B1-000770#5,2
B1-000770#6,2
B1-000770#7,2
B1-000770#8,2
B1-000770#9,2
B1-000771#0,2
B1-000771#1,2
B1-000771#2,2
B1-000771#3,2
B1-000771#4,2
B1-000771#5,2
B1-000771#6,2
B1-000772#0,2
B1-000772#1,2
B1-000772#10,2
B1-000772#11,1
B1-000772#12,2
B1-000772#13,2
B1-000772#14,2
B1-000772#15,1
B1-000772#16,2
B1-000772#2,2
B1-000772#3,2
B1-000772#4,2
B1-000772#5,2
B1-000772#6,2
B1-000772#7,1
B1-000772#8,2
B1-000772#9,2
B1-000773#0,2
B1-000773#1,2
B1-000773#2,2
B1-000773#3,2
B1-000773#4,2
B1-000773#5,2
B1-000773#6,2
B1-000773#7,2
B1-000773#8,2
B1-000773#9,2
B1-000774#0,2
B1-000774#1,2
B1-000774#2,2
B1-000774#3,2
B1-000774#4,2
B1-000774#5,2
B1-000774#6,2
B1-000774#7,2
B1-000775#0,2
B1-000775#1,2
B1-000775#2,2
B1-000775#3,2
B1-000775#4,2
B1-000775#5,2
B1-000775#6,2
B1-000775#7,2
B1-000775#8,2
B1-000775#9,2
B1-000776#0,2
B1-000776#1,2
B1-000776#10,2
B1-000776#11,2
B1-000776#12,2
B1-000776#2,2
B1-000776#3,2
B1-000776#4,2
B1-000776#5,2
B1-000776#6,2
B1-000776#7,2
B1-000776#8,2
B1-000776#9,2
B1-000777#0,2
B1-000777#1,2
B1-000777#2,2
B1-000777#3,2
B1-000777#4,2
B1-000778#0,2
B1-000778#1,2
B1-000778#2,2
B1-000778#3,2
B1-000778#4,2
B1-000778#5,2
B1-000778#6,2
B1-000778#7,2
B1-000778#8,2
B1-000779#0,2
B1-000779#1,2
B1-000779#2,1
B1-000779#3,2
B1-000779#4,2
B1-000780#0,2
B1-000780#1,2
B1-000780#2,1
B1-000780#3,2
B1-000780#4,2
B1-000781#0,2
B1-000781#1,1
B1-000781#2,2
B1-000781#3,2
B1-000781#4,2
B1-000781#5,2
B1-000781#6,2
B1-000781#7,2
B1-000781#8,2
B1-000781#9,2
B1-000782#0,2
B1-000782#1,2
B1-000782#2,2
B1-000782#3,2
B1-000782#4,2
B1-000782#5,2
B1-000782#6,2
B1-000782#7,2
B1-000782#8,2
B1-000783#0,2
B1-000783#1,2
B1-000783#10,2
B1-000783#11,2
B1-000783#12,2
B1-000783#13,2
B1-000783#14,2
B1-000783#2,2
B1-000783#3,2
B1-000783#4,2
B1-000783#5,2
B1-000783#6,2
B1-000783#7,2
B1-000783#8,1
B1-000783#9,2
B1-000784#0,2
B1-000784#1,2
B1-000784#10,2
B1-000784#2,2
B1-000784#3,2
B1-000784#4,2
B1-000784#5,1
B1-000784#6,2
B1-000784#7,2
B1-000784#8,2
B1-000784#9,2
B1-000785#0,2
B1-000785#1,2
B1-000785#2,2
B1-000785#3,2
B1-000785#4,2
B1-000786#0,2
B1-000786#1,2
B1-000786#10,2
B1-000786#11,2
B1-000786#12,2
B1-000786#13,2
B1-000786#14,2
B1-000786#15,2
B1-000786#16,2
B1-000786#2,2
B1-000786#3,2
B1-000786#4,2
B1-000786#5,2
B1-000786#6,2
B1-000786#7,2
B1-000786#8,2
B1-000786#9,2
B1-000787#0,2
B1-000787#1,2
B1-000787#2,2
B1-000787#3,2
B1-000787#4,2
B1-000787#5,2
B1-000788#0,2
B1-000788#1,2
B1-000788#2,2
B1-000788#3,2
B1-000788#4,2
B1-000788#5,2
B1-000788#6,2
B1-000788#7,2
B1-000788#8,2
B1-000788#9,2
B1-000789#0,0
B1-000789#1,2
B1-000789#10,2
B1-000789#11,2
B1-000789#2,2
B1-000789#3,2
B1-000789#4,2
B1-000789#5,2
B1-000789#6,2
B1-000789#7,2
B1-000789#8,2
B1-000789#9,2
B1-000790#0,2
B1-000790#1,2
B1-000790#2,2
B1-000790#3,2
B1-000790#4,2
B1-000790#5,2
B1-000790#6,2
B1-000790#7,2
B1-000790#8,2
B1-000790#9,2
B1-000791#0,2
B1-000791#1,2
B1-000791#2,2
B1-000791#3,2
B1-000791#4,2
B1-000791#5,2
B1-000791#6,2
B1-000792#0,2
B1-000792#1,2
B1-000792#10,2
B1-000792#11,2
B1-000792#2,2
B1-000792#3,2
B1-000792#4,2
B1-000792#5,2
B1-000792#6,2
B1-000792#7,2
B1-000792#8,2
B1-000792#9,2
B1-000793#0,2
B1-000793#1,2
B1-000793#10,2
B1-000793#11,2
B1-000793#12,2
B1-000793#13,2
B1-000793#2,2
B1-000793#3,2
B1-000793#4,2
B1-000793#5,2
B1-000793#6,2
B1-000793#7,2
B1-000793#8,2
B1-000793#9,2
B1-000794#0,2
B1-000794#1,2
B1-000794#10,2
B1-000794#11,2
B1-000794#12,2
B1-000794#2,2
B1-000794#3,2
B1-000794#4,2
B1-000794#5,2
B1-000794#6,2
B1-000794#7,2
B1-000794#8,2
B1-000794#9,2
B1-000795#0,2
B1-000795#1,2
B1-000795#2,2
B1-000795#3,2
B1-000795#4,2
B1-000795#5,2
B1-000795#6,2
B1-000796#0,2
B1-000796#1,2
B1-000796#2,2
B1-000796#3,2
B1-000796#4,2
B1-000796#5,2
B1-000796#6,2
B1-000796#7,2
B1-000797#0,2
B1-000797#1,2
B1-000797#2,2
B1-000797#3,2
B1-000797#4,2
B1-000797#5,2
B1-000797#6,2
B1-000797#7,2
B1-000797#8,2
B1-000798#0,2
B1-000798#1,2
B1-000798#10,2
B1-000798#11,2
B1-000798#2,2
B1-000798#3,2
B1-000798#4,2
B1-000798#5,2
B1-000798#6,2
B1-000798#7,2
B1-000798#8,2
B1-000798#9,2
B1-000799#0,2
B1-000799#10,2
B1-000799#11,2
B1-000799#12,2
B1-000799#13,2
B1-000799#14,2
B1-000799#2,2
B1-000799#3,2
B1-000799#4,2
B1-000799#5,2
B1-000799#6,2
B1-000799#7,2
B1-000799#8,2
B1-000799#9,2
B1-000800#0,2
B1-000800#1,2
B1-000800#2,2
B1-000800#3,2
B1-000800#4,2
B1-000800#5,1
B1-000800#6,2
B1-000801#0,2
B1-000801#1,2
B1-000801#2,2
B1-000801#3,2
B1-000801#4,2
B1-000801#5,2
B1-000801#6,2
B1-000801#7,2
B1-000801#8,2
B1-000802#0,2
B1-000802#1,2
B1-000802#10,2
B1-000802#11,2
B1-000802#12,2
B1-000802#13,2
B1-000802#14,2
B1-000802#2,2
B1-000802#3,2
B1-000802#4,2
B1-000802#5,2
B1-000802#6,2
B1-000802#7,1
B1-000802#8,2
B1-000802#9,2
B1-000803#0,2
B1-000803#1,2
B1-000803#10,2
B1-000803#2,2
B1-000803#3,2
B1-000803#4,2
B1-000803#5,2
B1-000803#6,2
B1-000803#7,2
B1-000803#8,2
B1-000803#9,2
B1-000804#0,2
B1-000804#1,0
B1-000804#10,2
B1-000804#11,1
B1-000804#12,2
B1-000804#13,2
B1-000804#14,2
B1-000804#2,2
B1-000804#3,2
B1-000804#4,1
B1-000804#5,1
B1-000804#6,2
B1-000804#7,2
B1-000804#8,2
B1-000804#9,2
B1-000805#0,2
B1-000805#1,2
B1-000805#10,2
B1-000805#11,2
B1-000805#12,2
B1-000805#13,2
B1-000805#14,2
B1-000805#2,2
B1-000805#3,2
B1-000805#4,2
B1-000805#5,2
B1-000805#6,2
B1-000805#7,2
B1-000805#8,2
B1-000805#9,2
B1-000806#0,2
B1-000806#1,2
B1-000806#10,2
B1-000806#11,2
B1-000806#12,2
B1-000806#13,2
B1-000806#14,2
B1-000806#2,2
B1-000806#3,2
B1-000806#4,2
B1-000806#5,2
B1-000806#6,2
B1-000806#7,2
B1-000806#8,2
B1-000806#9,2
B1-000807#0,2
B1-000807#1,2
B1-000807#10,2
B1-000807#11,2
B1-000807#12,2
B1-000807#13,2
B1-000807#14,2
B1-000807#15,2
B1-000807#16,2
B1-000807#2,2
B1-000807#3,2
B1-000807#4,2
B1-000807#5,2
B1-000807#6,2
B1-000807#7,2
B1-000807#8,2
B1-000807#9,2
B1-000808#0,2
B1-000808#1,2
B1-000808#10,2
B1-000808#2,2
B1-000808#3,2
B1-000808#4,2
B1-000808#5,2
B1-000808#6,2
B1-000808#7,2
B1-000808#8,2
B1-000808#9,2
B1-000809#0,2
B1-000809#1,2
B1-000809#10,2
B1-000809#11,2
B1-000809#12,2
B1-000809#13,2
B1-000809#14,2
B1-000809#15,2
B1-000809#16,2
B1-000809#2,2
B1-000809#3,2
B1-000809#4,2
B1-000809#5,2
B1-000809#6,2
B1-000809#7,2
B1-000809#8,2
B1-000809#9,2
B1-000810#0,2
B1-000810#1,2
B1-000810#10,2
B1-000810#11,2
B1-000810#12,2
B1-000810#2,2
B1-000810#3,2
B1-000810#5,2
B1-000810#6,2
B1-000810#7,2
B1-000810#8,2
B1-000810#9,2
B1-000811#0,2
B1-000811#1,2
B1-000811#10,2
B1-000811#11,2
B1-000811#12,2
B1-000811#2,2
B1-000811#3,2
B1-000811#4,2
B1-000811#5,2
B1-000811#6,2
B1-000811#7,2
B1-000811#8,2
B1-000811#9,2
B1-000812#0,2
B1-000812#1,2
B1-000812#2,2
B1-000812#3,2
B1-000812#4,2
B1-000812#5,2
B1-000812#6,2
B1-000812#7,2
B1-000812#8,2
B1-000812#9,2
B1-000813#0,2
B1-000813#1,2
B1-000813#2,2
B1-000813#3,2
B1-000813#4,2
B1-000813#5,2
B1-000813#6,2
B1-000813#7,2
B1-000813#8,2
B1-000813#9,2
B1-000814#0,2
B1-000814#1,2
B1-000814#10,2
B1-000814#11,2
B1-000814#12,1
B1-000814#13,2
B1-000814#14,2
B1-000814#15,2
B1-000814#16,2
B1-000814#17,2
B1-000814#2,2
B1-000814#3,2
B1-000814#4,2
B1-000814#5,2
B1-000814#6,2
B1-000814#7,2
B1-000814#8,2
B1-000814#9,2
B1-000815#0,2
B1-000815#1,2
B1-000815#2,2
B1-000815#3,2
B1-000815#4,2
B1-000816#0,2
B1-000816#1,2
B1-000816#10,2
B1-000816#11,2
B1-000816#12,2
B1-000816#13,2
B1-000816#2,2
B1-000816#3,2
B1-000816#4,2
B1-000816#5,1
B1-000816#6,2
B1-000816#7,2
B1-000816#8,2
B1-000816#9,2
B1-000817#0,2
B1-000817#1,2
B1-000817#10,2
B1-000817#11,2
B1-000817#12,2
B1-000817#13,2
B1-000817#14,2
B1-000817#2,2
B1-000817#3,2
B1-000817#4,2
B1-000817#5,2
B1-000817#6,2
B1-000817#7,2
B1-000817#8,2
B1-000817#9,2
B1-000818#0,2
B1-000818#1,2
B1-000818#2,2
B1-000818#3,2
B1-000818#4,2
B1-000818#5,2
B1-000818#6,2
B1-000818#7,2
B1-000818#8,2
B1-000818#9,2
B1-000819#0,2
B1-000819#1,2
B1-000819#2,2
B1-000819#3,2
B1-000819#4,2
B1-000819#5,2
B1-000819#6,2
B1-000819#7,2
B1-000819#8,2
B1-000820#0,2
B1-000820#1,2
B1-000820#10,2
B1-000820#11,2
B1-000820#12,2
B1-000820#13,2
B1-000820#2,2
B1-000820#3,2
B1-000820#4,2
B1-000820#5,2
B1-000820#6,2
B1-000820#8,2
B1-000820#9,2
B1-000821#0,2
B1-000821#1,2
B1-000821#10,2
B1-000821#11,2
B1-000821#12,2
B1-000821#13,2
B1-000821#2,2
B1-000821#3,2
B1-000821#4,2
B1-000821#5,2
B1-000821#6,2
B1-000821#7,2
B1-000821#8,2
B1-000821#9,2
B1-000822#0,2
B1-000822#1,2
B1-000822#2,2
B1-000822#3,2
B1-000822#4,2
B1-000822#5,2
B1-000822#6,2
B1-000823#0,2
B1-000823#1,2
B1-000823#10,2
B1-000823#11,2
B1-000823#12,2
B1-000823#13,2
B1-000823#14,2
B1-000823#15,2
B1-000823#16,2
B1-000823#2,2
B1-000823#3,2
B1-000823#4,2
B1-000823#5,2
B1-000823#6,2
B1-000823#7,2
B1-000823#8,2
B1-000823#9,2
B1-000824#0,2
B1-000824#1,2
B1-000824#10,2
B1-000824#11,2
B1-000824#12,2
B1-000824#13,2
B1-000824#2,2
B1-000824#3,2
B1-000824#4,2
B1-000824#5,2
B1-000824#6,2
B1-000824#7,2
B1-000824#8,2
B1-000824#9,2
B1-000825#0,2
B1-000825#1,2
B1-000825#2,2
B1-000825#3,2
B1-000825#4,2
B1-000825#5,2
B1-000826#0,2
B1-000826#1,2
B1-000826#10,2
B1-000826#11,2
B1-000826#12,2
B1-000826#2,2
B1-000826#3,2
B1-000826#4,2
B1-000826#5,2
B1-000826#6,2
B1-000826#7,2
B1-000826#8,2
B1-000826#9,2
B1-000827#0,2
B1-000827#1,2
B1-000827#2,2
B1-000827#3,2
B1-000827#4,2
B1-000827#5,2
B1-000827#6,2
B1-000827#7,2
B1-000827#8,2
B1-000827#9,2
B1-000828#0,2
B1-000828#1,2
B1-000828#10,2
B1-000828#11,2
B1-000828#12,2
B1-000828#13,2
B1-000828#14,2
B1-000828#15,2
B1-000828#16,2
B1-000828#2,2
B1-000828#3,2
B1-000828#4,2
B1-000828#5,2
B1-000828#6,2
B1-000828#7,2
B1-000828#8,2
B1-000828#9,2
B1-000829#0,2
B1-000829#1,2
B1-000829#2,2
B1-000829#3,2
B1-000829#4,2
B1-000829#5,2
B1-000830#0,2
B1-000830#1,2
B1-000830#10,2
B1-000830#11,2
B1-000830#12,2
B1-000830#13,2
B1-000830#14,2
B1-000830#2,2
B1-000830#3,2
B1-000830#4,2
B1-000830#5,2
B1-000830#6,2
B1-000830#7,2
B1-000830#8,2
B1-000830#9,2
B1-000831#0,2
B1-000831#1,2
B1-000831#2,2
B1-000831#3,2
B1-000831#4,2
B1-000831#5,2
B1-000831#6,2
B1-000832#0,2
B1-000832#1,2
B1-000832#2,2
B1-000832#3,2
B1-000832#4,2
B1-000832#5,2
B1-000832#6,2
B1-000832#7,2
B1-000832#8,2
B1-000832#9,2
B1-000833#0,2
B1-000833#1,2
B1-000833#2,2
B1-000833#3,2
B1-000833#4,2
B1-000833#5,2
B1-000834#0,2
B1-000834#1,2
B1-000834#2,2
B1-000834#3,2
B1-000834#4,2
B1-000834#5,2
B1-000834#6,2
B1-000834#7,2
B1-000835#0,2
B1-000835#1,2
B1-000835#10,2
B1-000835#11,2
B1-000835#2,2
B1-000835#3,2
B1-000835#4,2
B1-000835#5,2
B1-000835#6,2
B1-000835#7,2
B1-000835#8,2
B1-000835#9,2
B1-000836#0,2
B1-000836#1,2
B1-000836#10,2
B1-000836#11,2
B1-000836#12,2
B1-000836#13,2
B1-000836#14,2
B1-000836#2,2
B1-000836#3,2
B1-000836#4,2
B1-000836#5,2
B1-000836#6,2
B1-000836#7,2
B1-000836#8,2
B1-000836#9,2
B1-000837#0,2
B1-000837#1,2
B1-000837#2,2
B1-000837#3,2
B1-000837#4,2
B1-000838#0,2
B1-000838#1,2
B1-000838#10,2
B1-000838#11,2
B1-000838#2,2
B1-000838#3,2
B1-000838#4,2
B1-000838#5,2
B1-000838#6,2
B1-000838#7,2
B1-000838#8,2
B1-000838#9,2
B1-000839#0,2
B1-000839#1,2
B1-000839#10,2
B1-000839#11,2
B1-000839#12,2
B1-000839#2,2
B1-000839#3,2
B1-000839#4,2
B1-000839#5,2
B1-000839#6,2
B1-000839#7,2
B1-000839#8,2
B1-000839#9,2
B1-000840#0,2
B1-000840#1,2
B1-000840#10,2
B1-000840#11,2
B1-000840#12,2
B1-000840#13,2
B1-000840#14,2
B1-000840#15,2
B1-000840#2,2
B1-000840#3,2
B1-000840#4,1
B1-000840#5,2
B1-000840#6,2
B1-000840#7,2
B1-000840#8,2
B1-000840#9,2
B1-000841#0,2
B1-000841#2,2
B1-000841#3,2
B1-000841#4,2
B1-000841#5,2
B1-000842#0,2
B1-000842#1,2
B1-000842#2,2
B1-000842#3,2
B1-000842#4,2
B1-000842#5,2
B1-000842#6,2
B1-000843#0,2
B1-000843#1,2
B1-000843#2,2
B1-000843#3,2
B1-000843#4,2
B1-000844#0,2
B1-000844#1,2
B1-000844#2,2
B1-000844#3,2
B1-000844#4,2
B1-000844#5,2
B1-000844#6,2
B1-000844#7,2
B1-000844#8,2
B1-000845#0,2
B1-000845#1,2
B1-000845#10,2
B1-000845#11,2
B1-000845#12,2
B1-000845#13,2
B1-000845#14,2
B1-000845#2,2
B1-000845#3,2
B1-000845#4,2
B1-000845#5,2
B1-000845#6,2
B1-000845#7,2
B1-000845#8,2
B1-000845#9,2
B1-000846#0,1
B1-000846#1,2
B1-000846#2,2
B1-000846#3,2
B1-000846#4,2
B1-000846#5,2
B1-000846#6,2
B1-000846#7,2
B1-000846#8,2
B1-000847#0,2
B1-000847#1,2
B1-000847#2,2
B1-000847#3,2
B1-000847#5,2
B1-000848#0,2
B1-000848#1,2
B1-000848#10,2
B1-000848#11,2
B1-000848#2,2
B1-000848#3,2
B1-000848#4,2
B1-000848#5,2
B1-000848#6,2
B1-000848#7,2
B1-000848#8,2
B1-000848#9,2
B1-000849#0,0
B1-000849#1,2
B1-000849#10,2
B1-000849#11,2
B1-000849#12,2
B1-000849#13,2
B1-000849#2,2
B1-000849#3,2
B1-000849#4,2
B1-000849#5,2
B1-000849#6,2
B1-000849#7,2
B1-000849#8,2
B1-000849#9,2
B1-000850#0,2
B1-000850#1,2
B1-000850#2,2
B1-000850#3,2
B1-000850#4,2
B1-000850#5,2
B1-000850#6,2
B1-000850#7,2
B1-000850#8,2
B1-000850#9,2
B1-000851#0,2
B1-000851#1,2
B1-000851#2,2
B1-000851#3,2
B1-000851#4,2
B1-000851#5,2
B1-000851#6,2
B1-000852#0,2
B1-000852#1,2
B1-000852#10,2
B1-000852#11,2
B1-000852#12,2
B1-000852#13,2
B1-000852#2,2
B1-000852#3,2
B1-000852#4,2
B1-000852#5,2
B1-000852#6,2
B1-000852#7,2
B1-000852#8,2
B1-000852#9,2
B1-000853#0,2
B1-000853#1,2
B1-000853#10,2
B1-000853#11,2
B1-000853#12,2
B1-000853#2,2
B1-000853#4,2
B1-000853#5,2
B1-000853#6,2
B1-000853#7,2
B1-000853#8,2
B1-000853#9,2
B1-000854#0,2
B1-000854#1,2
B1-000854#10,2
B1-000854#11,2
B1-000854#12,2
B1-000854#13,2
B1-000854#14,2
B1-000854#15,2
B1-000854#16,2
B1-000854#2,2
B1-000854#3,2
B1-000854#4,2
B1-000854#5,2
B1-000854#6,2
B1-000854#7,2
B1-000854#8,2
B1-000854#9,2
B1-000855#0,2
B1-000855#1,2
B1-000855#2,2
B1-000855#3,2
B1-000855#4,2
B1-000855#5,2
B1-000856#0,2
B1-000856#1,2
B1-000856#2,2
B1-000856#3,2
B1-000856#4,2
B1-000856#5,2
B1-000856#6,2
B1-000856#7,2
B1-000856#8,2
B1-000856#9,2
B1-000857#0,2
B1-000857#1,2
B1-000857#2,2
B1-000857#3,2
B1-000857#4,2
B1-000857#5,2
B1-000857#6,2
B1-000857#7,2
B1-000858#0,2
B1-000858#1,2
B1-000858#2,2
B1-000858#3,2
B1-000858#4,2
B1-000858#5,2
B1-000858#6,2
B1-000858#7,2
B1-000858#8,2
B1-000858#9,2
B1-000859#0,2
B1-000859#1,2
B1-000859#2,2
B1-000859#3,2
B1-000860#0,2
B1-000860#1,2
B1-000860#10,2
B1-000860#11,2
B1-000860#12,2
B1-000860#13,2
B1-000860#14,2
B1-000860#15,2
B1-000860#2,2
B1-000860#3,2
B1-000860#4,2
B1-000860#5,2
B1-000860#6,2
B1-000860#7,2
B1-000860#8,2
B1-000860#9,2
B1-000861#0,2
B1-000861#1,2
B1-000861#2,2
B1-000861#3,2
B1-000861#4,2
B1-000861#5,2
B1-000861#6,2
B1-000862#0,1
B1-000862#1,2
B1-000862#2,2
B1-000862#3,2
B1-000862#4,2
B1-000862#5,2
B1-000862#6,2
B1-000862#7,2
B1-000862#8,2
B1-000862#9,2
B1-000863#0,2
B1-000863#1,2
B1-000863#10,1
B1-000863#11,2
B1-000863#12,2
B1-000863#13,2
B1-000863#14,2
B1-000863#15,2
B1-000863#2,0
B1-000863#3,2
B1-000863#4,2
B1-000863#5,1
B1-000863#6,2
B1-000863#7,2
B1-000863#8,2
B1-000863#9,2
B1-000864#0,2
B1-000864#1,2
B1-000864#2,2
B1-000864#3,2
B1-000864#4,2
B1-000864#5,2
B1-000864#6,2
B1-000864#7,2
B1-000864#8,2
B1-000864#9,2
B1-000865#0,2
B1-000865#1,2
B1-000865#10,2
B1-000865#11,2
B1-000865#12,2
B1-000865#13,2
B1-000865#2,2
B1-000865#3,2
B1-000865#4,0
B1-000865#5,2
B1-000865#6,1
B1-000865#7,2
B1-000865#8,2
B1-000865#9,2
B1-000866#0,2
B1-000866#1,2
B1-000866#10,2
B1-000866#11,2
B1-000866#12,2
B1-000866#13,2
B1-000866#2,2
B1-000866#3,2
B1-000866#4,2
B1-000866#5,2
B1-000866#6,2
B1-000866#7,2
B1-000866#8,2
B1-000866#9,2
B1-000867#0,2
B1-000867#1,2
B1-000867#10,2
B1-000867#11,2
B1-000867#12,2
B1-000867#13,2
B1-000867#14,2
B1-000867#15,2
B1-000867#16,2
B1-000867#2,2
B1-000867#3,2
B1-000867#4,1
B1-000867#5,2
B1-000867#6,2
B1-000867#7,2
B1-000867#8,2
B1-000867#9,2
B1-000868#0,2
B1-000868#1,2
B1-000868#2,2
B1-000868#3,2
B1-000868#4,2
B1-000868#5,2
B1-000868#6,2
B1-000868#7,2
B1-000868#8,2
B1-000869#0,2
B1-000869#1,2
B1-000869#2,2
B1-000869#3,2
B1-000869#4,2
B1-000869#5,2
B1-000869#6,2
B1-000870#0,2
B1-000870#1,2
B1-000870#2,2
B1-000870#3,2
B1-000870#4,2
B1-000871#0,2
B1-000871#1,2
B1-000871#2,2
B1-000871#3,2
B1-000871#4,2
B1-000871#5,2
B1-000871#6,2
B1-000871#7,2
B1-000871#8,2
B1-000871#9,2
B1-000872#0,2
B1-000872#1,2
B1-000872#10,2
B1-000872#11,2
B1-000872#12,2
B1-000872#13,2
B1-000872#14,2
B1-000872#2,2
B1-000872#3,2
B1-000872#4,2
B1-000872#5,2
B1-000872#6,2
B1-000872#7,2
B1-000872#8,1
B1-000872#9,2
B1-000873#0,2
B1-000873#1,2
B1-000873#10,2
B1-000873#11,2
B1-000873#12,2
B1-000873#13,2
B1-000873#14,2
B1-000873#2,2
B1-000873#3,2
B1-000873#4,2
B1-000873#5,2
B1-000873#6,2
B1-000873#7,2
B1-000873#8,1
B1-000873#9,1
B1-000874#0,2
B1-000874#1,2
B1-000874#2,2
B1-000874#3,2
B1-000874#4,2
B1-000874#5,2
B1-000874#6,2
B1-000875#0,2
B1-000875#1,1
B1-000875#10,2
B1-000875#11,2
B1-000875#2,2
B1-000875#3,2
B1-000875#4,2
B1-000875#5,2
B1-000875#6,2
B1-000875#7,2
B1-000875#8,2
B1-000875#9,2
B1-000876#0,2
B1-000876#1,2
B1-000876#10,2
B1-000876#2,2
B1-000876#3,2
B1-000876#4,2
B1-000876#5,2
B1-000876#6,2
B1-000876#7,2
B1-000876#8,1
B1-000876#9,2
B1-000877#0,2
B1-000877#1,2
B1-000877#10,2
B1-000877#2,2
B1-000877#3,2
B1-000877#4,2
B1-000877#5,2
B1-000877#6,2
B1-000877#7,2
B1-000877#8,2
B1-000877#9,2
B1-000878#0,2
B1-000878#1,2
B1-000878#10,2
B1-000878#11,2
B1-000878#12,2
B1-000878#13,2
B1-000878#14,2
B1-000878#15,2
B1-000878#2,2
B1-000878#3,2
B1-000878#4,2
B1-000878#5,2
B1-000878#6,2
B1-000878#7,2
B1-000878#8,2
B1-000878#9,2
B1-000879#0,2
B1-000879#1,2
B1-000879#10,2
B1-000879#11,2
B1-000879#12,0
B1-000879#13,2
B1-000879#14,2
B1-000879#15,2
B1-000879#16,2
B1-000879#2,2
B1-000879#3,2
B1-000879#4,2
B1-000879#5,2
B1-000879#6,2
B1-000879#7,2
B1-000879#8,2
B1-000879#9,2
B1-000880#0,2
B1-000880#1,2
B1-000880#2,2
B1-000880#3,2
B1-000880#4,2
B1-000880#5,2
B1-000880#6,2
B1-000880#7,2
B1-000881#0,2
B1-000881#1,2
B1-000881#2,2
B1-000881#3,1
B1-000881#4,2
B1-000881#5,2
B1-000882#0,2
B1-000882#1,2
B1-000882#10,2
B1-000882#11,2
B1-000882#2,2
B1-000882#3,2
B1-000882#4,2
B1-000882#5,2
B1-000882#6,2
B1-000882#7,2
B1-000882#8,2
B1-000882#9,2
B1-000883#0,2
B1-000883#1,2
B1-000883#10,2
B1-000883#2,2
B1-000883#3,2
B1-000883#4,2
B1-000883#5,2
B1-000883#6,2
B1-000883#7,2
B1-000883#8,1
B1-000883#9,2
B1-000884#0,2
B1-000884#1,2
B1-000884#2,2
B1-000884#4,2
B1-000884#5,2
B1-000884#6,2
B1-000884#7,2
B1-000884#8,2
B1-000885#0,2
B1-000885#1,2
B1-000885#2,2
B1-000885#3,2
B1-000885#4,2
B1-000885#5,2
B1-000885#6,2
B1-000885#7,2
B1-000885#8,1
B1-000885#9,2
B1-000886#0,2
B1-000886#1,2
B1-000886#10,2
B1-000886#11,2
B1-000886#12,2
B1-000886#2,2
B1-000886#3,2
B1-000886#4,2
B1-000886#5,2
B1-000886#6,2
B1-000886#7,2
B1-000886#8,2
B1-000886#9,2
B1-000887#0,2
B1-000887#1,2
B1-000887#2,2
B1-000887#3,2
B1-000887#4,2
B1-000888#0,2
B1-000888#1,2
B1-000888#2,2
B1-000888#3,2
B1-000888#4,2
B1-000888#5,2
B1-000888#6,2
B1-000888#7,2
B1-000888#8,2
B1-000889#0,2
B1-000889#1,2
B1-000889#10,2
B1-000889#11,2
B1-000889#12,2
B1-000889#13,2
B1-000889#2,2
B1-000889#3,2
B1-000889#4,2
B1-000889#5,2
B1-000889#6,2
B1-000889#7,2
B1-000889#8,2
B1-000889#9,2
B1-000890#0,2
B1-000890#1,2
B1-000890#2,2
B1-000890#3,2
B1-000890#4,2
B1-000891#0,2
B1-000891#1,2
B1-000891#10,2
B1-000891#11,2
B1-000891#12,2
B1-000891#13,2
B1-000891#14,2
B1-000891#15,2
B1-000891#16,2
B1-000891#2,2
B1-000891#3,2
B1-000891#4,2
B1-000891#5,2
B1-000891#6,2
B1-000891#7,2
B1-000891#8,2
B1-000891#9,2
B1-000892#0,2
B1-000892#1,2
B1-000892#10,2
B1-000892#11,2
B1-000892#2,2
B1-000892#3,2
B1-000892#4,2
B1-000892#5,2
B1-000892#6,2
B1-000892#7,2
B1-000892#8,2
B1-000892#9,2
B1-000893#0,2
B1-000893#1,2
B1-000893#2,2
B1-000893#3,2
B1-000893#4,2
B1-000893#5,2
B1-000893#6,2
B1-000894#0,2
B1-000894#1,2
B1-000894#10,2
B1-000894#11,2
B1-000894#12,2
B1-000894#13,2
B1-000894#2,2
B1-000894#3,2
B1-000894#4,2
B1-000894#5,2
B1-000894#6,2
B1-000894#7,2
B1-000894#8,2
B1-000894#9,2
B1-000895#0,2
B1-000895#1,2
B1-000895#10,2
B1-000895#11,2
B1-000895#2,2
B1-000895#3,2
B1-000895#4,2
B1-000895#5,2
B1-000895#6,2
B1-000895#7,2
B1-000895#8,2
B1-000895#9,2
B1-000896#0,2
B1-000896#1,2
B1-000896#2,2
B1-000896#3,2
B1-000896#4,2
B1-000896#5,2
B1-000896#6,2
B1-000896#7,2
B1-000896#8,2
B1-000897#0,2
B1-000897#1,2
B1-000897#2,2
B1-000897#3,2
B1-000897#4,2
B1-000897#5,2
B1-000897#6,2
B1-000897#7,2
B1-000897#8,2
B1-000897#9,2
B1-000898#0,1
B1-000898#1,2
B1-000898#10,2
B1-000898#11,2
B1-000898#12,2
B1-000898#13,2
B1-000898#14,2
B1-000898#2,2
B1-000898#3,2
B1-000898#4,2
B1-000898#5,2
B1-000898#6,2
B1-000898#7,2
B1-000898#8,2
B1-000898#9,2
B1-000899#0,2
B1-000899#1,2
B1-000899#10,2
B1-000899#11,2
B1-000899#12,2
B1-000899#13,2
B1-000899#14,2
B1-000899#2,2
B1-000899#3,2
B1-000899#4,2
B1-000899#5,2
B1-000899#6,2
B1-000899#7,2
B1-000899#8,2
B1-000899#9,2
B1-000900#0,2
B1-000900#1,2
B1-000900#2,2
B1-000900#3,2
B1-000900#4,2
B1-000901#0,2
B1-000901#1,2
B1-000901#10,2
B1-000901#11,2
B1-000901#12,2
B1-000901#2,2
B1-000901#3,2
B1-000901#4,2
B1-000901#5,2
B1-000901#6,2
B1-000901#7,2
B1-000901#9,2
B1-000902#0,0
B1-000902#1,2
B1-000902#10,2
B1-000902#11,2
B1-000902#12,2
B1-000902#13,2
B1-000902#2,2
B1-000902#3,2
B1-000902#4,2
B1-000902#5,2
B1-000902#6,2
B1-000902#7,2
B1-000902#8,2
B1-000902#9,2
B1-000903#0,2
B1-000903#1,2
B1-000903#10,2
B1-000903#11,2
B1-000903#12,2
B1-000903#2,2
B1-000903#3,2
B1-000903#4,2
B1-000903#5,2
B1-000903#6,2
B1-000903#7,2
B1-000903#8,2
B1-000903#9,2
B1-000904#0,2
B1-000904#1,2
B1-000904#2,2
B1-000904#3,2
B1-000904#4,2
B1-000904#5,2
B1-000905#0,1
B1-000905#1,2
B1-000905#2,2
B1-000905#3,2
B1-000905#4,2
B1-000905#5,2
B1-000905#6,2
B1-000905#7,2
B1-000906#0,2
B1-000906#1,2
B1-000906#2,2
B1-000906#3,2
B1-000906#4,2
B1-000906#5,2
B1-000906#6,2
B1-000906#7,2
B1-000906#8,2
B1-000906#9,2
B1-000907#0,2
B1-000907#1,0
B1-000907#10,2
B1-000907#2,2
B1-000907#3,2
B1-000907#4,2
B1-000907#5,2
B1-000907#6,2
B1-000907#7,2
B1-000907#8,2
B1-000907#9,2
B1-000908#0,2
B1-000908#1,2
B1-000908#2,2
B1-000908#3,2
B1-000908#4,2
B1-000908#5,2
B1-000908#6,2
B1-000909#0,2
B1-000909#1,2
B1-000909#10,2
B1-000909#11,2
B1-000909#12,2
B1-000909#13,2
B1-000909#14,2
B1-000909#15,2
B1-000909#16,2
B1-000909#17,2
B1-000909#2,2
B1-000909#3,2
B1-000909#4,2
B1-000909#5,2
B1-000909#6,2
B1-000909#7,2
B1-000909#8,2
B1-000909#9,2
B1-000910#0,2
B1-000910#1,2
B1-000910#10,2
B1-000910#11,2
B1-000910#12,2
B1-000910#2,2
B1-000910#3,2
B1-000910#4,1
B1-000910#5,2
B1-000910#6,2
B1-000910#7,2
B1-000910#8,2
B1-000910#9,2
B1-000911#0,2
B1-000911#1,2
B1-000911#10,2
B1-000911#11,2
B1-000911#12,2
B1-000911#13,2
B1-000911#2,2
B1-000911#3,2
B1-000911#4,2
B1-000911#5,2
B1-000911#6,1
B1-000911#7,2
B1-000911#8,2
B1-000911#9,2
B1-000912#0,2
B1-000912#1,2
B1-000912#10,2
B1-000912#11,2
B1-000912#2,2
B1-000912#3,2
B1-000912#4,2
B1-000912#5,2
B1-000912#6,2
B1-000912#7,2
B1-000912#8,2
B1-000912#9,2
B1-000913#0,2
B1-000913#1,2
B1-000913#2,2
B1-000913#3,2
B1-000913#4,2
B1-000913#5,2
B1-000913#6,2
B1-000914#0,2
B1-000914#1,2
B1-000914#10,2
B1-000914#11,2
B1-000914#12,2
B1-000914#13,2
B1-000914#2,2
B1-000914#3,2
B1-000914#4,2
B1-000914#5,2
B1-000914#6,2
B1-000914#7,2
B1-000914#8,2
B1-000914#9,2
B1-000915#0,2
B1-000915#1,2
B1-000915#2,2
B1-000915#3,2
B1-000915#4,2
B1-000915#5,2
B1-000915#6,2
B1-000915#7,2
B1-000915#8,2
B1-000916#0,2
B1-000916#1,2
B1-000916#10,2
B1-000916#2,2
B1-000916#3,2
B1-000916#4,2
B1-000916#5,2
B1-000916#6,2
B1-000916#7,2
B1-000916#8,2
B1-000916#9,2
B1-000917#0,2
B1-000917#1,2
B1-000917#10,2
B1-000917#11,2
B1-000917#12,2
B1-000917#13,2
B1-000917#2,2
B1-000917#3,2
B1-000917#4,2
B1-000917#5,2
B1-000917#6,2
B1-000917#7,2
B1-000917#8,2
B1-000917#9,2
B1-000918#0,2
B1-000918#1,2
B1-000918#2,2
B1-000918#3,2
B1-000918#4,2
B1-000918#5,2
B1-000918#6,2
B1-000919#0,2
B1-000919#1,2
B1-000919#2,2
B1-000919#3,2
B1-000919#4,2
B1-000919#5,2
B1-000919#6,2
B1-000919#7,2
B1-000919#8,2
B1-000919#9,2
B1-000920#0,2
B1-000920#1,2
B1-000920#10,2
B1-000920#11,2
B1-000920#12,2
B1-000920#13,2
B1-000920#2,2
B1-000920#3,2
B1-000920#4,2
B1-000920#5,2
B1-000920#6,2
B1-000920#7,2
B1-000920#8,1
B1-000920#9,2
B1-000921#0,2
B1-000921#1,2
B1-000921#2,2
B1-000921#3,2
B1-000921#4,2
B1-000921#5,2
B1-000921#6,2
B1-000921#7,2
B1-000922#0,2
B1-000922#1,2
B1-000922#10,1
B1-000922#11,2
B1-000922#2,2
B1-000922#3,2
B1-000922#4,2
B1-000922#5,2
B1-000922#6,2
B1-000922#7,2
B1-000922#8,2
B1-000922#9,2
B1-000923#0,1
B1-000923#1,2
B1-000923#2,2
B1-000923#3,2
B1-000923#4,2
B1-000923#5,2
B1-000923#6,2
B1-000924#0,2
B1-000924#1,2
B1-000924#10,2
B1-000924#11,2
B1-000924#2,2
B1-000924#3,2
B1-000924#4,2
B1-000924#5,2
B1-000924#6,2
B1-000924#7,2
B1-000924#8,2
B1-000924#9,2
B1-000925#0,2
B1-000925#1,2
B1-000925#2,2
B1-000925#3,2
B1-000925#4,2
B1-000925#5,2
B1-000925#6,2
B1-000926#0,2
B1-000926#1,2
B1-000926#10,2
B1-000926#11,2
B1-000926#12,2
B1-000926#13,2
B1-000926#2,2
B1-000926#3,2
B1-000926#4,2
B1-000926#5,2
B1-000926#6,2
B1-000926#7,2
B1-000926#8,2
B1-000926#9,2
B1-000927#0,2
B1-000927#1,2
B1-000927#10,2
B1-000927#11,2
B1-000927#12,2
B1-000927#2,2
B1-000927#3,2
B1-000927#4,2
B1-000927#5,2
B1-000927#6,2
B1-000927#7,2
B1-000927#8,2
B1-000927#9,2
B1-000928#0,2
B1-000928#1,2
B1-000928#10,2
B1-000928#11,2
B1-000928#12,2
B1-000928#13,2
B1-000928#14,2
B1-000928#15,2
B1-000928#16,2
B1-000928#2,2
B1-000928#3,2
B1-000928#4,2
B1-000928#5,2
B1-000928#6,2
B1-000928#7,2
B1-000928#8,2
B1-000928#9,2
B1-000929#0,2
B1-000929#1,2
B1-000929#10,2
B1-000929#11,2
B1-000929#12,2
B1-000929#13,2
B1-000929#2,2
B1-000929#3,2
B1-000929#4,2
B1-000929#5,2
B1-000929#6,2
B1-000929#7,2
B1-000929#8,2
B1-000929#9,2
B1-000930#0,2
B1-000930#1,2
B1-000930#10,2
B1-000930#2,2
B1-000930#3,2
B1-000930#4,2
B1-000930#5,2
B1-000930#6,2
B1-000930#7,2
B1-000930#8,2
B1-000930#9,2
B1-000931#0,2
B1-000931#1,2
B1-000931#10,2
B1-000931#11,0
B1-000931#12,2
B1-000931#13,2
B1-000931#14,2
B1-000931#15,2
B1-000931#2,2
B1-000931#3,2
B1-000931#4,2
B1-000931#5,2
B1-000931#6,2
B1-000931#7,2
B1-000931#8,2
B1-000931#9,2
B1-000932#0,2
B1-000932#1,2
B1-000932#10,2
B1-000932#11,2
B1-000932#12,2
B1-000932#13,2
B1-000932#14,2
B1-000932#2,2
B1-000932#3,2
B1-000932#4,2
B1-000932#5,2
B1-000932#6,2
B1-000932#7,2
B1-000932#8,2
B1-000932#9,2
B1-000933#0,2
B1-000933#1,2
B1-000933#2,2
B1-000933#3,2
B1-000933#4,0
B1-000933#5,2
B1-000933#6,2
B1-000933#7,2
B1-000933#8,2
B1-000933#9,2
B1-000934#0,2
B1-000934#1,2
B1-000934#2,2
B1-000934#3,2
B1-000934#4,2
B1-000934#5,2
B1-000935#0,2
B1-000935#1,2
B1-000935#2,2
B1-000935#3,2
B1-000935#4,2
B1-000935#5,2
B1-000935#6,2
B1-000935#7,2
B1-000936#0,2
B1-000936#1,2
B1-000936#10,2
B1-000936#11,2
B1-000936#12,2
B1-000936#13,2
B1-000936#14,2
B1-000936#2,2
B1-000936#3,2
B1-000936#4,2
B1-000936#5,2
B1-000936#6,2
B1-000936#7,2
B1-000936#8,2
B1-000936#9,2
B1-000937#0,2
B1-000937#1,2
B1-000937#10,2
B1-000937#11,2
B1-000937#12,2
B1-000937#13,2
B1-000937#14,2
B1-000937#15,2
B1-000937#2,2
B1-000937#3,2
B1-000937#4,2
B1-000937#5,2
B1-000937#6,2
B1-000937#7,2
B1-000937#8,2
B1-000937#9,2
B1-000938#0,0
B1-000938#1,2
B1-000938#10,2
B1-000938#2,2
B1-000938#3,0
B1-000938#4,2
B1-000938#5,2
B1-000938#6,2
B1-000938#7,2
B1-000938#8,2
B1-000938#9,2
B1-000939#0,2
B1-000939#1,2
B1-000939#2,2
B1-000939#3,2
B1-000939#4,2
B1-000939#5,2
B1-000940#0,2
B1-000940#1,2
B1-000940#10,2
B1-000940#11,2
B1-000940#12,2
B1-000940#2,2
B1-000940#3,2
B1-000940#4,2
B1-000940#5,2
B1-000940#6,2
B1-000940#7,2
B1-000940#8,2
B1-000940#9,2
B1-000941#0,2
B1-000941#1,2
B1-000941#2,2
B1-000941#3,2
B1-000941#4,2
B1-000941#5,2
B1-000941#6,2
B1-000941#7,2
B1-000941#8,2
B1-000941#9,2
B1-000942#0,2
B1-000942#1,2
B1-000942#10,2
B1-000942#11,2
B1-000942#12,2
B1-000942#2,2
B1-000942#3,2
B1-000942#4,2
B1-000942#5,2
B1-000942#6,2
B1-000942#7,2
B1-000942#8,2
B1-000942#9,2
B1-000943#0,2
B1-000943#1,2
B1-000943#2,1
B1-000943#3,2
B1-000943#4,2
B1-000943#5,2
B1-000943#6,2
B1-000943#7,2
B1-000944#0,2
B1-000944#1,2
B1-000944#2,2
B1-000944#3,2
B1-000945#0,2
B1-000945#1,2
B1-000945#2,2
B1-000945#3,2
B1-000945#4,2
B1-000945#5,2
B1-000945#6,2
B1-000945#7,2
B1-000945#8,2
B1-000945#9,2
B1-000946#0,2
B1-000946#1,2
B1-000946#2,2
B1-000946#3,2
B1-000946#4,2
B1-000946#5,2
B1-000947#0,2
B1-000947#1,2
B1-000947#10,2
B1-000947#11,2
B1-000947#12,2
B1-000947#13,2
B1-000947#14,2
B1-000947#15,2
B1-000947#2,2
B1-000947#3,2
B1-000947#4,2
B1-000947#5,2
B1-000947#6,2
B1-000947#7,2
B1-000947#8,2
B1-000947#9,2
B1-000948#0,2
B1-000948#1,2
B1-000948#10,2
B1-000948#11,2
B1-000948#2,2
B1-000948#3,2
B1-000948#4,2
B1-000948#5,2
B1-000948#6,2
B1-000948#7,2
B1-000948#8,2
B1-000948#9,2
B1-000949#0,2
B1-000949#1,2
B1-000949#10,2
B1-000949#2,2
B1-000949#3,2
B1-000949#4,2
B1-000949#5,2
B1-000949#6,2
B1-000949#7,2
B1-000949#8,2
B1-000949#9,2
B1-000950#0,2
B1-000950#1,2
B1-000950#2,2
B1-000950#3,2
B1-000950#4,2
B1-000950#5,2
B1-000950#6,2
B1-000951#0,2
B1-000951#1,2
B1-000951#2,2
B1-000951#3,2
B1-000951#4,2
B1-000951#5,2
B1-000952#0,2
B1-000952#1,2
B1-000952#2,2
B1-000952#3,2
B1-000952#4,2
B1-000952#5,2
B1-000953#0,2
B1-000953#1,2
B1-000953#2,2
B1-000953#3,2
B1-000953#4,2
B1-000953#5,2
B1-000953#6,2
B1-000953#7,2
B1-000954#0,2
B1-000954#1,2
B1-000954#10,2
B1-000954#11,2
B1-000954#12,2
B1-000954#13,2
B1-000954#14,2
B1-000954#2,2
B1-000954#3,2
B1-000954#4,2
B1-000954#5,2
B1-000954#6,2
B1-000954#7,2
B1-000954#8,2
B1-000954#9,2
B1-000955#0,2
B1-000955#1,2
B1-000955#10,2
B1-000955#11,2
B1-000955#12,2
B1-000955#13,2
B1-000955#14,2
B1-000955#15,2
B1-000955#16,2
B1-000955#17,2
B1-000955#2,2
B1-000955#3,2
B1-000955#4,2
B1-000955#5,1
B1-000955#6,2
B1-000955#7,2
B1-000955#8,2
B1-000955#9,2
B1-000956#0,2
B1-000956#1,2
B1-000956#2,2
B1-000956#3,2
B1-000956#4,2
B1-000956#5,2
B1-000956#6,2
B1-000956#7,2
B1-000956#8,2
B1-000956#9,2
B1-000957#0,2
B1-000957#1,2
B1-000957#2,2
B1-000957#3,2
B1-000957#4,2
B1-000957#5,2
B1-000957#6,2
B1-000958#0,2
B1-000958#1,2
B1-000958#10,2
B1-000958#11,2
B1-000958#12,2
B1-000958#2,2
B1-000958#3,2
B1-000958#4,0
B1-000958#5,2
B1-000958#6,2
B1-000958#7,2
B1-000958#8,2
B1-000958#9,2
B1-000959#0,2
B1-000959#1,2
B1-000959#10,2
B1-000959#11,2
B1-000959#12,2
B1-000959#13,2
B1-000959#14,2
B1-000959#2,2
B1-000959#3,2
B1-000959#4,2
B1-000959#5,2
B1-000959#6,2
B1-000959#7,2
B1-000959#8,2
B1-000959#9,2
B1-000960#0,2
B1-000960#1,2
B1-000960#2,2
B1-000960#3,2
B1-000960#4,2
B1-000960#5,2
B1-000961#0,2
B1-000961#1,2
B1-000961#10,2
B1-000961#11,2
B1-000961#12,2
B1-000961#2,2
B1-000961#3,2
B1-000961#4,2
B1-000961#5,2
B1-000961#6,2
B1-000961#7,2
B1-000961#8,2
B1-000961#9,2
B1-000962#0,2
B1-000962#1,2
B1-000962#10,2
B1-000962#11,2
B1-000962#12,2
B1-000962#13,2
B1-000962#14,2
B1-000962#2,2
B1-000962#3,2
B1-000962#4,2
B1-000962#5,1
B1-000962#6,2
B1-000962#7,2
B1-000962#8,2
B1-000962#9,2
B1-000963#0,2
B1-000963#1,2
B1-000963#10,2
B1-000963#11,2
B1-000963#12,2
B1-000963#13,2
B1-000963#14,2
B1-000963#15,1
B1-000963#16,2
B1-000963#2,2
B1-000963#3,2
B1-000963#4,2
B1-000963#5,2
B1-000963#6,2
B1-000963#7,2
B1-000963#8,2
B1-000963#9,2
B1-000964#0,2
B1-000964#1,2
B1-000964#2,2
B1-000964#3,2
B1-000964#4,2
B1-000964#5,2
B1-000964#6,2
B1-000964#7,2
B1-000965#0,2
B1-000965#1,2
B1-000965#2,2
B1-000965#3,2
B1-000965#4,2
B1-000966#0,2
B1-000966#1,2
B1-000966#10,2
B1-000966#11,2
B1-000966#12,2
B1-000966#13,2
B1-000966#14,2
B1-000966#2,2
B1-000966#3,2
B1-000966#4,2
B1-000966#5,2
B1-000966#6,2
B1-000966#7,2
B1-000966#8,2
B1-000966#9,2
B1-000967#0,2
B1-000967#1,2
B1-000967#2,2
B1-000967#3,2
B1-000967#4,2
B1-000967#5,2
B1-000967#6,2
B1-000968#0,1
B1-000968#1,2
B1-000968#10,2
B1-000968#11,2
B1-000968#12,2
B1-000968#2,2
B1-000968#3,2
B1-000968#4,2
B1-000968#5,2
B1-000968#6,2
B1-000968#7,2
B1-000968#8,2
B1-000968#9,2
B1-000969#0,1
B1-000969#1,2
B1-000969#2,2
B1-000969#3,2
B1-000969#4,2
B1-000969#5,2
B1-000969#6,2
B1-000969#8,2
B1-000970#0,2
B1-000970#1,2
B1-000970#10,2
B1-000970#11,2
B1-000970#12,2
B1-000970#2,2
B1-000970#3,2
B1-000970#4,2
B1-000970#5,2
B1-000970#6,2
B1-000970#7,2
B1-000970#8,2
B1-000970#9,2
B1-000971#1,2
B1-000971#10,2
B1-000971#11,2
B1-000971#12,2
B1-000971#2,2
B1-000971#3,2
B1-000971#4,2
B1-000971#5,2
B1-000971#6,2
B1-000971#7,2
B1-000971#9,2
B1-000972#0,2
B1-000972#1,2
B1-000972#10,2
B1-000972#2,2
B1-000972#3,2
B1-000972#4,2
B1-000972#5,1
B1-000972#6,2
B1-000972#7,2
B1-000972#8,2
B1-000972#9,2
B1-000973#0,2
B1-000973#1,2
B1-000973#10,2
B1-000973#11,1
B1-000973#12,2
B1-000973#2,2
B1-000973#3,2
B1-000973#4,2
B1-000973#5,2
B1-000973#6,2
B1-000973#7,2
B1-000973#8,2
B1-000973#9,2
B1-000974#0,2
B1-000974#1,2
B1-000974#10,2
B1-000974#2,2
B1-000974#3,2
B1-000974#4,2
B1-000974#5,2
B1-000974#6,2
B1-000974#7,2
B1-000974#8,2
B1-000974#9,2
B1-000975#0,2
B1-000975#1,2
B1-000975#2,2
B1-000975#3,2
B1-000975#4,2
B1-000975#5,2
B1-000976#0,2
B1-000976#1,2
B1-000976#2,2
B1-000976#3,2
B1-000976#4,1
B1-000976#5,2
B1-000977#0,2
B1-000977#1,2
B1-000977#10,2
B1-000977#11,2
B1-000977#12,2
B1-000977#2,2
B1-000977#3,2
B1-000977#4,2
B1-000977#5,2
B1-000977#6,2
B1-000977#7,2
B1-000977#8,2
B1-000977#9,2
B1-000978#0,2
B1-000978#1,2
B1-000978#2,2
B1-000978#3,2
B1-000978#4,2
B1-000978#5,2
B1-000979#0,1
B1-000979#1,2
B1-000979#2,2
B1-000979#3,2
B1-000979#4,2
B1-000979#5,2
B1-000980#0,2
B1-000980#1,2
B1-000980#10,2
B1-000980#2,2
B1-000980#3,2
B1-000980#4,2
B1-000980#5,2
B1-000980#6,2
B1-000980#7,2
B1-000980#8,2
B1-000980#9,2
B1-000981#0,2
B1-000981#1,2
B1-000981#2,2
B1-000981#3,2
B1-000981#4,2
B1-000981#5,2
B1-000981#6,2
B1-000981#7,2
B1-000981#8,2
B1-000982#0,2
B1-000982#1,2
B1-000982#2,2
B1-000982#3,2
B1-000982#4,2
B1-000982#5,2
B1-000982#6,2
B1-000983#0,2
B1-000983#1,2
B1-000983#10,2
B1-000983#11,1
B1-000983#12,2
B1-000983#13,2
B1-000983#14,2
B1-000983#15,2
B1-000983#16,2
B1-000983#2,2
B1-000983#3,2
B1-000983#4,2
B1-000983#5,2
B1-000983#6,2
B1-000983#7,2
B1-000983#8,2
B1-000983#9,2
B1-000984#0,2
B1-000984#1,2
B1-000984#2,2
B1-000984#3,2
B1-000984#4,2
B1-000984#5,2
B1-000984#6,2
B1-000985#0,2
B1-000985#1,2
B1-000985#10,2
B1-000985#11,2
B1-000985#12,2
B1-000985#13,2
B1-000985#14,2
B1-000985#15,2
B1-000985#16,2
B1-000985#2,2
B1-000985#3,2
B1-000985#4,2
B1-000985#5,2
B1-000985#6,2
B1-000985#7,2
B1-000985#8,2
B1-000985#9,2
B1-000986#0,2
B1-000986#1,2
B1-000986#2,2
B1-000986#3,2
B1-000986#4,2
B1-000986#5,2
B1-000986#6,2
B1-000986#7,2
B1-000987#0,2
B1-000987#1,2
B1-000987#2,2
B1-000987#3,2
B1-000987#4,2
B1-000987#5,2
B1-000987#6,2
B1-000987#7,2
B1-000987#8,2
B1-000987#9,2
B1-000988#0,2
B1-000988#1,2
B1-000988#2,2
B1-000988#3,2
B1-000988#4,2
B1-000988#5,2
B1-000988#6,2
B1-000988#7,2
B1-000988#8,2
B1-000989#0,2
B1-000989#1,2
B1-000989#10,2
B1-000989#11,2
B1-000989#2,2
B1-000989#3,2
B1-000989#4,2
B1-000989#5,2
B1-000989#6,2
B1-000989#7,2
B1-000989#8,2
B1-000989#9,2
B1-000990#0,2
B1-000990#1,2
B1-000990#10,2
B1-000990#11,2
B1-000990#2,2
B1-000990#3,2
B1-000990#4,2
B1-000990#5,2
B1-000990#6,2
B1-000990#7,2
B1-000990#8,2
B1-000990#9,2
B1-000991#0,2
B1-000991#1,2
B1-000991#10,2
B1-000991#11,2
B1-000991#2,2
B1-000991#3,2
B1-000991#4,2
B1-000991#5,2
B1-000991#6,2
B1-000991#7,2
B1-000991#8,2
B1-000991#9,2
B1-000992#0,2
B1-000992#1,2
B1-000992#10,2
B1-000992#11,2
B1-000992#12,2
B1-000992#13,2
B1-000992#2,2
B1-000992#3,2
B1-000992#4,2
B1-000992#5,2
B1-000992#6,2
B1-000992#7,2
B1-000992#8,2
B1-000992#9,2
B1-000993#0,2
B1-000993#10,2
B1-000993#11,2
B1-000993#12,2
B1-000993#2,2
B1-000993#3,1
B1-000993#4,2
B1-000993#5,2
B1-000993#6,2
B1-000993#7,2
B1-000993#8,2
B1-000993#9,2
B1-000994#0,2
B1-000994#1,2
B1-000994#2,2
B1-000994#3,2
B1-000994#4,2
B1-000994#5,2
B1-000994#6,2
B1-000994#7,2
B1-000995#0,2
B1-000995#1,2
B1-000995#10,2
B1-000995#11,2
B1-000995#12,2
B1-000995#13,2
B1-000995#2,2
B1-000995#3,2
B1-000995#4,2
B1-000995#5,2
B1-000995#6,2
B1-000995#7,2
B1-000995#8,2
B1-000995#9,2
B1-000996#0,2
B1-000996#1,2
B1-000996#10,2
B1-000996#11,2
B1-000996#12,2
B1-000996#13,2
B1-000996#14,2
B1-000996#2,2
B1-000996#3,2
B1-000996#4,2
B1-000996#5,2
B1-000996#6,2
B1-000996#7,2
B1-000996#8,2
B1-000996#9,2
B1-000997#0,2
B1-000997#1,2
B1-000997#2,2
B1-000997#3,2
B1-000997#4,2
B1-000997#5,2
B1-000998#0,2
B1-000998#1,2
B1-000998#10,2
B1-000998#11,2
B1-000998#12,2
B1-000998#13,2
B1-000998#14,2
B1-000998#2,2
B1-000998#3,2
B1-000998#4,2
B1-000998#5,2
B1-000998#6,2
B1-000998#7,2
B1-000998#8,2
B1-000998#9,2
B1-000999#0,2
B1-000999#1,2
B1-000999#2,2
B1-000999#3,2
B1-000999#4,2
B1-000999#5,2
B1-000999#6,2
B1-000999#7,2
B1-000999#8,2
B1-000999#9,2
B1-001000#0,1
B1-001000#1,2
B1-001000#10,2
B1-001000#11,2
B1-001000#12,2
B1-001000#13,2
B1-001000#14,2
B1-001000#2,2
B1-001000#3,2
B1-001000#4,2
B1-001000#5,2
B1-001000#6,1
B1-001000#7,2
B1-001000#8,2
B1-001000#9,2
B1-001001#0,2
B1-001001#1,1
B1-001001#2,2
B1-001001#3,2
B1-001001#4,2
B1-001001#5,2
B1-001001#6,2
B1-001001#7,2
B1-001001#8,2
B1-001001#9,2
B1-001002#0,2
B1-001002#1,2
B1-001002#2,2
B1-001002#3,2
B1-001002#4,2
B1-001002#5,2
B1-001002#6,2
B1-001003#0,2
B1-001003#1,2
B1-001003#10,2
B1-001003#11,2
B1-001003#12,2
B1-001003#13,2
B1-001003#2,2
B1-001003#3,2
B1-001003#4,1
B1-001003#5,2
B1-001003#6,2
B1-001003#7,2
B1-001003#8,2
B1-001003#9,2
B1-001004#0,2
B1-001004#1,2
B1-001004#2,2
B1-001004#3,2
B1-001004#4,2
B1-001004#5,2
B1-001005#0,2
B1-001005#1,2
B1-001005#2,2
B1-001005#3,2
B1-001005#4,2
B1-001006#0,2
B1-001006#1,2
B1-001006#2,2
B1-001006#3,2
B1-001006#4,2
B1-001006#5,2
B1-001006#6,2
B1-001006#7,2
B1-001006#8,2
B1-001006#9,2
B1-001007#0,2
B1-001007#1,2
B1-001007#10,2
B1-001007#11,0
B1-001007#12,2
B1-001007#2,2
B1-001007#3,2
B1-001007#4,2
B1-001007#5,2
B1-001007#6,2
B1-001007#7,2
B1-001007#8,2
B1-001007#9,2
B1-001008#0,2
B1-001008#1,2
B1-001008#2,2
B1-001008#3,2
B1-001009#0,2
B1-001009#1,2
B1-001009#2,2
B1-001009#3,2
B1-001009#4,2
B1-001009#5,2
B1-001010#0,1
B1-001010#1,2
B1-001010#2,2
B1-001010#3,2
B1-001010#4,2
B1-001010#5,2
B1-001010#6,2
B1-001010#7,2
B1-001010#8,2
B1-001010#9,2
B1-001011#0,0
B1-001011#1,0
B1-001011#2,2
B1-001011#3,2
B1-001011#4,2
B1-001011#5,2
B1-001011#6,2
B1-001011#7,2
B1-001012#0,2
B1-001012#1,2
B1-001012#2,2
B1-001012#3,2
B1-001012#4,2
B1-001012#5,2
B1-001012#6,2
B1-001012#7,2
B1-001012#8,2
B1-001012#9,2
B1-001013#0,2
B1-001013#1,2
B1-001013#2,2
B1-001013#3,2
B1-001013#4,2
B1-001014#0,2
B1-001014#1,2
B1-001014#10,2
B1-001014#2,2
B1-001014#3,2
B1-001014#4,2
B1-001014#5,2
B1-001014#6,2
B1-001014#7,2
B1-001014#8,2
B1-001014#9,2
B1-001015#0,2
B1-001015#1,2
B1-001015#2,2
B1-001015#3,2
B1-001015#4,2
B1-001015#5,2
B1-001015#6,2
B1-001015#7,2
B1-001015#8,2
B1-001015#9,2
B1-001016#0,2
B1-001016#1,2
B1-001016#2,2
B1-001016#3,2
B1-001016#4,2
B1-001016#5,2
B1-001016#6,2
B1-001016#7,2
B1-001016#8,2
B1-001016#9,2
B1-001017#0,2
B1-001017#1,2
B1-001017#10,2
B1-001017#12,2
B1-001017#2,2
B1-001017#3,2
B1-001017#4,2
B1-001017#5,2
B1-001017#6,2
B1-001017#7,2
B1-001017#8,2
B1-001017#9,2
B1-001018#0,2
B1-001018#1,2
B1-001018#2,2
B1-001018#3,2
B1-001018#4,2
B1-001018#5,2
B1-001019#0,2
B1-001019#1,2
B1-001019#2,2
B1-001019#3,2
B1-001019#4,2
B1-001020#0,2
B1-001020#1,2
B1-001020#2,2
B1-001020#3,2
B1-001020#4,2
B1-001020#5,2
B1-001021#0,2
B1-001021#1,2
B1-001021#10,2
B1-001021#11,2
B1-001021#12,2
B1-001021#13,2
B1-001021#2,2
B1-001021#3,2
B1-001021#4,2
B1-001021#5,2
B1-001021#6,2
B1-001021#7,2
B1-001021#8,2
B1-001021#9,2
B1-001022#0,2
B1-001022#1,2
B1-001022#2,2
B1-001022#3,2
B1-001022#4,2
B1-001022#5,2
B1-001022#6,2
B1-001022#7,2
B1-001022#8,2
B1-001022#9,2
B1-001023#0,2
B1-001023#1,2
B1-001023#2,2
B1-001023#3,2
B1-001023#4,2
B1-001023#5,2
B1-001023#6,2
B1-001023#7,2
B1-001023#8,2
B1-001023#9,2
B1-001024#0,2
B1-001024#1,2
B1-001024#10,2
B1-001024#11,2
B1-001024#12,2
B1-001024#13,2
B1-001024#14,2
B1-001024#15,2
B1-001024#16,2
B1-001024#17,2
B1-001024#2,2
B1-001024#3,2
B1-001024#4,2
B1-001024#5,1
B1-001024#6,2
B1-001024#7,2
B1-001024#8,2
B1-001024#9,2
B1-001025#0,2
B1-001025#1,2
B1-001025#10,2
B1-001025#11,2
B1-001025#12,2
B1-001025#13,2
B1-001025#2,2
B1-001025#3,2
B1-001025#4,2
B1-001025#5,2
B1-001025#6,2
B1-001025#7,2
B1-001025#8,2
B1-001025#9,2
B1-001026#0,2
B1-001026#1,2
B1-001026#2,2
B1-001026#3,2
B1-001026#4,2
B1-001026#5,2
B1-001027#0,1
B1-001027#1,2
B1-001027#10,1
B1-001027#11,2
B1-001027#12,0
B1-001027#2,2
B1-001027#3,2
B1-001027#4,2
B1-001027#5,2
B1-001027#6,2
B1-001027#7,2
B1-001027#8,2
B1-001027#9,2
B1-001028#0,2
B1-001028#1,2
B1-001028#2,2
B1-001028#3,2
B1-001028#4,2
B1-001028#5,2
B1-001028#6,2
B1-001028#7,2
B1-001028#8,2
B1-001029#0,2
B1-001029#1,0
B1-001029#10,2
B1-001029#11,2
B1-001029#12,2
B1-001029#13,2
B1-001029#14,2
B1-001029#15,2
B1-001029#16,2
B1-001029#2,2
B1-001029#3,2
B1-001029#4,2
B1-001029#5,2
B1-001029#6,2
B1-001029#7,2
B1-001029#8,2
B1-001029#9,2
B1-001030#0,2
B1-001030#1,2
B1-001030#10,2
B1-001030#11,2
B1-001030#12,2
B1-001030#13,2
B1-001030#14,2
B1-001030#15,2
B1-001030#2,2
B1-001030#3,2
B1-001030#4,2
B1-001030#5,2
B1-001030#6,2
B1-001030#7,1
B1-001030#8,2
B1-001030#9,2
B1-001031#0,2
B1-001031#1,2
B1-001031#2,2
B1-001031#3,2
B1-001031#4,2
B1-001032#0,2
B1-001032#1,2
B1-001032#10,2
B1-001032#11,2
B1-001032#12,2
B1-001032#13,2
B1-001032#14,2
B1-001032#15,2
B1-001032#16,2
B1-001032#2,2
B1-001032#3,2
B1-001032#4,2
B1-001032#5,2
B1-001032#6,2
B1-001032#7,2
B1-001032#8,2
B1-001032#9,2
B1-001033#0,2
B1-001033#1,2
B1-001033#10,2
B1-001033#11,2
B1-001033#12,2
B1-001033#2,2
B1-001033#3,2
B1-001033#4,2
B1-001033#5,2
B1-001033#6,2
B1-001033#7,2
B1-001033#8,2
B1-001033#9,2
B1-001034#0,1
B1-001034#1,2
B1-001034#2,2
B1-001034#3,2
B1-001034#4,2
B1-001034#5,2
B1-001035#0,2
B1-001035#1,2
B1-001035#10,2
B1-001035#11,2
B1-001035#12,2
B1-001035#13,2
B1-001035#14,2
B1-001035#15,2
B1-001035#2,2
B1-001035#3,2
B1-001035#4,2
B1-001035#5,2
B1-001035#6,2
B1-001035#7,2
B1-001035#8,2
B1-001035#9,2
B1-001036#0,2
B1-001036#1,2
B1-001036#10,2
B1-001036#11,2
B1-001036#12,2
B1-001036#13,2
B1-001036#2,2
B1-001036#3,2
B1-001036#4,2
B1-001036#5,2
B1-001036#6,2
B1-001036#7,2
B1-001036#8,2
B1-001036#9,2
B1-001037#0,2
B1-001037#1,2
B1-001037#2,2
B1-001037#3,2
B1-001037#4,2
B1-001037#5,2
B1-001037#6,2
B1-001038#0,2
B1-001038#1,2
B1-001038#10,2
B1-001038#2,2
B1-001038#3,2
B1-001038#4,2
B1-001038#5,2
B1-001038#6,2
B1-001038#7,2
B1-001038#8,2
B1-001038#9,2
B1-001039#0,2
B1-001039#1,2
B1-001039#2,2
B1-001039#3,2
B1-001039#4,2
B1-001039#5,2
B1-001039#6,2
B1-001039#7,2
B1-001039#8,2
B1-001039#9,2
B1-001040#0,2
B1-001040#1,2
B1-001040#10,2
B1-001040#11,2
B1-001040#12,2
B1-001040#2,2
B1-001040#3,2
B1-001040#4,2
B1-001040#5,2
B1-001040#6,2
B1-001040#7,0
B1-001040#8,2
B1-001040#9,2
B1-001041#0,1
B1-001041#1,2
B1-001041#2,2
B1-001041#3,2
B1-001041#4,2
B1-001041#5,2
B1-001041#6,2
B1-001042#0,2
B1-001042#1,2
B1-001042#10,2
B1-001042#11,2
B1-001042#12,2
B1-001042#13,2
B1-001042#2,2
B1-001042#3,2
B1-001042#4,2
B1-001042#5,2
B1-001042#6,2
B1-001042#7,2
B1-001042#8,2
B1-001042#9,2
B1-001043#0,2
B1-001043#1,2
B1-001043#2,2
B1-001043#3,2
B1-001043#4,2
B1-001043#5,2
B1-001043#6,2
B1-001044#0,2
B1-001044#1,2
B1-001044#10,2
B1-001044#11,2
B1-001044#12,2
B1-001044#2,2
B1-001044#3,2
B1-001044#4,2
B1-001044#5,2
B1-001044#6,2
B1-001044#7,0
B1-001044#8,2
B1-001044#9,2
B1-001045#0,2
B1-001045#1,2
B1-001045#2,2
B1-001045#3,2
B1-001045#4,2
B1-001045#5,2
B1-001045#6,2
B1-001046#0,2
B1-001046#1,2
B1-001046#10,2
B1-001046#11,2
B1-001046#12,2
B1-001046#13,2
B1-001046#2,2
B1-001046#3,2
B1-001046#4,2
B1-001046#5,2
B1-001046#6,2
B1-001046#7,2
B1-001046#8,2
B1-001046#9,2
B1-001047#0,2
B1-001047#1,2
B1-001047#10,2
B1-001047#11,2
B1-001047#2,2
B1-001047#4,2
B1-001047#5,2
B1-001047#6,2
B1-001047#7,2
B1-001047#8,2
B1-001047#9,2
B1-001048#0,2
B1-001048#1,2
B1-001048#2,2
B1-001048#3,2
B1-001048#4,2
B1-001048#5,2
B1-001048#6,2
B1-001048#7,2
B1-001049#0,2
B1-001049#1,2
B1-001049#2,2
B1-001049#3,2
B1-001049#4,0
B1-001049#5,0
B1-001049#6,2
B1-001050#0,2
B1-001050#1,2
B1-001050#2,2
B1-001050#3,2
B1-001050#4,2
B1-001050#5,2
B1-001051#0,2
B1-001051#1,2
B1-001051#10,2
B1-001051#11,2
B1-001051#12,2
B1-001051#13,2
B1-001051#14,2
B1-001051#15,2
B1-001051#2,2
B1-001051#3,2
B1-001051#4,2
B1-001051#5,2
B1-001051#6,2
B1-001051#7,2
B1-001051#8,2
B1-001051#9,2
B1-001052#0,2
B1-001052#1,2
B1-001052#2,2
B1-001052#3,2
B1-001052#4,2
B1-001052#5,2
B1-001052#6,2
B1-001052#7,2
B1-001052#8,2
B1-001053#0,2
B1-001053#1,2
B1-001053#10,2
B1-001053#11,2
B1-001053#12,2
B1-001053#13,2
B1-001053#14,2
B1-001053#15,2
B1-001053#2,2
B1-001053#3,2
B1-001053#4,2
B1-001053#5,2
B1-001053#6,2
B1-001053#7,2
B1-001053#8,2
B1-001053#9,2
B1-001054#0,2
B1-001054#1,2
B1-001054#10,2
B1-001054#11,2
B1-001054#12,2
B1-001054#13,2
B1-001054#14,2
B1-001054#2,2
B1-001054#3,2
B1-001054#4,2
B1-001054#5,2
B1-001054#6,2
B1-001054#7,2
B1-001054#8,2
B1-001054#9,2
B1-001055#0,2
B1-001055#1,2
B1-001055#10,2
B1-001055#11,2
B1-001055#12,1
B1-001055#13,2
B1-001055#14,2
B1-001055#15,2
B1-001055#16,2
B1-001055#2,2
B1-001055#3,2
B1-001055#4,2
B1-001055#5,2
B1-001055#6,2
B1-001055#7,2
B1-001055#8,2
B1-001055#9,2
B1-001056#0,2
B1-001056#1,2
B1-001056#10,2
B1-001056#11,2
B1-001056#12,2
B1-001056#13,2
B1-001056#2,2
B1-001056#3,2
B1-001056#4,2
B1-001056#5,2
B1-001056#6,2
B1-001056#7,2
B1-001056#8,2
B1-001056#9,2
B1-001057#0,2
B1-001057#1,2
B1-001057#2,2
B1-001057#3,2
B1-001057#4,2
B1-001057#5,2
B1-001058#0,2
B1-001058#1,2
B1-001058#2,2
B1-001058#3,2
B1-001058#4,2
B1-001058#5,2
B1-001058#6,2
B1-001058#7,2
B1-001059#0,2
B1-001059#1,2
B1-001059#10,2
B1-001059#11,2
B1-001059#12,2
B1-001059#13,2
B1-001059#2,2
B1-001059#3,2
B1-001059#4,2
B1-001059#5,2
B1-001059#6,2
B1-001059#7,2
B1-001059#8,2
B1-001059#9,2
B1-001060#0,2
B1-001060#1,2
B1-001060#2,2
B1-001060#3,2
B1-001060#4,2
B1-001060#5,2
B1-001060#6,2
B1-001061#0,2
B1-001061#1,2
B1-001061#10,2
B1-001061#11,2
B1-001061#12,2
B1-001061#13,2
B1-001061#14,2
B1-001061#15,2
B1-001061#2,2
B1-001061#3,2
B1-001061#4,2
B1-001061#5,2
B1-001061#6,2
B1-001061#7,2
B1-001061#8,2
B1-001061#9,2
B1-001062#0,2
B1-001062#1,2
B1-001062#10,2
B1-001062#11,2
B1-001062#2,2
B1-001062#3,2
B1-001062#4,2
B1-001062#5,2
B1-001062#6,1
B1-001062#7,2
B1-001062#8,2
B1-001062#9,2
B1-001063#0,2
B1-001063#1,2
B1-001063#10,2
B1-001063#11,2
B1-001063#12,2
B1-001063#13,2
B1-001063#14,2
B1-001063#15,2
B1-001063#2,2
B1-001063#3,2
B1-001063#4,2
B1-001063#5,2
B1-001063#6,2
B1-001063#7,2
B1-001063#8,2
B1-001063#9,2
B1-001064#0,2
B1-001064#1,2
B1-001064#10,2
B1-001064#11,2
B1-001064#12,2
B1-001064#2,2
B1-001064#3,2
B1-001064#4,2
B1-001064#5,2
B1-001064#6,2
B1-001064#7,2
B1-001064#8,2
B1-001064#9,2
B1-001065#0,2
B1-001065#1,2
B1-001065#2,2
B1-001065#3,2
B1-001065#4,2
B1-001065#5,2
B1-001066#0,2
B1-001066#1,2
B1-001066#10,2
B1-001066#11,2
B1-001066#12,2
B1-001066#13,2
B1-001066#14,2
B1-001066#15,2
B1-001066#2,2
B1-001066#3,2
B1-001066#4,2
B1-001066#5,2
B1-001066#6,2
B1-001066#7,2
B1-001066#8,2
B1-001066#9,2
B1-001067#0,2
B1-001067#1,2
B1-001067#10,2
B1-001067#11,2
B1-001067#12,2
B1-001067#13,2
B1-001067#14,2
B1-001067#15,2
B1-001067#16,2
B1-001067#17,2
B1-001067#2,2
B1-001067#3,2
B1-001067#4,2
B1-001067#5,2
B1-001067#6,2
B1-001067#7,2
B1-001067#8,2
B1-001067#9,2
B1-001068#0,2
B1-001068#1,2
B1-001068#10,2
B1-001068#11,2
B1-001068#12,2
B1-001068#2,2
B1-001068#3,2
B1-001068#4,2
B1-001068#5,2
B1-001068#6,2
B1-001068#7,2
B1-001068#8,1
B1-001068#9,2
B1-001069#0,2
B1-001069#1,2
B1-001069#10,2
B1-001069#11,2
B1-001069#12,2
B1-001069#13,2
B1-001069#2,2
B1-001069#3,2
B1-001069#4,1
B1-001069#5,2
B1-001069#6,2
B1-001069#7,2
B1-001069#8,2
B1-001069#9,2
B1-001070#0,2
B1-001070#1,2
B1-001070#2,2
B1-001070#3,2
B1-001070#4,2
B1-001070#5,2
B1-001070#6,2
B1-001071#0,2
B1-001071#1,2
B1-001071#10,2
B1-001071#11,2
B1-001071#12,2
B1-001071#2,2
B1-001071#3,2
B1-001071#4,2
B1-001071#5,2
B1-001071#6,2
B1-001071#7,2
B1-001071#8,2
B1-001071#9,2
B1-001072#0,2
B1-001072#1,2
B1-001072#2,2
B1-001072#3,2
B1-001072#4,2
B1-001072#5,2
B1-001072#6,2
B1-001072#7,2
B1-001072#8,2
B1-001072#9,2
B1-001073#0,2
B1-001073#1,2
B1-001073#2,2
B1-001073#3,2
B1-001073#4,2
B1-001073#5,2
B1-001073#6,2
B1-001073#7,1
B1-001073#8,2
B1-001073#9,2
B1-001074#0,2
B1-001074#1,2
B1-001074#10,2
B1-001074#11,2
B1-001074#12,2
B1-001074#13,2
B1-001074#14,2
B1-001074#2,2
B1-001074#3,2
B1-001074#4,2
B1-001074#5,2
B1-001074#6,2
B1-001074#7,2
B1-001074#8,2
B1-001074#9,2
B1-001075#0,2
B1-001075#1,2
B1-001075#2,2
B1-001075#3,2
B1-001075#4,2
B1-001075#5,2
B1-001075#6,2
B1-001075#7,2
B1-001075#8,2
B1-001076#0,2
B1-001076#1,2
B1-001076#10,2
B1-001076#11,2
B1-001076#12,2
B1-001076#13,2
B1-001076#2,2
B1-001076#3,2
B1-001076#4,2
B1-001076#5,2
B1-001076#6,2
B1-001076#7,2
B1-001076#8,2
B1-001076#9,2
B1-001077#0,2
B1-001077#1,2
B1-001077#2,2
B1-001077#3,2
B1-001077#4,2
B1-001077#5,2
B1-001077#6,2
B1-001077#7,2
B1-001077#8,2
B1-001077#9,2
B1-001078#0,2
B1-001078#1,2
B1-001078#10,2
B1-001078#2,2
B1-001078#3,2
B1-001078#4,2
B1-001078#5,2
B1-001078#6,2
B1-001078#7,2
B1-001078#8,2
B1-001078#9,2
B1-001079#0,2
B1-001079#1,2
B1-001079#2,2
B1-001079#3,2
B1-001079#4,2
B1-001080#0,2
B1-001080#1,2
B1-001080#10,2
B1-001080#2,2
B1-001080#3,2
B1-001080#4,2
B1-001080#5,2
B1-001080#6,2
B1-001080#7,2
B1-001080#8,2
B1-001080#9,2
B1-001081#0,2
B1-001081#1,2
B1-001081#2,2
B1-001081#3,2
B1-001081#4,2
B1-001081#5,2
B1-001081#6,2
B1-001081#7,2
B1-001081#8,2
B1-001081#9,2
B1-001082#0,2
B1-001082#1,2
B1-001082#10,2
B1-001082#11,2
B1-001082#12,2
B1-001082#13,2
B1-001082#14,2
B1-001082#2,2
B1-001082#3,1
B1-001082#4,2
B1-001082#5,2
B1-001082#6,2
B1-001082#7,2
B1-001082#8,2
B1-001082#9,2
B1-001083#0,2
B1-001083#1,2
B1-001083#10,2
B1-001083#2,2
B1-001083#3,2
B1-001083#4,2
B1-001083#5,2
B1-001083#6,2
B1-001083#7,2
B1-001083#8,2
B1-001083#9,2
B1-001084#0,2
B1-001084#1,2
B1-001084#10,2
B1-001084#2,2
B1-001084#3,2
B1-001084#4,2
B1-001084#5,2
B1-001084#6,2
B1-001084#7,2
B1-001084#8,2
B1-001084#9,2
B1-001085#0,2
B1-001085#1,2
B1-001085#2,2
B1-001085#3,2
B1-001085#4,2
B1-001086#0,2
B1-001086#1,2
B1-001086#2,2
B1-001086#3,2
B1-001086#4,2
B1-001086#5,2
B1-001086#6,2
B1-001086#7,2
B1-001086#8,2
B1-001087#0,2
B1-001087#1,2
B1-001087#10,2
B1-001087#11,2
B1-001087#12,2
B1-001087#2,2
B1-001087#3,2
B1-001087#4,2
B1-001087#5,0
B1-001087#6,2
B1-001087#7,2
B1-001087#8,2
B1-001087#9,2
B1-001088#0,2
B1-001088#1,2
B1-001088#2,2
B1-001088#3,2
B1-001088#4,2
B1-001088#5,2
B1-001088#6,2
B1-001088#7,2
B1-001088#8,2
B1-001089#0,2
B1-001089#1,2
B1-001089#10,2
B1-001089#11,2
B1-001089#12,2
B1-001089#13,2
B1-001089#2,2
B1-001089#3,2
B1-001089#4,2
B1-001089#5,2
B1-001089#6,2
B1-001089#7,2
B1-001089#8,2
B1-001089#9,2
B1-001090#0,2
B1-001090#1,2
B1-001090#10,2
B1-001090#11,2
B1-001090#12,2
B1-001090#13,2
B1-001090#2,2
B1-001090#3,2
B1-001090#4,2
B1-001090#5,2
B1-001090#6,2
B1-001090#7,2
B1-001090#8,2
B1-001090#9,2
B1-001091#0,2
B1-001091#1,2
B1-001091#2,2
B1-001091#3,2
B1-001091#4,2
B1-001091#5,2
B1-001092#0,2
B1-001092#1,2
B1-001092#2,2
B1-001092#3,2
B1-001092#4,2
B1-001092#5,2
B1-001092#6,2
B1-001092#7,2
B1-001092#8,2
B1-001092#9,2
B1-001093#0,2
B1-001093#1,2
B1-001093#10,2
B1-001093#11,2
B1-001093#12,2
B1-001093#2,2
B1-001093#3,2
B1-001093#4,2
B1-001093#5,2
B1-001093#6,2
B1-001093#7,2
B1-001093#8,2
B1-001093#9,2
B1-001094#0,2
B1-001094#1,2
B1-001094#10,2
B1-001094#11,2
B1-001094#12,2
B1-001094#13,2
B1-001094#14,2
B1-001094#2,2
B1-001094#3,2
B1-001094#4,2
B1-001094#5,2
B1-001094#6,2
B1-001094#7,2
B1-001094#8,2
B1-001094#9,2
B1-001095#0,2
B1-001095#1,2
B1-001095#10,2
B1-001095#11,2
B1-001095#12,2
B1-001095#2,2
B1-001095#3,2
B1-001095#4,2
B1-001095#5,2
B1-001095#6,2
B1-001095#7,2
B1-001095#8,2
B1-001095#9,2
B1-001096#0,2
B1-001096#1,2
B1-001096#2,2
B1-001096#3,2
B1-001096#4,2
B1-001096#5,2
B1-001096#6,2
B1-001096#7,2
B1-001096#8,2
B1-001097#0,2
B1-001097#1,2
B1-001097#10,2
B1-001097#11,2
B1-001097#12,2
B1-001097#13,2
B1-001097#2,2
B1-001097#3,2
B1-001097#4,2
B1-001097#5,2
B1-001097#6,2
B1-001097#7,2
B1-001097#8,2
B1-001097#9,2
B1-001098#0,2
B1-001098#1,2
B1-001098#10,2
B1-001098#2,2
B1-001098#3,2
B1-001098#4,2
B1-001098#5,2
B1-001098#6,2
B1-001098#7,2
B1-001098#8,2
B1-001098#9,2
B1-001099#0,2
B1-001099#1,2
B1-001099#2,2
B1-001099#3,2
B1-001099#4,2
B1-001099#5,2
B1-001099#6,2
B1-001099#7,2
B1-001099#8,2
B1-001100#0,2
B1-001100#1,2
B1-001100#2,2
B1-001100#3,2
B1-001100#4,2
B1-001100#5,2
B1-001100#6,2
B1-001100#7,2
B1-001100#8,2
B1-001100#9,2
B1-001101#0,2
B1-001101#1,2
B1-001101#10,2
B1-001101#11,2
B1-001101#12,2
B1-001101#13,2
B1-001101#14,2
B1-001101#15,2
B1-001101#16,2
B1-001101#2,2
B1-001101#3,2
B1-001101#4,2
B1-001101#5,2
B1-001101#6,2
B1-001101#7,2
B1-001101#8,2
B1-001101#9,2
B1-001102#0,2
B1-001102#1,2
B1-001102#2,2
B1-001102#3,2
B1-001102#4,0
B1-001102#5,2
B1-001103#0,2
B1-001103#1,2
B1-001103#10,2
B1-001103#11,0
B1-001103#12,2
B1-001103#2,2
B1-001103#3,2
B1-001103#4,2
B1-001103#5,2
B1-001103#6,2
B1-001103#7,2
B1-001103#8,2
B1-001103#9,2
B1-001104#0,2
B1-001104#1,2
B1-001104#2,2
B1-001104#3,2
B1-001105#0,2
B1-001105#1,2
B1-001105#2,2
B1-001105#3,0
B1-001105#4,2
B1-001105#5,2
B1-001105#6,2
B1-001105#7,0
B1-001105#8,2
B1-001105#9,2
B1-001106#0,2
B1-001106#1,2
B1-001106#10,2
B1-001106#11,2
B1-001106#2,2
B1-001106#3,2
B1-001106#4,2
B1-001106#5,2
B1-001106#6,2
B1-001106#7,2
B1-001106#8,2
B1-001106#9,2
B1-001107#0,2
B1-001107#1,2
B1-001107#10,2
B1-001107#2,1
B1-001107#3,2
B1-001107#4,2
B1-001107#5,2
B1-001107#6,2
B1-001107#7,2
B1-001107#8,2
B1-001107#9,2
B1-001108#0,2
B1-001108#1,2
B1-001108#10,2
B1-001108#11,2
B1-001108#12,2
B1-001108#2,2
B1-001108#3,2
B1-001108#4,2
B1-001108#5,2
B1-001108#6,2
B1-001108#7,2
B1-001108#8,2
B1-001108#9,2
B1-001109#0,2
B1-001109#1,2
B1-001109#2,2
B1-001109#3,2
B1-001109#4,2
B1-001109#5,2
B1-001109#6,2
B1-001110#0,2
B1-001110#1,2
B1-001110#10,2
B1-001110#11,2
B1-001110#12,2
B1-001110#13,2
B1-001110#14,2
B1-001110#2,2
B1-001110#3,2
B1-001110#4,2
B1-001110#5,2
B1-001110#6,2
B1-001110#7,2
B1-001110#8,2
B1-001110#9,2
B1-001111#0,2
B1-001111#1,2
B1-001111#10,2
B1-001111#11,2
B1-001111#12,2
B1-001111#13,2
B1-001111#2,1
B1-001111#3,2
B1-001111#4,2
B1-001111#5,2
B1-001111#6,2
B1-001111#7,2
B1-001111#8,1
B1-001111#9,2
B1-001112#0,2
B1-001112#1,2
B1-001112#2,2
B1-001112#3,2
B1-001112#4,2
B1-001112#5,2
B1-001112#6,2
B1-001112#7,2
B1-001112#8,2
B1-001112#9,2
B1-001113#0,2
B1-001113#1,2
B1-001113#10,2
B1-001113#11,2
B1-001113#12,2
B1-001113#13,2
B1-001113#14,2
B1-001113#15,2
B1-001113#2,2
B1-001113#3,2
B1-001113#4,2
B1-001113#5,2
B1-001113#6,2
B1-001113#7,2
B1-001113#8,2
B1-001113#9,2
B1-001114#0,2
B1-001114#1,2
B1-001114#2,2
B1-001114#3,2
B1-001114#4,2
B1-001114#5,2
B1-001114#6,2
B1-001114#7,2
B1-001115#0,2
B1-001115#1,2
B1-001115#10,2
B1-001115#11,2
B1-001115#12,2
B1-001115#13,2
B1-001115#14,2
B1-001115#15,2
B1-001115#16,2
B1-001115#2,2
B1-001115#3,2
B1-001115#4,2
B1-001115#5,2
B1-001115#6,2
B1-001115#7,2
B1-001115#8,2
B1-001115#9,2
B1-001116#0,2
B1-001116#1,2
B1-001116#10,2
B1-001116#11,2
B1-001116#2,2
B1-001116#3,2
B1-001116#4,2
B1-001116#5,2
B1-001116#6,2
B1-001116#7,2
B1-001116#8,2
B1-001116#9,2
B1-001117#0,1
B1-001117#1,2
B1-001117#2,2
B1-001117#3,2
B1-001117#4,2
B1-001117#5,2
B1-001117#6,2
B1-001117#7,2
B1-001118#0,2
B1-001118#1,2
B1-001118#10,1
B1-001118#11,2
B1-001118#12,2
B1-001118#13,2
B1-001118#2,2
B1-001118#3,2
B1-001118#4,2
B1-001118#5,2
B1-001118#6,2
B1-001118#7,2
B1-001118#8,2
B1-001118#9,2
B1-001119#0,2
B1-001119#1,2
B1-001119#10,2
B1-001119#11,2
B1-001119#12,2
B1-001119#13,2
B1-001119#14,2
B1-001119#2,2
B1-001119#3,2
B1-001119#4,2
B1-001119#5,2
B1-001119#6,2
B1-001119#7,2
B1-001119#8,2
B1-001119#9,2
B1-001120#0,2
B1-001120#1,2
B1-001120#2,2
B1-001120#3,2
B1-001120#4,2
B1-001120#5,2
B1-001120#6,2
B1-001120#7,2
B1-001120#8,2
B1-001120#9,2
B1-001121#0,2
B1-001121#1,2
B1-001121#2,2
B1-001121#3,2
B1-001121#4,2
B1-001121#5,2
B1-001121#6,0
B1-001122#0,1
B1-001122#1,2
B1-001122#10,2
B1-001122#11,2
B1-001122#12,2
B1-001122#2,2
B1-001122#3,2
B1-001122#4,2
B1-001122#5,2
B1-001122#6,2
B1-001122#7,2
B1-001122#8,2
B1-001122#9,2
B1-001123#0,2
B1-001123#1,2
B1-001123#10,2
B1-001123#11,2
B1-001123#12,2
B1-001123#13,2
B1-001123#14,2
B1-001123#15,2
B1-001123#16,2
B1-001123#17,2
B1-001123#2,2
B1-001123#3,2
B1-001123#4,2
B1-001123#5,2
B1-001123#6,2
B1-001123#7,2
B1-001123#8,2
B1-001123#9,2
B1-001124#0,2
B1-001124#1,2
B1-001124#10,2
B1-001124#11,2
B1-001124#12,2
B1-001124#13,2
B1-001124#14,2
B1-001124#15,2
B1-001124#16,2
B1-001124#2,2
B1-001124#3,2
B1-001124#4,2
B1-001124#5,2
B1-001124#6,2
B1-001124#7,2
B1-001124#8,2
B1-001124#9,2
B1-001125#0,2
B1-001125#1,2
B1-001125#10,2
B1-001125#11,2
B1-001125#2,2
B1-001125#3,2
B1-001125#4,2
B1-001125#5,2
B1-001125#6,2
B1-001125#7,2
B1-001125#8,2
B1-001125#9,2
B1-001126#0,2
B1-001126#1,2
B1-001126#2,2
B1-001126#3,2
B1-001126#4,2
B1-001126#5,2
B1-001127#0,2
B1-001127#1,2
B1-001127#2,2
B1-001127#3,1
B1-001127#4,2
B1-001127#5,2
B1-001127#6,2
B1-001127#7,2
B1-001127#8,2
B1-001127#9,2
B1-001128#0,2
B1-001128#1,2
B1-001128#10,2
B1-001128#11,2
B1-001128#12,2
B1-001128#13,2
B1-001128#14,2
B1-001128#15,2
B1-001128#2,2
B1-001128#3,2
B1-001128#4,2
B1-001128#5,2
B1-001128#6,2
B1-001128#7,2
B1-001128#8,2
B1-001128#9,2
B1-001129#0,2
B1-001129#2,2
B1-001129#4,2
B1-001129#5,2
B1-001129#6,2
B1-001130#0,2
B1-001130#1,1
B1-001130#2,2
B1-001130#3,2
B1-001130#4,2
B1-001130#5,2
B1-001130#6,2
B1-001130#7,2
B1-001130#8,2
B1-001131#0,2
B1-001131#1,2
B1-001131#10,2
B1-001131#2,2
B1-001131#3,2
B1-001131#4,2
B1-001131#5,2
B1-001131#6,2
B1-001131#7,2
B1-001131#8,2
B1-001131#9,2
B1-001132#0,2
B1-001132#1,2
B1-001132#2,2
B1-001132#3,2
B1-001132#4,2
B1-001133#0,2
B1-001133#1,2
B1-001133#2,2
B1-001133#3,2
B1-001133#4,2
B1-001133#5,2
B1-001133#6,2
B1-001133#7,2
B1-001134#0,2
B1-001134#1,2
B1-001134#10,2
B1-001134#11,2
B1-001134#12,2
B1-001134#13,2
B1-001134#2,2
B1-001134#3,2
B1-001134#4,2
B1-001134#5,2
B1-001134#6,2
B1-001134#7,2
B1-001134#8,2
B1-001134#9,2
B1-001135#0,2
B1-001135#1,2
B1-001135#10,2
B1-001135#11,2
B1-001135#12,2
B1-001135#13,2
B1-001135#14,2
B1-001135#15,2
B1-001135#2,2
B1-001135#3,2
B1-001135#4,2
B1-001135#5,2
B1-001135#6,2
B1-001135#7,2
B1-001135#8,2
B1-001135#9,2
B1-001136#0,2
B1-001136#1,2
B1-001136#2,2
B1-001136#3,2
B1-001136#4,2
B1-001136#5,2
B1-001136#6,2
B1-001136#7,2
B1-001136#8,2
B1-001136#9,2
B1-001137#0,2
B1-001137#1,2
B1-001137#2,2
B1-001137#3,2
B1-001137#4,2
B1-001137#5,2
B1-001137#6,2
B1-001138#0,2
B1-001138#1,2
B1-001138#10,2
B1-001138#11,2
B1-001138#12,2
B1-001138#2,2
B1-001138#3,2
B1-001138#4,2
B1-001138#5,2
B1-001138#6,2
B1-001138#7,2
B1-001138#8,2
B1-001138#9,2
B1-001139#0,2
B1-001139#1,2
B1-001139#10,2
B1-001139#11,2
B1-001139#12,2
B1-001139#13,2
B1-001139#14,2
B1-001139#15,2
B1-001139#2,2
B1-001139#3,2
B1-001139#4,2
B1-001139#5,2
B1-001139#6,2
B1-001139#7,0
B1-001139#8,2
B1-001139#9,2
B1-001140#0,2
B1-001140#1,2
B1-001140#10,2
B1-001140#11,2
B1-001140#12,2
B1-001140#13,2
B1-001140#2,2
B1-001140#3,2
B1-001140#4,2
B1-001140#5,2
B1-001140#6,2
B1-001140#7,2
B1-001140#8,2
B1-001140#9,1
B1-001141#0,2
B1-001141#1,2
B1-001141#3,2
B1-001142#0,2
B1-001142#1,2
B1-001142#2,2
B1-001142#3,2
B1-001142#4,2
B1-001142#5,2
B1-001143#0,2
B1-001143#1,2
B1-001143#2,2
B1-001143#3,2
B1-001143#4,2
B1-001143#5,2
B1-001143#6,2
B1-001143#7,2
B1-001144#0,2
B1-001144#1,2
B1-001144#10,2
B1-001144#11,2
B1-001144#2,2
B1-001144#3,2
B1-001144#4,2
B1-001144#5,2
B1-001144#6,2
B1-001144#7,2
B1-001144#8,2
B1-001144#9,2
B1-001145#0,2
B1-001145#1,2
B1-001145#10,2
B1-001145#11,1
B1-001145#12,2
B1-001145#13,2
B1-001145#2,2
B1-001145#3,2
B1-001145#4,2
B1-001145#5,0
B1-001145#6,2
B1-001145#7,2
B1-001145#8,2
B1-001145#9,2
B1-001146#0,2
B1-001146#1,2
B1-001146#2,2
B1-001146#3,2
B1-001146#4,2
B1-001146#5,2
B1-001146#6,2
B1-001147#0,2
B1-001147#1,2
B1-001147#10,2
B1-001147#11,2
B1-001147#12,2
B1-001147#13,2
B1-001147#14,2
B1-001147#15,2
B1-001147#16,2
B1-001147#2,2
B1-001147#3,2
B1-001147#4,2
B1-001147#5,2
B1-001147#6,2
B1-001147#7,2
B1-001147#8,2
B1-001147#9,2
B1-001148#0,2
B1-001148#1,2
B1-001148#10,2
B1-001148#11,2
B1-001148#12,2
B1-001148#2,2
B1-001148#3,2
B1-001148#4,2
B1-001148#5,2
B1-001148#6,2
B1-001148#7,2
B1-001148#8,2
B1-001148#9,2
B1-001149#0,2
B1-001149#1,2
B1-001149#2,2
B1-001149#3,2
B1-001149#4,2
B1-001149#5,2
B1-001150#0,2
B1-001150#1,2
B1-001150#10,2
B1-001150#11,2
B1-001150#12,2
B1-001150#13,2
B1-001150#14,2
B1-001150#15,2
B1-001150#16,2
B1-001150#2,2
B1-001150#3,2
B1-001150#4,2
B1-001150#5,2
B1-001150#6,2
B1-001150#7,2
B1-001150#8,2
B1-001150#9,2
B1-001151#0,2
B1-001151#1,2
B1-001151#2,2
B1-001151#3,2
B1-001151#4,2
B1-001151#5,2
B1-001151#6,2
B1-001152#0,2
B1-001152#1,2
B1-001152#2,2
B1-001152#3,1
B1-001152#4,2
B1-001152#5,2
B1-001152#6,2
B1-001152#7,2
B1-001152#8,2
B1-001153#0,2
B1-001153#1,2
B1-001153#10,2
B1-001153#11,2
B1-001153#12,2
B1-001153#13,2
B1-001153#14,2
B1-001153#15,2
B1-001153#16,2
B1-001153#17,2
B1-001153#2,2
B1-001153#3,2
B1-001153#4,2
B1-001153#5,2
B1-001153#6,2
B1-001153#7,2
B1-001153#8,2
B1-001153#9,2
B1-001154#0,2
B1-001154#1,2
B1-001154#2,2
B1-001154#3,2
B1-001154#4,2
B1-001154#5,2
B1-001155#0,2
B1-001155#1,2
B1-001155#2,2
B1-001155#3,2
B1-001155#4,2
B1-001155#5,2
B1-001156#0,2
B1-001156#1,2
B1-001156#2,2
B1-001156#3,2
B1-001156#4,2
B1-001156#5,2
B1-001156#6,2
B1-001156#7,2
B1-001156#8,2
B1-001156#9,2
B1-001157#0,2
B1-001157#1,2
B1-001157#2,2
B1-001157#3,2
B1-001157#4,2
B1-001157#5,2
B1-001157#6,2
B1-001157#7,2
B1-001158#0,2
B1-001158#1,2
B1-001158#2,2
B1-001158#3,2
B1-001158#4,2
B1-001158#5,2
B1-001159#0,2
B1-001159#1,1
B1-001159#10,2
B1-001159#11,2
B1-001159#12,2
B1-001159#13,2
B1-001159#14,2
B1-001159#15,2
B1-001159#2,2
B1-001159#3,2
B1-001159#4,2
B1-001159#5,2
B1-001159#6,2
B1-001159#7,2
B1-001159#8,2
B1-001159#9,2
B1-001160#0,2
B1-001160#1,2
B1-001160#2,0
B1-001160#3,2
B1-001160#4,2
B1-001160#5,2
B1-001160#6,2
B1-001160#7,2
B1-001160#8,2
B1-001161#0,2
B1-001161#1,2
B1-001161#10,2
B1-001161#11,2
B1-001161#12,0
B1-001161#13,2
B1-001161#2,2
B1-001161#3,0
B1-001161#4,2
B1-001161#5,2
B1-001161#6,2
B1-001161#7,2
B1-001161#8,2
B1-001161#9,2
B1-001162#0,2
B1-001162#1,2
B1-001162#10,2
B1-001162#2,2
B1-001162#3,2
B1-001162#4,2
B1-001162#5,2
B1-001162#6,2
B1-001162#7,2
B1-001162#8,2
B1-001162#9,2
B1-001163#0,2
B1-001163#1,2
B1-001163#2,2
B1-001163#3,2
B1-001163#4,2
B1-001163#5,2
B1-001163#6,2
B1-001164#0,2
B1-001164#1,2
B1-001164#2,2
B1-001164#3,2
B1-001164#4,2
B1-001164#5,2
B1-001164#6,2
B1-001164#7,2
B1-001165#0,2
B1-001165#1,2
B1-001165#2,2
B1-001165#3,2
B1-001165#4,2
B1-001165#5,2
B1-001165#6,2
B1-001165#7,2
B1-001165#8,2
B1-001165#9,2
B1-001166#0,2
B1-001166#1,2
B1-001166#10,2
B1-001166#11,2
B1-001166#2,2
B1-001166#3,2
B1-001166#4,2
B1-001166#5,2
B1-001166#6,2
B1-001166#7,2
B1-001166#8,2
B1-001166#9,2
B1-001167#0,2
B1-001167#1,2
B1-001167#10,2
B1-001167#11,2
B1-001167#12,2
B1-001167#13,2
B1-001167#14,2
B1-001167#2,2
B1-001167#3,2
B1-001167#4,2
B1-001167#5,2
B1-001167#6,2
B1-001167#7,2
B1-001167#8,2
B1-001167#9,2
B1-001168#0,2
B1-001168#1,2
B1-001168#10,2
B1-001168#11,2
B1-001168#12,2
B1-001168#13,2
B1-001168#14,2
B1-001168#15,2
B1-001168#2,2
B1-001168#3,2
B1-001168#4,2
B1-001168#5,2
B1-001168#6,2
B1-001168#7,2
B1-001168#8,2
B1-001168#9,2
B1-001169#0,2
B1-001169#1,2
B1-001169#2,2
B1-001169#3,2
B1-001169#4,2
B1-001169#5,2
B1-001170#0,2
B1-001170#1,2
B1-001170#10,2
B1-001170#11,2
B1-001170#12,2
B1-001170#13,2
B1-001170#14,2
B1-001170#2,2
B1-001170#3,2
B1-001170#4,2
B1-001170#5,2
B1-001170#6,2
B1-001170#7,2
B1-001170#8,2
B1-001170#9,2
B1-001171#0,2
B1-001171#1,2
B1-001171#10,2
B1-001171#11,2
B1-001171#12,2
B1-001171#13,2
B1-001171#2,2
B1-001171#3,2
B1-001171#4,2
B1-001171#5,2
B1-001171#6,2
B1-001171#7,2
B1-001171#8,2
B1-001171#9,2
B1-001172#0,2
B1-001172#1,2
B1-001172#2,2
B1-001172#3,2
B1-001172#4,2
B1-001172#5,2
B1-001172#6,2
B1-001173#0,2
B1-001173#1,2
B1-001173#2,2
B1-001173#3,2
B1-001173#4,2
B1-001173#5,2
B1-001173#6,2
B1-001173#7,2
B1-001174#0,2
B1-001174#1,2
B1-001174#2,2
B1-001174#3,2
B1-001174#4,1
B1-001174#5,2
B1-001175#0,2
B1-001175#1,2
B1-001175#2,2
B1-001175#3,2
B1-001175#4,2
B1-001175#5,2
B1-001176#0,2
B1-001176#1,2
B1-001176#2,2
B1-001176#3,2
B1-001176#4,2
B1-001176#5,2
B1-001177#0,2
B1-001177#1,2
B1-001177#10,2
B1-001177#11,2
B1-001177#2,2
B1-001177#3,2
B1-001177#4,2
B1-001177#5,2
B1-001177#6,2
B1-001177#7,2
B1-001177#8,2
B1-001177#9,2
B1-001178#0,2
B1-001178#1,2
B1-001178#10,2
B1-001178#11,2
B1-001178#2,2
B1-001178#3,2
B1-001178#4,2
B1-001178#5,2
B1-001178#6,1
B1-001178#7,2
B1-001178#8,2
B1-001178#9,2
B1-001179#0,2
B1-001179#1,2
B1-001179#10,2
B1-001179#11,2
B1-001179#12,2
B1-001179#13,2
B1-001179#14,2
B1-001179#15,1
B1-001179#16,2
B1-001179#2,2
B1-001179#3,2
B1-001179#4,2
B1-001179#5,2
B1-001179#6,2
B1-001179#7,2
B1-001179#8,2
B1-001179#9,2
B1-001180#0,2
B1-001180#1,2
B1-001180#2,2
B1-001180#3,2
B1-001180#4,2
B1-001181#0,2
B1-001181#1,2
B1-001181#10,2
B1-001181#11,2
B1-001181#12,2
B1-001181#2,2
B1-001181#3,2
B1-001181#4,2
B1-001181#5,2
B1-001181#6,2
B1-001181#7,2
B1-001181#8,2
B1-001181#9,2
B1-001182#0,2
B1-001182#1,2
B1-001182#10,2
B1-001182#11,2
B1-001182#12,2
B1-001182#13,2
B1-001182#14,2
B1-001182#15,2
B1-001182#2,2
B1-001182#3,2
B1-001182#4,2
B1-001182#5,2
B1-001182#6,2
B1-001182#7,2
B1-001182#8,2
B1-001182#9,2
B1-001183#0,2
B1-001183#1,2
B1-001183#10,2
B1-001183#11,2
B1-001183#12,2
B1-001183#13,2
B1-001183#14,2
B1-001183#15,2
B1-001183#16,2
B1-001183#17,2
B1-001183#2,2
B1-001183#3,2
B1-001183#4,2
B1-001183#5,1
B1-001183#6,2
B1-001183#7,2
B1-001183#8,2
B1-001183#9,2
B1-001184#0,2
B1-001184#1,2
B1-001184#10,2
B1-001184#11,2
B1-001184#12,2
B1-001184#13,2
B1-001184#14,2
B1-001184#2,2
B1-001184#3,2
B1-001184#4,2
B1-001184#5,2
B1-001184#6,2
B1-001184#7,2
B1-001184#8,2
B1-001184#9,2
B1-001185#0,2
B1-001185#1,2
B1-001185#2,2
B1-001185#3,2
B1-001185#4,2
B1-001185#5,2
B1-001185#6,2
B1-001186#0,2
B1-001186#1,2
B1-001186#10,2
B1-001186#11,2
B1-001186#12,2
B1-001186#13,2
B1-001186#14,2
B1-001186#15,2
B1-001186#16,2
B1-001186#17,2
B1-001186#2,2
B1-001186#3,2
B1-001186#4,2
B1-001186#5,2
B1-001186#6,2
B1-001186#7,2
B1-001186#8,2
B1-001186#9,2
B1-001187#0,2
B1-001187#1,0
B1-001187#10,2
B1-001187#11,2
B1-001187#12,2
B1-001187#13,2
B1-001187#14,2
B1-001187#15,2
B1-001187#16,2
B1-001187#2,2
B1-001187#3,2
B1-001187#4,2
B1-001187#5,2
B1-001187#6,2
B1-001187#7,2
B1-001187#8,2
B1-001187#9,2
B1-001188#0,2
B1-001188#1,2
B1-001188#10,2
B1-001188#11,2
B1-001188#2,2
B1-001188#3,2
B1-001188#4,2
B1-001188#5,2
B1-001188#6,2
B1-001188#7,2
B1-001188#8,2
B1-001188#9,2
B1-001189#0,2
B1-001189#1,2
B1-001189#2,2
B1-001189#3,2
B1-001189#4,2
B1-001189#5,2
B1-001190#0,2
B1-001190#1,2
B1-001190#2,2
B1-001190#3,2
B1-001190#4,2
B1-001190#5,1
B1-001190#6,2
B1-001190#7,2
B1-001191#0,2
B1-001191#1,2
B1-001191#2,2
B1-001191#3,2
B1-001191#4,2
B1-001191#5,2
B1-001191#6,2
B1-001191#7,2
B1-001192#0,2
B1-001192#1,2
B1-001192#10,2
B1-001192#11,2
B1-001192#12,2
B1-001192#13,2
B1-001192#14,2
B1-001192#15,2
B1-001192#2,2
B1-001192#3,2
B1-001192#4,2
B1-001192#5,2
B1-001192#6,2
B1-001192#7,2
B1-001192#8,2
B1-001192#9,2
B1-001193#0,2
B1-001193#1,2
B1-001193#2,2
B1-001193#3,2
B1-001193#4,2
B1-001193#5,2
B1-001193#6,2
B1-001194#0,2
B1-001194#1,2
B1-001194#10,2
B1-001194#11,0
B1-001194#12,2
B1-001194#2,2
B1-001194#3,2
B1-001194#4,2
B1-001194#5,2
B1-001194#6,2
B1-001194#7,2
B1-001194#8,2
B1-001194#9,1
B1-001195#0,2
B1-001195#1,2
B1-001195#10,2
B1-001195#11,2
B1-001195#12,2
B1-001195#2,2
B1-001195#3,2
B1-001195#4,2
B1-001195#5,2
B1-001195#6,2
B1-001195#7,2
B1-001195#8,2
B1-001195#9,2
B1-001196#0,2
B1-001196#1,2
B1-001196#10,2
B1-001196#11,2
B1-001196#2,2
B1-001196#3,2
B1-001196#4,2
B1-001196#5,2
B1-001196#6,2
B1-001196#7,2
B1-001196#8,2
B1-001196#9,2
B1-001197#0,2
B1-001197#1,2
B1-001197#10,2
B1-001197#2,2
B1-001197#3,2
B1-001197#4,2
B1-001197#5,2
B1-001197#6,2
B1-001197#7,2
B1-001197#8,2
B1-001197#9,2
B1-001198#0,1
B1-001198#1,2
B1-001198#10,2
B1-001198#11,2
B1-001198#12,2
B1-001198#13,2
B1-001198#14,2
B1-001198#15,2
B1-001198#2,2
B1-001198#3,2
B1-001198#4,2
B1-001198#5,2
B1-001198#6,2
B1-001198#7,2
B1-001198#8,2
B1-001198#9,2
B1-001199#0,2
B1-001199#1,2
B1-001199#10,2
B1-001199#11,2
B1-001199#12,2
B1-001199#13,2
B1-001199#2,2
B1-001199#3,2
B1-001199#4,2
B1-001199#5,2
B1-001199#6,2
B1-001199#7,2
B1-001199#8,2
B1-001199#9,2
B1-001200#0,2
B1-001200#1,2
B1-001200#2,2
B1-001200#3,2
B1-001200#4,2
B1-001200#5,2
B1-001200#6,2
B1-001200#7,2
B1-001201#0,2
B1-001201#1,2
B1-001201#10,2
B1-001201#11,2
B1-001201#2,2
B1-001201#3,2
B1-001201#4,2
B1-001201#5,2
B1-001201#6,2
B1-001201#7,2
B1-001201#8,2
B1-001201#9,2
B1-001202#0,0
B1-001202#1,2
B1-001202#10,2
B1-001202#11,2
B1-001202#12,2
B1-001202#13,2
B1-001202#14,2
B1-001202#2,2
B1-001202#3,2
B1-001202#4,2
B1-001202#5,2
B1-001202#6,2
B1-001202#7,2
B1-001202#8,2
B1-001202#9,2
B1-001203#0,2
B1-001203#1,2
B1-001203#2,2
B1-001203#3,2
B1-001203#4,0
B1-001203#5,2
B1-001204#0,2
B1-001204#1,2
B1-001204#2,2
B1-001204#3,2
B1-001204#4,2
B1-001204#5,2
B1-001204#6,2
B1-001204#7,2
B1-001204#8,2
B1-001204#9,2
B1-001205#0,2
B1-001205#1,2
B1-001205#2,2
B1-001205#3,2
B1-001205#4,2
B1-001205#5,2
B1-001205#6,2
B1-001205#7,2
B1-001205#8,2
B1-001206#0,2
B1-001206#1,2
B1-001206#10,2
B1-001206#11,2
B1-001206#12,2
B1-001206#13,2
B1-001206#2,2
B1-001206#3,2
B1-001206#4,2
B1-001206#5,2
B1-001206#6,2
B1-001206#7,2
B1-001206#8,2
B1-001206#9,2
B1-001207#0,2
B1-001207#1,2
B1-001207#10,2
B1-001207#11,2
B1-001207#12,2
B1-001207#13,2
B1-001207#2,2
B1-001207#3,2
B1-001207#4,2
B1-001207#5,1
B1-001207#6,2
B1-001207#7,2
B1-001207#8,2
B1-001207#9,2
B1-001208#0,2
B1-001208#1,2
B1-001208#10,2
B1-001208#11,2
B1-001208#12,2
B1-001208#13,2
B1-001208#14,2
B1-001208#2,2
B1-001208#3,2
B1-001208#4,2
B1-001208#5,2
B1-001208#6,2
B1-001208#7,2
B1-001208#8,2
B1-001208#9,2
B1-001209#0,2
B1-001209#1,2
B1-001209#10,2
B1-001209#11,2
B1-001209#12,2
B1-001209#13,2
B1-001209#14,2
B1-001209#2,2
B1-001209#3,2
B1-001209#4,2
B1-001209#5,2
B1-001209#6,2
B1-001209#7,2
B1-001209#8,2
B1-001209#9,2
B1-001210#0,2
B1-001210#1,2
B1-001210#2,2
B1-001210#3,2
B1-001210#4,2
B1-001210#5,2
B1-001210#6,2
B1-001210#7,2
B1-001210#8,2
B1-001210#9,2
B1-001211#0,2
B1-001211#1,2
B1-001211#2,2
B1-001211#3,2
B1-001211#4,2
B1-001211#5,2
B1-001211#6,2
B1-001211#7,2
B1-001211#8,2
B1-001211#9,2
B1-001212#0,2
B1-001212#1,2
B1-001212#10,2
B1-001212#11,2
B1-001212#12,1
B1-001212#13,2
B1-001212#2,2
B1-001212#3,2
B1-001212#4,1
B1-001212#5,2
B1-001212#6,2
B1-001212#7,2
B1-001212#8,2
B1-001212#9,2
B1-001213#0,2
B1-001213#1,2
B1-001213#2,2
B1-001213#3,0
B1-001213#4,2
B1-001213#5,2
B1-001213#6,2
B1-001214#0,2
B1-001214#1,2
B1-001214#10,2
B1-001214#11,2
B1-001214#12,2
B1-001214#13,2
B1-001214#2,2
B1-001214#3,2
B1-001214#4,2
B1-001214#5,2
B1-001214#6,2
B1-001214#7,2
B1-001214#8,2
B1-001214#9,2
B1-001215#0,2
B1-001215#1,2
B1-001215#2,2
B1-001215#3,2
B1-001215#4,2
B1-001215#5,2
B1-001215#6,2
B1-001216#0,2
B1-001216#1,2
B1-001216#10,2
B1-001216#11,2
B1-001216#2,2
B1-001216#3,2
B1-001216#4,2
B1-001216#5,2
B1-001216#6,2
B1-001216#7,2
B1-001216#8,2
B1-001216#9,2
B1-001217#0,2
B1-001217#1,2
B1-001217#10,2
B1-001217#11,2
B1-001217#2,2
B1-001217#3,2
B1-001217#4,2
B1-001217#5,2
B1-001217#6,2
B1-001217#7,2
B1-001217#8,2
B1-001217#9,2
B1-001218#0,2
B1-001218#1,2
B1-001218#2,2
B1-001218#3,1
B1-001218#4,2
B1-001218#5,2
B1-001218#6,2
B1-001218#7,2
B1-001218#8,2
B1-001218#9,2
B1-001219#0,2
B1-001219#1,2
B1-001219#10,2
B1-001219#11,2
B1-001219#12,2
B1-001219#13,2
B1-001219#14,2
B1-001219#15,2
B1-001219#16,2
B1-001219#2,2
B1-001219#3,2
B1-001219#4,2
B1-001219#5,2
B1-001219#6,2
B1-001219#7,2
B1-001219#8,2
B1-001219#9,2
B1-001220#0,2
B1-001220#1,2
B1-001220#10,2
B1-001220#2,2
B1-001220#3,2
B1-001220#4,2
B1-001220#5,2
B1-001220#6,2
B1-001220#7,2
B1-001220#8,2
B1-001220#9,2
B1-001221#0,1
B1-001221#1,2
B1-001221#10,2
B1-001221#11,2
B1-001221#12,2
B1-001221#2,2
B1-001221#3,1
B1-001221#4,2
B1-001221#5,2
B1-001221#6,2
B1-001221#7,0
B1-001221#8,2
B1-001221#9,2
B1-001222#0,2
B1-001222#1,2
B1-001222#10,2
B1-001222#11,2
B1-001222#2,2
B1-001222#3,2
B1-001222#4,2
B1-001222#5,2
B1-001222#6,2
B1-001222#7,2
B1-001222#8,2
B1-001222#9,2
B1-001223#0,2
B1-001223#1,2
B1-001223#2,2
B1-001223#3,2
B1-001223#4,2
B1-001223#5,2
B1-001223#6,2
B1-001224#0,2
B1-001224#1,2
B1-001224#2,2
B1-001224#3,2
B1-001224#4,2
B1-001224#5,2
B1-001224#6,2
B1-001224#7,2
B1-001224#8,2
B1-001224#9,2
B1-001225#0,2
B1-001225#1,2
B1-001225#2,2
B1-001225#3,2
B1-001225#4,2
B1-001225#5,2
B1-001225#6,2
B1-001226#0,2
B1-001226#1,2
B1-001226#2,2
B1-001226#3,2
B1-001226#4,2
B1-001226#5,2
B1-001226#6,2
B1-001226#7,2
B1-001226#8,2
B1-001226#9,2
B1-001227#0,2
B1-001227#1,2
B1-001227#10,0
B1-001227#2,2
B1-001227#3,2
B1-001227#4,2
B1-001227#5,2
B1-001227#6,2
B1-001227#7,2
B1-001227#8,2
B1-001227#9,2
B1-001228#0,2
B1-001228#1,2
B1-001228#10,2
B1-001228#11,2
B1-001228#12,2
B1-001228#13,2
B1-001228#14,2
B1-001228#15,2
B1-001228#16,2
B1-001228#2,2
B1-001228#3,2
B1-001228#4,2
B1-001228#5,2
B1-001228#6,2
B1-001228#7,2
B1-001228#8,2
B1-001228#9,2
B1-001229#0,2
B1-001229#1,2
B1-001229#2,2
B1-001229#3,2
B1-001229#4,2
B1-001230#0,2
B1-001230#1,2
B1-001230#10,2
B1-001230#11,2
B1-001230#12,2
B1-001230#13,2
B1-001230#14,2
B1-001230#15,1
B1-001230#16,2
B1-001230#2,2
B1-001230#3,2
B1-001230#4,2
B1-001230#5,2
B1-001230#6,2
B1-001230#7,2
B1-001230#8,2
B1-001230#9,2
B1-001231#0,2
B1-001231#1,2
B1-001231#2,2
B1-001231#3,2
B1-001231#4,2
B1-001231#5,2
B1-001231#6,2
B1-001231#7,2
B1-001231#8,2
B1-001232#0,2
B1-001232#1,2
B1-001232#10,2
B1-001232#11,2
B1-001232#12,2
B1-001232#13,2
B1-001232#14,2
B1-001232#2,2
B1-001232#3,2
B1-001232#4,2
B1-001232#5,2
B1-001232#6,2
B1-001232#7,2
B1-001232#8,2
B1-001232#9,2
B1-001233#0,2
B1-001233#1,2
B1-001233#10,2
B1-001233#11,2
B1-001233#12,2
B1-001233#13,2
B1-001233#14,2
B1-001233#2,2
B1-001233#3,2
B1-001233#4,2
B1-001233#5,2
B1-001233#6,2
B1-001233#7,2
B1-001233#8,2
B1-001233#9,2
B1-001234#0,2
B1-001234#1,2
B1-001234#2,2
B1-001234#3,2
B1-001234#4,2
B1-001234#5,2
B1-001234#6,2
B1-001234#7,2
B1-001235#0,2
B1-001235#1,2
B1-001235#10,2
B1-001235#11,2
B1-001235#12,2
B1-001235#13,2
B1-001235#14,0
B1-001235#15,2
B1-001235#16,2
B1-001235#2,1
B1-001235#3,2
B1-001235#4,2
B1-001235#5,2
B1-001235#6,0
B1-001235#7,2
B1-001235#8,2
B1-001235#9,2
B1-001236#0,1
B1-001236#1,2
B1-001236#10,2
B1-001236#11,2
B1-001236#12,2
B1-001236#13,2
B1-001236#14,2
B1-001236#2,2
B1-001236#3,2
B1-001236#4,2
B1-001236#5,2
B1-001236#6,2
B1-001236#7,2
B1-001236#8,2
B1-001236#9,2
B1-001237#0,2
B1-001237#1,2
B1-001237#2,2
B1-001237#3,2
B1-001237#4,2
B1-001237#5,2
B1-001237#6,2
B1-001237#7,2
B1-001237#8,2
B1-001237#9,2
B1-001238#0,2
B1-001238#1,2
B1-001238#10,2
B1-001238#11,2
B1-001238#12,2
B1-001238#2,2
B1-001238#3,2
B1-001238#4,2
B1-001238#5,2
B1-001238#6,2
B1-001238#7,2
B1-001238#8,2
B1-001238#9,2
B1-001239#0,2
B1-001239#1,2
B1-001239#2,2
B1-001239#3,2
B1-001239#4,2
B1-001239#5,2
B1-001240#0,1
B1-001240#1,2
B1-001240#2,2
B1-001240#3,2
B1-001240#4,2
B1-001240#5,2
B1-001240#6,2
B1-001240#7,2
B1-001240#8,2
B1-001241#0,2
B1-001241#1,2
B1-001241#10,2
B1-001241#11,2
B1-001241#12,2
B1-001241#13,2
B1-001241#14,2
B1-001241#15,2
B1-001241#2,2
B1-001241#3,2
B1-001241#4,2
B1-001241#5,2
B1-001241#6,2
B1-001241#7,2
B1-001241#8,2
B1-001241#9,2
B1-001242#0,2
B1-001242#1,2
B1-001242#10,2
B1-001242#11,2
B1-001242#12,1
B1-001242#13,2
B1-001242#14,2
B1-001242#2,2
B1-001242#3,2
B1-001242#4,2
B1-001242#5,2
B1-001242#6,2
B1-001242#7,2
B1-001242#8,2
B1-001242#9,2
B1-001243#0,2
B1-001243#1,2
B1-001243#2,2
B1-001243#3,2
B1-001243#4,2
B1-001243#5,2
B1-001243#6,2
B1-001243#7,2
B1-001244#0,2
B1-001244#1,2
B1-001244#10,2
B1-001244#11,2
B1-001244#12,2
B1-001244#13,2
B1-001244#2,2
B1-001244#3,2
B1-001244#4,2
B1-001244#5,2
B1-001244#6,2
B1-001244#7,2
B1-001244#8,2
B1-001244#9,2
B1-001245#0,2
B1-001245#1,2
B1-001245#2,2
B1-001245#3,2
B1-001245#4,2
B1-001245#5,2
B1-001245#6,2
B1-001246#0,2
B1-001246#1,2
B1-001246#10,2
B1-001246#11,2
B1-001246#12,2
B1-001246#13,2
B1-001246#14,2
B1-001246#2,2
B1-001246#3,2
B1-001246#4,2
B1-001246#5,2
B1-001246#6,2
B1-001246#7,2
B1-001246#8,2
B1-001246#9,2
B1-001247#0,2
B1-001247#1,2
B1-001247#10,2
B1-001247#2,2
B1-001247#3,2
B1-001247#4,2
B1-001247#5,2
B1-001247#6,2
B1-001247#7,2
B1-001247#8,2
B1-001247#9,0
B1-001248#0,2
B1-001248#1,2
B1-001248#10,2
B1-001248#11,2
B1-001248#12,2
B1-001248#13,2
B1-001248#14,2
B1-001248#2,2
B1-001248#3,2
B1-001248#4,2
B1-001248#5,2
B1-001248#6,2
B1-001248#7,2
B1-001248#8,2
B1-001248#9,2
B1-001249#0,2
B1-001249#1,2
B1-001249#2,2
B1-001249#3,2
B1-001249#4,2
B1-001249#5,2
B1-001249#6,2
B1-001249#7,2
B1-001250#0,2
B1-001250#1,2
B1-001250#2,2
B1-001250#3,2
B1-001250#4,2
B1-001250#5,2
B1-001250#6,0
B1-001250#7,2
B1-001251#0,2
B1-001251#1,2
B1-001251#10,2
B1-001251#11,2
B1-001251#12,2
B1-001251#13,2
B1-001251#14,2
B1-001251#15,2
B1-001251#16,2
B1-001251#2,2
B1-001251#3,2
B1-001251#4,2
B1-001251#5,0
B1-001251#6,2
B1-001251#7,2
B1-001251#8,2
B1-001251#9,2
B1-001252#0,2
B1-001252#1,2
B1-001252#2,2
B1-001252#3,2
B1-001252#4,2
B1-001252#5,2
B1-001252#6,2
B1-001252#7,1
B1-001252#8,2
B1-001252#9,2
B1-001253#0,2
B1-001253#1,2
B1-001253#10,2
B1-001253#11,2
B1-001253#12,2
B1-001253#13,2
B1-001253#14,2
B1-001253#15,2
B1-001253#16,2
B1-001253#17,2
B1-001253#2,2
B1-001253#3,2
B1-001253#4,1
B1-001253#5,2
B1-001253#6,2
B1-001253#7,2
B1-001253#8,1
B1-001253#9,2
B1-001254#0,2
B1-001254#1,2
B1-001254#10,2
B1-001254#11,2
B1-001254#12,2
B1-001254#13,2
B1-001254#14,2
B1-001254#15,2
B1-001254#2,2
B1-001254#3,2
B1-001254#4,2
B1-001254#5,2
B1-001254#6,2
B1-001254#7,2
B1-001254#8,2
B1-001254#9,2
B1-001255#0,2
B1-001255#1,1
B1-001255#10,2
B1-001255#11,2
B1-001255#12,2
B1-001255#13,2
B1-001255#14,2
B1-001255#15,2
B1-001255#16,2
B1-001255#17,2
B1-001255#2,2
B1-001255#3,2
B1-001255#4,2
B1-001255#5,2
B1-001255#6,2
B1-001255#7,2
B1-001255#8,2
B1-001255#9,2
B1-001256#0,2
B1-001256#1,2
B1-001256#2,1
B1-001256#3,2
B1-001256#4,2
B1-001256#5,2
B1-001256#6,2
B1-001256#7,2
B1-001256#8,2
B1-001256#9,2
B1-001257#0,2
B1-001257#1,2
B1-001257#2,2
B1-001257#3,2
B1-001257#4,2
B1-001257#5,2
B1-001257#6,2
B1-001257#7,2
B1-001257#8,2
B1-001257#9,2
B1-001258#0,2
B1-001258#1,2
B1-001258#2,2
B1-001258#3,2
B1-001258#4,2
B1-001258#5,2
B1-001259#0,2
B1-001259#1,2
B1-001259#10,2
B1-001259#11,2
B1-001259#2,2
B1-001259#3,2
B1-001259#4,2
B1-001259#5,2
B1-001259#6,2
B1-001259#7,2
B1-001259#8,2
B1-001259#9,2
B1-001260#0,2
B1-001260#1,2
B1-001260#2,2
B1-001260#3,2
B1-001260#4,2
B1-001260#5,2
B1-001261#0,2
B1-001261#1,2
B1-001261#10,2
B1-001261#11,2
B1-001261#12,2
B1-001261#13,2
B1-001261#14,1
B1-001261#15,2
B1-001261#2,2
B1-001261#3,2
B1-001261#4,2
B1-001261#5,2
B1-001261#6,2
B1-001261#7,2
B1-001261#8,2
B1-001261#9,2
B1-001262#0,2
B1-001262#1,2
B1-001262#10,2
B1-001262#2,2
B1-001262#3,2
B1-001262#4,2
B1-001262#5,2
B1-001262#6,2
B1-001262#7,2
B1-001262#8,2
B1-001262#9,2
B1-001263#0,2
B1-001263#1,2
B1-001263#10,2
B1-001263#11,2
B1-001263#12,2
B1-001263#13,2
B1-001263#2,1
B1-001263#3,2
B1-001263#4,2
B1-001263#5,2
B1-001263#6,2
B1-001263#7,2
B1-001263#8,2
B1-001263#9,2
B1-001264#0,2
B1-001264#1,2
B1-001264#10,2
B1-001264#11,2
B1-001264#2,2
B1-001264#3,2
B1-001264#4,2
B1-001264#5,2
B1-001264#6,2
B1-001264#7,2
B1-001264#8,2
B1-001264#9,2
B1-001265#0,2
B1-001265#1,2
B1-001265#10,2
B1-001265#11,2
B1-001265#12,2
B1-001265#2,2
B1-001265#3,2
B1-001265#4,2
B1-001265#5,2
B1-001265#6,2
B1-001265#7,2
B1-001265#8,2
B1-001265#9,2
B1-001266#0,2
B1-001266#1,2
B1-001266#10,2
B1-001266#11,2
B1-001266#12,2
B1-001266#2,2
B1-001266#3,2
B1-001266#4,2
B1-001266#5,2
B1-001266#6,2
B1-001266#7,2
B1-001266#8,2
B1-001266#9,2
B1-001267#0,2
B1-001267#1,2
B1-001267#10,2
B1-001267#11,1
B1-001267#12,2
B1-001267#2,2
B1-001267#3,2
B1-001267#4,2
B1-001267#5,2
B1-001267#6,2
B1-001267#7,2
B1-001267#8,2
B1-001267#9,2
B1-001268#0,2
B1-001268#1,2
B1-001268#2,2
B1-001268#3,2
B1-001268#4,2
B1-001268#5,2
B1-001268#6,2
B1-001268#7,2
B1-001268#8,2
B1-001268#9,2
B1-001269#0,2
B1-001269#1,2
B1-001269#2,2
B1-001269#3,2
B1-001269#4,2
B1-001269#5,2
B1-001269#6,2
B1-001270#0,2
B1-001270#1,2
B1-001270#2,2
B1-001270#3,2
B1-001270#4,2
B1-001270#5,2
B1-001270#6,2
B1-001271#0,2
B1-001271#1,2
B1-001271#10,2
B1-001271#2,2
B1-001271#3,2
B1-001271#4,2
B1-001271#5,2
B1-001271#6,2
B1-001271#7,2
B1-001271#8,1
B1-001271#9,2
B1-001272#0,2
B1-001272#1,2
B1-001272#10,2
B1-001272#2,2
B1-001272#3,2
B1-001272#4,2
B1-001272#5,2
B1-001272#6,2
B1-001272#7,2
B1-001272#8,2
B1-001272#9,2
B1-001273#0,2
B1-001273#1,2
B1-001273#2,2
B1-001273#3,2
B1-001273#4,0
B1-001273#5,2
B1-001274#0,2
B1-001274#1,2
B1-001274#10,2
B1-001274#11,2
B1-001274#12,2
B1-001274#13,2
B1-001274#14,2
B1-001274#15,2
B1-001274#16,2
B1-001274#2,2
B1-001274#3,2
B1-001274#4,2
B1-001274#5,2
B1-001274#6,2
B1-001274#7,2
B1-001274#8,2
B1-001274#9,2
B1-001275#0,2
B1-001275#1,2
B1-001275#10,2
B1-001275#11,2
B1-001275#12,2
B1-001275#2,2
B1-001275#3,2
B1-001275#4,2
B1-001275#5,2
B1-001275#6,2
B1-001275#7,2
B1-001275#8,2
B1-001275#9,2
B1-001276#0,2
B1-001276#1,2
B1-001276#10,2
B1-001276#11,2
B1-001276#12,2
B1-001276#13,2
B1-001276#14,2
B1-001276#15,2
B1-001276#2,2
B1-001276#3,2
B1-001276#4,2
B1-001276#5,2
B1-001276#6,2
B1-001276#7,2
B1-001276#8,2
B1-001276#9,2
B1-001277#0,2
B1-001277#1,2
B1-001277#2,2
B1-001277#3,2
B1-001277#4,2
B1-001277#5,2
B1-001278#0,2
B1-001278#1,2
B1-001278#2,2
B1-001278#3,2
B1-001279#0,2
B1-001279#1,2
B1-001279#10,2
B1-001279#11,2
B1-001279#12,2
B1-001279#13,2
B1-001279#14,2
B1-001279#15,2
B1-001279#16,2
B1-001279#2,2
B1-001279#3,2
B1-001279#4,2
B1-001279#5,2
B1-001279#6,2
B1-001279#7,2
B1-001279#8,2
B1-001279#9,2
B1-001280#0,2
B1-001280#1,2
B1-001280#2,2
B1-001280#3,2
B1-001280#4,2
B1-001280#5,2
B1-001280#6,2
B1-001280#7,2
B1-001280#8,2
B1-001281#0,2
B1-001281#1,2
B1-001281#2,2
B1-001281#3,2
B1-001281#4,2
B1-001281#5,2
B1-001281#6,2
B1-001281#7,2
B1-001281#8,2
B1-001282#0,2
B1-001282#1,2
B1-001282#10,2
B1-001282#11,2
B1-001282#2,2
B1-001282#3,2
B1-001282#4,2
B1-001282#5,2
B1-001282#6,2
B1-001282#7,2
B1-001282#8,2
B1-001282#9,2
B1-001283#0,2
B1-001283#1,2
B1-001283#2,2
B1-001283#3,2
B1-001283#4,2
B1-001283#5,2
B1-001283#6,2
B1-001284#0,2
B1-001284#1,2
B1-001284#2,2
B1-001284#3,2
B1-001284#4,2
B1-001284#5,2
B1-001284#6,2
B1-001284#7,2
B1-001284#8,2
B1-001285#0,2
B1-001285#1,2
B1-001285#10,2
B1-001285#2,2
B1-001285#3,2
B1-001285#4,2
B1-001285#5,2
B1-001285#6,2
B1-001285#7,2
B1-001285#8,2
B1-001285#9,1
B1-001286#0,2
B1-001286#1,2
B1-001286#10,2
B1-001286#11,2
B1-001286#12,2
B1-001286#2,2
B1-001286#3,2
B1-001286#4,2
B1-001286#5,2
B1-001286#6,2
B1-001286#7,2
B1-001286#8,2
B1-001286#9,2
B1-001287#0,2
B1-001287#1,2
B1-001287#2,2
B1-001287#3,2
B1-001287#4,2
B1-001287#5,2
B1-001287#6,2
B1-001288#0,2
B1-001288#1,2
B1-001288#10,2
B1-001288#11,2
B1-001288#12,2
B1-001288#13,2
B1-001288#2,2
B1-001288#3,2
B1-001288#4,2
B1-001288#5,2
B1-001288#6,2
B1-001288#7,2
B1-001288#8,2
B1-001288#9,2
B1-001289#0,1
B1-001289#1,2
B1-001289#10,2
B1-001289#11,2
B1-001289#12,2
B1-001289#13,1
B1-001289#2,2
B1-001289#3,2
B1-001289#4,2
B1-001289#5,2
B1-001289#6,2
B1-001289#7,2
B1-001289#8,1
B1-001289#9,2
B1-001290#0,2
B1-001290#1,2
B1-001290#2,2
B1-001290#3,2
B1-001290#4,2
B1-001290#5,2
B1-001291#0,2
B1-001291#1,2
B1-001291#2,2
B1-001291#3,2
B1-001291#4,2
B1-001291#5,2
B1-001291#6,2
B1-001292#0,2
B1-001292#1,0
B1-001292#10,2
B1-001292#11,2
B1-001292#12,2
B1-001292#2,2
B1-001292#3,1
B1-001292#4,2
B1-001292#5,2
B1-001292#6,2
B1-001292#7,2
B1-001292#8,2
B1-001292#9,0
B1-001293#0,2
B1-001293#1,2
B1-001293#10,2
B1-001293#11,2
B1-001293#12,2
B1-001293#13,2
B1-001293#14,2
B1-001293#15,2
B1-001293#16,2
B1-001293#2,2
B1-001293#3,2
B1-001293#4,2
B1-001293#5,2
B1-001293#6,2
B1-001293#7,2
B1-001293#8,2
B1-001293#9,2
B1-001294#0,1
B1-001294#1,2
B1-001294#10,2
B1-001294#11,2
B1-001294#2,2
B1-001294#3,2
B1-001294#4,2
B1-001294#5,2
B1-001294#6,2
B1-001294#7,2
B1-001294#8,2
B1-001294#9,2
B1-001295#0,2
B1-001295#1,2
B1-001295#2,2
B1-001295#3,2
B1-001295#4,2
B1-001295#5,2
B1-001296#0,2
B1-001296#1,2
B1-001296#2,2
B1-001296#3,2
B1-001296#4,2
B1-001297#0,2
B1-001297#1,2
B1-001297#2,2
B1-001297#3,2
B1-001297#4,2
B1-001297#5,0
B1-001297#6,2
B1-001298#0,2
B1-001298#1,2
B1-001298#2,2
B1-001298#3,2
B1-001298#4,2
B1-001298#5,2
B1-001299#0,1
B1-001299#1,2
B1-001299#2,2
B1-001299#3,2
B1-001299#4,2
B1-001299#5,2
B1-001299#6,2
B1-001299#7,2
B1-001299#8,2
B1-001299#9,2
B1-001300#0,2
B1-001300#1,2
B1-001300#10,2
B1-001300#11,2
B1-001300#12,2
B1-001300#13,2
B1-001300#14,2
B1-001300#15,2
B1-001300#2,2
B1-001300#3,2
B1-001300#4,2
B1-001300#5,2
B1-001300#6,2
B1-001300#7,2
B1-001300#8,2
B1-001300#9,2
B1-001301#0,2
B1-001301#1,2
B1-001301#10,2
B1-001301#11,2
B1-001301#12,0
B1-001301#13,2
B1-001301#14,2
B1-001301#15,2
B1-001301#16,2
B1-001301#2,2
B1-001301#3,2
B1-001301#4,2
B1-001301#5,2
B1-001301#6,2
B1-001301#7,2
B1-001301#8,2
B1-001301#9,2
B1-001302#0,2
B1-001302#1,2
B1-001302#10,2
B1-001302#11,2
B1-001302#2,2
B1-001302#3,2
B1-001302#4,2
B1-001302#5,2
B1-001302#6,2
B1-001302#7,2
B1-001302#8,2
B1-001302#9,2
B1-001303#0,2
B1-001303#1,2
B1-001303#2,2
B1-001303#3,2
B1-001303#4,2
B1-001303#5,2
B1-001303#6,2
B1-001303#7,2
B1-001304#0,2
B1-001304#1,2
B1-001304#10,2
B1-001304#2,2
B1-001304#3,2
B1-001304#4,2
B1-001304#5,2
B1-001304#6,2
B1-001304#7,2
B1-001304#8,2
B1-001304#9,2
B1-001305#0,2
B1-001305#1,2
B1-001305#2,2
B1-001305#3,2
B1-001305#4,2
B1-001305#5,2
B1-001306#0,2
B1-001306#1,2
B1-001306#10,2
B1-001306#11,2
B1-001306#12,2
B1-001306#2,2
B1-001306#3,2
B1-001306#4,2
B1-001306#5,2
B1-001306#6,2
B1-001306#7,1
B1-001306#8,2
B1-001306#9,2
B1-001307#0,2
B1-001307#1,2
B1-001307#10,2
B1-001307#11,2
B1-001307#12,2
B1-001307#13,2
B1-001307#14,2
B1-001307#2,2
B1-001307#3,2
B1-001307#4,2
B1-001307#5,2
B1-001307#6,2
B1-001307#7,2
B1-001307#8,2
B1-001307#9,2
B1-001308#0,2
B1-001308#1,2
B1-001308#2,2
B1-001308#3,1
B1-001308#4,2
B1-001308#5,2
B1-001308#6,2
B1-001308#7,2
B1-001309#0,2
B1-001309#1,2
B1-001309#10,2
B1-001309#11,2
B1-001309#12,2
B1-001309#13,2
B1-001309#14,2
B1-001309#15,2
B1-001309#2,2
B1-001309#3,2
B1-001309#4,2
B1-001309#5,2
B1-001309#6,2
B1-001309#7,2
B1-001309#8,2
B1-001309#9,2
B1-001310#0,2
B1-001310#1,2
B1-001310#2,2
B1-001310#3,2
B1-001310#4,2
B1-001310#5,2
B1-001310#6,2
B1-001310#7,2
B1-001310#8,2
B1-001310#9,2
B1-001311#0,2
B1-001311#1,2
B1-001311#10,2
B1-001311#11,2
B1-001311#12,2
B1-001311#13,2
B1-001311#2,2
B1-001311#3,2
B1-001311#4,2
B1-001311#5,2
B1-001311#6,2
B1-001311#7,2
B1-001311#8,2
B1-001311#9,2
B1-001312#0,2
B1-001312#1,2
B1-001312#2,2
B1-001312#3,2
B1-001312#4,2
B1-001312#5,2
B1-001313#0,2
B1-001313#1,2
B1-001313#10,2
B1-001313#2,2
B1-001313#3,2
B1-001313#4,2
B1-001313#5,2
B1-001313#6,2
B1-001313#7,2
B1-001313#8,2
B1-001313#9,2
B1-001314#0,2
B1-001314#1,2
B1-001314#10,2
B1-001314#11,2
B1-001314#12,1
B1-001314#13,2
B1-001314#14,2
B1-001314#15,2
B1-001314#16,2
B1-001314#2,2
B1-001314#3,2
B1-001314#4,2
B1-001314#5,2
B1-001314#6,2
B1-001314#7,2
B1-001314#8,2
B1-001314#9,2
B1-001315#0,2
B1-001315#1,2
B1-001315#10,2
B1-001315#11,2
B1-001315#12,2
B1-001315#2,2
B1-001315#3,2
B1-001315#4,2
B1-001315#5,2
B1-001315#6,2
B1-001315#7,1
B1-001315#8,2
B1-001315#9,2
B1-001316#0,2
B1-001316#1,2
B1-001316#10,2
B1-001316#11,2
B1-001316#12,2
B1-001316#13,2
B1-001316#14,2
B1-001316#2,2
B1-001316#3,2
B1-001316#4,2
B1-001316#5,2
B1-001316#6,2
B1-001316#7,2
B1-001316#8,2
B1-001316#9,2
B1-001317#0,2
B1-001317#1,2
B1-001317#10,2
B1-001317#11,2
B1-001317#12,2
B1-001317#13,2
B1-001317#14,2
B1-001317#2,2
B1-001317#3,2
B1-001317#4,2
B1-001317#5,2
B1-001317#6,2
B1-001317#7,2
B1-001317#8,2
B1-001317#9,2
B1-001318#0,2
B1-001318#1,2
B1-001318#2,2
B1-001318#3,2
B1-001318#4,2
B1-001319#0,2
B1-001319#1,2
B1-001319#10,2
B1-001319#11,2
B1-001319#12,2
B1-001319#13,2
B1-001319#14,2
B1-001319#2,2
B1-001319#3,2
B1-001319#4,2
B1-001319#5,2
B1-001319#6,1
B1-001319#7,2
B1-001319#8,2
B1-001319#9,2
B1-001320#0,2
B1-001320#1,2
B1-001320#10,2
B1-001320#11,2
B1-001320#12,2
B1-001320#13,2
B1-001320#14,2
B1-001320#15,2
B1-001320#16,2
B1-001320#2,2
B1-001320#3,2
B1-001320#4,2
B1-001320#5,2
B1-001320#6,2
B1-001320#7,2
B1-001320#8,1
B1-001320#9,2
B1-001321#0,2
B1-001321#1,2
B1-001321#2,2
B1-001321#3,2
B1-001321#4,2
B1-001322#0,1
B1-001322#1,2
B1-001322#2,2
B1-001322#3,2
B1-001322#5,2
B1-001322#6,2
B1-001322#7,2
B1-001322#8,2
B1-001322#9,2
B1-001323#0,2
B1-001323#1,2
B1-001323#2,2
B1-001323#3,2
B1-001323#4,2
B1-001323#5,2
B1-001323#6,2
B1-001323#8,2
B1-001324#0,2
B1-001324#1,2
B1-001324#10,2
B1-001324#11,2
B1-001324#2,2
B1-001324#3,2
B1-001324#4,2
B1-001324#5,2
B1-001324#6,2
B1-001324#7,2
B1-001324#8,2
B1-001324#9,2
B1-001325#0,2
B1-001325#1,2
B1-001325#10,2
B1-001325#11,2
B1-001325#12,2
B1-001325#13,2
B1-001325#2,2
B1-001325#3,2
B1-001325#4,2
B1-001325#5,2
B1-001325#6,2
B1-001325#7,2
B1-001325#8,2
B1-001325#9,2
B1-001326#0,2
B1-001326#1,2
B1-001326#10,2
B1-001326#11,2
B1-001326#12,2
B1-001326#13,2
B1-001326#14,2
B1-001326#2,2
B1-001326#3,2
B1-001326#4,2
B1-001326#5,2
B1-001326#6,2
B1-001326#7,2
B1-001326#8,2
B1-001326#9,2
B1-001327#0,2
B1-001327#1,2
B1-001327#2,2
B1-001327#3,2
B1-001328#0,2
B1-001328#1,2
B1-001328#2,2
B1-001328#3,2
B1-001328#4,2
B1-001328#5,2
B1-001329#0,2
B1-001329#1,2
B1-001329#10,2
B1-001329#11,2
B1-001329#12,2
B1-001329#13,2
B1-001329#2,2
B1-001329#3,2
B1-001329#4,2
B1-001329#5,2
B1-001329#6,2
B1-001329#7,2
B1-001329#8,2
B1-001329#9,2
B1-001330#0,2
B1-001330#1,2
B1-001330#10,2
B1-001330#2,2
B1-001330#3,2
B1-001330#4,2
B1-001330#5,1
B1-001330#6,2
B1-001330#7,2
B1-001330#8,2
B1-001330#9,2
B1-001331#0,2
B1-001331#1,2
B1-001331#10,1
B1-001331#11,0
B1-001331#12,2
B1-001331#13,2
B1-001331#14,2
B1-001331#15,2
B1-001331#2,2
B1-001331#3,2
B1-001331#4,2
B1-001331#5,2
B1-001331#6,2
B1-001331#7,2
B1-001331#8,2
B1-001331#9,2
B1-001332#0,2
B1-001332#1,2
B1-001332#2,2
B1-001332#3,2
B1-001332#4,2
B1-001332#5,2
B1-001332#6,2
B1-001332#7,2
B1-001333#0,2
B1-001333#1,2
B1-001333#10,2
B1-001333#11,2
B1-001333#12,2
B1-001333#2,2
B1-001333#3,1
B1-001333#4,1
B1-001333#5,2
B1-001333#6,2
B1-001333#7,2
B1-001333#8,2
B1-001333#9,2
B1-001334#0,2
B1-001334#1,2
B1-001334#2,2
B1-001334#3,2
B1-001334#4,2
B1-001334#5,2
B1-001335#0,2
B1-001335#1,2
B1-001335#2,2
B1-001335#3,2
B1-001335#4,2
B1-001335#5,2
B1-001335#6,2
B1-001335#7,2
B1-001335#8,2
B1-001336#0,2
B1-001336#1,2
B1-001336#2,2
B1-001336#3,2
B1-001336#4,2
B1-001336#5,2
B1-001336#6,2
B1-001336#7,2
B1-001337#0,2
B1-001337#1,2
B1-001337#2,2
B1-001337#3,2
B1-001337#4,2
B1-001337#5,2
B1-001338#0,2
B1-001338#1,2
B1-001338#10,2
B1-001338#11,2
B1-001338#2,2
B1-001338#3,2
B1-001338#4,2
B1-001338#5,2
B1-001338#6,2
B1-001338#7,2
B1-001338#8,2
B1-001338#9,2
B1-001339#0,2
B1-001339#1,2
B1-001339#10,2
B1-001339#12,2
B1-001339#2,2
B1-001339#3,2
B1-001339#4,2
B1-001339#5,2
B1-001339#6,2
B1-001339#7,2
B1-001339#8,2
B1-001339#9,2
B1-001340#0,2
B1-001340#1,2
B1-001340#10,2
B1-001340#2,2
B1-001340#3,2
B1-001340#4,2
B1-001340#5,2
B1-001340#6,2
B1-001340#7,2
B1-001340#8,2
B1-001340#9,2
B1-001341#0,2
B1-001341#1,2
B1-001341#10,2
B1-001341#2,2
B1-001341#3,2
B1-001341#4,2
B1-001341#5,2
B1-001341#6,2
B1-001341#7,2
B1-001341#8,2
B1-001341#9,2
B1-001342#0,2
B1-001342#1,2
B1-001342#10,2
B1-001342#11,2
B1-001342#2,2
B1-001342#3,2
B1-001342#4,2
B1-001342#5,2
B1-001342#6,2
B1-001342#7,2
B1-001342#8,2
B1-001342#9,2
B1-001343#0,2
B1-001343#1,2
B1-001343#10,2
B1-001343#11,2
B1-001343#12,2
B1-001343#13,2
B1-001343#14,2
B1-001343#2,2
B1-001343#3,2
B1-001343#4,2
B1-001343#5,2
B1-001343#6,2
B1-001343#7,2
B1-001343#8,2
B1-001343#9,2
B1-001344#0,2
B1-001344#1,2
B1-001344#2,2
B1-001344#3,2
B1-001344#4,2
B1-001344#5,2
B1-001344#6,2
B1-001345#0,2
B1-001345#1,2
B1-001345#2,2
B1-001345#3,2
B1-001345#4,2
B1-001346#0,2
B1-001346#1,2
B1-001346#10,2
B1-001346#11,2
B1-001346#12,2
B1-001346#13,2
B1-001346#2,2
B1-001346#3,2
B1-001346#4,2
B1-001346#5,2
B1-001346#6,2
B1-001346#7,1
B1-001346#8,2
B1-001346#9,2
B1-001347#0,2
B1-001347#1,2
B1-001347#10,2
B1-001347#11,2
B1-001347#12,2
B1-001347#2,2
B1-001347#3,2
B1-001347#4,2
B1-001347#5,2
B1-001347#6,2
B1-001347#7,2
B1-001347#8,2
B1-001347#9,2
B1-001348#0,2
B1-001348#1,2
B1-001348#10,2
B1-001348#11,2
B1-001348#2,2
B1-001348#3,2
B1-001348#4,2
B1-001348#5,2
B1-001348#6,2
B1-001348#7,2
B1-001348#8,2
B1-001348#9,2
B1-001349#0,2
B1-001349#1,2
B1-001349#10,2
B1-001349#11,2
B1-001349#12,2
B1-001349#2,2
B1-001349#3,2
B1-001349#4,2
B1-001349#5,2
B1-001349#6,2
B1-001349#7,2
B1-001349#8,2
B1-001349#9,2
B1-001350#0,2
B1-001350#1,2
B1-001350#10,2
B1-001350#11,2
B1-001350#12,2
B1-001350#13,2
B1-001350#2,2
B1-001350#3,2
B1-001350#4,2
B1-001350#5,2
B1-001350#6,2
B1-001350#7,2
B1-001350#8,2
B1-001350#9,2
B1-001351#0,2
B1-001351#1,2
B1-001351#2,0
B1-001351#3,2
B1-001351#4,2
B1-001351#5,2
B1-001351#6,2
B1-001352#0,2
B1-001352#1,2
B1-001352#2,2
B1-001352#3,2
B1-001352#4,2
B1-001352#5,2
B1-001352#6,2
B1-001353#0,2
B1-001353#1,2
B1-001353#2,2
B1-001353#3,2
B1-001353#4,2
B1-001353#5,1
B1-001353#6,2
B1-001353#7,2
B1-001354#0,2
B1-001354#1,2
B1-001354#10,2
B1-001354#11,2
B1-001354#12,2
B1-001354#13,2
B1-001354#14,2
B1-001354#2,2
B1-001354#3,2
B1-001354#4,2
B1-001354#5,2
B1-001354#6,2
B1-001354#7,2
B1-001354#8,2
B1-001354#9,1
B1-001355#0,2
B1-001355#1,2
B1-001355#10,2
B1-001355#11,2
B1-001355#12,2
B1-001355#13,2
B1-001355#14,2
B1-001355#15,2
B1-001355#2,2
B1-001355#3,2
B1-001355#4,2
B1-001355#5,2
B1-001355#6,2
B1-001355#7,2
B1-001355#8,0
B1-001355#9,2
B1-001356#0,2
B1-001356#1,2
B1-001356#10,2
B1-001356#11,2
B1-001356#12,2
B1-001356#13,2
B1-001356#2,2
B1-001356#3,2
B1-001356#4,2
B1-001356#5,2
B1-001356#6,2
B1-001356#7,2
B1-001356#8,2
B1-001356#9,2
B1-001357#0,2
B1-001357#1,2
B1-001357#10,2
B1-001357#11,2
B1-001357#12,2
B1-001357#13,2
B1-001357#2,2
B1-001357#3,2
B1-001357#4,2
B1-001357#5,2
B1-001357#6,2
B1-001357#7,2
B1-001357#8,2
B1-001357#9,2
B1-001358#0,2
B1-001358#1,2
B1-001358#2,2
B1-001358#3,2
B1-001358#4,2
B1-001358#5,2
B1-001358#6,2
B1-001358#7,2
B1-001358#8,2
B1-001358#9,2
B1-001359#0,2
B1-001359#1,2
B1-001359#2,2
B1-001359#3,2
B1-001359#4,2
B1-001360#0,2
B1-001360#1,2
B1-001360#2,0
B1-001360#3,2
B1-001360#4,2
B1-001360#5,2
B1-001360#6,2
B1-001361#0,2
B1-001361#1,2
B1-001361#2,2
B1-001361#3,2
B1-001361#4,2
B1-001361#5,2
B1-001362#0,1
B1-001362#1,2
B1-001362#11,2
B1-001362#2,2
B1-001362#3,2
B1-001362#4,2
B1-001362#5,2
B1-001362#6,2
B1-001362#7,2
B1-001362#8,2
B1-001362#9,2
B1-001363#0,2
B1-001363#1,2
B1-001363#2,2
B1-001363#3,2
B1-001363#4,2
B1-001363#5,2
B1-001363#6,2
B1-001364#0,2
B1-001364#1,2
B1-001364#10,2
B1-001364#11,2
B1-001364#12,2
B1-001364#13,0
B1-001364#14,2
B1-001364#15,2
B1-001364#2,2
B1-001364#3,2
B1-001364#5,2
B1-001364#6,2
B1-001364#7,2
B1-001364#8,2
B1-001364#9,2
B1-001365#0,2
B1-001365#1,2
B1-001365#10,2
B1-001365#11,2
B1-001365#12,1
B1-001365#13,2
B1-001365#2,2
B1-001365#3,2
B1-001365#4,2
B1-001365#5,2
B1-001365#6,2
B1-001365#7,2
B1-001365#8,2
B1-001365#9,2
B1-001366#0,2
B1-001366#1,2
B1-001366#10,2
B1-001366#11,2
B1-001366#12,2
B1-001366#13,2
B1-001366#2,2
B1-001366#3,2
B1-001366#4,2
B1-001366#5,2
B1-001366#6,2
B1-001366#7,2
B1-001366#8,1
B1-001366#9,2
B1-001367#0,2
B1-001367#1,2
B1-001367#10,2
B1-001367#11,2
B1-001367#2,2
B1-001367#3,2
B1-001367#4,2
B1-001367#5,2
B1-001367#6,2
B1-001367#8,2
B1-001367#9,2
B1-001368#0,2
B1-001368#1,2
B1-001368#2,2
B1-001368#3,2
B1-001368#4,2
B1-001368#5,2
B1-001368#6,2
B1-001369#0,2
B1-001369#1,2
B1-001369#2,2
B1-001369#3,2
B1-001369#4,2
B1-001369#5,2
B1-001369#6,2
B1-001369#7,2
B1-001369#8,2
B1-001370#0,2
B1-001370#1,2
B1-001370#10,2
B1-001370#11,2
B1-001370#12,2
B1-001370#13,2
B1-001370#2,2
B1-001370#3,2
B1-001370#4,2
B1-001370#5,2
B1-001370#6,2
B1-001370#7,2
B1-001370#8,2
B1-001370#9,2
B1-001371#0,2
B1-001371#1,2
B1-001371#10,2
B1-001371#11,2
B1-001371#12,2
B1-001371#13,2
B1-001371#14,2
B1-001371#15,2
B1-001371#2,2
B1-001371#3,2
B1-001371#4,2
B1-001371#5,2
B1-001371#6,2
B1-001371#7,2
B1-001371#8,2
B1-001371#9,2
B1-001372#0,2
B1-001372#1,2
B1-001372#2,2
B1-001372#3,2
B1-001373#0,2
B1-001373#1,2
B1-001373#10,2
B1-001373#11,2
B1-001373#12,2
B1-001373#13,2
B1-001373#14,2
B1-001373#2,2
B1-001373#3,2
B1-001373#4,2
B1-001373#5,2
B1-001373#6,2
B1-001373#7,2
B1-001373#8,2
B1-001373#9,2
B1-001374#0,2
B1-001374#1,2
B1-001374#10,2
B1-001374#11,2
B1-001374#12,2
B1-001374#2,2
B1-001374#3,2
B1-001374#4,2
B1-001374#5,2
B1-001374#6,2
B1-001374#7,2
B1-001374#8,2
B1-001374#9,2
B1-001375#0,2
B1-001375#1,2
B1-001375#2,2
B1-001375#3,2
B1-001375#4,2
B1-001375#5,2
B1-001375#6,2
B1-001375#7,2
B1-001375#8,2
B1-001376#0,2
B1-001376#1,2
B1-001376#2,2
B1-001376#3,2
B1-001376#4,2
B1-001376#5,2
B1-001376#6,2
B1-001376#7,2
B1-001376#8,2
B1-001377#0,2
B1-001377#1,2
B1-001377#10,2
B1-001377#11,2
B1-001377#12,2
B1-001377#13,2
B1-001377#14,2
B1-001377#2,2
B1-001377#3,2
B1-001377#4,2
B1-001377#5,2
B1-001377#6,2
B1-001377#7,2
B1-001377#8,2
B1-001377#9,2
B1-001378#0,2
B1-001378#1,2
B1-001378#2,2
B1-001378#3,2
B1-001378#4,2
B1-001378#5,2
B1-001379#0,2
B1-001379#1,2
B1-001379#10,2
B1-001379#11,2
B1-001379#12,2
B1-001379#13,2
B1-001379#2,2
B1-001379#3,2
B1-001379#4,2
B1-001379#5,2
B1-001379#6,2
B1-001379#7,1
B1-001379#8,2
B1-001379#9,2
B1-001380#0,2
B1-001380#1,2
B1-001380#2,2
B1-001380#3,2
B1-001380#4,2
B1-001380#5,2
B1-001380#6,2
B1-001381#0,2
B1-001381#1,2
B1-001381#2,2
B1-001381#3,2
B1-001381#4,2
B1-001381#5,2
B1-001381#6,2
B1-001382#0,2
B1-001382#1,2
B1-001382#10,2
B1-001382#11,2
B1-001382#2,2
B1-001382#3,2
B1-001382#4,2
B1-001382#5,2
B1-001382#6,2
B1-001382#7,2
B1-001382#8,2
B1-001382#9,2
B1-001383#0,2
B1-001383#1,2
B1-001383#10,2
B1-001383#2,2
B1-001383#3,2
B1-001383#4,2
B1-001383#5,2
B1-001383#6,2
B1-001383#7,2
B1-001383#8,2
B1-001383#9,2
B1-001384#0,2
B1-001384#1,2
B1-001384#10,2
B1-001384#11,1
B1-001384#12,2
B1-001384#13,2
B1-001384#2,2
B1-001384#3,2
B1-001384#4,2
B1-001384#5,2
B1-001384#6,2
B1-001384#7,2
B1-001384#8,2
B1-001384#9,2
B1-001385#0,2
B1-001385#1,2
B1-001385#2,2
B1-001385#3,2
B1-001385#4,2
B1-001386#0,2
B1-001386#1,2
B1-001386#10,2
B1-001386#11,2
B1-001386#12,2
B1-001386#13,2
B1-001386#14,2
B1-001386#2,2
B1-001386#3,2
B1-001386#4,2
B1-001386#5,2
B1-001386#6,2
B1-001386#7,2
B1-001386#8,2
B1-001386#9,2
B1-001387#0,2
B1-001387#1,2
B1-001387#10,2
B1-001387#2,2
B1-001387#3,2
B1-001387#4,2
B1-001387#5,2
B1-001387#6,2
B1-001387#7,2
B1-001387#8,2
B1-001387#9,2
B1-001388#0,2
B1-001388#1,2
B1-001388#2,2
B1-001388#3,2
B1-001388#4,2
B1-001388#5,2
B1-001388#6,2
B1-001388#7,2
B1-001388#8,2
B1-001389#0,2
B1-001389#1,2
B1-001389#10,2
B1-001389#11,2
B1-001389#12,2
B1-001389#13,2
B1-001389#14,2
B1-001389#15,2
B1-001389#16,2
B1-001389#2,2
B1-001389#3,2
B1-001389#4,2
B1-001389#5,2
B1-001389#6,2
B1-001389#7,2
B1-001389#8,2
B1-001389#9,2
B1-001390#0,2
B1-001390#1,2
B1-001390#2,2
B1-001390#3,2
B1-001390#4,2
B1-001390#5,2
B1-001390#6,2
B1-001391#0,2
B1-001391#1,2
B1-001391#2,2
B1-001391#3,2
B1-001391#4,2
B1-001392#0,1
B1-001392#1,2
B1-001392#2,2
B1-001392#3,2
B1-001392#4,2
B1-001392#5,2
B1-001392#6,2
B1-001393#0,2
B1-001393#1,2
B1-001393#10,2
B1-001393#11,2
B1-001393#12,2
B1-001393#13,2
B1-001393#14,2
B1-001393#15,1
B1-001393#16,2
B1-001393#2,2
B1-001393#3,2
B1-001393#4,2
B1-001393#5,2
B1-001393#6,2
B1-001393#7,2
B1-001393#8,2
B1-001393#9,2
B1-001394#0,2
B1-001394#1,2
B1-001394#2,2
B1-001394#3,2
B1-001394#4,2
B1-001394#5,2
B1-001394#6,2
B1-001394#7,2
B1-001394#8,2
B1-001395#0,2
B1-001395#1,2
B1-001395#10,2
B1-001395#11,2
B1-001395#12,2
B1-001395#13,2
B1-001395#14,2
B1-001395#15,2
B1-001395#16,2
B1-001395#2,2
B1-001395#3,2
B1-001395#4,2
B1-001395#5,2
B1-001395#6,2
B1-001395#7,2
B1-001395#8,1
B1-001395#9,2
B1-001396#0,2
B1-001396#1,2
B1-001396#2,2
B1-001396#3,2
B1-001396#4,2
B1-001396#5,2
B1-001396#6,2
B1-001396#7,2
B1-001396#8,2
B1-001397#0,2
B1-001397#1,2
B1-001397#10,2
B1-001397#2,2
B1-001397#3,2
B1-001397#4,2
B1-001397#5,2
B1-001397#6,2
B1-001397#7,2
B1-001397#8,2
B1-001397#9,2
B1-001398#0,2
B1-001398#1,2
B1-001398#2,2
B1-001398#3,2
B1-001398#4,2
B1-001398#5,2
B1-001398#6,2
B1-001398#7,2
B1-001398#8,2
B1-001398#9,2
B1-001399#0,2
B1-001399#1,2
B1-001399#10,2
B1-001399#11,2
B1-001399#12,2
B1-001399#13,2
B1-001399#2,2
B1-001399#3,2
B1-001399#4,2
B1-001399#5,0
B1-001399#6,2
B1-001399#7,2
B1-001399#8,2
B1-001399#9,2
B1-001400#0,0
B1-001400#1,2
B1-001400#2,2
B1-001400#3,2
B1-001400#4,2
B1-001400#5,2
B1-001400#6,2
B1-001401#0,2
B1-001401#1,2
B1-001401#10,2
B1-001401#11,2
B1-001401#12,2
B1-001401#13,2
B1-001401#2,2
B1-001401#3,2
B1-001401#4,2
B1-001401#5,2
B1-001401#6,2
B1-001401#7,2
B1-001401#8,2
B1-001401#9,2
B1-001402#0,2
B1-001402#1,2
B1-001402#10,2
B1-001402#11,2
B1-001402#2,2
B1-001402#3,2
B1-001402#4,2
B1-001402#5,2
B1-001402#6,2
B1-001402#7,2
B1-001402#8,2
B1-001402#9,2
B1-001403#0,2
B1-001403#1,1
B1-001403#2,2
B1-001403#3,2
B1-001403#4,2
B1-001403#5,2
B1-001403#6,2
B1-001403#7,2
B1-001403#8,2
B1-001403#9,2
B1-001404#0,2
B1-001404#1,2
B1-001404#2,2
B1-001404#3,2
B1-001404#4,0
B1-001404#5,2
B1-001404#6,2
B1-001405#0,2
B1-001405#1,2
B1-001405#10,2
B1-001405#11,2
B1-001405#12,2
B1-001405#13,2
B1-001405#14,2
B1-001405#2,2
B1-001405#3,2
B1-001405#4,2
B1-001405#5,2
B1-001405#6,2
B1-001405#7,2
B1-001405#8,2
B1-001405#9,2
B1-001406#0,1
B1-001406#1,2
B1-001406#2,2
B1-001406#3,2
B1-001406#4,2
B1-001406#5,2
B1-001406#6,2
B1-001406#7,2
B1-001406#8,2
B1-001407#0,2
B1-001407#1,2
B1-001407#10,2
B1-001407#2,2
B1-001407#3,2
B1-001407#4,2
B1-001407#5,2
B1-001407#6,2
B1-001407#7,2
B1-001407#8,2
B1-001407#9,2
B1-001408#0,2
B1-001408#1,2
B1-001408#10,2
B1-001408#11,2
B1-001408#2,2
B1-001408#3,2
B1-001408#4,2
B1-001408#5,2
B1-001408#6,2
B1-001408#7,2
B1-001408#8,2
B1-001408#9,2
B1-001409#0,2
B1-001409#1,2
B1-001409#2,2
B1-001409#3,2
B1-001409#4,2
B1-001409#5,2
B1-001409#6,2
B1-001409#7,2
B1-001409#8,2
B1-001409#9,2
B1-001410#0,2
B1-001410#1,2
B1-001410#2,2
B1-001410#3,2
B1-001410#4,2
B1-001411#0,2
B1-001411#1,2
B1-001411#2,2
B1-001411#3,2
B1-001411#4,2
B1-001411#5,2
B1-001411#6,2
B1-001411#7,2
B1-001411#8,2
B1-001412#0,2
B1-001412#1,2
B1-001412#10,2
B1-001412#11,2
B1-001412#12,2
B1-001412#13,2
B1-001412#14,2
B1-001412#2,2
B1-001412#3,2
B1-001412#4,2
B1-001412#5,1
B1-001412#6,2
B1-001412#7,2
B1-001412#8,2
B1-001412#9,2
B1-001413#0,2
B1-001413#1,2
B1-001413#10,2
B1-001413#11,2
B1-001413#12,2
B1-001413#13,2
B1-001413#14,2
B1-001413#2,2
B1-001413#3,2
B1-001413#4,2
B1-001413#5,2
B1-001413#6,2
B1-001413#7,2
B1-001413#8,2
B1-001413#9,2
B1-001414#0,2
B1-001414#1,2
B1-001414#10,2
B1-001414#11,2
B1-001414#2,2
B1-001414#3,2
B1-001414#4,2
B1-001414#5,2
B1-001414#6,2
B1-001414#7,2
B1-001414#8,2
B1-001414#9,2
B1-001415#0,2
B1-001415#1,2
B1-001415#10,2
B1-001415#2,2
B1-001415#3,2
B1-001415#4,2
B1-001415#5,2
B1-001415#6,2
B1-001415#7,2
B1-001415#8,2
B1-001415#9,2
B1-001416#0,2
B1-001416#1,2
B1-001416#10,2
B1-001416#11,2
B1-001416#2,2
B1-001416#3,2
B1-001416#4,2
B1-001416#5,2
B1-001416#6,2
B1-001416#7,2
B1-001416#8,2
B1-001416#9,2
B1-001417#0,2
B1-001417#1,2
B1-001417#10,2
B1-001417#2,2
B1-001417#3,2
B1-001417#4,2
B1-001417#5,2
B1-001417#6,2
B1-001417#7,2
B1-001417#8,2
B1-001417#9,2
B1-001418#0,2
B1-001418#1,2
B1-001418#10,2
B1-001418#11,2
B1-001418#12,2
B1-001418#2,2
B1-001418#3,2
B1-001418#4,2
B1-001418#5,2
B1-001418#6,2
B1-001418#7,2
B1-001418#8,2
B1-001418#9,2
B1-001419#0,2
B1-001419#1,2
B1-001419#2,2
B1-001419#3,2
B1-001419#4,2
B1-001419#5,2
B1-001419#6,2
B1-001419#7,2
B1-001419#8,2
B1-001420#0,1
B1-001420#1,2
B1-001420#2,2
B1-001420#3,2
B1-001420#4,2
B1-001420#5,2
B1-001420#6,2
B1-001420#7,2
B1-001420#8,2
B1-001421#0,2
B1-001421#1,2
B1-001421#2,2
B1-001421#3,2
B1-001421#4,2
B1-001421#5,2
B1-001422#0,2
B1-001422#1,2
B1-001422#10,2
B1-001422#11,2
B1-001422#12,2
B1-001422#13,2
B1-001422#2,2
B1-001422#3,2
B1-001422#4,2
B1-001422#5,2
B1-001422#6,2
B1-001422#7,2
B1-001422#8,2
B1-001422#9,2
B1-001423#0,2
B1-001423#1,2
B1-001423#10,2
B1-001423#11,2
B1-001423#2,2
B1-001423#3,2
B1-001423#4,2
B1-001423#5,2
B1-001423#6,2
B1-001423#7,1
B1-001423#8,2
B1-001423#9,2
B1-001424#0,2
B1-001424#1,2
B1-001424#10,2
B1-001424#2,2
B1-001424#3,2
B1-001424#4,2
B1-001424#5,2
B1-001424#6,2
B1-001424#7,2
B1-001424#8,2
B1-001424#9,2
B1-001425#0,2
B1-001425#1,2
B1-001425#2,2
B1-001425#3,2
B1-001425#4,2
B1-001425#5,2
B1-001426#0,1
B1-001426#1,2
B1-001426#10,2
B1-001426#2,2
B1-001426#3,2
B1-001426#4,2
B1-001426#5,2
B1-001426#6,2
B1-001426#7,2
B1-001426#8,2
B1-001426#9,2
B1-001427#0,2
B1-001427#1,2
B1-001427#10,2
B1-001427#11,2
B1-001427#12,2
B1-001427#2,2
B1-001427#3,2
B1-001427#4,2
B1-001427#5,2
B1-001427#6,2
B1-001427#7,2
B1-001427#8,2
B1-001427#9,2
B1-001428#0,2
B1-001428#1,2
B1-001428#10,2
B1-001428#11,2
B1-001428#12,2
B1-001428#2,2
B1-001428#3,2
B1-001428#4,2
B1-001428#5,2
B1-001428#6,1
B1-001428#7,2
B1-001428#8,2
B1-001428#9,2
B1-001429#0,2
B1-001429#1,2
B1-001429#3,2
B1-001429#4,2
B1-001429#5,2
B1-001429#6,2
B1-001429#7,2
B1-001429#8,2
B1-001429#9,2
B1-001430#0,2
B1-001430#1,2
B1-001430#2,2
B1-001430#3,2
B1-001430#4,2
B1-001430#5,2
B1-001430#6,2
B1-001430#7,2
B1-001430#8,2
B1-001430#9,2
B1-001431#0,2
B1-001431#1,2
B1-001431#2,2
B1-001431#3,2
B1-001431#4,2
B1-001431#5,2
B1-001431#6,2
B1-001431#7,2
B1-001431#8,2
B1-001432#0,2
B1-001432#1,2
B1-001432#10,2
B1-001432#11,2
B1-001432#12,2
B1-001432#13,2
B1-001432#2,2
B1-001432#3,2
B1-001432#4,2
B1-001432#5,2
B1-001432#6,2
B1-001432#7,2
B1-001432#8,2
B1-001432#9,2
B1-001433#0,2
B1-001433#1,2
B1-001433#10,2
B1-001433#11,2
B1-001433#12,2
B1-001433#2,2
B1-001433#3,2
B1-001433#4,2
B1-001433#5,2
B1-001433#6,2
B1-001433#7,1
B1-001433#8,2
B1-001433#9,2
B1-001434#0,2
B1-001434#1,2
B1-001434#10,2
B1-001434#11,2
B1-001434#2,2
B1-001434#3,2
B1-001434#4,2
B1-001434#5,2
B1-001434#6,2
B1-001434#7,0
B1-001434#8,2
B1-001434#9,2
B1-001435#0,2
B1-001435#1,2
B1-001435#10,2
B1-001435#11,2
B1-001435#12,2
B1-001435#13,2
B1-001435#14,2
B1-001435#15,2
B1-001435#16,2
B1-001435#17,2
B1-001435#2,2
B1-001435#3,2
B1-001435#4,2
B1-001435#5,2
B1-001435#6,2
B1-001435#7,2
B1-001435#8,2
B1-001435#9,1
B1-001436#0,2
B1-001436#1,2
B1-001436#2,2
B1-001436#3,2
B1-001436#4,2
B1-001436#5,2
B1-001436#6,2
B1-001436#7,2
B1-001436#8,2
B1-001436#9,2
B1-001437#0,2
B1-001437#1,2
B1-001437#2,2
B1-001437#3,2
B1-001437#4,2
B1-001437#5,2
B1-001437#6,2
B1-001438#0,2
B1-001438#1,2
B1-001438#10,2
B1-001438#11,2
B1-001438#12,2
B1-001438#13,2
B1-001438#14,2
B1-001438#15,2
B1-001438#16,2
B1-001438#2,2
B1-001438#3,2
B1-001438#4,2
B1-001438#5,2
B1-001438#6,2
B1-001438#7,2
B1-001438#8,2
B1-001438#9,2
B1-001439#0,2
B1-001439#1,2
B1-001439#2,2
B1-001439#3,2
B1-001439#4,2
B1-001439#5,2
B1-001440#0,2
B1-001440#1,2
B1-001440#10,2
B1-001440#11,2
B1-001440#12,2
B1-001440#13,2
B1-001440#14,2
B1-001440#15,2
B1-001440#16,2
B1-001440#2,2
B1-001440#3,2
B1-001440#4,2
B1-001440#5,2
B1-001440#6,2
B1-001440#7,2
B1-001440#8,2
B1-001440#9,2
B1-001441#0,2
B1-001441#1,2
B1-001441#2,2
B1-001441#3,2
B1-001441#4,2
B1-001441#5,2
B1-001441#6,2
B1-001441#7,2
B1-001441#8,2
B1-001442#0,2
B1-001442#1,2
B1-001442#2,2
B1-001442#3,2
B1-001442#4,2
B1-001442#5,2
B1-001442#6,2
B1-001442#7,1
B1-001442#8,2
B1-001443#0,2
B1-001443#1,2
B1-001443#10,2
B1-001443#11,2
B1-001443#12,2
B1-001443#13,2
B1-001443#14,2
B1-001443#2,2
B1-001443#3,2
B1-001443#4,2
B1-001443#5,2
B1-001443#6,2
B1-001443#7,2
B1-001443#8,2
B1-001443#9,2
B1-001444#0,2
B1-001444#1,2
B1-001444#10,1
B1-001444#11,2
B1-001444#12,0
B1-001444#13,2
B1-001444#2,2
B1-001444#3,2
B1-001444#4,2
B1-001444#5,0
B1-001444#6,2
B1-001444#7,0
B1-001444#8,1
B1-001444#9,2
B1-001445#0,2
B1-001445#1,2
B1-001445#10,2
B1-001445#11,2
B1-001445#12,2
B1-001445#13,2
B1-001445#14,2
B1-001445#15,2
B1-001445#2,2
B1-001445#3,2
B1-001445#4,2
B1-001445#5,2
B1-001445#6,2
B1-001445#7,2
B1-001445#8,2
B1-001445#9,2
B1-001446#0,2
B1-001446#1,2
B1-001446#10,2
B1-001446#11,2
B1-001446#12,2
B1-001446#13,2
B1-001446#14,2
B1-001446#2,2
B1-001446#3,2
B1-001446#4,2
B1-001446#5,2
B1-001446#6,2
B1-001446#7,2
B1-001446#8,2
B1-001446#9,2
B1-001447#0,2
B1-001447#1,2
B1-001447#2,2
B1-001447#3,2
B1-001447#4,2
B1-001447#5,2
B1-001447#6,2
B1-001447#7,2
B1-001447#8,2
B1-001447#9,2
B1-001448#0,2
B1-001448#1,2
B1-001448#2,2
B1-001448#3,2
B1-001448#4,2
B1-001448#5,2
B1-001449#0,2
B1-001449#1,2
B1-001449#10,2
B1-001449#11,2
B1-001449#12,2
B1-001449#13,2
B1-001449#2,2
B1-001449#3,2
B1-001449#4,2
B1-001449#5,2
B1-001449#6,2
B1-001449#7,1
B1-001449#8,2
B1-001449#9,2
B1-001450#0,2
B1-001450#1,2
B1-001450#10,2
B1-001450#2,2
B1-001450#3,1
B1-001450#4,2
B1-001450#5,2
B1-001450#6,2
B1-001450#7,2
B1-001450#8,2
B1-001450#9,2
B1-001451#0,2
B1-001451#1,2
B1-001451#2,2
B1-001451#3,2
B1-001451#4,2
B1-001451#5,2
B1-001451#6,2
B1-001451#7,2
B1-001451#8,2
B1-001451#9,2
B1-001452#0,2
B1-001452#1,2
B1-001452#2,2
B1-001452#3,2
B1-001452#4,2
B1-001452#5,2
B1-001452#6,2
B1-001452#7,2
B1-001453#0,2
B1-001453#1,2
B1-001453#10,2
B1-001453#11,2
B1-001453#12,2
B1-001453#13,2
B1-001453#14,2
B1-001453#15,2
B1-001453#16,2
B1-001453#2,2
B1-001453#3,2
B1-001453#4,2
B1-001453#5,2
B1-001453#6,2
B1-001453#7,2
B1-001453#8,2
B1-001453#9,2
B1-001454#0,2
B1-001454#1,2
B1-001454#10,2
B1-001454#11,2
B1-001454#12,2
B1-001454#13,2
B1-001454#14,2
B1-001454#15,2
B1-001454#2,2
B1-001454#3,2
B1-001454#4,2
B1-001454#5,2
B1-001454#6,2
B1-001454#7,2
B1-001454#8,2
B1-001454#9,2
B1-001455#0,0
B1-001455#1,2
B1-001455#10,2
B1-001455#11,2
B1-001455#12,2
B1-001455#13,2
B1-001455#2,2
B1-001455#3,2
B1-001455#4,2
B1-001455#5,0
B1-001455#6,2
B1-001455#7,2
B1-001455#8,2
B1-001455#9,2
B1-001456#0,2
B1-001456#1,2
B1-001456#10,2
B1-001456#11,2
B1-001456#2,2
B1-001456#3,2
B1-001456#4,2
B1-001456#5,2
B1-001456#6,2
B1-001456#7,2
B1-001456#8,2
B1-001456#9,2
B1-001457#0,2
B1-001457#1,2
B1-001457#10,2
B1-001457#11,2
B1-001457#12,2
B1-001457#13,2
B1-001457#14,2
B1-001457#15,2
B1-001457#2,2
B1-001457#3,2
B1-001457#4,2
B1-001457#5,2
B1-001457#6,2
B1-001457#7,2
B1-001457#8,2
B1-001457#9,2
B1-001458#0,2
B1-001458#1,2
B1-001458#2,2
B1-001458#3,2
B1-001458#4,2
B1-001458#5,2
B1-001459#0,2
B1-001459#1,2
B1-001459#2,2
B1-001459#3,2
B1-001459#4,2
B1-001459#5,2
B1-001459#6,2
B1-001459#7,2
B1-001460#0,2
B1-001460#1,2
B1-001460#2,2
B1-001460#3,2
B1-001460#4,2
B1-001460#5,2
B1-001460#6,2
B1-001460#7,2
B1-001461#0,2
B1-001461#1,2
B1-001461#10,2
B1-001461#11,2
B1-001461#12,2
B1-001461#13,2
B1-001461#2,2
B1-001461#3,2
B1-001461#4,2
B1-001461#5,2
B1-001461#6,2
B1-001461#7,2
B1-001461#8,2
B1-001461#9,2
B1-001462#0,2
B1-001462#1,2
B1-001462#2,1
B1-001462#3,2
B1-001462#4,2
B1-001462#5,2
B1-001462#6,2
B1-001462#7,2
B1-001463#0,2
B1-001463#1,2
B1-001463#10,2
B1-001463#11,2
B1-001463#12,2
B1-001463#13,2
B1-001463#14,2
B1-001463#2,2
B1-001463#3,2
B1-001463#4,2
B1-001463#5,2
B1-001463#6,2
B1-001463#7,2
B1-001463#8,2
B1-001463#9,2
B1-001464#0,2
B1-001464#1,2
B1-001464#2,2
B1-001464#3,2
B1-001464#4,2
B1-001464#5,2
B1-001464#6,2
B1-001464#7,2
B1-001464#8,2
B1-001464#9,2
B1-001465#0,2
B1-001465#1,2
B1-001465#10,2
B1-001465#11,2
B1-001465#2,2
B1-001465#3,2
B1-001465#4,2
B1-001465#5,2
B1-001465#6,2
B1-001465#7,2
B1-001465#8,2
B1-001465#9,2
B1-001466#0,2
B1-001466#1,2
B1-001466#10,2
B1-001466#11,2
B1-001466#12,2
B1-001466#13,2
B1-001466#2,2
B1-001466#3,2
B1-001466#4,2
B1-001466#5,2
B1-001466#6,2
B1-001466#7,2
B1-001466#8,2
B1-001466#9,2
B1-001467#0,1
B1-001467#1,2
B1-001467#2,2
B1-001467#3,2
B1-001467#4,2
B1-001467#5,2
B1-001467#6,2
B1-001467#7,2
B1-001468#0,2
B1-001468#1,2
B1-001468#2,2
B1-001468#3,2
B1-001468#4,2
B1-001468#5,2
B1-001468#6,2
B1-001468#7,2
B1-001468#8,2
B1-001469#0,2
B1-001469#1,2
B1-001469#2,2
B1-001469#3,1
B1-001469#4,2
B1-001469#5,2
B1-001470#0,2
B1-001470#1,2
B1-001470#10,2
B1-001470#11,2
B1-001470#12,2
B1-001470#13,2
B1-001470#14,2
B1-001470#15,2
B1-001470#16,2
B1-001470#17,2
B1-001470#2,2
B1-001470#3,2
B1-001470#4,2
B1-001470#5,2
B1-001470#6,2
B1-001470#7,2
B1-001470#8,2
B1-001470#9,2
B1-001471#0,2
B1-001471#1,2
B1-001471#2,2
B1-001471#3,2
B1-001471#4,2
B1-001472#0,2
B1-001472#1,2
B1-001472#2,2
B1-001472#3,2
B1-001472#4,2
B1-001472#5,2
B1-001472#6,2
B1-001472#7,2
B1-001472#8,2
B1-001473#0,2
B1-001473#1,2
B1-001473#10,2
B1-001473#11,2
B1-001473#12,2
B1-001473#2,2
B1-001473#3,2
B1-001473#4,2
B1-001473#5,2
B1-001473#6,2
B1-001473#7,2
B1-001473#8,2
B1-001473#9,2
B1-001474#0,2
B1-001474#1,2
B1-001474#10,2
B1-001474#2,2
B1-001474#3,2
B1-001474#4,2
B1-001474#5,2
B1-001474#6,2
B1-001474#7,2
B1-001474#8,2
B1-001474#9,2
B1-001475#0,2
B1-001475#1,2
B1-001475#10,2
B1-001475#11,2
B1-001475#12,2
B1-001475#13,2
B1-001475#14,2
B1-001475#15,2
B1-001475#2,2
B1-001475#3,2
B1-001475#4,2
B1-001475#5,2
B1-001475#6,2
B1-001475#7,1
B1-001475#8,2
B1-001475#9,2
B1-001476#0,2
B1-001476#1,2
B1-001476#2,2
B1-001476#3,2
B1-001476#4,2
B1-001476#5,2
B1-001476#6,2
B1-001476#7,2
B1-001477#0,2
B1-001477#1,2
B1-001477#10,2
B1-001477#11,2
B1-001477#12,2
B1-001477#13,1
B1-001477#14,2
B1-001477#2,2
B1-001477#3,2
B1-001477#4,2
B1-001477#5,2
B1-001477#6,2
B1-001477#7,2
B1-001477#8,2
B1-001477#9,2
B1-001478#0,2
B1-001478#1,2
B1-001478#10,2
B1-001478#11,2
B1-001478#12,2
B1-001478#13,2
B1-001478#14,2
B1-001478#2,2
B1-001478#3,2
B1-001478#4,2
B1-001478#5,2
B1-001478#6,2
B1-001478#7,2
B1-001478#8,2
B1-001478#9,2
B1-001479#0,2
B1-001479#1,2
B1-001479#10,2
B1-001479#11,2
B1-001479#12,2
B1-001479#2,2
B1-001479#3,2
B1-001479#4,2
B1-001479#5,2
B1-001479#6,2
B1-001479#7,2
B1-001479#8,2
B1-001479#9,2
B1-001480#0,2
B1-001480#1,2
B1-001480#2,2
B1-001480#3,2
B1-001480#4,2
B1-001480#5,2
B1-001481#0,2
B1-001481#1,2
B1-001481#2,2
B1-001481#3,1
B1-001481#4,2
B1-001481#5,2
B1-001481#7,2
B1-001482#0,2
B1-001482#1,2
B1-001482#2,2
B1-001482#3,2
B1-001482#4,0
B1-001482#5,2
B1-001482#6,2
B1-001482#7,2
B1-001482#8,2
B1-001483#0,2
B1-001483#1,2
B1-001483#10,2
B1-001483#11,2
B1-001483#12,2
B1-001483#2,2
B1-001483#3,2
B1-001483#4,2
B1-001483#5,2
B1-001483#6,2
B1-001483#7,2
B1-001483#8,2
B1-001483#9,2
B1-001484#0,2
B1-001484#1,2
B1-001484#2,2
B1-001484#3,2
B1-001484#4,2
B1-001484#5,2
B1-001484#6,2
B1-001484#7,2
B1-001485#0,2
B1-001485#1,2
B1-001485#2,2
B1-001485#3,0
B1-001486#0,2
B1-001486#1,2
B1-001486#10,2
B1-001486#11,2
B1-001486#12,2
B1-001486#2,2
B1-001486#3,2
B1-001486#4,2
B1-001486#5,2
B1-001486#6,2
B1-001486#7,2
B1-001486#8,2
B1-001486#9,2
B1-001487#0,2
B1-001487#1,2
B1-001487#2,2
B1-001487#3,2
B1-001488#0,2
B1-001488#1,2
B1-001488#2,2
B1-001488#3,2
B1-001488#4,2
B1-001488#5,2
B1-001488#6,2
B1-001489#0,2
B1-001489#1,2
B1-001489#2,2
B1-001489#3,2
B1-001489#4,2
B1-001489#5,2
B1-001490#0,2
B1-001490#1,2
B1-001490#2,2
B1-001490#3,2
B1-001490#4,2
B1-001490#5,2
B1-001490#6,2
B1-001490#7,2
B1-001490#8,2
B1-001491#0,2
B1-001491#1,2
B1-001491#2,2
B1-001491#3,2
B1-001491#4,2
B1-001491#5,2
B1-001491#6,2
B1-001491#7,2
B1-001491#8,2
B1-001491#9,2
B1-001492#0,2
B1-001492#1,2
B1-001492#10,2
B1-001492#11,2
B1-001492#12,2
B1-001492#13,2
B1-001492#14,2
B1-001492#15,2
B1-001492#2,2
B1-001492#3,2
B1-001492#4,2
B1-001492#5,2
B1-001492#6,2
B1-001492#7,2
B1-001492#8,2
B1-001492#9,2
B1-001493#0,2
B1-001493#1,2
B1-001493#10,2
B1-001493#2,2
B1-001493#3,2
B1-001493#4,2
B1-001493#5,2
B1-001493#6,2
B1-001493#7,2
B1-001493#8,2
B1-001493#9,2
B1-001494#0,2
B1-001494#1,2
B1-001494#2,2
B1-001494#3,2
B1-001494#4,2
B1-001494#5,2
B1-001494#6,2
B1-001495#0,0
B1-001495#1,1
B1-001495#2,2
B1-001495#3,2
B1-001495#4,2
B1-001495#5,2
B1-001495#6,2
B1-001496#0,2
B1-001496#1,2
B1-001496#10,2
B1-001496#11,2
B1-001496#12,2
B1-001496#13,2
B1-001496#14,2
B1-001496#15,2
B1-001496#2,2
B1-001496#3,2
B1-001496#4,2
B1-001496#5,2
B1-001496#6,2
B1-001496#7,2
B1-001496#8,2
B1-001496#9,2
B1-001497#0,2
B1-001497#1,2
B1-001497#2,2
B1-001497#3,2
B1-001497#4,2
B1-001497#5,2
B1-001497#6,2
B1-001497#7,2
B1-001497#8,2
B1-001498#0,2
B1-001498#1,2
B1-001498#2,2
B1-001498#3,2
B1-001498#4,2
B1-001498#5,2
B1-001498#6,2
B1-001498#7,2
B1-001498#8,2
B1-001499#0,2
B1-001499#1,2
B1-001499#2,2
B1-001499#3,2
B1-001499#4,2
B1-001499#5,2
B1-001500#0,2
B1-001500#1,2
B1-001500#10,2
B1-001500#11,2
B1-001500#12,2
B1-001500#13,2
B1-001500#14,2
B1-001500#15,2
B1-001500#16,2
B1-001500#17,2
B1-001500#2,2
B1-001500#3,2
B1-001500#4,2
B1-001500#5,2
B1-001500#6,2
B1-001500#7,2
B1-001500#8,2
B1-001500#9,2
B1-001501#0,2
B1-001501#1,2
B1-001501#2,2
B1-001501#3,2
B1-001501#4,2
B1-001501#5,2
B1-001502#0,2
B1-001502#1,2
B1-001502#10,2
B1-001502#11,2
B1-001502#12,2
B1-001502#13,2
B1-001502#14,2
B1-001502#15,2
B1-001502#16,2
B1-001502#2,2
B1-001502#3,2
B1-001502#4,2
B1-001502#5,2
B1-001502#6,2
B1-001502#7,2
B1-001502#8,2
B1-001502#9,2
B1-001503#0,2
B1-001503#1,2
B1-001503#2,2
B1-001503#3,2
B1-001503#4,2
B1-001503#5,2
B1-001504#0,2
B1-001504#1,2
B1-001504#10,2
B1-001504#11,2
B1-001504#12,2
B1-001504#13,2
B1-001504#14,2
B1-001504#15,2
B1-001504#16,2
B1-001504#2,2
B1-001504#3,2
B1-001504#4,2
B1-001504#5,2
B1-001504#6,2
B1-001504#7,2
B1-001504#8,2
B1-001504#9,2
B1-001505#0,2
B1-001505#1,2
B1-001505#10,2
B1-001505#11,2
B1-001505#12,2
B1-001505#13,2
B1-001505#2,2
B1-001505#3,2
B1-001505#4,2
B1-001505#5,2
B1-001505#6,2
B1-001505#7,2
B1-001505#8,2
B1-001505#9,2
B1-001506#0,2
B1-001506#1,2
B1-001506#10,2
B1-001506#11,2
B1-001506#2,2
B1-001506#3,2
B1-001506#4,2
B1-001506#5,2
B1-001506#6,2
B1-001506#7,2
B1-001506#8,2
B1-001506#9,2
B1-001507#0,2
B1-001507#1,2
B1-001507#2,2
B1-001507#3,2
B1-001507#4,2
B1-001507#5,2
B1-001508#0,2
B1-001508#1,2
B1-001508#10,2
B1-001508#11,2
B1-001508#2,2
B1-001508#3,2
B1-001508#4,2
B1-001508#5,2
B1-001508#6,2
B1-001508#7,2
B1-001508#8,2
B1-001508#9,2
B1-001509#0,2
B1-001509#1,2
B1-001509#10,2
B1-001509#2,2
B1-001509#3,2
B1-001509#4,2
B1-001509#5,2
B1-001509#6,2
B1-001509#7,2
B1-001509#8,2
B1-001509#9,2
B1-001510#0,2
B1-001510#1,2
B1-001510#10,2
B1-001510#11,2
B1-001510#12,2
B1-001510#13,2
B1-001510#14,2
B1-001510#15,2
B1-001510#2,2
B1-001510#3,2
B1-001510#4,2
B1-001510#5,2
B1-001510#6,2
B1-001510#7,2
B1-001510#8,2
B1-001510#9,2
B1-001511#0,2
B1-001511#1,2
B1-001511#2,2
B1-001511#3,2
B1-001511#4,2
B1-001511#5,2
B1-001511#6,2
B1-001512#0,2
B1-001512#1,2
B1-001512#10,2
B1-001512#11,2
B1-001512#12,2
B1-001512#13,2
B1-001512#14,2
B1-001512#15,2
B1-001512#2,2
B1-001512#3,2
B1-001512#4,2
B1-001512#5,2
B1-001512#6,2
B1-001512#7,2
B1-001512#8,2
B1-001512#9,2
B1-001513#0,2
B1-001513#1,2
B1-001513#2,2
B1-001513#3,2
B1-001513#4,2
B1-001513#5,2
B1-001514#0,2
B1-001514#1,2
B1-001514#2,2
B1-001514#3,2
B1-001514#4,2
B1-001514#5,2
B1-001514#6,2
B1-001515#0,1
B1-001515#1,2
B1-001515#10,2
B1-001515#2,2
B1-001515#3,2
B1-001515#4,2
B1-001515#5,2
B1-001515#6,2
B1-001515#7,2
B1-001515#8,2
B1-001515#9,2
B1-001516#0,2
B1-001516#1,2
B1-001516#10,2
B1-001516#11,2
B1-001516#2,2
B1-001516#3,2
B1-001516#4,2
B1-001516#5,2
B1-001516#6,2
B1-001516#7,2
B1-001516#8,2
B1-001516#9,2
B1-001517#0,2
B1-001517#1,2
B1-001517#2,2
B1-001517#3,2
B1-001517#4,2
B1-001517#5,2
B1-001518#0,2
B1-001518#1,2
B1-001518#2,2
B1-001518#3,2
B1-001518#4,2
B1-001518#5,2
B1-001518#6,2
B1-001518#7,2
B1-001518#8,2
B1-001518#9,2
B1-001519#0,2
B1-001519#1,2
B1-001519#10,2
B1-001519#2,2
B1-001519#3,2
B1-001519#4,2
B1-001519#5,2
B1-001519#6,2
B1-001519#7,2
B1-001519#8,2
B1-001519#9,2
B1-001520#0,2
B1-001520#1,2
B1-001520#2,2
B1-001520#3,2
B1-001520#4,2
B1-001520#5,2
B1-001520#6,2
B1-001521#0,2
B1-001521#1,2
B1-001521#10,2
B1-001521#2,2
B1-001521#3,2
B1-001521#4,2
B1-001521#5,1
B1-001521#6,2
B1-001521#7,2
B1-001521#8,2
B1-001521#9,2
B1-001522#0,2
B1-001522#1,2
B1-001522#2,2
B1-001522#3,2
B1-001522#4,2
B1-001522#5,2
B1-001522#6,2
B1-001523#0,2
B1-001523#1,2
B1-001523#3,2
B1-001523#4,2
B1-001523#5,2
B1-001523#6,2
B1-001523#7,2
B1-001524#0,2
B1-001524#1,2
B1-001524#2,2
B1-001524#3,2
B1-001524#4,2
B1-001524#5,2
B1-001524#6,2
B1-001524#7,2
B1-001524#8,2
B1-001525#0,2
B1-001525#1,2
B1-001525#10,2
B1-001525#11,2
B1-001525#13,2
B1-001525#2,2
B1-001525#3,2
B1-001525#4,2
B1-001525#5,2
B1-001525#6,2
B1-001525#7,2
B1-001525#8,2
B1-001525#9,2
B1-001526#0,2
B1-001526#1,2
B1-001526#2,2
B1-001526#3,2
B1-001526#4,2
B1-001526#5,2
B1-001526#6,2
B1-001527#0,2
B1-001527#1,2
B1-001527#10,2
B1-001527#11,2
B1-001527#12,2
B1-001527#13,2
B1-001527#2,2
B1-001527#3,2
B1-001527#4,2
B1-001527#5,2
B1-001527#6,2
B1-001527#7,2
B1-001527#8,2
B1-001527#9,2
B1-001528#0,2
B1-001528#1,2
B1-001528#2,2
B1-001528#3,2
B1-001528#4,2
B1-001528#5,2
B1-001528#6,2
B1-001528#7,2
B1-001529#0,2
B1-001529#1,2
B1-001529#10,2
B1-001529#11,2
B1-001529#12,2
B1-001529#13,2
B1-001529#14,2
B1-001529#15,2
B1-001529#16,2
B1-001529#2,2
B1-001529#3,2
B1-001529#4,2
B1-001529#5,2
B1-001529#6,2
B1-001529#7,2
B1-001529#8,2
B1-001529#9,2
B1-001530#0,2
B1-001530#1,2
B1-001530#2,2
B1-001530#3,2
B1-001530#4,2
B1-001530#5,2
B1-001531#0,2
B1-001531#1,2
B1-001531#10,2
B1-001531#11,2
B1-001531#2,2
B1-001531#3,2
B1-001531#4,2
B1-001531#5,2
B1-001531#6,2
B1-001531#7,2
B1-001531#8,2
B1-001531#9,2
B1-001532#0,2
B1-001532#1,2
B1-001532#10,2
B1-001532#11,2
B1-001532#12,2
B1-001532#2,2
B1-001532#3,2
B1-001532#4,2
B1-001532#5,2
B1-001532#6,2
B1-001532#7,2
B1-001532#8,2
B1-001532#9,2
B1-001533#0,2
B1-001533#1,2
B1-001533#10,2
B1-001533#11,1
B1-001533#12,2
B1-001533#13,2
B1-001533#2,2
B1-001533#3,2
B1-001533#4,2
B1-001533#5,2
B1-001533#6,2
B1-001533#7,2
B1-001533#8,2
B1-001533#9,2
B1-001534#0,2
B1-001534#1,2
B1-001534#2,2
B1-001534#3,2
B1-001534#4,2
B1-001534#5,2
B1-001534#6,2
B1-001534#7,2
B1-001534#8,2
B1-001535#0,2
B1-001535#1,2
B1-001535#10,2
B1-001535#11,2
B1-001535#12,2
B1-001535#13,2
B1-001535#2,2
B1-001535#3,2
B1-001535#4,2
B1-001535#5,2
B1-001535#6,2
B1-001535#7,2
B1-001535#8,2
B1-001535#9,2
B1-001536#0,2
B1-001536#1,2
B1-001536#10,2
B1-001536#11,2
B1-001536#12,2
B1-001536#13,2
B1-001536#14,2
B1-001536#15,2
B1-001536#16,2
B1-001536#2,2
B1-001536#3,2
B1-001536#4,2
B1-001536#5,2
B1-001536#6,2
B1-001536#7,2
B1-001536#8,2
B1-001536#9,2
B1-001537#0,2
B1-001537#1,2
B1-001537#10,2
B1-001537#11,2
B1-001537#12,2
B1-001537#13,2
B1-001537#14,2
B1-001537#15,2
B1-001537#2,2
B1-001537#3,2
B1-001537#4,2
B1-001537#5,2
B1-001537#6,2
B1-001537#7,2
B1-001537#8,2
B1-001537#9,2
B1-001538#0,2
B1-001538#1,2
B1-001538#10,2
B1-001538#11,2
B1-001538#12,2
B1-001538#13,2
B1-001538#2,2
B1-001538#3,2
B1-001538#4,2
B1-001538#5,2
B1-001538#6,2
B1-001538#7,2
B1-001538#8,2
B1-001538#9,2
B1-001539#0,2
B1-001539#1,2
B1-001539#10,2
B1-001539#11,2
B1-001539#12,2
B1-001539#13,2
B1-001539#14,2
B1-001539#2,2
B1-001539#3,2
B1-001539#4,2
B1-001539#5,2
B1-001539#6,2
B1-001539#7,2
B1-001539#8,2
B1-001539#9,2
B1-001540#0,2
B1-001540#1,2
B1-001540#2,2
B1-001540#3,2
B1-001540#4,2
B1-001540#5,2
B1-001540#6,2
B1-001541#0,2
B1-001541#1,2
B1-001541#2,2
B1-001541#3,2
B1-001541#4,2
B1-001541#5,2
B1-001542#0,2
B1-001542#1,2
B1-001542#10,2
B1-001542#11,2
B1-001542#12,2
B1-001542#14,2
B1-001542#2,2
B1-001542#3,2
B1-001542#4,2
B1-001542#5,2
B1-001542#6,2
B1-001542#7,1
B1-001542#8,2
B1-001542#9,2
B1-001543#0,2
B1-001543#1,2
B1-001543#2,2
B1-001543#3,2
B1-001543#4,2
B1-001543#5,2
B1-001544#0,2
B1-001544#1,2
B1-001544#10,2
B1-001544#11,2
B1-001544#12,2
B1-001544#13,2
B1-001544#2,2
B1-001544#3,2
B1-001544#4,2
B1-001544#5,2
B1-001544#6,2
B1-001544#7,2
B1-001544#8,2
B1-001544#9,2
B1-001545#0,2
B1-001545#1,2
B1-001545#10,2
B1-001545#11,2
B1-001545#12,2
B1-001545#13,2
B1-001545#14,2
B1-001545#2,2
B1-001545#3,2
B1-001545#4,2
B1-001545#5,2
B1-001545#6,2
B1-001545#7,2
B1-001545#8,2
B1-001545#9,2
B1-001546#0,2
B1-001546#1,2
B1-001546#10,2
B1-001546#11,2
B1-001546#12,2
B1-001546#13,2
B1-001546#14,2
B1-001546#15,2
B1-001546#16,2
B1-001546#17,2
B1-001546#2,2
B1-001546#3,2
B1-001546#4,2
B1-001546#5,2
B1-001546#6,2
B1-001546#7,2
B1-001546#8,2
B1-001546#9,2
B1-001547#0,2
B1-001547#1,2
B1-001547#2,2
B1-001547#3,2
B1-001547#4,2
B1-001547#5,2
B1-001547#6,2
B1-001547#7,2
B1-001547#8,2
B1-001548#0,2
B1-001548#1,2
B1-001548#2,2
B1-001548#3,2
B1-001548#4,2
B1-001548#5,2
B1-001548#6,2
B1-001548#7,2
B1-001548#8,2
B1-001548#9,2
B1-001549#0,2
B1-001549#1,2
B1-001549#2,2
B1-001549#3,2
B1-001549#4,2
B1-001549#5,2
B1-001549#6,2
B1-001549#7,2
B1-001549#8,2
B1-001550#0,2
B1-001550#1,2
B1-001550#2,2
B1-001550#3,2
B1-001550#4,2
B1-001550#5,2
B1-001550#6,2
B1-001551#0,2
B1-001551#1,2
B1-001551#10,2
B1-001551#11,2
B1-001551#12,2
B1-001551#13,2
B1-001551#14,2
B1-001551#15,2
B1-001551#16,2
B1-001551#2,2
B1-001551#3,2
B1-001551#4,2
B1-001551#5,2
B1-001551#6,2
B1-001551#7,2
B1-001551#8,2
B1-001551#9,2
B1-001552#0,2
B1-001552#1,2
B1-001552#10,2
B1-001552#11,2
B1-001552#12,2
B1-001552#13,2
B1-001552#14,2
B1-001552#2,2
B1-001552#3,2
B1-001552#4,2
B1-001552#5,2
B1-001552#7,2
B1-001552#8,2
B1-001552#9,2
B1-001553#0,2
B1-001553#1,2
B1-001553#2,2
B1-001553#3,2
B1-001553#4,2
B1-001553#5,2
B1-001554#0,2
B1-001554#1,2
B1-001554#2,2
B1-001554#3,2
B1-001554#4,2
B1-001554#5,2
B1-001554#6,2
B1-001555#0,2
B1-001555#1,2
B1-001555#10,2
B1-001555#11,2
B1-001555#2,2
B1-001555#3,2
B1-001555#4,2
B1-001555#5,2
B1-001555#6,2
B1-001555#7,2
B1-001555#8,2
B1-001555#9,2
B1-001556#0,2
B1-001556#1,2
B1-001556#2,2
B1-001556#3,2
B1-001556#4,2
B1-001556#5,2
B1-001556#6,2
B1-001556#7,2
B1-001557#0,1
B1-001557#1,2
B1-001557#10,1
B1-001557#11,1
B1-001557#12,2
B1-001557#2,2
B1-001557#3,2
B1-001557#4,1
B1-001557#5,2
B1-001557#6,2
B1-001557#7,2
B1-001557#8,2
B1-001557#9,2
B1-001558#0,2
B1-001558#1,2
B1-001558#2,2
B1-001558#3,2
B1-001558#4,2
B1-001558#5,2
B1-001559#0,2
B1-001559#1,2
B1-001559#2,2
B1-001559#3,2
B1-001559#4,2
B1-001559#5,2
B1-001560#0,2
B1-001560#1,2
B1-001560#2,2
B1-001560#3,2
B1-001560#4,2
B1-001560#5,2
B1-001560#6,2
B1-001561#0,2
B1-001561#1,2
B1-001561#2,2
B1-001561#3,2
B1-001561#4,2
B1-001561#5,2
B1-001561#6,2
B1-001561#7,2
B1-001561#8,2
B1-001561#9,2
B1-001562#0,2
B1-001562#1,2
B1-001562#10,2
B1-001562#11,2
B1-001562#12,2
B1-001562#13,2
B1-001562#2,2
B1-001562#3,2
B1-001562#4,2
B1-001562#5,2
B1-001562#6,2
B1-001562#7,2
B1-001562#8,2
B1-001562#9,2
B1-001563#0,2
B1-001563#1,2
B1-001563#2,2
B1-001563#3,2
B1-001563#4,2
B1-001563#5,2
B1-001563#6,2
B1-001563#7,2
B1-001563#8,2
B1-001564#0,2
B1-001564#1,2
B1-001564#2,2
B1-001564#3,2
B1-001564#4,2
B1-001564#5,2
B1-001564#6,2
B1-001565#0,2
B1-001565#1,2
B1-001565#10,2
B1-001565#11,2
B1-001565#12,2
B1-001565#13,2
B1-001565#14,2
B1-001565#2,2
B1-001565#3,2
B1-001565#4,2
B1-001565#5,2
B1-001565#6,2
B1-001565#7,2
B1-001565#8,2
B1-001565#9,2
B1-001566#0,2
B1-001566#1,2
B1-001566#2,2
B1-001566#3,2
B1-001566#4,1
B1-001566#5,2
B1-001566#6,2
B1-001566#7,2
B1-001566#8,2
B1-001566#9,2
B1-001567#0,2
B1-001567#1,2
B1-001567#10,2
B1-001567#11,2
B1-001567#12,2
B1-001567#13,2
B1-001567#14,2
B1-001567#15,2
B1-001567#2,2
B1-001567#3,2
B1-001567#4,2
B1-001567#5,2
B1-001567#6,2
B1-001567#8,2
B1-001567#9,2
B1-001568#0,2
B1-001568#1,2
B1-001568#10,2
B1-001568#11,2
B1-001568#12,2
B1-001568#13,2
B1-001568#14,2
B1-001568#15,2
B1-001568#2,2
B1-001568#3,2
B1-001568#4,2
B1-001568#5,2
B1-001568#6,2
B1-001568#7,2
B1-001568#8,2
B1-001568#9,2
B1-001569#0,1
B1-001569#1,2
B1-001569#2,2
B1-001569#3,2
B1-001569#4,2
B1-001569#5,2
B1-001570#0,2
B1-001570#1,2
B1-001570#2,2
B1-001570#3,2
B1-001570#4,2
B1-001570#5,2
B1-001570#6,2
B1-001570#7,2
B1-001570#8,2
B1-001570#9,2
B1-001571#0,2
B1-001571#1,2
B1-001571#10,2
B1-001571#11,2
B1-001571#12,1
B1-001571#13,2
B1-001571#2,2
B1-001571#3,2
B1-001571#4,2
B1-001571#5,2
B1-001571#6,2
B1-001571#7,2
B1-001571#8,2
B1-001571#9,2
B1-001572#0,2
B1-001572#1,2
B1-001572#2,2
B1-001572#3,2
B1-001572#4,2
B1-001572#5,2
B1-001573#0,2
B1-001573#1,2
B1-001573#2,2
B1-001573#3,2
B1-001573#4,2
B1-001573#5,2
B1-001573#6,2
B1-001574#0,2
B1-001574#1,2
B1-001574#10,2
B1-001574#11,2
B1-001574#12,2
B1-001574#2,2
B1-001574#3,2
B1-001574#4,2
B1-001574#5,2
B1-001574#6,2
B1-001574#7,2
B1-001574#8,2
B1-001574#9,2
B1-001575#0,2
B1-001575#1,2
B1-001575#2,2
B1-001575#3,2
B1-001575#4,2
B1-001575#5,2
B1-001575#6,2
B1-001575#7,2
B1-001575#8,2
B1-001576#0,2
B1-001576#1,1
B1-001576#2,2
B1-001576#3,2
B1-001576#4,2
B1-001576#5,2
B1-001576#6,2
B1-001577#0,2
B1-001577#1,2
B1-001577#2,2
B1-001577#3,2
B1-001577#4,2
B1-001577#5,2
B1-001577#6,2
B1-001578#0,2
B1-001578#1,2
B1-001578#10,2
B1-001578#2,2
B1-001578#3,2
B1-001578#4,2
B1-001578#5,2
B1-001578#6,2
B1-001578#7,2
B1-001578#8,2
B1-001578#9,2
B1-001579#0,2
B1-001579#1,2
B1-001579#2,2
B1-001579#3,2
B1-001579#4,2
B1-001579#5,2
B1-001579#6,2
B1-001579#7,2
B1-001580#0,2
B1-001580#1,2
B1-001580#2,2
B1-001580#3,2
B1-001580#4,2
B1-001580#5,2
B1-001580#6,2
B1-001580#7,2
B1-001580#8,2
B1-001580#9,2
B1-001581#0,2
B1-001581#1,2
B1-001581#10,2
B1-001581#11,2
B1-001581#12,2
B1-001581#13,2
B1-001581#14,2
B1-001581#15,2
B1-001581#16,2
B1-001581#17,2
B1-001581#2,2
B1-001581#3,2
B1-001581#4,2
B1-001581#5,2
B1-001581#6,2
B1-001581#7,2
B1-001581#8,2
B1-001581#9,2
B1-001582#0,2
B1-001582#1,2
B1-001582#10,2
B1-001582#11,2
B1-001582#12,2
B1-001582#13,2
B1-001582#2,2
B1-001582#3,2
B1-001582#4,2
B1-001582#5,2
B1-001582#6,2
B1-001582#7,2
B1-001582#8,2
B1-001582#9,2
B1-001583#0,2
B1-001583#1,2
B1-001583#10,2
B1-001583#11,2
B1-001583#12,2
B1-001583#13,2
B1-001583#14,2
B1-001583#2,2
B1-001583#3,2
B1-001583#4,2
B1-001583#5,2
B1-001583#6,2
B1-001583#7,2
B1-001583#8,2
B1-001583#9,2
B1-001584#0,2
B1-001584#1,2
B1-001584#10,2
B1-001584#11,2
B1-001584#12,2
B1-001584#13,2
B1-001584#14,2
B1-001584#15,2
B1-001584#16,2
B1-001584#2,2
B1-001584#3,2
B1-001584#4,2
B1-001584#5,2
B1-001584#6,2
B1-001584#7,2
B1-001584#8,2
B1-001584#9,2
B1-001585#0,2
B1-001585#1,2
B1-001585#10,2
B1-001585#2,2
B1-001585#3,2
B1-001585#4,2
B1-001585#5,2
B1-001585#6,2
B1-001585#7,2
B1-001585#8,2
B1-001585#9,2
B1-001586#0,2
B1-001586#1,2
B1-001586#10,2
B1-001586#11,2
B1-001586#12,2
B1-001586#13,2
B1-001586#2,2
B1-001586#3,2
B1-001586#4,2
B1-001586#5,2
B1-001586#6,2
B1-001586#7,2
B1-001586#8,2
B1-001586#9,2
B1-001587#0,2
B1-001587#1,2
B1-001587#10,2
B1-001587#11,2
B1-001587#12,2
B1-001587#13,2
B1-001587#14,2
B1-001587#15,2
B1-001587#16,2
B1-001587#2,2
B1-001587#3,2
B1-001587#4,2
B1-001587#5,2
B1-001587#6,2
B1-001587#7,2
B1-001587#8,2
B1-001587#9,2
B1-001588#0,2
B1-001588#1,2
B1-001588#2,2
B1-001588#3,2
B1-001588#4,2
B1-001588#5,2
B1-001588#6,2
B1-001588#7,2
B1-001588#8,2
B1-001588#9,2
B1-001589#0,2
B1-001589#1,2
B1-001589#10,2
B1-001589#11,2
B1-001589#12,1
B1-001589#13,2
B1-001589#14,2
B1-001589#2,2
B1-001589#3,0
B1-001589#4,2
B1-001589#5,2
B1-001589#6,0
B1-001589#7,2
B1-001589#8,2
B1-001589#9,2
B1-001590#0,2
B1-001590#1,2
B1-001590#10,2
B1-001590#11,2
B1-001590#2,2
B1-001590#3,2
B1-001590#4,2
B1-001590#5,2
B1-001590#6,2
B1-001590#7,2
B1-001590#8,2
B1-001590#9,2
B1-001591#0,2
B1-001591#1,2
B1-001591#2,2
B1-001591#3,2
B1-001591#4,2
B1-001591#5,2
B1-001591#6,2
B1-001592#0,2
B1-001592#1,2
B1-001592#10,2
B1-001592#11,2
B1-001592#2,2
B1-001592#3,2
B1-001592#4,2
B1-001592#5,2
B1-001592#6,2
B1-001592#7,2
B1-001592#8,2
B1-001592#9,2
B1-001593#0,2
B1-001593#1,2
B1-001593#10,2
B1-001593#11,2
B1-001593#12,2
B1-001593#13,2
B1-001593#14,2
B1-001593#15,2
B1-001593#2,2
B1-001593#3,2
B1-001593#4,2
B1-001593#5,2
B1-001593#6,2
B1-001593#7,2
B1-001593#8,2
B1-001593#9,2
B1-001594#0,2
B1-001594#1,2
B1-001594#2,2
B1-001594#3,2
B1-001594#4,2
B1-001594#5,2
B1-001594#6,2
B1-001595#0,2
B1-001595#1,2
B1-001595#2,2
B1-001595#3,2
B1-001595#4,2
B1-001595#5,2
B1-001596#0,2
B1-001596#1,2
B1-001596#2,2
B1-001596#3,2
B1-001596#4,2
B1-001596#5,2
B1-001597#0,2
B1-001597#1,2
B1-001597#2,2
B1-001597#3,2
B1-001597#4,2
B1-001597#5,1
B1-001597#6,2
B1-001597#7,2
B1-001598#0,2
B1-001598#1,2
B1-001598#10,2
B1-001598#11,2
B1-001598#2,2
B1-001598#3,2
B1-001598#4,1
B1-001598#5,2
B1-001598#6,2
B1-001598#7,2
B1-001598#8,2
B1-001598#9,2
B1-001599#0,2
B1-001599#1,2
B1-001599#10,2
B1-001599#11,2
B1-001599#12,2
B1-001599#13,2
B1-001599#14,1
B1-001599#15,2
B1-001599#2,2
B1-001599#3,2
B1-001599#4,2
B1-001599#5,2
B1-001599#6,2
B1-001599#7,2
B1-001599#8,2
B1-001599#9,2
B1-001600#0,2
B1-001600#1,2
B1-001600#10,2
B1-001600#11,2
B1-001600#12,2
B1-001600#2,2
B1-001600#3,2
B1-001600#4,2
B1-001600#5,2
B1-001600#6,2
B1-001600#7,2
B1-001600#8,2
B1-001600#9,2
B1-001601#0,2
B1-001601#1,2
B1-001601#2,2
B1-001601#3,2
B1-001601#4,2
B1-001601#5,2
B1-001602#0,2
B1-001602#1,2
B1-001602#2,2
B1-001602#3,2
B1-001602#4,2
B1-001602#5,2
B1-001602#6,2
B1-001603#1,2
B1-001603#10,2
B1-001603#2,2
B1-001603#3,2
B1-001603#4,2
B1-001603#5,2
B1-001603#6,2
B1-001603#7,2
B1-001603#8,2
B1-001603#9,2
B1-001604#0,2
B1-001604#1,2
B1-001604#2,2
B1-001604#3,2
B1-001604#4,2
B1-001604#5,2
B1-001604#6,2
B1-001604#7,2
B1-001605#0,2
B1-001605#1,2
B1-001605#10,2
B1-001605#2,2
B1-001605#3,2
B1-001605#4,2
B1-001605#5,2
B1-001605#6,2
B1-001605#7,2
B1-001605#8,2
B1-001605#9,2
B1-001606#0,2
B1-001606#1,2
B1-001606#10,2
B1-001606#11,2
B1-001606#2,2
B1-001606#3,2
B1-001606#4,2
B1-001606#5,2
B1-001606#6,2
B1-001606#7,2
B1-001606#8,2
B1-001606#9,2
B1-001607#0,2
B1-001607#1,2
B1-001607#2,2
B1-001607#3,2
B1-001607#4,2
B1-001607#5,2
B1-001607#6,2
B1-001608#0,2
B1-001608#1,2
B1-001608#2,2
B1-001608#3,2
B1-001608#4,2
B1-001608#5,2
B1-001608#6,2
B1-001608#7,2
B1-001608#8,2
B1-001609#0,2
B1-001609#1,2
B1-001609#10,2
B1-001609#11,2
B1-001609#12,2
B1-001609#13,2
B1-001609#14,2
B1-001609#15,2
B1-001609#16,2
B1-001609#2,2
B1-001609#3,2
B1-001609#4,2
B1-001609#5,2
B1-001609#6,2
B1-001609#7,2
B1-001609#8,2
B1-001609#9,2
B1-001610#0,2
B1-001610#1,2
B1-001610#2,2
B1-001610#3,2
B1-001610#4,2
B1-001610#5,2
B1-001610#6,2
B1-001610#7,2
B1-001611#0,2
B1-001611#1,2
B1-001611#2,2
B1-001611#3,2
B1-001611#4,2
B1-001611#5,2
B1-001611#6,2
B1-001611#7,2
B1-001611#8,2
B1-001611#9,2
B1-001612#0,2
B1-001612#1,2
B1-001612#2,2
B1-001612#3,2
B1-001612#4,2
B1-001612#5,2
B1-001613#0,2
B1-001613#1,2
B1-001613#10,2
B1-001613#11,2
B1-001613#12,2
B1-001613#13,2
B1-001613#14,2
B1-001613#15,2
B1-001613#16,2
B1-001613#2,2
B1-001613#3,2
B1-001613#4,2
B1-001613#5,2
B1-001613#6,2
B1-001613#7,2
B1-001613#8,2
B1-001613#9,2
B1-001614#0,2
B1-001614#1,2
B1-001614#2,2
B1-001614#3,2
B1-001614#4,2
B1-001614#5,2
B1-001614#6,2
B1-001614#7,2
B1-001614#8,2
B1-001614#9,2
B1-001615#0,2
B1-001615#1,2
B1-001615#10,2
B1-001615#11,2
B1-001615#12,2
B1-001615#13,2
B1-001615#14,2
B1-001615#2,2
B1-001615#3,2
B1-001615#4,2
B1-001615#5,2
B1-001615#6,2
B1-001615#7,2
B1-001615#8,2
B1-001615#9,2
B1-001616#0,2
B1-001616#1,2
B1-001616#10,2
B1-001616#11,2
B1-001616#12,2
B1-001616#2,2
B1-001616#3,2
B1-001616#4,2
B1-001616#5,2
B1-001616#6,2
B1-001616#7,2
B1-001616#8,2
B1-001616#9,2
B1-001617#0,2
B1-001617#1,2
B1-001617#2,2
B1-001617#3,2
B1-001617#4,2
B1-001617#5,2
B1-001617#6,2
B1-001617#7,0
B1-001617#8,2
B1-001618#0,2
B1-001618#1,2
B1-001618#2,2
B1-001618#3,2
B1-001618#4,2
B1-001618#5,2
B1-001618#6,2
B1-001618#7,2
B1-001618#8,2
B1-001618#9,2
B1-001619#0,0
B1-001619#1,2
B1-001619#2,2
B1-001619#3,2
B1-001619#4,2
B1-001619#5,2
B1-001619#6,2
B1-001619#7,2
B1-001619#8,2
B1-001619#9,2
B1-001620#0,2
B1-001620#1,2
B1-001620#10,2
B1-001620#11,2
B1-001620#12,2
B1-001620#13,2
B1-001620#14,2
B1-001620#15,2
B1-001620#16,2
B1-001620#17,2
B1-001620#2,2
B1-001620#3,2
B1-001620#4,2
B1-001620#5,2
B1-001620#6,2
B1-001620#7,2
B1-001620#8,2
B1-001620#9,2
B1-001621#0,2
B1-001621#1,0
B1-001621#10,2
B1-001621#11,2
B1-001621#12,2
B1-001621#2,2
B1-001621#3,2
B1-001621#4,2
B1-001621#5,2
B1-001621#6,2
B1-001621#7,2
B1-001621#8,2
B1-001621#9,2
B1-001622#0,2
B1-001622#1,2
B1-001622#2,2
B1-001622#3,2
B1-001622#4,2
B1-001622#5,2
B1-001622#6,2
B1-001623#0,2
B1-001623#1,2
B1-001623#10,2
B1-001623#2,2
B1-001623#3,2
B1-001623#4,2
B1-001623#5,2
B1-001623#6,2
B1-001623#7,2
B1-001623#8,2
B1-001623#9,2
B1-001624#0,2
B1-001624#1,2
B1-001624#10,2
B1-001624#11,2
B1-001624#12,2
B1-001624#13,2
B1-001624#14,2
B1-001624#15,2
B1-001624#16,2
B1-001624#2,2
B1-001624#3,1
B1-001624#4,2
B1-001624#5,2
B1-001624#6,2
B1-001624#7,2
B1-001624#8,2
B1-001624#9,2
B1-001625#0,2
B1-001625#1,2
B1-001625#2,2
B1-001625#3,2
B1-001625#4,2
B1-001625#5,2
B1-001625#6,2
B1-001625#7,2
B1-001625#8,2
B1-001625#9,2
B1-001626#0,2
B1-001626#1,2
B1-001626#2,2
B1-001626#3,2
B1-001626#4,2
B1-001626#5,2
B1-001626#6,2
B1-001626#7,2
B1-001627#0,2
B1-001627#1,2
B1-001627#10,2
B1-001627#11,2
B1-001627#12,2
B1-001627#13,2
B1-001627#2,2
B1-001627#3,2
B1-001627#4,2
B1-001627#5,2
B1-001627#6,2
B1-001627#7,2
B1-001627#8,2
B1-001627#9,2
B1-001628#0,2
B1-001628#1,2
B1-001628#2,2
B1-001628#3,2
B1-001628#4,2
B1-001629#0,2
B1-001629#1,2
B1-001629#10,2
B1-001629#11,2
B1-001629#12,2
B1-001629#2,2
B1-001629#3,2
B1-001629#4,2
B1-001629#5,2
B1-001629#6,2
B1-001629#7,2
B1-001629#8,2
B1-001629#9,2
B1-001630#0,1
B1-001630#1,2
B1-001630#2,2
B1-001630#3,2
B1-001630#4,2
B1-001630#5,2
B1-001631#0,2
B1-001631#1,2
B1-001631#10,2
B1-001631#2,2
B1-001631#3,2
B1-001631#4,2
B1-001631#5,2
B1-001631#6,2
B1-001631#7,2
B1-001631#8,2
B1-001631#9,2
B1-001632#0,2
B1-001632#1,2
B1-001632#10,2
B1-001632#11,2
B1-001632#12,2
B1-001632#2,2
B1-001632#3,2
B1-001632#4,2
B1-001632#5,2
B1-001632#6,2
B1-001632#7,2
B1-001632#8,2
B1-001632#9,2
B1-001633#0,2
B1-001633#1,2
B1-001633#10,2
B1-001633#11,2
B1-001633#12,2
B1-001633#2,2
B1-001633#3,2
B1-001633#4,2
B1-001633#5,2
B1-001633#6,2
B1-001633#7,2
B1-001633#8,2
B1-001633#9,2
B1-001634#0,2
B1-001634#1,2
B1-001634#10,2
B1-001634#11,2
B1-001634#2,2
B1-001634#3,2
B1-001634#4,2
B1-001634#5,2
B1-001634#6,2
B1-001634#7,2
B1-001634#8,2
B1-001634#9,2
B1-001635#0,2
B1-001635#1,2
B1-001635#2,2
B1-001635#3,2
B1-001635#4,2
B1-001635#5,2
B1-001636#0,2
B1-001636#1,2
B1-001636#10,2
B1-001636#11,2
B1-001636#12,2
B1-001636#13,2
B1-001636#2,2
B1-001636#3,2
B1-001636#4,2
B1-001636#5,2
B1-001636#6,2
B1-001636#7,2
B1-001636#8,2
B1-001636#9,2
B1-001637#0,2
B1-001637#1,2
B1-001637#10,2
B1-001637#2,2
B1-001637#3,2
B1-001637#4,2
B1-001637#5,2
B1-001637#6,2
B1-001637#7,2
B1-001637#8,2
B1-001637#9,2
B1-001638#0,2
B1-001638#1,2
B1-001638#10,2
B1-001638#11,2
B1-001638#12,2
B1-001638#13,2
B1-001638#2,2
B1-001638#3,2
B1-001638#4,2
B1-001638#5,2
B1-001638#6,2
B1-001638#7,2
B1-001638#8,2
B1-001638#9,2
B1-001639#0,2
B1-001639#1,2
B1-001639#2,2
B1-001639#3,2
B1-001639#4,2
B1-001639#5,2
B1-001639#6,2
B1-001639#7,2
B1-001639#8,2
B1-001640#0,2
B1-001640#1,2
B1-001640#2,2
B1-001640#3,2
B1-001640#4,2
B1-001640#5,2
B1-001640#6,2
B1-001641#0,2
B1-001641#1,2
B1-001641#2,2
B1-001641#3,2
B1-001641#4,2
B1-001642#0,1
B1-001642#1,2
B1-001642#10,2
B1-001642#11,2
B1-001642#12,2
B1-001642#13,2
B1-001642#2,2
B1-001642#3,2
B1-001642#4,2
B1-001642#5,2
B1-001642#6,2
B1-001642#7,2
B1-001642#8,2
B1-001642#9,2
B1-001643#0,2
B1-001643#1,2
B1-001643#10,2
B1-001643#11,2
B1-001643#2,2
B1-001643#3,2
B1-001643#4,2
B1-001643#5,2
B1-001643#6,2
B1-001643#7,2
B1-001643#8,2
B1-001643#9,2
B1-001644#0,2
B1-001644#1,2
B1-001644#10,2
B1-001644#11,2
B1-001644#12,2
B1-001644#13,2
B1-001644#14,2
B1-001644#15,2
B1-001644#2,2
B1-001644#3,2
B1-001644#4,2
B1-001644#5,2
B1-001644#6,2
B1-001644#7,1
B1-001644#8,2
B1-001644#9,2
B1-001645#0,2
B1-001645#1,2
B1-001645#10,2
B1-001645#11,2
B1-001645#2,2
B1-001645#3,2
B1-001645#4,2
B1-001645#5,2
B1-001645#6,2
B1-001645#7,2
B1-001645#8,2
B1-001645#9,2
B1-001646#0,2
B1-001646#1,2
B1-001646#2,2
B1-001646#3,2
B1-001646#4,2
B1-001646#5,2
B1-001647#0,2
B1-001647#1,2
B1-001647#10,2
B1-001647#11,2
B1-001647#12,2
B1-001647#2,2
B1-001647#3,2
B1-001647#4,2
B1-001647#5,2
B1-001647#6,2
B1-001647#7,2
B1-001647#8,2
B1-001647#9,2
B1-001648#0,2
B1-001648#1,2
B1-001648#10,2
B1-001648#2,2
B1-001648#3,2
B1-001648#4,2
B1-001648#5,2
B1-001648#6,2
B1-001648#7,2
B1-001648#8,2
B1-001648#9,2
B1-001649#0,2
B1-001649#1,2
B1-001649#2,2
B1-001649#3,2
B1-001649#4,2
B1-001649#5,2
B1-001650#0,2
B1-001650#1,2
B1-001650#2,2
B1-001650#3,2
B1-001650#4,2
B1-001650#5,2
B1-001650#6,2
B1-001651#0,2
B1-001651#1,2
B1-001651#2,2
B1-001651#3,2
B1-001651#4,2
B1-001651#5,2
B1-001651#6,2
B1-001651#7,2
B1-001651#8,2
B1-001652#0,2
B1-001652#1,2
B1-001652#2,2
B1-001652#3,2
B1-001652#4,2
B1-001652#5,2
B1-001653#0,2
B1-001653#1,2
B1-001653#10,2
B1-001653#2,2
B1-001653#3,2
B1-001653#4,2
B1-001653#5,2
B1-001653#6,1
B1-001653#7,2
B1-001653#8,2
B1-001653#9,2
B1-001654#0,2
B1-001654#1,2
B1-001654#2,2
B1-001654#3,2
B1-001654#4,2
B1-001654#5,2
B1-001654#6,2
B1-001654#7,2
B1-001655#0,2
B1-001655#1,2
B1-001655#2,2
B1-001655#3,2
B1-001655#4,2
B1-001655#5,2
B1-001655#6,2
B1-001655#7,2
B1-001655#8,2
B1-001656#0,2
B1-001656#1,2
B1-001656#2,2
B1-001656#3,2
B1-001656#4,2
B1-001656#5,2
B1-001656#6,2
B1-001656#7,2
B1-001656#8,2
B1-001657#0,2
B1-001657#1,2
B1-001657#2,2
B1-001657#3,2
B1-001657#4,2
B1-001657#5,2
B1-001657#6,2
B1-001657#7,2
B1-001657#8,2
B1-001657#9,2
B1-001658#0,2
B1-001658#1,2
B1-001658#2,2
B1-001658#3,2
B1-001658#4,2
B1-001658#5,2
B1-001658#6,2
B1-001659#0,2
B1-001659#1,2
B1-001659#10,2
B1-001659#11,2
B1-001659#12,2
B1-001659#13,2
B1-001659#14,2
B1-001659#2,2
B1-001659#3,2
B1-001659#4,2
B1-001659#5,2
B1-001659#6,2
B1-001659#7,2
B1-001659#8,2
B1-001659#9,2
B1-001660#0,2
B1-001660#1,2
B1-001660#10,2
B1-001660#11,2
B1-001660#12,2
B1-001660#2,2
B1-001660#3,2
B1-001660#4,2
B1-001660#5,2
B1-001660#6,2
B1-001660#7,2
B1-001660#8,2
B1-001660#9,2
B1-001661#0,2
B1-001661#1,2
B1-001661#2,2
B1-001661#3,2
B1-001662#0,2
B1-001662#1,2
B1-001662#10,2
B1-001662#11,2
B1-001662#2,2
B1-001662#3,2
B1-001662#4,2
B1-001662#5,2
B1-001662#6,2
B1-001662#7,2
B1-001662#8,2
B1-001662#9,2
B1-001663#0,2
B1-001663#1,2
B1-001663#10,2
B1-001663#11,2
B1-001663#12,2
B1-001663#13,2
B1-001663#14,2
B1-001663#2,2
B1-001663#3,2
B1-001663#4,2
B1-001663#5,2
B1-001663#6,2
B1-001663#7,2
B1-001663#8,2
B1-001663#9,2
B1-001664#0,2
B1-001664#1,2
B1-001664#2,2
B1-001664#3,2
B1-001664#4,2
B1-001664#5,2
B1-001664#6,1
B1-001664#7,2
B1-001664#8,2
B1-001665#0,2
B1-001665#1,2
B1-001665#2,2
B1-001665#4,2
B1-001665#5,2
B1-001665#6,2
B1-001665#7,2
B1-001666#0,2
B1-001666#1,1
B1-001666#2,2
B1-001666#3,2
B1-001666#4,2
B1-001666#5,2
B1-001666#6,2
B1-001666#7,2
B1-001666#8,2
B1-001667#0,2
B1-001667#1,2
B1-001667#10,2
B1-001667#2,2
B1-001667#3,2
B1-001667#4,2
B1-001667#5,2
B1-001667#6,2
B1-001667#7,2
B1-001667#8,2
B1-001667#9,2
B1-001668#0,2
B1-001668#1,2
B1-001668#10,2
B1-001668#11,2
B1-001668#12,2
B1-001668#13,2
B1-001668#14,2
B1-001668#15,2
B1-001668#2,2
B1-001668#3,2
B1-001668#4,2
B1-001668#5,2
B1-001668#6,2
B1-001668#7,2
B1-001668#8,2
B1-001668#9,2
B1-001669#0,2
B1-001669#1,2
B1-001669#10,2
B1-001669#11,2
B1-001669#12,2
B1-001669#2,2
B1-001669#3,2
B1-001669#4,2
B1-001669#5,2
B1-001669#6,2
B1-001669#7,2
B1-001669#8,2
B1-001669#9,2
B1-001670#0,2
B1-001670#1,2
B1-001670#2,2
B1-001670#3,2
B1-001670#4,2
B1-001670#5,2
B1-001670#6,2
B1-001670#7,2
B1-001670#8,2
B1-001671#0,2
B1-001671#1,2
B1-001671#10,2
B1-001671#2,1
B1-001671#3,2
B1-001671#4,2
B1-001671#5,2
B1-001671#6,2
B1-001671#7,2
B1-001671#8,2
B1-001671#9,2
B1-001672#0,2
B1-001672#1,2
B1-001672#2,2
B1-001672#3,2
B1-001672#4,2
B1-001673#0,2
B1-001673#1,2
B1-001673#10,2
B1-001673#11,2
B1-001673#12,2
B1-001673#13,2
B1-001673#14,2
B1-001673#15,2
B1-001673#16,2
B1-001673#2,2
B1-001673#3,2
B1-001673#4,2
B1-001673#5,2
B1-001673#6,2
B1-001673#7,2
B1-001673#8,2
B1-001673#9,2
B1-001674#0,2
B1-001674#1,2
B1-001674#2,2
B1-001674#3,2
B1-001674#4,2
B1-001674#5,2
B1-001674#6,2
B1-001675#0,2
B1-001675#1,2
B1-001675#10,2
B1-001675#11,2
B1-001675#12,2
B1-001675#2,2
B1-001675#3,2
B1-001675#4,2
B1-001675#5,2
B1-001675#6,2
B1-001675#7,2
B1-001675#8,2
B1-001675#9,2
B1-001676#0,2
B1-001676#1,2
B1-001676#2,2
B1-001676#3,2
B1-001676#4,2
B1-001677#0,2
B1-001677#1,2
B1-001677#2,2
B1-001677#3,2
B1-001677#4,2
B1-001677#5,2
B1-001678#0,2
B1-001678#1,2
B1-001678#2,2
B1-001678#3,2
B1-001678#4,2
B1-001678#5,2
B1-001679#0,2
B1-001679#1,2
B1-001679#2,2
B1-001679#3,2
B1-001679#4,2
B1-001679#5,2
B1-001679#6,2
B1-001679#7,2
B1-001679#8,2
B1-001679#9,2
B1-001680#0,2
B1-001680#1,2
B1-001680#10,2
B1-001680#11,2
B1-001680#12,2
B1-001680#13,2
B1-001680#14,2
B1-001680#2,2
B1-001680#3,2
B1-001680#4,2
B1-001680#5,2
B1-001680#6,2
B1-001680#7,2
B1-001680#8,2
B1-001680#9,2
B1-001681#0,2
B1-001681#1,2
B1-001681#2,1
B1-001681#3,2
B1-001681#4,0
B1-001681#5,2
B1-001682#0,2
B1-001682#1,2
B1-001682#2,2
B1-001682#3,2
B1-001682#4,2
B1-001682#5,2
B1-001682#6,2
B1-001682#7,2
B1-001683#0,2
B1-001683#1,2
B1-001683#2,2
B1-001683#3,2
B1-001683#4,2
B1-001683#5,2
B1-001684#0,2
B1-001684#1,2
B1-001684#10,2
B1-001684#2,2
B1-001684#4,2
B1-001684#5,2
B1-001684#6,2
B1-001684#7,2
B1-001684#8,2
B1-001684#9,2
B1-001685#0,2
B1-001685#1,2
B1-001685#2,2
B1-001685#3,2
B1-001685#4,2
B1-001685#5,2
B1-001685#6,2
B1-001685#7,2
B1-001685#8,2
B1-001685#9,2
B1-001686#0,2
B1-001686#1,2
B1-001686#10,2
B1-001686#11,2
B1-001686#12,2
B1-001686#13,2
B1-001686#14,2
B1-001686#15,2
B1-001686#16,2
B1-001686#2,2
B1-001686#3,2
B1-001686#4,2
B1-001686#5,2
B1-001686#6,2
B1-001686#7,2
B1-001686#8,2
B1-001686#9,2
B1-001687#0,2
B1-001687#1,2
B1-001687#10,2
B1-001687#11,2
B1-001687#12,2
B1-001687#2,2
B1-001687#3,2
B1-001687#4,2
B1-001687#5,2
B1-001687#6,2
B1-001687#7,2
B1-001687#8,2
B1-001687#9,2
B1-001688#0,2
B1-001688#1,2
B1-001688#2,2
B1-001688#3,2
B1-001688#4,2
B1-001688#5,2
B1-001688#6,2
B1-001688#7,2
B1-001688#8,2
B1-001689#0,2
B1-001689#1,2
B1-001689#10,2
B1-001689#11,2
B1-001689#12,2
B1-001689#13,2
B1-001689#14,2
B1-001689#15,2
B1-001689#16,2
B1-001689#2,2
B1-001689#3,2
B1-001689#4,2
B1-001689#5,2
B1-001689#6,2
B1-001689#7,2
B1-001689#8,2
B1-001689#9,2
B1-001690#0,2
B1-001690#1,2
B1-001690#10,2
B1-001690#11,2
B1-001690#12,2
B1-001690#2,2
B1-001690#3,2
B1-001690#4,2
B1-001690#5,2
B1-001690#6,2
B1-001690#7,2
B1-001690#8,2
B1-001690#9,2
B1-001691#0,2
B1-001691#1,2
B1-001691#10,2
B1-001691#11,2
B1-001691#12,2
B1-001691#13,2
B1-001691#2,2
B1-001691#3,2
B1-001691#4,2
B1-001691#5,2
B1-001691#6,2
B1-001691#7,2
B1-001691#8,2
B1-001691#9,2
B1-001692#0,2
B1-001692#1,2
B1-001692#10,2
B1-001692#2,2
B1-001692#3,2
B1-001692#4,2
B1-001692#5,2
B1-001692#6,2
B1-001692#7,2
B1-001692#8,2
B1-001692#9,2
B1-001693#0,2
B1-001693#1,2
B1-001693#10,2
B1-001693#2,2
B1-001693#3,2
B1-001693#4,2
B1-001693#5,2
B1-001693#6,2
B1-001693#7,2
B1-001693#8,2
B1-001693#9,2
B1-001694#0,2
B1-001694#1,2
B1-001694#10,2
B1-001694#11,2
B1-001694#12,2
B1-001694#13,2
B1-001694#14,2
B1-001694#2,2
B1-001694#3,2
B1-001694#4,2
B1-001694#5,2
B1-001694#6,2
B1-001694#7,2
B1-001694#8,2
B1-001694#9,2
B1-001695#0,2
B1-001695#1,2
B1-001695#2,2
B1-001695#3,2
B1-001695#4,2
B1-001695#5,2
B1-001695#6,2
B1-001696#0,2
B1-001696#1,2
B1-001696#10,2
B1-001696#11,2
B1-001696#2,2
B1-001696#3,2
B1-001696#4,2
B1-001696#5,2
B1-001696#6,2
B1-001696#7,2
B1-001696#8,2
B1-001696#9,2
B1-001697#0,2
B1-001697#1,2
B1-001697#2,2
B1-001697#3,2
B1-001697#4,2
B1-001697#5,2
B1-001697#6,2
B1-001697#7,2
B1-001698#0,2
B1-001698#1,2
B1-001698#2,2
B1-001698#3,2
B1-001698#4,2
B1-001698#5,2
B1-001698#6,2
B1-001698#7,2
B1-001698#8,2
B1-001698#9,2
B1-001699#0,2
B1-001699#1,2
B1-001699#2,2
B1-001699#3,2
B1-001699#4,2
B1-001699#5,2
B1-001700#0,2
B1-001700#1,2
B1-001700#10,2
B1-001700#11,2
B1-001700#12,2
B1-001700#13,2
B1-001700#14,2
B1-001700#15,2
B1-001700#2,2
B1-001700#3,2
B1-001700#4,2
B1-001700#5,2
B1-001700#6,2
B1-001700#7,2
B1-001700#8,2
B1-001700#9,2
B1-001701#0,2
B1-001701#1,2
B1-001701#10,2
B1-001701#11,2
B1-001701#12,2
B1-001701#13,2
B1-001701#2,2
B1-001701#3,2
B1-001701#4,2
B1-001701#5,2
B1-001701#6,2
B1-001701#7,2
B1-001701#8,2
B1-001701#9,2
B1-001702#0,2
B1-001702#1,2
B1-001702#10,2
B1-001702#11,2
B1-001702#12,2
B1-001702#13,2
B1-001702#14,2
B1-001702#15,2
B1-001702#16,2
B1-001702#17,2
B1-001702#2,1
B1-001702#3,2
B1-001702#4,2
B1-001702#5,2
B1-001702#6,2
B1-001702#7,2
B1-001702#8,2
B1-001702#9,2
B1-001703#0,2
B1-001703#1,2
B1-001703#2,1
B1-001703#3,2
B1-001703#4,2
B1-001703#5,2
B1-001703#6,2
B1-001703#7,2
B1-001703#8,2
B1-001704#0,2
B1-001704#1,2
B1-001704#10,2
B1-001704#11,2
B1-001704#12,2
B1-001704#13,2
B1-001704#2,2
B1-001704#3,2
B1-001704#4,2
B1-001704#5,2
B1-001704#6,2
B1-001704#7,2
B1-001704#8,2
B1-001704#9,2
B1-001705#0,2
B1-001705#1,2
B1-001705#2,2
B1-001705#3,2
B1-001705#4,2
B1-001705#5,2
B1-001705#6,1
B1-001705#7,2
B1-001705#8,2
B1-001706#0,2
B1-001706#1,2
B1-001706#2,2
B1-001706#3,2
B1-001706#4,2
B1-001707#0,1
B1-001707#1,1
B1-001707#2,2
B1-001707#3,2
B1-001707#4,2
B1-001707#5,2
B1-001707#6,2
B1-001707#7,2
B1-001707#8,2
B1-001708#0,1
B1-001708#1,1
B1-001708#10,2
B1-001708#11,2
B1-001708#12,2
B1-001708#13,2
B1-001708#2,2
B1-001708#3,2
B1-001708#4,2
B1-001708#5,2
B1-001708#6,2
B1-001708#7,2
B1-001708#8,2
B1-001708#9,2
B1-001709#0,2
B1-001709#1,2
B1-001709#10,2
B1-001709#11,2
B1-001709#2,2
B1-001709#3,2
B1-001709#4,2
B1-001709#5,2
B1-001709#6,2
B1-001709#7,2
B1-001709#8,2
B1-001709#9,2
B1-001710#0,2
B1-001710#1,2
B1-001710#10,2
B1-001710#2,2
B1-001710#3,2
B1-001710#4,2
B1-001710#5,2
B1-001710#6,2
B1-001710#7,2
B1-001710#8,2
B1-001710#9,2
B1-001711#0,2
B1-001711#1,2
B1-001711#10,2
B1-001711#11,2
B1-001711#12,2
B1-001711#13,2
B1-001711#2,2
B1-001711#3,2
B1-001711#4,2
B1-001711#5,2
B1-001711#6,2
B1-001711#7,2
B1-001711#8,2
B1-001711#9,2
B1-001712#0,2
B1-001712#1,2
B1-001712#10,2
B1-001712#11,2
B1-001712#2,2
B1-001712#3,2
B1-001712#4,2
B1-001712#5,2
B1-001712#6,2
B1-001712#7,2
B1-001712#8,2
B1-001712#9,2
B1-001713#0,2
B1-001713#1,2
B1-001713#10,2
B1-001713#11,2
B1-001713#12,2
B1-001713#13,2
B1-001713#14,2
B1-001713#15,2
B1-001713#16,2
B1-001713#2,2
B1-001713#3,2
B1-001713#4,2
B1-001713#5,2
B1-001713#6,2
B1-001713#7,2
B1-001713#8,2
B1-001713#9,2
B1-001714#0,2
B1-001714#1,2
B1-001714#2,2
B1-001714#3,2
B1-001714#4,2
B1-001715#0,2
B1-001715#1,2
B1-001715#2,2
B1-001715#3,2
B1-001715#4,2
B1-001715#5,2
B1-001716#0,2
B1-001716#2,2
B1-001716#3,2
B1-001716#4,2
B1-001716#5,2
B1-001717#0,2
B1-001717#1,2
B1-001717#2,2
B1-001717#3,2
B1-001717#4,2
B1-001717#5,2
B1-001717#6,2
B1-001718#0,2
B1-001718#1,2
B1-001718#2,2
B1-001718#3,2
B1-001718#4,2
B1-001718#5,2
B1-001718#6,2
B1-001718#7,2
B1-001718#8,2
B1-001718#9,2
B1-001719#1,2
B1-001719#10,2
B1-001719#11,2
B1-001719#12,2
B1-001719#13,2
B1-001719#2,2
B1-001719#3,2
B1-001719#4,2
B1-001719#5,2
B1-001719#6,2
B1-001719#7,2
B1-001719#8,2
B1-001719#9,2
B1-001720#0,2
B1-001720#1,2
B1-001720#2,2
B1-001720#3,2
B1-001720#4,2
B1-001720#5,2
B1-001720#6,2
B1-001720#7,2
B1-001720#8,2
B1-001721#0,2
B1-001721#1,2
B1-001721#2,2
B1-001721#3,2
B1-001721#4,2
B1-001721#5,2
B1-001722#0,1
B1-001722#1,2
B1-001722#10,2
B1-001722#11,2
B1-001722#12,2
B1-001722#13,2
B1-001722#14,2
B1-001722#2,2
B1-001722#3,2
B1-001722#4,2
B1-001722#5,2
B1-001722#6,2
B1-001722#7,2
B1-001722#8,2
B1-001722#9,2
B1-001723#0,2
B1-001723#1,2
B1-001723#10,2
B1-001723#11,2
B1-001723#12,2
B1-001723#13,2
B1-001723#14,2
B1-001723#15,2
B1-001723#2,2
B1-001723#3,2
B1-001723#4,1
B1-001723#5,2
B1-001723#6,2
B1-001723#7,2
B1-001723#8,2
B1-001723#9,2
B1-001724#0,2
B1-001724#1,2
B1-001724#10,2
B1-001724#11,2
B1-001724#12,2
B1-001724#13,2
B1-001724#14,2
B1-001724#2,2
B1-001724#3,2
B1-001724#4,2
B1-001724#5,2
B1-001724#6,2
B1-001724#7,2
B1-001724#8,2
B1-001724#9,2
B1-001725#0,0
B1-001725#1,2
B1-001725#10,2
B1-001725#11,2
B1-001725#12,2
B1-001725#13,2
B1-001725#14,2
B1-001725#15,2
B1-001725#16,2
B1-001725#2,2
B1-001725#3,2
B1-001725#4,2
B1-001725#5,2
B1-001725#6,2
B1-001725#7,2
B1-001725#8,2
B1-001725#9,2
B1-001726#0,2
B1-001726#1,2
B1-001726#10,2
B1-001726#2,2
B1-001726#3,2
B1-001726#4,2
B1-001726#5,2
B1-001726#6,2
B1-001726#7,2
B1-001726#8,2
B1-001726#9,2
B1-001727#0,2
B1-001727#1,2
B1-001727#2,2
B1-001727#3,2
B1-001727#4,2
B1-001727#5,2
B1-001727#6,2
B1-001727#7,2
B1-001728#0,2
B1-001728#1,2
B1-001728#10,2
B1-001728#11,2
B1-001728#2,2
B1-001728#3,2
B1-001728#4,2
B1-001728#5,2
B1-001728#6,2
B1-001728#7,2
B1-001728#8,2
B1-001728#9,2
B1-001729#0,2
B1-001729#1,2
B1-001729#10,2
B1-001729#11,2
B1-001729#2,2
B1-001729#3,2
B1-001729#4,2
B1-001729#5,2
B1-001729#6,2
B1-001729#7,2
B1-001729#8,2
B1-001729#9,2
B1-001730#0,2
B1-001730#1,2
B1-001730#2,2
B1-001730#3,2
B1-001730#4,2
B1-001730#5,2
B1-001730#6,2
B1-001731#0,1
B1-001731#1,2
B1-001731#10,2
B1-001731#11,2
B1-001731#12,2
B1-001731#2,2
B1-001731#3,2
B1-001731#4,2
B1-001731#5,2
B1-001731#6,2
B1-001731#7,2
B1-001731#8,2
B1-001731#9,2
B1-001732#0,2
B1-001732#1,2
B1-001732#10,2
B1-001732#11,2
B1-001732#12,2
B1-001732#13,2
B1-001732#14,2
B1-001732#15,2
B1-001732#16,2
B1-001732#17,2
B1-001732#2,2
B1-001732#3,2
B1-001732#4,2
B1-001732#5,2
B1-001732#6,2
B1-001732#7,2
B1-001732#8,2
B1-001732#9,2
B1-001733#0,2
B1-001733#1,2
B1-001733#10,2
B1-001733#11,2
B1-001733#2,2
B1-001733#3,2
B1-001733#4,2
B1-001733#5,2
B1-001733#6,2
B1-001733#7,2
B1-001733#8,2
B1-001733#9,2
B1-001734#0,2
B1-001734#1,2
B1-001734#10,2
B1-001734#11,2
B1-001734#12,2
B1-001734#13,2
B1-001734#14,2
B1-001734#15,2
B1-001734#2,2
B1-001734#3,2
B1-001734#4,2
B1-001734#5,2
B1-001734#6,2
B1-001734#7,2
B1-001734#8,2
B1-001734#9,2
B1-001735#0,2
B1-001735#1,2
B1-001735#10,2
B1-001735#11,2
B1-001735#12,2
B1-001735#2,2
B1-001735#3,2
B1-001735#4,2
B1-001735#5,2
B1-001735#6,2
B1-001735#7,2
B1-001735#8,2
B1-001735#9,2
B1-001736#0,2
B1-001736#1,2
B1-001736#10,2
B1-001736#11,2
B1-001736#12,2
B1-001736#13,2
B1-001736#14,2
B1-001736#15,2
B1-001736#16,2
B1-001736#17,2
B1-001736#2,2
B1-001736#3,2
B1-001736#4,2
B1-001736#5,2
B1-001736#6,2
B1-001736#7,2
B1-001736#8,2
B1-001736#9,2
B1-001737#0,2
B1-001737#1,2
B1-001737#10,2
B1-001737#11,2
B1-001737#12,2
B1-001737#13,2
B1-001737#14,2
B1-001737#15,2
B1-001737#2,2
B1-001737#3,2
B1-001737#4,2
B1-001737#5,2
B1-001737#6,2
B1-001737#7,2
B1-001737#8,2
B1-001737#9,2
B1-001738#0,2
B1-001738#1,2
B1-001738#10,2
B1-001738#11,2
B1-001738#12,2
B1-001738#13,2
B1-001738#14,2
B1-001738#15,2
B1-001738#2,2
B1-001738#3,2
B1-001738#4,2
B1-001738#5,2
B1-001738#6,2
B1-001738#7,2
B1-001738#8,2
B1-001738#9,2
B1-001739#0,2
B1-001739#1,2
B1-001739#2,2
B1-001739#3,2
B1-001739#4,2
B1-001739#5,2
B1-001739#6,2
B1-001740#0,2
B1-001740#1,2
B1-001740#2,2
B1-001740#3,2
B1-001740#4,2
B1-001740#5,2
B1-001741#0,2
B1-001741#1,2
B1-001741#2,2
B1-001741#3,2
B1-001741#4,2
B1-001742#0,2
B1-001742#1,2
B1-001742#10,2
B1-001742#11,2
B1-001742#12,2
B1-001742#2,2
B1-001742#3,2
B1-001742#4,2
B1-001742#5,2
B1-001742#6,2
B1-001742#7,2
B1-001742#8,2
B1-001742#9,2
B1-001743#0,2
B1-001743#1,2
B1-001743#2,2
B1-001743#3,2
B1-001743#4,2
B1-001743#5,2
B1-001743#6,2
B1-001743#7,2
B1-001743#8,2
B1-001744#0,2
B1-001744#1,2
B1-001744#2,2
B1-001744#3,2
B1-001744#4,2
B1-001744#5,2
B1-001744#6,2
B1-001744#7,2
B1-001744#8,2
B1-001745#0,2
B1-001745#1,2
B1-001745#2,2
B1-001745#3,2
B1-001745#4,2
B1-001745#5,2
B1-001745#6,2
B1-001746#0,2
B1-001746#1,2
B1-001746#2,2
B1-001746#3,2
B1-001747#0,2
B1-001747#1,2
B1-001747#2,2
B1-001747#3,2
B1-001747#4,2
B1-001747#5,2
B1-001747#6,2
B1-001747#7,2
B1-001747#8,2
B1-001748#0,1
B1-001748#1,2
B1-001748#2,2
B1-001748#3,2
B1-001748#4,2
B1-001748#5,2
B1-001748#6,2
B1-001748#7,2
B1-001748#8,2
B1-001749#0,2
B1-001749#1,2
B1-001749#2,2
B1-001749#3,2
B1-001749#4,2
B1-001750#0,2
B1-001750#1,2
B1-001750#2,2
B1-001750#3,2
B1-001750#4,2
B1-001750#5,2
B1-001750#6,2
B1-001750#7,2
B1-001750#8,2
B1-001750#9,2
B1-001751#0,1
B1-001751#1,2
B1-001751#2,2
B1-001751#3,2
B1-001751#4,2
B1-001751#5,2
B1-001751#6,2
B1-001751#7,2
B1-001752#0,2
B1-001752#1,2
B1-001752#2,2
B1-001752#3,2
B1-001752#4,2
B1-001752#5,2
B1-001752#6,2
B1-001753#0,2
B1-001753#1,2
B1-001753#10,2
B1-001753#11,2
B1-001753#12,2
B1-001753#2,2
B1-001753#3,2
B1-001753#4,2
B1-001753#5,2
B1-001753#6,2
B1-001753#8,2
B1-001753#9,2
B1-001754#0,2
B1-001754#1,2
B1-001754#2,2
B1-001754#3,2
B1-001754#4,2
B1-001754#5,2
B1-001755#0,2
B1-001755#1,2
B1-001755#10,2
B1-001755#2,1
B1-001755#3,2
B1-001755#4,2
B1-001755#5,2
B1-001755#6,2
B1-001755#7,2
B1-001755#8,2
B1-001755#9,2
B1-001756#0,1
B1-001756#1,2
B1-001756#10,2
B1-001756#11,2
B1-001756#12,2
B1-001756#2,2
B1-001756#3,2
B1-001756#4,2
B1-001756#5,2
B1-001756#6,2
B1-001756#7,2
B1-001756#8,2
B1-001756#9,2
B1-001757#0,2
B1-001757#1,2
B1-001757#2,2
B1-001757#3,2
B1-001757#4,2
B1-001757#5,2
B1-001757#6,2
B1-001757#7,2
B1-001758#0,2
B1-001758#1,2
B1-001758#2,2
B1-001758#3,2
B1-001758#4,2
B1-001758#5,2
B1-001758#6,2
B1-001759#0,2
B1-001759#1,2
B1-001759#2,2
B1-001759#3,2
B1-001759#4,2
B1-001759#5,2
B1-001759#6,2
B1-001759#7,2
B1-001759#8,2
B1-001760#0,0
B1-001760#1,2
B1-001760#10,2
B1-001760#11,2
B1-001760#2,2
B1-001760#3,2
B1-001760#4,2
B1-001760#5,2
B1-001760#6,2
B1-001760#7,2
B1-001760#8,2
B1-001760#9,2
B1-001761#0,2
B1-001761#1,2
B1-001761#10,2
B1-001761#11,2
B1-001761#12,1
B1-001761#13,2
B1-001761#14,2
B1-001761#15,2
B1-001761#16,2
B1-001761#17,2
B1-001761#2,2
B1-001761#3,2
B1-001761#4,2
B1-001761#5,2
B1-001761#6,2
B1-001761#7,2
B1-001761#8,2
B1-001761#9,2
B1-001762#0,2
B1-001762#1,2
B1-001762#10,2
B1-001762#11,2
B1-001762#12,2
B1-001762#2,2
B1-001762#3,2
B1-001762#4,2
B1-001762#5,2
B1-001762#6,2
B1-001762#7,2
B1-001762#8,2
B1-001762#9,2
B1-001763#0,2
B1-001763#1,2
B1-001763#2,2
B1-001763#3,2
B1-001763#4,2
B1-001763#5,2
B1-001763#6,2
B1-001763#7,2
B1-001764#0,2
B1-001764#1,2
B1-001764#2,2
B1-001764#3,2
B1-001764#4,2
B1-001764#5,2
B1-001764#6,2
B1-001764#7,2
B1-001764#8,2
B1-001765#0,2
B1-001765#1,2
B1-001765#10,2
B1-001765#11,2
B1-001765#12,2
B1-001765#13,2
B1-001765#14,2
B1-001765#15,2
B1-001765#16,2
B1-001765#2,2
B1-001765#3,2
B1-001765#4,1
B1-001765#5,2
B1-001765#6,2
B1-001765#7,2
B1-001765#8,2
B1-001765#9,2
B1-001766#0,2
B1-001766#1,2
B1-001766#2,2
B1-001766#3,2
B1-001766#4,2
B1-001766#5,2
B1-001766#6,2
B1-001766#7,2
B1-001766#8,2
B1-001766#9,2
B1-001767#0,2
B1-001767#1,2
B1-001767#2,2
B1-001767#3,2
B1-001767#4,2
B1-001768#0,2
B1-001768#1,2
B1-001768#10,2
B1-001768#2,2
B1-001768#3,2
B1-001768#4,2
B1-001768#5,2
B1-001768#6,2
B1-001768#7,2
B1-001768#8,2
B1-001768#9,2
B1-001769#0,2
B1-001769#1,2
B1-001769#10,2
B1-001769#11,2
B1-001769#2,2
B1-001769#3,2
B1-001769#4,2
B1-001769#5,2
B1-001769#6,2
B1-001769#7,2
B1-001769#8,2
B1-001769#9,2
B1-001770#0,2
B1-001770#1,2
B1-001770#10,2
B1-001770#11,2
B1-001770#12,2
B1-001770#13,2
B1-001770#2,2
B1-001770#3,2
B1-001770#4,2
B1-001770#5,2
B1-001770#6,2
B1-001770#7,2
B1-001770#8,2
B1-001770#9,2
B1-001771#0,2
B1-001771#1,2
B1-001771#10,2
B1-001771#11,2
B1-001771#12,2
B1-001771#13,2
B1-001771#14,2
B1-001771#15,2
B1-001771#16,2
B1-001771#2,2
B1-001771#3,2
B1-001771#4,2
B1-001771#5,1
B1-001771#6,2
B1-001771#7,1
B1-001771#8,2
B1-001771#9,2
B1-001772#0,2
B1-001772#1,2
B1-001772#10,2
B1-001772#11,2
B1-001772#2,2
B1-001772#3,2
B1-001772#4,2
B1-001772#5,2
B1-001772#6,2
B1-001772#7,2
B1-001772#8,2
B1-001772#9,2
B1-001773#0,2
B1-001773#1,2
B1-001773#2,2
B1-001773#3,2
B1-001773#4,2
B1-001773#5,2
B1-001773#6,2
B1-001773#7,2
B1-001773#8,2
B1-001773#9,2
B1-001774#0,2
B1-001774#1,2
B1-001774#2,2
B1-001774#3,2
B1-001774#4,2
B1-001774#5,2
B1-001774#6,2
B1-001774#7,2
B1-001774#8,2
B1-001775#0,2
B1-001775#1,2
B1-001775#10,2
B1-001775#11,2
B1-001775#12,2
B1-001775#13,2
B1-001775#2,2
B1-001775#3,2
B1-001775#4,2
B1-001775#5,2
B1-001775#6,2
B1-001775#7,2
B1-001775#8,2
B1-001775#9,2
B1-001776#0,1
B1-001776#1,2
B1-001776#10,2
B1-001776#11,2
B1-001776#2,2
B1-001776#3,2
B1-001776#4,2
B1-001776#5,2
B1-001776#6,2
B1-001776#7,2
B1-001776#8,2
B1-001776#9,2
B1-001777#0,2
B1-001777#1,2
B1-001777#2,2
B1-001777#3,1
B1-001777#4,2
B1-001777#5,2
B1-001778#0,2
B1-001778#1,2
B1-001778#2,2
B1-001778#3,2
B1-001778#4,2
B1-001778#5,2
B1-001778#6,2
B1-001778#7,2
B1-001778#8,2
B1-001778#9,2
B1-001779#0,2
B1-001779#1,2
B1-001779#2,2
B1-001779#3,2
B1-001780#0,2
B1-001780#1,2
B1-001780#10,2
B1-001780#11,2
B1-001780#12,2
B1-001780#13,2
B1-001780#14,2
B1-001780#15,2
B1-001780#16,2
B1-001780#17,2
B1-001780#2,2
B1-001780#3,2
B1-001780#4,2
B1-001780#5,2
B1-001780#6,2
B1-001780#7,2
B1-001780#8,2
B1-001780#9,2
B1-001781#0,1
B1-001781#1,2
B1-001781#10,2
B1-001781#11,2
B1-001781#12,2
B1-001781#13,2
B1-001781#2,2
B1-001781#3,2
B1-001781#4,2
B1-001781#5,2
B1-001781#6,2
B1-001781#7,2
B1-001781#8,2
B1-001781#9,2
B1-001782#0,1
B1-001782#1,2
B1-001782#10,2
B1-001782#11,2
B1-001782#12,2
B1-001782#13,2
B1-001782#14,2
B1-001782#2,2
B1-001782#3,2
B1-001782#4,2
B1-001782#5,2
B1-001782#6,2
B1-001782#7,2
B1-001782#8,2
B1-001782#9,2
B1-001783#0,2
B1-001783#1,2
B1-001783#10,2
B1-001783#2,2
B1-001783#3,2
B1-001783#4,2
B1-001783#5,2
B1-001783#6,2
B1-001783#7,2
B1-001783#8,2
B1-001783#9,2
B1-001784#0,2
B1-001784#1,2
B1-001784#2,2
B1-001784#3,2
B1-001784#4,2
B1-001784#5,2
B1-001785#0,2
B1-001785#1,2
B1-001785#10,2
B1-001785#11,2
B1-001785#12,2
B1-001785#13,2
B1-001785#14,2
B1-001785#15,2
B1-001785#16,2
B1-001785#2,2
B1-001785#3,2
B1-001785#4,2
B1-001785#5,2
B1-001785#6,2
B1-001785#7,2
B1-001785#8,2
B1-001785#9,2
B1-001786#0,2
B1-001786#1,2
B1-001786#2,2
B1-001786#3,2
B1-001786#4,2
B1-001786#5,2
B1-001787#0,2
B1-001787#1,2
B1-001787#2,2
B1-001787#3,1
B1-001787#4,2
B1-001787#5,2
B1-001788#0,1
B1-001788#1,2
B1-001788#2,2
B1-001788#3,2
B1-001788#4,2
B1-001788#5,2
B1-001788#6,2
B1-001789#0,2
B1-001789#1,2
B1-001789#10,2
B1-001789#11,2
B1-001789#12,2
B1-001789#13,2
B1-001789#2,2
B1-001789#3,2
B1-001789#4,2
B1-001789#5,2
B1-001789#6,2
B1-001789#7,2
B1-001789#8,2
B1-001789#9,2
B1-001790#0,2
B1-001790#1,2
B1-001790#10,2
B1-001790#11,2
B1-001790#12,2
B1-001790#13,2
B1-001790#14,2
B1-001790#2,2
B1-001790#3,2
B1-001790#4,2
B1-001790#5,1
B1-001790#6,2
B1-001790#7,2
B1-001790#8,2
B1-001790#9,2
B1-001791#0,2
B1-001791#1,2
B1-001791#10,2
B1-001791#11,2
B1-001791#12,2
B1-001791#13,2
B1-001791#14,2
B1-001791#2,2
B1-001791#3,2
B1-001791#4,2
B1-001791#5,2
B1-001791#6,2
B1-001791#7,2
B1-001791#8,2
B1-001791#9,2
B1-001792#0,2
B1-001792#1,2
B1-001792#2,2
B1-001792#3,2
B1-001792#4,2
B1-001792#5,2
B1-001793#0,2
B1-001793#1,2
B1-001793#10,2
B1-001793#11,2
B1-001793#12,2
B1-001793#13,2
B1-001793#14,2
B1-001793#15,2
B1-001793#2,2
B1-001793#3,2
B1-001793#4,2
B1-001793#5,2
B1-001793#6,2
B1-001793#7,2
B1-001793#8,2
B1-001793#9,2
B1-001794#0,2
B1-001794#1,2
B1-001794#2,2
B1-001794#3,2
B1-001794#4,2
B1-001795#0,2
B1-001795#1,2
B1-001795#10,2
B1-001795#11,2
B1-001795#12,2
B1-001795#2,2
B1-001795#3,2
B1-001795#4,2
B1-001795#5,2
B1-001795#6,2
B1-001795#7,2
B1-001795#8,2
B1-001795#9,2
B1-001796#0,2
B1-001796#1,2
B1-001796#10,2
B1-001796#11,2
B1-001796#12,2
B1-001796#13,2
B1-001796#2,2
B1-001796#3,2
B1-001796#4,2
B1-001796#5,2
B1-001796#6,2
B1-001796#7,2
B1-001796#8,2
B1-001796#9,2
B1-001797#0,2
B1-001797#1,2
B1-001797#10,2
B1-001797#11,2
B1-001797#12,2
B1-001797#13,2
B1-001797#14,2
B1-001797#15,2
B1-001797#2,2
B1-001797#3,2
B1-001797#4,2
B1-001797#5,2
B1-001797#6,2
B1-001797#7,2
B1-001797#8,2
B1-001797#9,2
B1-001798#0,2
B1-001798#10,2
B1-001798#11,2
B1-001798#12,2
B1-001798#13,2
B1-001798#14,2
B1-001798#2,2
B1-001798#3,2
B1-001798#4,2
B1-001798#5,2
B1-001798#6,2
B1-001798#7,2
B1-001798#8,2
B1-001798#9,2
B1-001799#0,2
B1-001799#1,2
B1-001799#2,2
B1-001799#3,2
B1-001799#4,2
B1-001799#5,2
B1-001799#6,2
B1-001800#0,2
B1-001800#2,2
B1-001800#3,2
B1-001800#4,2
B1-001801#0,2
B1-001801#1,2
B1-001801#10,2
B1-001801#11,2
B1-001801#12,1
B1-001801#13,2
B1-001801#2,1
B1-001801#3,2
B1-001801#4,2
B1-001801#5,2
B1-001801#6,2
B1-001801#7,2
B1-001801#8,2
B1-001801#9,2
B1-001802#0,2
B1-001802#1,1
B1-001802#10,2
B1-001802#11,2
B1-001802#12,2
B1-001802#13,2
B1-001802#14,2
B1-001802#15,0
B1-001802#2,2
B1-001802#3,2
B1-001802#4,2
B1-001802#5,2
B1-001802#6,2
B1-001802#7,2
B1-001802#8,2
B1-001802#9,0
B1-001803#0,2
B1-001803#1,2
B1-001803#10,2
B1-001803#11,2
B1-001803#12,2
B1-001803#13,2
B1-001803#2,2
B1-001803#3,2
B1-001803#4,2
B1-001803#5,2
B1-001803#6,2
B1-001803#7,2
B1-001803#8,2
B1-001803#9,2
B1-001804#0,2
B1-001804#1,2
B1-001804#2,2
B1-001804#3,2
B1-001804#4,2
B1-001804#5,2
B1-001804#6,2
B1-001805#0,0
B1-001805#1,2
B1-001805#10,2
B1-001805#11,2
B1-001805#12,2
B1-001805#2,2
B1-001805#3,2
B1-001805#4,2
B1-001805#5,2
B1-001805#6,2
B1-001805#7,2
B1-001805#8,2
B1-001805#9,2
B1-001806#0,2
B1-001806#1,2
B1-001806#10,2
B1-001806#2,2
B1-001806#3,2
B1-001806#4,2
B1-001806#5,2
B1-001806#6,2
B1-001806#7,2
B1-001806#8,2
B1-001806#9,2
B1-001807#0,2
B1-001807#1,2
B1-001807#10,2
B1-001807#2,2
B1-001807#3,2
B1-001807#4,2
B1-001807#5,2
B1-001807#6,2
B1-001807#7,2
B1-001807#8,2
B1-001807#9,2
B1-001808#0,0
B1-001808#1,1
B1-001808#2,2
B1-001808#3,1
B1-001808#4,2
B1-001808#5,0
B1-001808#6,2
B1-001808#7,2
B1-001808#8,2
B1-001809#0,2
B1-001809#1,2
B1-001809#2,2
B1-001809#3,2
B1-001809#4,2
B1-001809#5,2
B1-001809#6,2
B1-001809#7,2
B1-001810#0,2
B1-001810#1,2
B1-001810#10,2
B1-001810#2,2
B1-001810#3,1
B1-001810#4,2
B1-001810#5,2
B1-001810#6,2
B1-001810#7,2
B1-001810#8,2
B1-001810#9,2
B1-001811#0,2
B1-001811#1,2
B1-001811#2,2
B1-001811#3,2
B1-001811#4,2
B1-001811#5,2
B1-001811#6,2
B1-001812#0,2
B1-001812#1,1
B1-001812#2,2
B1-001812#3,2
B1-001812#4,2
B1-001812#5,2
B1-001812#6,2
B1-001812#7,2
B1-001812#8,2
B1-001813#0,2
B1-001813#1,2
B1-001813#2,2
B1-001813#3,2
B1-001813#4,2
B1-001813#5,2
B1-001813#6,2
B1-001813#7,2
B1-001814#0,2
B1-001814#1,2
B1-001814#10,2
B1-001814#11,2
B1-001814#12,2
B1-001814#13,2
B1-001814#14,2
B1-001814#2,2
B1-001814#3,2
B1-001814#4,2
B1-001814#5,2
B1-001814#6,2
B1-001814#7,2
B1-001814#8,2
B1-001814#9,2
B1-001815#0,1
B1-001815#1,2
B1-001815#2,2
B1-001815#3,2
B1-001815#4,2
B1-001815#5,2
B1-001815#6,2
B1-001815#7,2
B1-001816#0,2
B1-001816#1,2
B1-001816#10,2
B1-001816#2,2
B1-001816#3,2
B1-001816#4,2
B1-001816#5,2
B1-001816#6,2
B1-001816#7,2
B1-001816#8,2
B1-001816#9,2
B1-001817#0,2
B1-001817#1,2
B1-001817#2,2
B1-001817#3,2
B1-001817#4,2
B1-001818#0,2
B1-001818#1,2
B1-001818#2,2
B1-001818#3,2
B1-001818#4,2
B1-001819#0,2
B1-001819#1,2
B1-001819#2,2
B1-001819#3,2
B1-001819#4,2
B1-001820#0,2
B1-001820#1,2
B1-001820#10,2
B1-001820#11,2
B1-001820#12,2
B1-001820#13,2
B1-001820#14,2
B1-001820#15,2
B1-001820#2,2
B1-001820#3,2
B1-001820#4,2
B1-001820#5,2
B1-001820#6,2
B1-001820#7,2
B1-001820#8,2
B1-001820#9,2
B1-001821#0,2
B1-001821#1,2
B1-001821#10,2
B1-001821#11,0
B1-001821#12,2
B1-001821#13,2
B1-001821#14,2
B1-001821#15,2
B1-001821#16,2
B1-001821#2,2
B1-001821#3,2
B1-001821#4,2
B1-001821#5,2
B1-001821#6,2
B1-001821#7,2
B1-001821#8,2
B1-001821#9,2
B1-001822#0,2
B1-001822#1,2
B1-001822#10,2
B1-001822#11,2
B1-001822#12,2
B1-001822#13,2
B1-001822#14,2
B1-001822#15,2
B1-001822#2,2
B1-001822#3,2
B1-001822#4,2
B1-001822#5,2
B1-001822#6,2
B1-001822#7,2
B1-001822#8,2
B1-001822#9,2
B1-001823#0,2
B1-001823#1,2
B1-001823#2,2
B1-001823#3,2
B1-001823#4,2
B1-001823#5,2
B1-001823#6,2
B1-001823#7,2
B1-001823#8,2
B1-001823#9,2
B1-001824#0,2
B1-001824#1,2
B1-001824#2,2
B1-001824#3,2
B1-001824#4,2
B1-001824#5,2
B1-001824#6,2
B1-001824#7,2
B1-001824#8,2
B1-001825#0,2
B1-001825#1,2
B1-001825#10,2
B1-001825#11,2
B1-001825#12,2
B1-001825#2,2
B1-001825#3,1
B1-001825#4,2
B1-001825#5,2
B1-001825#6,2
B1-001825#7,2
B1-001825#8,2
B1-001825#9,2
B1-001826#0,2
B1-001826#1,2
B1-001826#10,2
B1-001826#11,2
B1-001826#12,2
B1-001826#13,2
B1-001826#14,2
B1-001826#15,2
B1-001826#2,2
B1-001826#3,2
B1-001826#4,2
B1-001826#5,2
B1-001826#6,2
B1-001826#7,2
B1-001826#8,2
B1-001826#9,2
B1-001827#0,2
B1-001827#1,2
B1-001827#10,2
B1-001827#11,2
B1-001827#12,2
B1-001827#13,2
B1-001827#14,2
B1-001827#2,2
B1-001827#3,2
B1-001827#4,2
B1-001827#5,2
B1-001827#6,2
B1-001827#7,2
B1-001827#8,2
B1-001827#9,2
B1-001828#0,2
B1-001828#1,1
B1-001828#10,2
B1-001828#11,2
B1-001828#12,2
B1-001828#13,2
B1-001828#2,2
B1-001828#3,2
B1-001828#4,2
B1-001828#5,2
B1-001828#6,2
B1-001828#7,2
B1-001828#8,2
B1-001828#9,2
B1-001829#0,2
B1-001829#1,2
B1-001829#10,1
B1-001829#11,2
B1-001829#2,2
B1-001829#3,2
B1-001829#4,2
B1-001829#5,2
B1-001829#6,2
B1-001829#7,2
B1-001829#8,2
B1-001829#9,2
B1-001830#0,2
B1-001830#1,2
B1-001830#10,2
B1-001830#11,2
B1-001830#12,2
B1-001830#13,2
B1-001830#14,2
B1-001830#2,2
B1-001830#3,2
B1-001830#4,2
B1-001830#5,2
B1-001830#6,2
B1-001830#7,2
B1-001830#8,2
B1-001830#9,2
B1-001831#0,2
B1-001831#1,2
B1-001831#2,2
B1-001831#3,2
B1-001831#4,2
B1-001831#5,2
B1-001831#6,2
B1-001832#0,2
B1-001832#1,2
B1-001832#10,2
B1-001832#11,2
B1-001832#2,2
B1-001832#3,2
B1-001832#4,2
B1-001832#5,2
B1-001832#6,2
B1-001832#7,2
B1-001832#8,2
B1-001832#9,2
B1-001833#0,2
B1-001833#1,2
B1-001833#2,2
B1-001833#3,2
B1-001833#4,2
B1-001834#0,2
B1-001834#1,2
B1-001834#2,2
B1-001834#3,2
B1-001834#4,2
B1-001834#5,2
B1-001834#6,2
B1-001835#0,0
B1-001835#1,2
B1-001835#10,2
B1-001835#2,2
B1-001835#3,2
B1-001835#4,2
B1-001835#5,2
B1-001835#6,2
B1-001835#7,2
B1-001835#8,2
B1-001835#9,2
B1-001836#0,2
B1-001836#1,2
B1-001836#10,2
B1-001836#11,2
B1-001836#12,2
B1-001836#13,2
B1-001836#2,2
B1-001836#3,2
B1-001836#4,2
B1-001836#5,2
B1-001836#6,2
B1-001836#7,2
B1-001836#8,2
B1-001836#9,2
B1-001837#0,2
B1-001837#1,2
B1-001837#2,2
B1-001837#3,2
B1-001837#4,2
B1-001837#5,2
B1-001837#6,2
B1-001838#0,2
B1-001838#1,2
B1-001838#2,2
B1-001838#3,2
B1-001838#4,2
B1-001838#5,2
B1-001838#6,2
B1-001838#7,2
B1-001838#8,2
B1-001839#0,2
B1-001839#1,2
B1-001839#10,2
B1-001839#11,2
B1-001839#12,2
B1-001839#13,2
B1-001839#2,2
B1-001839#3,2
B1-001839#4,2
B1-001839#5,0
B1-001839#6,2
B1-001839#7,2
B1-001839#8,2
B1-001839#9,2
B1-001840#0,2
B1-001840#1,2
B1-001840#10,2
B1-001840#11,2
B1-001840#12,2
B1-001840#13,2
B1-001840#14,2
B1-001840#2,2
B1-001840#3,2
B1-001840#4,2
B1-001840#5,2
B1-001840#6,2
B1-001840#7,2
B1-001840#8,2
B1-001840#9,2
B1-001841#0,2
B1-001841#2,2
B1-001841#3,2
B1-001841#4,2
B1-001841#5,0
B1-001841#6,2
B1-001842#0,2
B1-001842#1,2
B1-001842#2,2
B1-001842#3,0
B1-001842#4,2
B1-001843#0,2
B1-001843#1,2
B1-001843#10,2
B1-001843#11,2
B1-001843#2,2
B1-001843#3,2
B1-001843#4,2
B1-001843#5,2
B1-001843#6,2
B1-001843#7,2
B1-001843#8,2
B1-001843#9,2
B1-001844#0,2
B1-001844#1,2
B1-001844#2,2
B1-001844#3,2
B1-001844#4,2
B1-001844#5,2
B1-001845#0,2
B1-001845#1,2
B1-001845#2,2
B1-001845#3,2
B1-001845#4,2
B1-001845#5,2
B1-001845#6,2
B1-001846#0,0
B1-001846#1,2
B1-001846#2,2
B1-001846#3,2
B1-001846#4,2
B1-001846#5,2
B1-001846#6,2
B1-001847#0,2
B1-001847#1,2
B1-001847#10,2
B1-001847#2,2
B1-001847#3,1
B1-001847#4,2
B1-001847#5,2
B1-001847#6,2
B1-001847#7,2
B1-001847#8,2
B1-001847#9,2
B1-001848#0,2
B1-001848#1,2
B1-001848#10,2
B1-001848#11,2
B1-001848#2,2
B1-001848#3,2
B1-001848#4,2
B1-001848#5,2
B1-001848#6,2
B1-001848#7,2
B1-001848#8,2
B1-001848#9,2
B1-001849#0,2
B1-001849#1,2
B1-001849#10,2
B1-001849#11,2
B1-001849#12,2
B1-001849#13,2
B1-001849#2,2
B1-001849#3,2
B1-001849#4,2
B1-001849#5,2
B1-001849#6,2
B1-001849#7,2
B1-001849#8,2
B1-001849#9,2
B1-001850#0,2
B1-001850#1,2
B1-001850#2,2
B1-001850#3,2
B1-001850#4,2
B1-001850#5,2
B1-001850#6,2
B1-001851#0,2
B1-001851#1,2
B1-001851#10,2
B1-001851#11,2
B1-001851#12,2
B1-001851#13,2
B1-001851#14,2
B1-001851#15,2
B1-001851#2,2
B1-001851#3,2
B1-001851#4,2
B1-001851#5,2
B1-001851#6,2
B1-001851#7,2
B1-001851#8,2
B1-001851#9,2
B1-001852#0,2
B1-001852#1,2
B1-001852#2,2
B1-001852#3,2
B1-001852#4,2
B1-001852#5,2
B1-001852#6,2
B1-001852#7,2
B1-001852#8,2
B1-001852#9,2
B1-001853#0,2
B1-001853#1,2
B1-001853#2,2
B1-001853#3,2
B1-001853#4,2
B1-001853#5,2
B1-001854#0,2
B1-001854#1,2
B1-001854#10,2
B1-001854#11,2
B1-001854#12,2
B1-001854#13,2
B1-001854#14,2
B1-001854#15,2
B1-001854#16,2
B1-001854#2,2
B1-001854#3,2
B1-001854#4,2
B1-001854#5,2
B1-001854#6,2
B1-001854#7,2
B1-001854#8,2
B1-001854#9,2
B1-001855#0,2
B1-001855#1,2
B1-001855#2,2
B1-001855#3,2
B1-001855#4,2
B1-001855#5,2
B1-001855#6,2
B1-001855#7,2
B1-001856#0,2
B1-001856#1,2
B1-001856#2,2
B1-001856#3,2
B1-001856#4,2
B1-001856#5,2
B1-001856#6,2
B1-001857#0,2
B1-001857#1,2
B1-001857#10,2
B1-001857#11,2
B1-001857#12,2
B1-001857#13,2
B1-001857#14,2
B1-001857#2,2
B1-001857#3,2
B1-001857#4,2
B1-001857#5,2
B1-001857#6,2
B1-001857#7,2
B1-001857#8,2
B1-001857#9,2
B1-001858#0,2
B1-001858#1,2
B1-001858#10,2
B1-001858#11,2
B1-001858#12,2
B1-001858#13,2
B1-001858#2,2
B1-001858#3,2
B1-001858#4,2
B1-001858#5,2
B1-001858#6,2
B1-001858#7,2
B1-001858#8,2
B1-001858#9,2
B1-001859#0,2
B1-001859#1,2
B1-001859#2,2
B1-001859#3,2
B1-001859#4,2
B1-001859#5,2
B1-001859#6,2
B1-001860#0,2
B1-001860#1,2
B1-001860#10,2
B1-001860#11,2
B1-001860#12,2
B1-001860#2,2
B1-001860#3,2
B1-001860#4,2
B1-001860#5,2
B1-001860#6,2
B1-001860#7,1
B1-001860#8,2
B1-001860#9,2
B1-001861#0,2
B1-001861#1,2
B1-001861#2,2
B1-001861#3,2
B1-001861#4,2
B1-001861#5,2
B1-001862#0,2
B1-001862#1,2
B1-001862#2,2
B1-001862#3,2
B1-001862#4,2
B1-001862#5,2
B1-001862#6,2
B1-001863#0,2
B1-001863#1,2
B1-001863#2,2
B1-001863#3,2
B1-001863#4,2
B1-001863#5,2
B1-001863#6,2
B1-001864#0,2
B1-001864#1,2
B1-001864#2,2
B1-001864#3,2
B1-001864#4,2
B1-001864#5,2
B1-001864#6,2
B1-001864#7,2
B1-001864#8,2
B1-001865#0,2
B1-001865#1,2
B1-001865#2,2
B1-001865#3,2
B1-001865#4,2
B1-001865#5,2
B1-001865#6,2
B1-001866#0,2
B1-001866#1,2
B1-001866#10,2
B1-001866#11,2
B1-001866#12,2
B1-001866#13,2
B1-001866#14,2
B1-001866#15,2
B1-001866#16,2
B1-001866#2,2
B1-001866#3,2
B1-001866#4,2
B1-001866#5,2
B1-001866#6,2
B1-001866#7,2
B1-001866#8,2
B1-001866#9,2
B1-001867#0,2
B1-001867#1,2
B1-001867#10,2
B1-001867#11,0
B1-001867#12,2
B1-001867#13,2
B1-001867#14,2
B1-001867#15,2
B1-001867#2,2
B1-001867#3,2
B1-001867#4,2
B1-001867#5,2
B1-001867#6,2
B1-001867#7,2
B1-001867#8,2
B1-001867#9,2
B1-001868#0,2
B1-001868#1,2
B1-001868#10,2
B1-001868#2,2
B1-001868#3,2
B1-001868#4,2
B1-001868#5,2
B1-001868#6,2
B1-001868#7,2
B1-001868#8,2
B1-001868#9,2
B1-001869#0,2
B1-001869#1,2
B1-001869#2,2
B1-001869#3,2
B1-001869#4,2
B1-001869#5,2
B1-001869#6,2
B1-001869#7,2
B1-001869#8,2
B1-001869#9,2
B1-001870#0,2
B1-001870#1,2
B1-001870#2,2
B1-001870#3,2
B1-001870#4,2
B1-001870#5,2
B1-001870#6,2
B1-001870#7,2
B1-001870#8,2
B1-001870#9,2
B1-001871#0,2
B1-001871#1,2
B1-001871#2,2
B1-001871#3,2
B1-001871#4,2
B1-001871#5,2
B1-001871#6,2
B1-001872#0,2
B1-001872#1,2
B1-001872#2,2
B1-001872#3,2
B1-001872#4,2
B1-001872#5,2
B1-001873#0,2
B1-001873#1,2
B1-001873#10,2
B1-001873#11,2
B1-001873#2,2
B1-001873#3,2
B1-001873#4,2
B1-001873#5,2
B1-001873#6,2
B1-001873#7,2
B1-001873#8,2
B1-001873#9,2
B1-001874#0,2
B1-001874#1,2
B1-001874#10,2
B1-001874#11,2
B1-001874#12,2
B1-001874#13,2
B1-001874#14,2
B1-001874#15,2
B1-001874#2,2
B1-001874#3,2
B1-001874#4,2
B1-001874#5,2
B1-001874#6,2
B1-001874#7,2
B1-001874#8,2
B1-001874#9,2
B1-001875#0,2
B1-001875#1,2
B1-001875#10,2
B1-001875#11,2
B1-001875#12,2
B1-001875#13,2
B1-001875#2,2
B1-001875#3,2
B1-001875#4,2
B1-001875#5,2
B1-001875#6,2
B1-001875#7,2
B1-001875#8,1
B1-001875#9,2
B1-001876#0,2
B1-001876#1,2
B1-001876#10,2
B1-001876#11,2
B1-001876#12,2
B1-001876#13,2
B1-001876#14,2
B1-001876#2,2
B1-001876#3,2
B1-001876#4,2
B1-001876#5,2
B1-001876#6,2
B1-001876#7,2
B1-001876#8,2
B1-001876#9,2
B1-001877#0,2
B1-001877#1,1
B1-001877#10,2
B1-001877#11,2
B1-001877#12,2
B1-001877#13,2
B1-001877#2,2
B1-001877#3,2
B1-001877#4,2
B1-001877#5,2
B1-001877#6,2
B1-001877#7,2
B1-001877#8,2
B1-001877#9,2
B1-001878#0,2
B1-001878#1,2
B1-001878#10,2
B1-001878#11,2
B1-001878#12,2
B1-001878#13,2
B1-001878#14,2
B1-001878#15,2
B1-001878#16,1
B1-001878#17,2
B1-001878#2,2
B1-001878#3,2
B1-001878#4,2
B1-001878#5,2
B1-001878#6,2
B1-001878#7,2
B1-001878#8,2
B1-001878#9,2
B1-001879#0,2
B1-001879#1,2
B1-001879#10,2
B1-001879#11,2
B1-001879#12,2
B1-001879#2,2
B1-001879#3,2
B1-001879#4,2
B1-001879#5,2
B1-001879#6,2
B1-001879#7,2
B1-001879#8,2
B1-001879#9,2
B1-001880#0,2
B1-001880#1,2
B1-001880#10,2
B1-001880#11,2
B1-001880#12,2
B1-001880#13,2
B1-001880#2,2
B1-001880#3,2
B1-001880#4,2
B1-001880#5,2
B1-001880#6,2
B1-001880#7,2
B1-001880#8,2
B1-001880#9,2
B1-001881#0,2
B1-001881#1,2
B1-001881#2,2
B1-001881#3,2
B1-001881#4,2
B1-001882#0,2
B1-001882#1,2
B1-001882#2,2
B1-001882#3,2
B1-001882#4,2
B1-001882#5,2
B1-001882#6,2
B1-001882#7,2
B1-001882#8,2
B1-001883#0,2
B1-001883#1,2
B1-001883#10,2
B1-001883#11,2
B1-001883#12,1
B1-001883#13,2
B1-001883#14,2
B1-001883#2,2
B1-001883#3,2
B1-001883#4,2
B1-001883#5,2
B1-001883#6,2
B1-001883#7,2
B1-001883#8,2
B1-001883#9,2
B1-001884#0,2
B1-001884#1,2
B1-001884#10,2
B1-001884#11,2
B1-001884#12,2
B1-001884#13,2
B1-001884#14,2
B1-001884#2,2
B1-001884#3,2
B1-001884#4,2
B1-001884#5,2
B1-001884#6,2
B1-001884#7,2
B1-001884#8,2
B1-001884#9,2
B1-001885#0,2
B1-001885#1,2
B1-001885#2,2
B1-001885#3,2
B1-001885#4,2
B1-001885#5,2
B1-001885#6,2
B1-001885#7,2
B1-001885#8,2
B1-001885#9,2
B1-001886#0,2
B1-001886#1,2
B1-001886#2,2
B1-001886#3,2
B1-001886#4,2
B1-001886#5,2
B1-001886#6,2
B1-001887#0,2
B1-001887#1,2
B1-001887#10,2
B1-001887#11,1
B1-001887#12,2
B1-001887#13,2
B1-001887#2,2
B1-001887#3,2
B1-001887#4,2
B1-001887#5,2
B1-001887#6,2
B1-001887#7,2
B1-001887#8,2
B1-001887#9,2
B1-001888#0,2
B1-001888#1,2
B1-001888#10,2
B1-001888#2,2
B1-001888#3,2
B1-001888#4,2
B1-001888#5,2
B1-001888#6,2
B1-001888#7,2
B1-001888#8,2
B1-001888#9,2
B1-001889#0,2
B1-001889#1,2
B1-001889#2,2
B1-001889#3,2
B1-001889#4,2
B1-001889#5,2
B1-001890#0,2
B1-001890#1,2
B1-001890#10,2
B1-001890#11,2
B1-001890#12,2
B1-001890#13,2
B1-001890#14,2
B1-001890#15,2
B1-001890#2,2
B1-001890#3,2
B1-001890#4,2
B1-001890#5,2
B1-001890#6,2
B1-001890#7,2
B1-001890#8,2
B1-001890#9,2
B1-001891#0,2
B1-001891#1,2
B1-001891#2,2
B1-001891#3,2
B1-001891#4,2
B1-001891#5,2
B1-001891#6,2
B1-001892#0,1
B1-001892#1,2
B1-001892#10,2
B1-001892#2,2
B1-001892#3,2
B1-001892#5,2
B1-001892#6,2
B1-001892#7,2
B1-001892#8,2
B1-001893#0,2
B1-001893#1,2
B1-001893#10,2
B1-001893#11,2
B1-001893#12,2
B1-001893#13,2
B1-001893#14,2
B1-001893#15,2
B1-001893#16,2
B1-001893#2,2
B1-001893#3,2
B1-001893#4,2
B1-001893#5,2
B1-001893#6,2
B1-001893#7,2
B1-001893#8,2
B1-001893#9,2
B1-001894#0,2
B1-001894#1,2
B1-001894#2,2
B1-001894#3,2
B1-001894#4,2
B1-001894#5,2
B1-001894#6,2
B1-001895#0,2
B1-001895#1,2
B1-001895#2,2
B1-001895#3,2
B1-001895#4,2
B1-001895#5,2
B1-001895#6,2
B1-001896#0,2
B1-001896#1,2
B1-001896#2,2
B1-001896#3,2
B1-001896#4,2
B1-001896#5,2
B1-001896#6,2
B1-001896#7,2
B1-001896#8,2
B1-001896#9,2
B1-001897#0,2
B1-001897#1,2
B1-001897#2,2
B1-001897#3,2
B1-001897#4,2
B1-001897#5,2
B1-001897#6,2
B1-001897#7,2
B1-001897#8,2
B1-001897#9,2
B1-001898#0,2
B1-001898#1,2
B1-001898#2,2
B1-001898#3,2
B1-001898#4,2
B1-001898#5,2
B1-001898#6,2
B1-001899#0,2
B1-001899#1,2
B1-001899#10,2
B1-001899#11,2
B1-001899#2,2
B1-001899#3,2
B1-001899#4,2
B1-001899#5,2
B1-001899#6,2
B1-001899#7,2
B1-001899#8,2
B1-001899#9,2
B1-001900#0,2
B1-001900#1,2
B1-001900#2,2
B1-001900#3,2
B1-001900#4,2
B1-001900#5,2
B1-001901#0,2
B1-001901#1,2
B1-001901#2,2
B1-001901#3,2
B1-001901#4,2
B1-001901#5,2
B1-001901#6,2
B1-001901#7,2
B1-001901#8,2
B1-001902#0,2
B1-001902#1,2
B1-001902#2,2
B1-001902#3,2
B1-001902#4,2
B1-001902#5,2
B1-001903#0,2
B1-001903#1,1
B1-001903#2,2
B1-001903#3,2
B1-001903#4,2
B1-001903#5,2
B1-001903#6,2
B1-001904#0,2
B1-001904#1,2
B1-001904#10,2
B1-001904#11,2
B1-001904#12,2
B1-001904#13,2
B1-001904#14,2
B1-001904#15,2
B1-001904#2,2
B1-001904#3,2
B1-001904#4,0
B1-001904#5,2
B1-001904#6,2
B1-001904#7,2
B1-001904#8,2
B1-001904#9,2
B1-001905#0,2
B1-001905#1,2
B1-001905#10,2
B1-001905#11,2
B1-001905#12,2
B1-001905#13,2
B1-001905#14,2
B1-001905#15,2
B1-001905#2,2
B1-001905#3,2
B1-001905#4,2
B1-001905#5,2
B1-001905#6,2
B1-001905#7,2
B1-001905#8,2
B1-001905#9,2
B1-001906#0,2
B1-001906#1,2
B1-001906#10,2
B1-001906#11,2
B1-001906#12,2
B1-001906#13,2
B1-001906#14,2
B1-001906#2,2
B1-001906#3,2
B1-001906#4,2
B1-001906#5,2
B1-001906#6,1
B1-001906#7,2
B1-001906#8,2
B1-001906#9,2
B1-001907#0,2
B1-001907#1,2
B1-001907#2,2
B1-001907#3,2
B1-001908#0,2
B1-001908#1,2
B1-001908#10,2
B1-001908#2,2
B1-001908#3,2
B1-001908#4,2
B1-001908#5,2
B1-001908#6,2
B1-001908#7,2
B1-001908#8,2
B1-001908#9,2
B1-001909#0,2
B1-001909#1,2
B1-001909#2,2
B1-001909#3,2
B1-001909#4,2
B1-001910#0,2
B1-001910#1,2
B1-001910#10,2
B1-001910#2,2
B1-001910#3,2
B1-001910#4,2
B1-001910#5,2
B1-001910#6,2
B1-001910#7,2
B1-001910#8,2
B1-001910#9,2
B1-001911#0,2
B1-001911#1,2
B1-001911#2,2
B1-001911#3,2
B1-001911#4,2
B1-001911#5,2
B1-001911#6,2
B1-001911#7,2
B1-001911#8,2
B1-001911#9,2
B1-001912#0,2
B1-001912#1,2
B1-001912#10,1
B1-001912#11,2
B1-001912#12,2
B1-001912#2,2
B1-001912#3,2
B1-001912#4,2
B1-001912#5,2
B1-001912#6,2
B1-001912#7,2
B1-001912#8,2
B1-001912#9,2
B1-001913#0,2
B1-001913#1,2
B1-001913#2,2
B1-001913#3,2
B1-001913#4,2
B1-001913#5,2
B1-001914#0,2
B1-001914#1,2
B1-001914#2,2
B1-001914#3,2
B1-001914#4,2
B1-001914#5,2
B1-001914#6,2
B1-001915#0,2
B1-001915#1,2
B1-001915#2,2
B1-001915#3,2
B1-001915#4,2
B1-001915#5,2
B1-001915#6,2
B1-001916#0,2
B1-001916#1,2
B1-001916#10,2
B1-001916#2,2
B1-001916#3,2
B1-001916#4,2
B1-001916#5,0
B1-001916#6,2
B1-001916#7,2
B1-001916#8,2
B1-001916#9,2
B1-001917#0,2
B1-001917#1,2
B1-001917#2,2
B1-001917#3,2
B1-001917#4,2
B1-001917#5,2
B1-001917#6,2
B1-001917#7,2
B1-001917#8,2
B1-001917#9,2
B1-001918#0,2
B1-001918#1,2
B1-001918#10,2
B1-001918#11,2
B1-001918#12,2
B1-001918#13,2
B1-001918#14,2
B1-001918#15,2
B1-001918#2,2
B1-001918#3,2
B1-001918#4,2
B1-001918#5,2
B1-001918#6,2
B1-001918#7,2
B1-001918#8,2
B1-001918#9,2
B1-001919#0,2
B1-001919#1,2
B1-001919#10,2
B1-001919#11,2
B1-001919#12,2
B1-001919#13,2
B1-001919#2,2
B1-001919#3,2
B1-001919#4,2
B1-001919#5,2
B1-001919#6,2
B1-001919#7,2
B1-001919#8,2
B1-001919#9,2
B1-001920#0,2
B1-001920#1,2
B1-001920#10,2
B1-001920#11,2
B1-001920#12,2
B1-001920#13,2
B1-001920#14,2
B1-001920#2,2
B1-001920#3,2
B1-001920#4,2
B1-001920#5,2
B1-001920#6,2
B1-001920#7,2
B1-001920#8,2
B1-001920#9,2
B1-001921#0,2
B1-001921#1,2
B1-001921#2,2
B1-001921#3,2
B1-001921#4,2
B1-001921#5,2
B1-001921#6,2
B1-001921#7,2
B1-001921#8,2
B1-001922#0,2
B1-001922#1,2
B1-001922#2,2
B1-001922#3,2
B1-001922#4,2
B1-001922#5,2
B1-001922#6,2
B1-001923#0,2
B1-001923#1,2
B1-001923#2,2
B1-001923#3,2
B1-001923#4,2
B1-001923#5,2
B1-001923#6,2
B1-001924#1,2
B1-001924#2,2
B1-001924#3,2
B1-001924#4,2
B1-001924#5,2
B1-001924#6,2
B1-001925#0,2
B1-001925#1,2
B1-001925#10,2
B1-001925#11,2
B1-001925#12,2
B1-001925#13,2
B1-001925#14,2
B1-001925#15,2
B1-001925#2,2
B1-001925#3,2
B1-001925#4,2
B1-001925#5,2
B1-001925#6,2
B1-001925#7,2
B1-001925#8,2
B1-001925#9,2
B1-001926#0,2
B1-001926#1,2
B1-001926#10,2
B1-001926#2,2
B1-001926#3,2
B1-001926#4,2
B1-001926#5,2
B1-001926#6,2
B1-001926#7,2
B1-001926#8,2
B1-001926#9,2
B1-001927#0,2
B1-001927#1,2
B1-001927#10,2
B1-001927#11,2
B1-001927#2,2
B1-001927#3,2
B1-001927#4,2
B1-001927#5,2
B1-001927#6,2
B1-001927#7,2
B1-001927#8,2
B1-001927#9,2
B1-001928#0,2
B1-001928#1,2
B1-001928#2,2
B1-001928#3,2
B1-001928#4,2
B1-001928#5,2
B1-001928#6,2
B1-001928#7,2
B1-001928#8,2
B1-001928#9,2
B1-001929#0,2
B1-001929#1,2
B1-001929#2,2
B1-001929#3,2
B1-001929#4,1
B1-001929#5,2
B1-001929#6,2
B1-001930#0,2
B1-001930#1,2
B1-001930#10,2
B1-001930#2,2
B1-001930#3,2
B1-001930#4,2
B1-001930#5,2
B1-001930#6,2
B1-001930#7,2
B1-001930#8,2
B1-001930#9,2
B1-001931#0,2
B1-001931#1,2
B1-001931#2,2
B1-001931#3,2
B1-001931#4,2
B1-001931#5,2
B1-001931#6,2
B1-001932#0,2
B1-001932#1,2
B1-001932#2,2
B1-001932#3,2
B1-001932#4,2
B1-001932#5,2
B1-001932#6,2
B1-001932#7,2
B1-001933#0,2
B1-001933#1,2
B1-001933#10,2
B1-001933#11,2
B1-001933#12,2
B1-001933#13,2
B1-001933#2,2
B1-001933#3,2
B1-001933#4,2
B1-001933#5,2
B1-001933#6,2
B1-001933#7,2
B1-001933#8,2
B1-001933#9,2
B1-001934#0,2
B1-001934#1,2
B1-001934#10,2
B1-001934#2,1
B1-001934#3,2
B1-001934#4,2
B1-001934#5,2
B1-001934#6,2
B1-001934#7,2
B1-001934#8,2
B1-001934#9,2
B1-001935#0,2
B1-001935#1,2
B1-001935#10,2
B1-001935#11,2
B1-001935#2,2
B1-001935#3,2
B1-001935#4,2
B1-001935#5,2
B1-001935#6,2
B1-001935#7,2
B1-001935#8,2
B1-001935#9,2
B1-001936#0,2
B1-001936#1,2
B1-001936#2,2
B1-001936#3,2
B1-001936#4,2
B1-001936#5,2
B1-001936#6,2
B1-001937#0,2
B1-001937#1,2
B1-001937#10,2
B1-001937#11,2
B1-001937#12,2
B1-001937#13,2
B1-001937#14,2
B1-001937#15,2
B1-001937#2,2
B1-001937#3,2
B1-001937#4,2
B1-001937#5,2
B1-001937#6,2
B1-001937#7,2
B1-001937#8,2
B1-001937#9,2
B1-001938#0,2
B1-001938#1,2
B1-001938#2,2
B1-001938#3,2
B1-001938#4,2
B1-001938#5,2
B1-001938#6,2
B1-001938#7,2
B1-001939#0,2
B1-001939#1,2
B1-001939#2,2
B1-001939#3,2
B1-001939#4,2
B1-001939#5,2
B1-001939#6,2
B1-001940#0,2
B1-001940#1,2
B1-001940#10,2
B1-001940#2,2
B1-001940#3,2
B1-001940#4,2
B1-001940#5,2
B1-001940#6,2
B1-001940#7,2
B1-001940#8,2
B1-001940#9,2
B1-001941#0,2
B1-001941#1,2
B1-001941#10,2
B1-001941#2,2
B1-001941#3,2
B1-001941#4,2
B1-001941#5,2
B1-001941#6,2
B1-001941#7,2
B1-001941#8,2
B1-001941#9,2
B1-001942#0,2
B1-001942#1,2
B1-001942#10,2
B1-001942#11,2
B1-001942#2,2
B1-001942#3,2
B1-001942#4,2
B1-001942#5,2
B1-001942#6,2
B1-001942#7,2
B1-001942#8,2
B1-001942#9,2
B1-001943#0,2
B1-001943#1,2
B1-001943#10,2
B1-001943#11,2
B1-001943#2,2
B1-001943#3,2
B1-001943#4,2
B1-001943#5,2
B1-001943#6,2
B1-001943#7,2
B1-001943#8,2
B1-001943#9,2
B1-001944#0,2
B1-001944#1,2
B1-001944#10,2
B1-001944#11,2
B1-001944#12,2
B1-001944#13,2
B1-001944#14,2
B1-001944#15,2
B1-001944#16,2
B1-001944#2,2
B1-001944#3,2
B1-001944#4,2
B1-001944#5,2
B1-001944#6,2
B1-001944#7,2
B1-001944#8,2
B1-001944#9,2
B1-001945#0,2
B1-001945#1,2
B1-001945#2,2
B1-001945#3,2
B1-001945#4,2
B1-001945#5,2
B1-001945#6,2
B1-001946#0,2
B1-001946#1,2
B1-001946#10,2
B1-001946#11,2
B1-001946#12,2
B1-001946#2,2
B1-001946#3,2
B1-001946#4,2
B1-001946#5,2
B1-001946#6,2
B1-001946#7,2
B1-001946#8,2
B1-001946#9,2
B1-001947#0,2
B1-001947#1,2
B1-001947#10,2
B1-001947#11,2
B1-001947#12,2
B1-001947#13,2
B1-001947#14,2
B1-001947#2,2
B1-001947#3,2
B1-001947#4,2
B1-001947#5,2
B1-001947#6,2
B1-001947#7,2
B1-001947#8,2
B1-001947#9,2
B1-001948#0,2
B1-001948#1,2
B1-001948#2,2
B1-001948#3,2
B1-001948#4,2
B1-001948#5,2
B1-001948#6,2
B1-001948#7,2
B1-001949#0,2
B1-001949#1,2
B1-001949#10,2
B1-001949#11,2
B1-001949#12,2
B1-001949#13,2
B1-001949#14,2
B1-001949#15,2
B1-001949#16,2
B1-001949#2,2
B1-001949#3,2
B1-001949#4,2
B1-001949#5,2
B1-001949#6,2
B1-001949#7,2
B1-001949#8,2
B1-001949#9,2
B1-001950#0,2
B1-001950#1,2
B1-001950#10,2
B1-001950#11,2
B1-001950#12,2
B1-001950#13,2
B1-001950#14,2
B1-001950#15,2
B1-001950#16,2
B1-001950#17,2
B1-001950#2,2
B1-001950#3,2
B1-001950#4,2
B1-001950#5,2
B1-001950#6,2
B1-001950#7,2
B1-001950#8,2
B1-001950#9,2
B1-001951#0,2
B1-001951#1,2
B1-001951#2,2
B1-001951#3,2
B1-001951#4,2
B1-001952#0,2
B1-001952#1,2
B1-001952#10,2
B1-001952#11,2
B1-001952#12,2
B1-001952#13,2
B1-001952#2,2
B1-001952#3,2
B1-001952#4,2
B1-001952#5,2
B1-001952#6,2
B1-001952#7,2
B1-001952#8,1
B1-001952#9,2
B1-001953#0,0
B1-001953#1,2
B1-001953#10,2
B1-001953#11,2
B1-001953#2,2
B1-001953#3,2
B1-001953#4,2
B1-001953#5,2
B1-001953#6,2
B1-001953#7,2
B1-001953#8,2
B1-001953#9,2
B1-001954#0,2
B1-001954#1,2
B1-001954#2,2
B1-001954#3,2
B1-001954#4,2
B1-001955#0,2
B1-001955#1,2
B1-001955#2,2
B1-001955#3,2
B1-001955#4,2
B1-001955#5,2
B1-001956#0,2
B1-001956#1,2
B1-001956#2,2
B1-001956#3,2
B1-001956#4,2
B1-001956#5,2
B1-001956#6,2
B1-001957#0,2
B1-001957#1,2
B1-001957#10,2
B1-001957#11,2
B1-001957#12,2
B1-001957#13,2
B1-001957#14,2
B1-001957#15,2
B1-001957#16,2
B1-001957#2,2
B1-001957#3,2
B1-001957#4,2
B1-001957#5,2
B1-001957#6,2
B1-001957#7,2
B1-001957#8,2
B1-001957#9,2
B1-001958#0,2
B1-001958#1,2
B1-001958#2,2
B1-001958#3,2
B1-001958#4,2
B1-001958#5,2
B1-001958#6,2
B1-001959#0,2
B1-001959#1,2
B1-001959#2,2
B1-001959#3,2
B1-001959#4,2
B1-001959#5,2
B1-001960#0,1
B1-001960#1,2
B1-001960#2,2
B1-001960#3,2
B1-001960#4,2
B1-001960#5,2
B1-001960#6,2
B1-001960#7,2
B1-001961#0,2
B1-001961#1,2
B1-001961#10,2
B1-001961#11,2
B1-001961#12,2
B1-001961#2,2
B1-001961#3,2
B1-001961#4,2
B1-001961#5,2
B1-001961#6,2
B1-001961#7,2
B1-001961#8,2
B1-001961#9,2
B1-001962#0,2
B1-001962#1,2
B1-001962#2,2
B1-001962#3,2
B1-001962#4,2
B1-001962#5,2
B1-001963#0,2
B1-001963#1,2
B1-001963#10,2
B1-001963#11,2
B1-001963#12,2
B1-001963#13,2
B1-001963#14,2
B1-001963#15,2
B1-001963#2,2
B1-001963#3,2
B1-001963#4,2
B1-001963#5,2
B1-001963#6,2
B1-001963#7,2
B1-001963#8,2
B1-001963#9,2
B1-001964#0,2
B1-001964#1,2
B1-001964#2,2
B1-001964#3,2
B1-001964#4,2
B1-001964#5,2
B1-001964#6,2
B1-001964#7,2
B1-001964#8,2
B1-001964#9,2
B1-001965#0,2
B1-001965#1,2
B1-001965#2,2
B1-001965#3,2
B1-001965#4,2
B1-001966#0,2
B1-001966#1,2
B1-001966#2,2
B1-001966#3,2
B1-001966#4,2
B1-001966#5,2
B1-001966#6,2
B1-001966#7,2
B1-001966#8,2
B1-001966#9,2
B1-001967#0,2
B1-001967#1,2
B1-001967#10,2
B1-001967#11,2
B1-001967#2,2
B1-001967#3,2
B1-001967#4,2
B1-001967#5,2
B1-001967#6,2
B1-001967#7,2
B1-001967#8,2
B1-001967#9,2
B1-001968#0,2
B1-001968#1,2
B1-001968#10,2
B1-001968#11,2
B1-001968#12,2
B1-001968#13,2
B1-001968#2,2
B1-001968#3,2
B1-001968#4,2
B1-001968#5,2
B1-001968#6,2
B1-001968#7,2
B1-001968#8,2
B1-001968#9,2
B1-001969#0,2
B1-001969#1,2
B1-001969#10,2
B1-001969#2,2
B1-001969#3,2
B1-001969#4,2
B1-001969#5,2
B1-001969#6,2
B1-001969#7,2
B1-001969#8,2
B1-001969#9,2
B1-001970#0,2
B1-001970#1,2
B1-001970#2,2
B1-001970#3,2
B1-001970#4,2
B1-001970#5,2
B1-001970#6,2
B1-001970#7,2
B1-001970#8,2
B1-001971#0,2
B1-001971#1,2
B1-001971#10,2
B1-001971#11,2
B1-001971#12,2
B1-001971#2,2
B1-001971#3,2
B1-001971#4,2
B1-001971#5,2
B1-001971#6,2
B1-001971#7,2
B1-001971#8,2
B1-001971#9,2
B1-001972#0,2
B1-001972#1,2
B1-001972#2,2
B1-001972#3,2
B1-001972#4,2
B1-001972#5,2
B1-001973#0,2
B1-001973#1,2
B1-001973#2,2
B1-001973#3,2
B1-001973#4,2
B1-001973#5,2
B1-001973#6,2
B1-001973#7,2
B1-001973#8,2
B1-001973#9,2
B1-001974#0,2
B1-001974#1,2
B1-001974#2,2
B1-001974#3,2
B1-001974#4,2
B1-001974#5,2
B1-001974#6,2
B1-001975#0,2
B1-001975#1,2
B1-001975#2,2
B1-001975#3,2
B1-001975#4,2
B1-001975#5,2
B1-001975#6,2
B1-001975#7,2
B1-001975#8,2
B1-001975#9,2
B1-001976#0,2
B1-001976#1,2
B1-001976#2,2
B1-001976#3,2
B1-001976#4,2
B1-001976#5,2
B1-001976#6,2
B1-001976#7,2
B1-001977#0,2
B1-001977#1,2
B1-001977#10,2
B1-001977#11,2
B1-001977#12,2
B1-001977#13,2
B1-001977#14,2
B1-001977#15,2
B1-001977#2,2
B1-001977#3,2
B1-001977#4,2
B1-001977#5,2
B1-001977#6,2
B1-001977#7,2
B1-001977#8,2
B1-001977#9,2
B1-001978#0,2
B1-001978#1,2
B1-001978#2,2
B1-001978#3,2
B1-001978#4,2
B1-001979#0,2
B1-001979#1,2
B1-001979#2,2
B1-001979#3,2
B1-001979#4,2
B1-001979#5,2
B1-001979#6,2
B1-001979#7,2
B1-001979#8,2
B1-001980#0,2
B1-001980#1,2
B1-001980#2,2
B1-001980#3,2
B1-001980#4,2
B1-001980#5,2
B1-001980#6,2
B1-001980#7,2
B1-001980#8,2
B1-001981#0,1
B1-001981#1,2
B1-001981#2,2
B1-001981#3,2
B1-001981#4,2
B1-001982#0,2
B1-001982#1,2
B1-001982#10,2
B1-001982#11,2
B1-001982#12,2
B1-001982#13,2
B1-001982#14,2
B1-001982#15,2
B1-001982#2,2
B1-001982#3,2
B1-001982#4,2
B1-001982#5,2
B1-001982#6,2
B1-001982#7,2
B1-001982#8,2
B1-001982#9,2
B1-001983#0,2
B1-001983#1,2
B1-001983#10,2
B1-001983#11,2
B1-001983#12,2
B1-001983#13,2
B1-001983#2,2
B1-001983#3,2
B1-001983#4,2
B1-001983#5,0
B1-001983#6,2
B1-001983#7,2
B1-001983#8,2
B1-001983#9,2
B1-001984#0,2
B1-001984#1,2
B1-001984#10,2
B1-001984#11,2
B1-001984#12,2
B1-001984#2,2
B1-001984#3,1
B1-001984#4,2
B1-001984#5,2
B1-001984#6,2
B1-001984#7,2
B1-001984#8,2
B1-001984#9,2
B1-001985#0,2
B1-001985#1,1
B1-001985#10,2
B1-001985#11,2
B1-001985#12,2
B1-001985#13,2
B1-001985#14,2
B1-001985#15,2
B1-001985#16,2
B1-001985#17,2
B1-001985#2,2
B1-001985#3,2
B1-001985#4,2
B1-001985#5,2
B1-001985#6,2
B1-001985#7,2
B1-001985#8,2
B1-001985#9,2
B1-001986#0,1
B1-001986#1,2
B1-001986#10,2
B1-001986#11,2
B1-001986#2,2
B1-001986#3,2
B1-001986#4,2
B1-001986#5,2
B1-001986#6,2
B1-001986#7,2
B1-001986#8,2
B1-001986#9,2
B1-001987#0,2
B1-001987#1,2
B1-001987#2,2
B1-001987#3,2
B1-001987#4,2
B1-001987#5,2
B1-001987#6,2
B1-001988#0,2
B1-001988#1,2
B1-001988#10,2
B1-001988#11,2
B1-001988#12,2
B1-001988#13,2
B1-001988#14,2
B1-001988#15,2
B1-001988#2,2
B1-001988#3,2
B1-001988#4,2
B1-001988#5,2
B1-001988#6,2
B1-001988#7,2
B1-001988#8,2
B1-001988#9,2
B1-001989#0,2
B1-001989#1,2
B1-001989#2,2
B1-001989#3,2
B1-001989#4,2
B1-001989#5,2
B1-001989#6,2
B1-001990#0,2
B1-001990#1,2
B1-001990#2,2
B1-001990#3,2
B1-001990#4,2
B1-001990#5,2
B1-001990#6,2
B1-001990#7,2
B1-001990#8,2
B1-001990#9,2
B1-001991#0,2
B1-001991#1,2
B1-001991#10,2
B1-001991#11,2
B1-001991#12,2
B1-001991#2,2
B1-001991#3,2
B1-001991#4,2
B1-001991#5,2
B1-001991#6,2
B1-001991#7,2
B1-001991#8,2
B1-001991#9,2
B1-001992#0,2
B1-001992#1,2
B1-001992#2,2
B1-001992#3,2
B1-001992#4,2
B1-001993#0,2
B1-001993#1,2
B1-001993#10,2
B1-001993#2,2
B1-001993#3,2
B1-001993#4,2
B1-001993#5,2
B1-001993#6,2
B1-001993#7,2
B1-001993#8,2
B1-001993#9,2
B1-001994#0,2
B1-001994#1,2
B1-001994#10,2
B1-001994#11,2
B1-001994#12,2
B1-001994#13,2
B1-001994#14,2
B1-001994#2,2
B1-001994#3,2
B1-001994#4,2
B1-001994#5,2
B1-001994#6,2
B1-001994#7,2
B1-001994#8,2
B1-001994#9,2
B1-001995#0,2
B1-001995#1,2
B1-001995#2,2
B1-001995#3,2
B1-001995#4,2
B1-001995#5,2
B1-001995#6,2
B1-001995#7,2
B1-001995#8,2
B1-001995#9,2
B1-001996#0,2
B1-001996#1,2
B1-001996#2,2
B1-001996#3,0
B1-001996#4,2
B1-001997#0,2
B1-001997#1,2
B1-001997#2,2
B1-001997#3,2
B1-001997#4,2
B1-001997#5,2
B1-001997#6,2
B1-001998#0,2
B1-001998#1,2
B1-001998#10,2
B1-001998#11,2
B1-001998#12,2
B1-001998#13,2
B1-001998#14,2
B1-001998#15,2
B1-001998#2,2
B1-001998#3,2
B1-001998#4,2
B1-001998#5,2
B1-001998#6,2
B1-001998#7,2
B1-001998#8,2
B1-001998#9,2
B1-001999#0,2
B1-001999#1,2
B1-001999#10,2
B1-001999#11,2
B1-001999#12,2
B1-001999#2,2
B1-001999#3,2
B1-001999#4,2
B1-001999#5,2
B1-001999#6,2
B1-001999#7,2
B1-001999#8,2
B1-001999#9,2
B1-002000#0,2
B1-002000#1,2
B1-002000#2,2
B1-002000#3,2
B1-002000#4,2
B1-002000#5,2
B1-002000#6,2
B1-002000#7,2
B1-002000#8,2
B1-002000#9,2
B1-002001#0,2
B1-002001#1,2
B1-002001#10,2
B1-002001#11,2
B1-002001#12,2
B1-002001#13,2
B1-002001#2,2
B1-002001#3,2
B1-002001#4,2
B1-002001#5,1
B1-002001#6,2
B1-002001#7,2
B1-002001#8,2
B1-002001#9,2
B1-002002#0,2
B1-002002#1,2
B1-002002#10,2
B1-002002#11,2
B1-002002#12,2
B1-002002#13,2
B1-002002#2,2
B1-002002#3,2
B1-002002#4,2
B1-002002#5,2
B1-002002#6,2
B1-002002#7,2
B1-002002#8,2
B1-002002#9,2
B1-002003#0,2
B1-002003#1,2
B1-002003#2,2
B1-002003#3,2
B1-002003#4,2
B1-002003#5,2
B1-002003#6,2
B1-002003#7,2
B1-002003#8,2
B1-002003#9,2
B1-002004#0,2
B1-002004#1,2
B1-002004#2,2
B1-002004#3,2
B1-002004#4,2
B1-002004#5,2
B1-002004#6,2
B1-002005#0,2
B1-002005#1,2
B1-002005#2,2
B1-002005#3,2
B1-002005#4,2
B1-002005#5,2
B1-002005#6,2
B1-002006#0,2
B1-002006#1,1
B1-002006#2,2
B1-002006#3,2
B1-002006#4,2
B1-002006#5,2
B1-002007#0,2
B1-002007#1,2
B1-002007#2,2
B1-002007#3,2
B1-002007#4,2
B1-002007#5,2
B1-002007#6,2
B1-002008#0,2
B1-002008#1,2
B1-002008#10,2
B1-002008#2,2
B1-002008#3,2
B1-002008#4,2
B1-002008#5,2
B1-002008#6,2
B1-002008#7,2
B1-002008#8,2
B1-002008#9,2
B1-002009#0,2
B1-002009#1,2
B1-002009#10,2
B1-002009#11,2
B1-002009#2,2
B1-002009#3,2
B1-002009#4,2
B1-002009#5,2
B1-002009#6,2
B1-002009#7,2
B1-002009#8,2
B1-002009#9,2
B1-002010#0,2
B1-002010#1,2
B1-002010#2,2
B1-002010#3,2
B1-002010#4,2
B1-002010#5,2
B1-002010#6,2
B1-002011#0,2
B1-002011#1,2
B1-002011#10,2
B1-002011#11,2
B1-002011#12,2
B1-002011#2,2
B1-002011#3,2
B1-002011#4,2
B1-002011#5,2
B1-002011#6,2
B1-002011#7,2
B1-002011#8,2
B1-002011#9,2
B1-002012#0,2
B1-002012#1,2
B1-002012#10,2
B1-002012#2,2
B1-002012#3,2
B1-002012#4,2
B1-002012#5,2
B1-002012#6,2
B1-002012#7,2
B1-002012#8,2
B1-002012#9,2
B1-002013#0,2
B1-002013#1,2
B1-002013#2,2
B1-002013#3,2
B1-002013#4,2
B1-002013#5,2
B1-002013#6,2
B1-002013#7,2
B1-002013#8,2
B1-002013#9,2
B1-002014#0,1
B1-002014#1,2
B1-002014#2,2
B1-002014#3,2
B1-002014#4,2
B1-002014#5,2
B1-002015#0,2
B1-002015#1,2
B1-002015#10,2
B1-002015#11,2
B1-002015#12,2
B1-002015#13,2
B1-002015#14,2
B1-002015#15,2
B1-002015#2,2
B1-002015#3,2
B1-002015#4,2
B1-002015#5,2
B1-002015#6,2
B1-002015#7,2
B1-002015#8,2
B1-002015#9,2
B1-002016#0,2
B1-002016#1,2
B1-002016#2,2
B1-002016#3,2
B1-002016#4,2
B1-002017#0,2
B1-002017#1,2
B1-002017#2,2
B1-002017#3,2
B1-002017#4,2
B1-002017#5,2
B1-002018#0,2
B1-002018#1,2
B1-002018#2,2
B1-002018#3,2
B1-002018#4,2
B1-002018#5,2
B1-002018#6,2
B1-002018#7,2
B1-002018#8,2
B1-002018#9,2
B1-002019#0,2
B1-002019#1,2
B1-002019#10,2
B1-002019#11,2
B1-002019#12,2
B1-002019#2,2
B1-002019#3,1
B1-002019#4,2
B1-002019#5,2
B1-002019#6,2
B1-002019#7,0
B1-002019#8,2
B1-002019#9,2
B1-002020#0,2
B1-002020#1,2
B1-002020#2,2
B1-002020#3,2
B1-002020#4,2
B1-002021#0,2
B1-002021#1,2
B1-002021#2,2
B1-002021#3,2
B1-002021#4,2
B1-002021#5,2
B1-002021#6,2
B1-002021#7,0
B1-002021#8,2
B1-002021#9,2
B1-002022#0,2
B1-002022#1,2
B1-002022#2,2
B1-002022#3,2
B1-002022#4,2
B1-002022#5,2
B1-002022#6,2
B1-002022#7,2
B1-002022#8,2
B1-002023#0,2
B1-002023#1,2
B1-002023#10,2
B1-002023#11,2
B1-002023#12,2
B1-002023#13,2
B1-002023#2,2
B1-002023#3,2
B1-002023#4,2
B1-002023#5,2
B1-002023#6,2
B1-002023#7,2
B1-002023#8,2
B1-002023#9,2
B1-002024#0,2
B1-002024#1,2
B1-002024#2,2
B1-002024#3,2
B1-002024#4,2
B1-002024#5,2
B1-002024#6,2
B1-002024#7,2
B1-002024#8,2
B1-002024#9,2
B1-002025#0,2
B1-002025#1,2
B1-002025#2,2
B1-002025#3,2
B1-002025#4,2
B1-002025#5,2
B1-002025#6,1
B1-002025#7,2
B1-002025#8,2
B1-002026#0,2
B1-002026#1,2
B1-002026#10,2
B1-002026#11,1
B1-002026#12,2
B1-002026#13,2
B1-002026#2,2
B1-002026#3,2
B1-002026#4,2
B1-002026#5,2
B1-002026#6,2
B1-002026#7,2
B1-002026#8,2
B1-002026#9,2
B1-002027#0,2
B1-002027#1,2
B1-002027#2,2
B1-002027#3,2
B1-002027#4,2
B1-002027#5,2
B1-002028#0,2
B1-002028#1,2
B1-002028#2,2
B1-002028#3,2
B1-002028#4,2
B1-002029#0,2
B1-002029#10,2
B1-002029#11,2
B1-002029#12,2
B1-002029#2,2
B1-002029#3,1
B1-002029#4,2
B1-002029#5,2
B1-002029#6,2
B1-002029#7,2
B1-002029#8,2
B1-002029#9,2
B1-002030#0,2
B1-002030#1,2
B1-002030#2,2
B1-002030#3,2
B1-002030#4,2
B1-002030#5,2
B1-002030#6,2
B1-002030#7,2
B1-002031#0,2
B1-002031#1,2
B1-002031#2,2
B1-002031#3,2
B1-002031#4,2
B1-002031#6,2
B1-002032#0,2
B1-002032#1,2
B1-002032#2,2
B1-002032#3,2
B1-002032#4,2
B1-002032#6,2
B1-002032#7,2
B1-002032#8,2
B1-002033#0,2
B1-002033#1,2
B1-002033#2,2
B1-002033#3,2
B1-002033#4,2
B1-002033#5,2
B1-002033#6,2
B1-002034#0,2
B1-002034#1,2
B1-002034#10,2
B1-002034#11,2
B1-002034#12,2
B1-002034#13,2
B1-002034#2,2
B1-002034#3,2
B1-002034#4,2
B1-002034#5,2
B1-002034#6,2
B1-002034#7,2
B1-002034#8,2
B1-002034#9,2
B1-002035#0,2
B1-002035#1,2
B1-002035#2,2
B1-002035#3,2
B1-002035#4,2
B1-002035#5,2
B1-002035#6,2
B1-002035#7,2
B1-002036#0,2
B1-002036#1,2
B1-002036#10,2
B1-002036#2,2
B1-002036#3,2
B1-002036#4,2
B1-002036#5,2
B1-002036#6,2
B1-002036#7,2
B1-002036#8,2
B1-002036#9,2
B1-002037#0,2
B1-002037#1,2
B1-002037#2,2
B1-002037#3,2
B1-002037#4,2
B1-002037#5,2
B1-002037#6,2
B1-002037#7,2
B1-002037#8,2
B1-002038#0,2
B1-002038#1,2
B1-002038#2,2
B1-002038#3,2
B1-002038#4,2
B1-002038#5,2
B1-002039#0,2
B1-002039#1,2
B1-002039#2,2
B1-002039#3,2
B1-002039#4,2
B1-002039#5,2
B1-002039#6,2
B1-002039#7,2
B1-002039#8,2
B1-002039#9,2
B1-002040#0,2
B1-002040#1,2
B1-002040#10,2
B1-002040#2,2
B1-002040#3,2
B1-002040#4,2
B1-002040#5,2
B1-002040#6,2
B1-002040#7,2
B1-002040#8,2
B1-002040#9,2
B1-002041#0,2
B1-002041#1,2
B1-002041#10,2
B1-002041#2,2
B1-002041#3,2
B1-002041#4,2
B1-002041#5,2
B1-002041#6,2
B1-002041#7,2
B1-002041#8,2
B1-002041#9,2
B1-002042#0,2
B1-002042#1,2
B1-002042#10,2
B1-002042#11,2
B1-002042#12,2
B1-002042#13,2
B1-002042#2,2
B1-002042#3,2
B1-002042#4,2
B1-002042#5,2
B1-002042#6,2
B1-002042#7,2
B1-002042#8,2
B1-002042#9,2
B1-002043#0,2
B1-002043#1,2
B1-002043#2,2
B1-002043#3,2
B1-002043#4,2
B1-002043#5,1
B1-002043#6,2
B1-002043#7,2
B1-002043#8,2
B1-002043#9,2
B1-002044#0,2
B1-002044#1,2
B1-002044#2,2
B1-002044#3,2
B1-002044#4,2
B1-002044#5,2
B1-002044#6,2
B1-002044#7,2
B1-002045#0,2
B1-002045#1,2
B1-002045#2,2
B1-002045#3,2
B1-002046#0,2
B1-002046#1,2
B1-002046#2,2
B1-002046#3,2
B1-002046#4,2
B1-002046#5,2
B1-002047#0,2
B1-002047#1,2
B1-002047#2,2
B1-002047#3,2
B1-002047#4,2
B1-002047#5,2
B1-002047#6,2
B1-002047#7,2
B1-002047#8,2
B1-002047#9,2
B1-002048#0,2
B1-002048#1,2
B1-002048#10,2
B1-002048#11,2
B1-002048#12,2
B1-002048#2,2
B1-002048#3,2
B1-002048#4,2
B1-002048#5,2
B1-002048#6,2
B1-002048#7,2
B1-002048#8,2
B1-002048#9,2
B1-002049#0,2
B1-002049#1,2
B1-002049#10,2
B1-002049#11,2
B1-002049#12,2
B1-002049#13,2
B1-002049#14,2
B1-002049#15,2
B1-002049#16,2
B1-002049#17,2
B1-002049#2,2
B1-002049#3,2
B1-002049#4,2
B1-002049#5,2
B1-002049#6,2
B1-002049#7,2
B1-002049#8,2
B1-002049#9,2
B1-002050#0,2
B1-002050#1,2
B1-002050#2,2
B1-002050#3,2
B1-002050#4,2
B1-002050#5,2
B1-002050#6,2
B1-002050#7,2
B1-002050#8,2
B1-002050#9,2
B1-002051#0,2
B1-002051#1,2
B1-002051#10,2
B1-002051#2,2
B1-002051#3,1
B1-002051#4,2
B1-002051#5,2
B1-002051#6,2
B1-002051#7,2
B1-002051#8,1
B1-002051#9,2
B1-002052#0,2
B1-002052#1,2
B1-002052#2,2
B1-002052#3,2
B1-002052#4,2
B1-002052#5,2
B1-002052#6,2
B1-002053#0,2
B1-002053#1,2
B1-002053#10,2
B1-002053#11,2
B1-002053#12,2
B1-002053#13,2
B1-002053#14,2
B1-002053#2,2
B1-002053#3,2
B1-002053#4,2
B1-002053#5,2
B1-002053#6,2
B1-002053#7,2
B1-002053#8,2
B1-002053#9,2
B1-002054#0,2
B1-002054#1,2
B1-002054#2,2
B1-002054#3,2
B1-002054#4,2
B1-002054#5,2
B1-002054#6,2
B1-002054#7,2
B1-002054#8,2
B1-002054#9,2
B1-002055#0,2
B1-002055#1,2
B1-002055#2,2
B1-002055#3,2
B1-002055#4,2
B1-002055#5,2
B1-002055#6,2
B1-002056#0,2
B1-002056#1,2
B1-002056#2,2
B1-002056#3,2
B1-002056#4,2
B1-002056#5,2
B1-002056#6,2
B1-002056#7,2
B1-002057#0,2
B1-002057#1,2
B1-002057#10,2
B1-002057#11,2
B1-002057#12,2
B1-002057#13,1
B1-002057#14,2
B1-002057#2,2
B1-002057#3,2
B1-002057#4,2
B1-002057#5,2
B1-002057#6,2
B1-002057#7,2
B1-002057#8,2
B1-002057#9,2
B1-002058#0,2
B1-002058#1,2
B1-002058#2,2
B1-002058#3,2
B1-002058#4,2
B1-002059#0,2
B1-002059#1,2
B1-002059#10,2
B1-002059#11,2
B1-002059#12,2
B1-002059#13,2
B1-002059#14,2
B1-002059#15,2
B1-002059#16,2
B1-002059#17,2
B1-002059#2,2
B1-002059#3,2
B1-002059#4,2
B1-002059#5,2
B1-002059#6,2
B1-002059#7,2
B1-002059#8,2
B1-002059#9,2
B1-002060#0,2
B1-002060#1,2
B1-002060#2,2
B1-002060#3,2
B1-002060#4,2
B1-002060#5,2
B1-002061#0,2
B1-002061#1,2
B1-002061#2,2
B1-002061#3,2
B1-002061#4,2
B1-002061#5,2
B1-002062#0,2
B1-002062#1,2
B1-002062#10,2
B1-002062#11,2
B1-002062#12,2
B1-002062#13,2
B1-002062#14,2
B1-002062#2,2
B1-002062#3,1
B1-002062#4,2
B1-002062#5,2
B1-002062#6,2
B1-002062#7,2
B1-002062#8,2
B1-002062#9,2
B1-002063#0,2
B1-002063#1,2
B1-002063#2,2
B1-002063#3,2
B1-002063#4,2
B1-002064#0,2
B1-002064#1,2
B1-002064#2,1
B1-002064#3,2
B1-002064#4,2
B1-002064#5,2
B1-002064#6,2
B1-002064#7,2
B1-002065#0,2
B1-002065#1,2
B1-002065#2,2
B1-002065#3,2
B1-002065#4,2
B1-002065#5,2
B1-002065#6,2
B1-002065#7,2
B1-002065#8,2
B1-002065#9,2
B1-002066#0,2
B1-002066#1,2
B1-002066#2,2
B1-002066#3,2
B1-002066#4,2
B1-002066#5,2
B1-002066#6,2
B1-002067#0,2
B1-002067#1,2
B1-002067#10,2
B1-002067#11,2
B1-002067#12,2
B1-002067#13,2
B1-002067#14,2
B1-002067#2,2
B1-002067#3,2
B1-002067#4,2
B1-002067#5,2
B1-002067#6,2
B1-002067#7,2
B1-002067#8,2
B1-002067#9,2
B1-002068#0,2
B1-002068#1,2
B1-002068#10,2
B1-002068#11,2
B1-002068#12,2
B1-002068#2,2
B1-002068#3,2
B1-002068#4,2
B1-002068#5,2
B1-002068#6,2
B1-002068#7,2
B1-002068#8,2
B1-002068#9,2
B1-002069#0,2
B1-002069#1,2
B1-002069#2,2
B1-002069#3,2
B1-002069#4,2
B1-002069#5,2
B1-002069#6,2
B1-002070#0,2
B1-002070#1,2
B1-002070#10,2
B1-002070#11,2
B1-002070#2,2
B1-002070#3,2
B1-002070#4,2
B1-002070#5,2
B1-002070#6,2
B1-002070#7,2
B1-002070#8,2
B1-002070#9,2
B1-002071#0,2
B1-002071#1,2
B1-002071#2,2
B1-002071#3,2
B1-002071#4,2
B1-002071#5,2
B1-002072#0,2
B1-002072#1,2
B1-002072#10,2
B1-002072#11,2
B1-002072#12,2
B1-002072#2,2
B1-002072#3,2
B1-002072#4,2
B1-002072#5,2
B1-002072#6,2
B1-002072#7,2
B1-002072#8,2
B1-002072#9,2
B1-002073#0,2
B1-002073#1,2
B1-002073#10,2
B1-002073#11,2
B1-002073#12,2
B1-002073#13,2
B1-002073#14,2
B1-002073#15,2
B1-002073#2,2
B1-002073#3,2
B1-002073#4,2
B1-002073#5,2
B1-002073#6,2
B1-002073#7,2
B1-002073#8,2
B1-002073#9,2
B1-002074#0,1
B1-002074#1,2
B1-002074#10,0
B1-002074#11,2
B1-002074#12,2
B1-002074#13,2
B1-002074#2,2
B1-002074#3,2
B1-002074#4,0
B1-002074#5,2
B1-002074#6,2
B1-002074#7,2
B1-002074#8,2
B1-002074#9,2
B1-002075#0,2
B1-002075#1,2
B1-002075#10,2
B1-002075#11,2
B1-002075#12,2
B1-002075#13,2
B1-002075#14,2
B1-002075#15,2
B1-002075#16,2
B1-002075#2,2
B1-002075#3,2
B1-002075#4,2
B1-002075#5,2
B1-002075#6,2
B1-002075#7,2
B1-002075#8,2
B1-002075#9,2
B1-002076#0,2
B1-002076#1,2
B1-002076#2,2
B1-002076#3,2
B1-002076#4,2
B1-002076#5,2
B1-002076#6,2
B1-002076#7,2
B1-002076#8,2
B1-002076#9,2
B1-002077#0,2
B1-002077#1,2
B1-002077#2,2
B1-002077#3,2
B1-002077#4,2
B1-002077#5,2
B1-002077#6,2
B1-002078#0,2
B1-002078#1,2
B1-002078#10,2
B1-002078#2,2
B1-002078#3,2
B1-002078#4,2
B1-002078#5,2
B1-002078#6,2
B1-002078#7,2
B1-002078#8,2
B1-002078#9,2
B1-002079#0,2
B1-002079#1,2
B1-002079#2,2
B1-002079#3,2
B1-002079#4,2
B1-002080#0,2
B1-002080#1,2
B1-002080#10,2
B1-002080#11,2
B1-002080#12,2
B1-002080#13,2
B1-002080#14,2
B1-002080#15,2
B1-002080#16,2
B1-002080#2,2
B1-002080#3,2
B1-002080#4,2
B1-002080#5,2
B1-002080#6,2
B1-002080#7,2
B1-002080#8,2
B1-002080#9,1
B1-002081#0,2
B1-002081#1,1
B1-002081#2,2
B1-002081#3,2
B1-002081#4,2
B1-002081#5,2
B1-002081#6,2
B1-002082#0,2
B1-002082#1,2
B1-002082#10,2
B1-002082#11,2
B1-002082#12,2
B1-002082#13,2
B1-002082#2,0
B1-002082#3,2
B1-002082#4,2
B1-002082#5,2
B1-002082#6,2
B1-002082#7,2
B1-002082#8,2
B1-002082#9,1
B1-002083#0,2
B1-002083#1,2
B1-002083#10,2
B1-002083#11,2
B1-002083#2,2
B1-002083#3,2
B1-002083#4,2
B1-002083#5,2
B1-002083#6,2
B1-002083#7,2
B1-002083#8,2
B1-002083#9,2
B1-002084#0,2
B1-002084#1,2
B1-002084#10,2
B1-002084#11,2
B1-002084#12,2
B1-002084#13,2
B1-002084#14,2
B1-002084#15,1
B1-002084#16,2
B1-002084#2,2
B1-002084#3,2
B1-002084#4,2
B1-002084#5,2
B1-002084#6,2
B1-002084#7,2
B1-002084#8,2
B1-002084#9,2
B1-002085#0,2
B1-002085#1,2
B1-002085#10,2
B1-002085#11,2
B1-002085#12,2
B1-002085#13,2
B1-002085#14,2
B1-002085#15,2
B1-002085#16,2
B1-002085#17,2
B1-002085#2,2
B1-002085#3,2
B1-002085#4,2
B1-002085#5,2
B1-002085#6,2
B1-002085#7,2
B1-002085#8,2
B1-002085#9,2
B1-002086#0,2
B1-002086#1,2
B1-002086#10,2
B1-002086#11,2
B1-002086#12,2
B1-002086#13,2
B1-002086#14,2
B1-002086#2,2
B1-002086#3,2
B1-002086#4,2
B1-002086#5,2
B1-002086#6,2
B1-002086#7,2
B1-002086#8,2
B1-002086#9,2
B1-002087#0,2
B1-002087#1,2
B1-002087#10,2
B1-002087#2,2
B1-002087#3,2
B1-002087#4,2
B1-002087#5,2
B1-002087#6,2
B1-002087#7,2
B1-002087#8,2
B1-002087#9,2
B1-002088#0,2
B1-002088#1,2
B1-002088#10,2
B1-002088#11,2
B1-002088#12,2
B1-002088#13,2
B1-002088#14,2
B1-002088#15,2
B1-002088#2,2
B1-002088#3,2
B1-002088#4,2
B1-002088#5,2
B1-002088#6,2
B1-002088#7,2
B1-002088#8,2
B1-002088#9,2
B1-002089#0,2
B1-002089#1,2
B1-002089#10,2
B1-002089#11,2
B1-002089#12,2
B1-002089#2,2
B1-002089#3,2
B1-002089#4,2
B1-002089#5,2
B1-002089#6,2
B1-002089#7,2
B1-002089#8,2
B1-002089#9,2
B1-002090#0,2
B1-002090#1,2
B1-002090#2,2
B1-002090#3,2
B1-002090#4,2
B1-002091#0,2
B1-002091#1,2
B1-002091#10,2
B1-002091#11,2
B1-002091#12,2
B1-002091#2,2
B1-002091#3,2
B1-002091#4,2
B1-002091#5,2
B1-002091#6,2
B1-002091#7,2
B1-002091#8,2
B1-002091#9,2
B1-002092#0,2
B1-002092#1,1
B1-002092#10,2
B1-002092#11,2
B1-002092#12,2
B1-002092#13,2
B1-002092#14,2
B1-002092#15,2
B1-002092#2,2
B1-002092#3,2
B1-002092#4,2
B1-002092#5,2
B1-002092#6,2
B1-002092#7,2
B1-002092#8,2
B1-002092#9,2
B1-002093#0,2
B1-002093#1,2
B1-002093#10,2
B1-002093#11,2
B1-002093#12,2
B1-002093#13,2
B1-002093#14,2
B1-002093#2,2
B1-002093#3,2
B1-002093#4,2
B1-002093#5,2
B1-002093#6,2
B1-002093#7,2
B1-002093#8,2
B1-002093#9,2
B1-002094#0,2
B1-002094#1,2
B1-002094#10,2
B1-002094#11,2
B1-002094#12,2
B1-002094#2,2
B1-002094#3,2
B1-002094#4,2
B1-002094#5,2
B1-002094#6,2
B1-002094#7,2
B1-002094#8,2
B1-002094#9,2
B1-002095#0,2
B1-002095#1,2
B1-002095#2,2
B1-002095#3,2
B1-002095#4,2
B1-002096#0,2
B1-002096#1,2
B1-002096#2,2
B1-002096#3,2
B1-002096#4,2
B1-002096#5,2
B1-002096#6,2
B1-002097#0,2
B1-002097#1,2
B1-002097#10,2
B1-002097#11,2
B1-002097#12,2
B1-002097#13,2
B1-002097#2,2
B1-002097#3,2
B1-002097#4,2
B1-002097#5,2
B1-002097#6,2
B1-002097#7,2
B1-002097#8,0
B1-002097#9,2
B1-002098#0,2
B1-002098#1,2
B1-002098#2,2
B1-002098#3,2
B1-002098#4,1
B1-002098#5,2
B1-002098#6,2
B1-002098#7,2
B1-002098#8,2
B1-002098#9,2
B1-002099#0,2
B1-002099#1,2
B1-002099#10,2
B1-002099#11,2
B1-002099#12,2
B1-002099#13,2
B1-002099#14,2
B1-002099#15,2
B1-002099#16,2
B1-002099#2,2
B1-002099#3,2
B1-002099#4,2
B1-002099#5,2
B1-002099#6,2
B1-002099#7,2
B1-002099#8,2
B1-002099#9,2
B1-002100#0,2
B1-002100#1,2
B1-002100#10,2
B1-002100#11,2
B1-002100#12,2
B1-002100#13,2
B1-002100#14,2
B1-002100#15,2
B1-002100#2,2
B1-002100#3,2
B1-002100#4,2
B1-002100#5,2
B1-002100#6,2
B1-002100#7,2
B1-002100#8,2
B1-002100#9,2
B1-002101#0,2
B1-002101#1,2
B1-002101#10,2
B1-002101#11,0
B1-002101#12,2
B1-002101#13,2
B1-002101#14,2
B1-002101#15,2
B1-002101#2,2
B1-002101#3,2
B1-002101#4,2
B1-002101#5,2
B1-002101#6,2
B1-002101#7,2
B1-002101#8,2
B1-002101#9,2
B1-002102#0,2
B1-002102#1,2
B1-002102#2,2
B1-002102#3,2
B1-002102#4,2
B1-002103#0,2
B1-002103#1,2
B1-002103#10,2
B1-002103#11,2
B1-002103#12,2
B1-002103#13,2
B1-002103#14,2
B1-002103#15,2
B1-002103#2,2
B1-002103#3,2
B1-002103#4,2
B1-002103#5,2
B1-002103#6,2
B1-002103#7,2
B1-002103#8,2
B1-002103#9,2
B1-002104#0,2
B1-002104#1,2
B1-002104#10,2
B1-002104#11,1
B1-002104#12,2
B1-002104#13,2
B1-002104#14,2
B1-002104#15,2
B1-002104#2,2
B1-002104#3,2
B1-002104#4,2
B1-002104#5,2
B1-002104#6,2
B1-002104#7,2
B1-002104#8,2
B1-002104#9,2
B1-002105#0,2
B1-002105#1,2
B1-002105#2,2
B1-002105#3,2
B1-002105#4,2
B1-002105#5,2
B1-002106#0,2
B1-002106#1,2
B1-002106#10,2
B1-002106#11,2
B1-002106#12,2
B1-002106#13,2
B1-002106#14,2
B1-002106#15,2
B1-002106#2,2
B1-002106#3,2
B1-002106#4,2
B1-002106#5,2
B1-002106#6,2
B1-002106#7,2
B1-002106#8,2
B1-002106#9,2
B1-002107#0,2
B1-002107#1,2
B1-002107#10,2
B1-002107#11,2
B1-002107#12,2
B1-002107#13,2
B1-002107#14,2
B1-002107#15,2
B1-002107#2,2
B1-002107#3,2
B1-002107#4,2
B1-002107#5,2
B1-002107#6,2
B1-002107#7,2
B1-002107#8,2
B1-002107#9,2
B1-002108#0,2
B1-002108#1,2
B1-002108#10,2
B1-002108#11,2
B1-002108#12,2
B1-002108#13,2
B1-002108#2,2
B1-002108#3,2
B1-002108#4,2
B1-002108#5,2
B1-002108#6,2
B1-002108#7,2
B1-002108#8,2
B1-002108#9,2
B1-002109#0,2
B1-002109#1,2
B1-002109#2,2
B1-002109#3,2
B1-002109#4,2
B1-002109#5,2
B1-002110#0,2
B1-002110#1,2
B1-002110#10,2
B1-002110#11,2
B1-002110#12,2
B1-002110#13,2
B1-002110#2,2
B1-002110#3,2
B1-002110#4,2
B1-002110#5,2
B1-002110#6,2
B1-002110#7,2
B1-002110#8,2
B1-002110#9,2
B1-002111#0,2
B1-002111#1,2
B1-002111#10,2
B1-002111#11,2
B1-002111#12,2
B1-002111#2,2
B1-002111#3,2
B1-002111#4,2
B1-002111#5,2
B1-002111#6,2
B1-002111#7,2
B1-002111#8,2
B1-002111#9,2
B1-002112#0,2
B1-002112#1,2
B1-002112#10,2
B1-002112#11,2
B1-002112#2,2
B1-002112#3,2
B1-002112#4,2
B1-002112#5,2
B1-002112#6,2
B1-002112#7,2
B1-002112#8,2
B1-002112#9,2
B1-002113#0,2
B1-002113#1,2
B1-002113#2,2
B1-002113#3,2
B1-002113#4,2
B1-002113#5,2
B1-002113#6,2
B1-002113#7,2
B1-002114#0,2
B1-002114#1,2
B1-002114#2,2
B1-002114#3,2
B1-002114#4,2
B1-002114#5,2
B1-002114#6,2
B1-002114#7,2
B1-002114#8,2
B1-002114#9,2
B1-002115#0,2
B1-002115#1,2
B1-002115#10,2
B1-002115#11,2
B1-002115#12,2
B1-002115#13,2
B1-002115#14,2
B1-002115#15,2
B1-002115#2,2
B1-002115#3,2
B1-002115#4,2
B1-002115#5,2
B1-002115#6,2
B1-002115#7,2
B1-002115#8,2
B1-002115#9,2
B1-002116#0,2
B1-002116#1,2
B1-002116#2,2
B1-002116#3,2
B1-002116#4,2
B1-002116#5,2
B1-002117#0,2
B1-002117#1,0
B1-002117#10,2
B1-002117#11,2
B1-002117#12,2
B1-002117#13,2
B1-002117#14,2
B1-002117#2,2
B1-002117#3,2
B1-002117#4,2
B1-002117#5,2
B1-002117#6,2
B1-002117#7,2
B1-002117#8,2
B1-002117#9,2
B1-002118#0,2
B1-002118#1,2
B1-002118#2,2
B1-002118#3,2
B1-002118#4,2
B1-002118#5,2
B1-002118#6,2
B1-002119#0,2
B1-002119#1,2
B1-002119#2,2
B1-002119#3,2
B1-002119#4,2
B1-002119#5,2
B1-002119#6,2
B1-002120#0,2
B1-002120#1,2
B1-002120#2,2
B1-002120#3,2
B1-002120#4,2
B1-002120#5,2
B1-002120#6,2
B1-002120#7,2
B1-002120#8,2
B1-002120#9,2
B1-002121#0,2
B1-002121#1,2
B1-002121#10,2
B1-002121#11,2
B1-002121#12,2
B1-002121#13,2
B1-002121#14,2
B1-002121#15,2
B1-002121#2,2
B1-002121#3,2
B1-002121#4,2
B1-002121#5,2
B1-002121#6,2
B1-002121#7,2
B1-002121#8,2
B1-002121#9,2
B1-002122#0,2
B1-002122#1,2
B1-002122#10,2
B1-002122#11,2
B1-002122#12,2
B1-002122#2,2
B1-002122#3,2
B1-002122#4,2
B1-002122#5,2
B1-002122#6,2
B1-002122#7,2
B1-002122#8,2
B1-002122#9,2
B1-002123#0,2
B1-002123#1,2
B1-002123#2,2
B1-002123#3,2
B1-002123#4,1
B1-002123#5,2
B1-002124#0,2
B1-002124#1,2
B1-002124#10,2
B1-002124#2,2
B1-002124#3,2
B1-002124#4,2
B1-002124#5,2
B1-002124#6,2
B1-002124#7,2
B1-002124#8,2
B1-002124#9,2
B1-002125#0,1
B1-002125#1,2
B1-002125#10,2
B1-002125#11,2
B1-002125#12,2
B1-002125#13,2
B1-002125#2,2
B1-002125#3,2
B1-002125#4,2
B1-002125#5,2
B1-002125#6,2
B1-002125#7,2
B1-002125#8,2
B1-002125#9,2
B1-002126#0,2
B1-002126#1,2
B1-002126#2,2
B1-002126#3,2
B1-002126#4,2
B1-002126#5,2
B1-002126#6,2
B1-002126#7,2
B1-002127#0,2
B1-002127#1,2
B1-002127#2,2
B1-002127#3,2
B1-002127#4,2
B1-002127#5,2
B1-002127#6,2
B1-002127#7,2
B1-002128#0,2
B1-002128#1,2
B1-002128#2,2
B1-002128#3,2
B1-002128#4,2
B1-002128#5,2
B1-002128#6,2
B1-002129#0,2
B1-002129#1,2
B1-002129#10,2
B1-002129#2,2
B1-002129#3,2
B1-002129#4,2
B1-002129#5,2
B1-002129#6,2
B1-002129#7,2
B1-002129#8,2
B1-002129#9,2
B1-002130#0,0
B1-002130#1,2
B1-002130#2,2
B1-002130#3,0
B1-002130#4,2
B1-002130#5,2
B1-002130#6,2
B1-002130#7,2
B1-002130#8,2
B1-002130#9,2
B1-002131#0,2
B1-002131#1,2
B1-002131#10,2
B1-002131#11,2
B1-002131#12,2
B1-002131#13,2
B1-002131#2,2
B1-002131#3,2
B1-002131#5,2
B1-002131#6,2
B1-002131#7,2
B1-002131#8,2
B1-002131#9,2
B1-002132#0,2
B1-002132#1,2
B1-002132#10,2
B1-002132#2,2
B1-002132#3,2
B1-002132#4,2
B1-002132#5,2
B1-002132#6,2
B1-002132#7,2
B1-002132#8,2
B1-002132#9,2
B1-002133#0,2
B1-002133#1,2
B1-002133#2,2
B1-002133#3,2
B1-002133#4,1
B1-002133#5,2
B1-002133#6,2
B1-002133#7,2
B1-002133#8,2
B1-002133#9,2
B1-002134#0,2
B1-002134#1,2
B1-002134#2,2
B1-002134#3,2
B1-002134#4,2
B1-002134#5,2
B1-002135#0,2
B1-002135#1,2
B1-002135#10,2
B1-002135#11,2
B1-002135#12,2
B1-002135#2,2
B1-002135#3,2
B1-002135#4,2
B1-002135#5,2
B1-002135#6,2
B1-002135#7,2
B1-002135#8,1
B1-002135#9,2
B1-002136#0,2
B1-002136#1,2
B1-002136#10,2
B1-002136#11,2
B1-002136#12,2
B1-002136#13,2
B1-002136#14,2
B1-002136#15,2
B1-002136#2,2
B1-002136#3,2
B1-002136#4,2
B1-002136#5,2
B1-002136#6,2
B1-002136#7,2
B1-002136#8,2
B1-002136#9,2
B1-002137#0,2
B1-002137#1,2
B1-002137#2,2
B1-002137#3,2
B1-002137#4,2
B1-002137#5,2
B1-002137#6,2
B1-002137#7,2
B1-002138#0,2
B1-002138#1,2
B1-002138#2,2
B1-002138#3,2
B1-002138#4,2
B1-002138#5,2
B1-002138#6,2
B1-002138#7,2
B1-002139#0,2
B1-002139#1,2
B1-002139#2,2
B1-002139#3,2
B1-002139#4,2
B1-002139#5,2
B1-002139#6,2
B1-002139#7,2
B1-002140#0,2
B1-002140#1,1
B1-002140#2,2
B1-002140#3,2
B1-002140#4,2
B1-002140#5,2
B1-002140#6,2
B1-002140#7,2
B1-002140#8,2
B1-002141#0,2
B1-002141#1,2
B1-002141#10,2
B1-002141#2,2
B1-002141#3,2
B1-002141#4,2
B1-002141#5,1
B1-002141#6,2
B1-002141#7,2
B1-002141#8,2
B1-002141#9,2
B1-002142#0,2
B1-002142#1,2
B1-002142#10,2
B1-002142#11,2
B1-002142#2,2
B1-002142#3,2
B1-002142#4,2
B1-002142#5,2
B1-002142#6,2
B1-002142#7,2
B1-002142#8,2
B1-002142#9,2
B1-002143#0,2
B1-002143#1,2
B1-002143#2,2
B1-002143#3,2
B1-002143#4,2
B1-002144#0,2
B1-002144#1,2
B1-002144#10,2
B1-002144#11,2
B1-002144#12,2
B1-002144#13,2
B1-002144#2,2
B1-002144#3,2
B1-002144#4,2
B1-002144#5,2
B1-002144#6,2
B1-002144#7,2
B1-002144#8,2
B1-002144#9,2
B1-002145#0,2
B1-002145#1,2
B1-002145#10,2
B1-002145#11,2
B1-002145#12,2
B1-002145#13,2
B1-002145#14,2
B1-002145#2,2
B1-002145#3,2
B1-002145#4,1
B1-002145#5,2
B1-002145#6,2
B1-002145#7,2
B1-002145#8,2
B1-002145#9,2
B1-002146#0,2
B1-002146#1,2
B1-002146#10,2
B1-002146#11,2
B1-002146#2,2
B1-002146#3,2
B1-002146#4,2
B1-002146#5,2
B1-002146#6,2
B1-002146#7,2
B1-002146#8,2
B1-002146#9,2
B1-002147#0,2
B1-002147#1,2
B1-002147#2,2
B1-002147#3,2
B1-002147#4,2
B1-002147#5,2
B1-002147#6,2
B1-002147#7,2
B1-002147#8,2
B1-002148#0,2
B1-002148#1,2
B1-002148#10,2
B1-002148#2,2
B1-002148#3,2
B1-002148#4,2
B1-002148#5,2
B1-002148#6,2
B1-002148#7,2
B1-002148#8,2
B1-002148#9,2
B1-002149#0,2
B1-002149#1,2
B1-002149#2,2
B1-002149#3,2
B1-002149#4,2
B1-002149#5,2
B1-002149#6,2
B1-002150#0,2
B1-002150#1,2
B1-002150#2,2
B1-002150#3,2
B1-002150#4,2
B1-002151#0,2
B1-002151#1,2
B1-002151#10,2
B1-002151#2,2
B1-002151#3,2
B1-002151#4,2
B1-002151#5,2
B1-002151#6,2
B1-002151#7,2
B1-002151#8,2
B1-002151#9,2
B1-002152#0,2
B1-002152#1,2
B1-002152#2,2
B1-002152#3,2
B1-002152#4,2
B1-002152#5,2
B1-002153#0,2
B1-002153#1,2
B1-002153#2,2
B1-002153#3,2
B1-002153#4,2
B1-002153#5,2
B1-002153#6,2
B1-002154#0,2
B1-002154#1,2
B1-002154#10,2
B1-002154#11,2
B1-002154#2,2
B1-002154#3,2
B1-002154#4,2
B1-002154#5,2
B1-002154#6,2
B1-002154#7,2
B1-002154#8,2
B1-002154#9,2
B1-002155#0,2
B1-002155#1,2
B1-002155#10,2
B1-002155#11,2
B1-002155#12,2
B1-002155#2,2
B1-002155#3,2
B1-002155#4,2
B1-002155#5,2
B1-002155#6,2
B1-002155#7,2
B1-002155#8,2
B1-002155#9,2
B1-002156#0,2
B1-002156#1,2
B1-002156#2,2
B1-002156#3,2
B1-002156#4,2
B1-002156#5,2
B1-002156#6,2
B1-002156#7,2
B1-002156#8,2
B1-002157#0,2
B1-002157#1,2
B1-002157#2,2
B1-002157#3,2
B1-002157#4,2
B1-002157#5,2
B1-002157#6,2
B1-002158#0,2
B1-002158#1,2
B1-002158#2,2
B1-002158#3,2
B1-002158#4,2
B1-002158#5,2
B1-002158#6,2
B1-002158#7,2
B1-002159#0,2
B1-002159#1,2
B1-002159#10,2
B1-002159#11,2
B1-002159#12,2
B1-002159#13,2
B1-002159#14,2
B1-002159#15,2
B1-002159#2,2
B1-002159#3,2
B1-002159#4,2
B1-002159#5,2
B1-002159#6,2
B1-002159#7,2
B1-002159#8,2
B1-002159#9,2
B1-002160#0,2
B1-002160#1,2
B1-002160#10,2
B1-002160#11,2
B1-002160#12,2
B1-002160#13,2
B1-002160#14,2
B1-002160#15,2
B1-002160#16,2
B1-002160#2,2
B1-002160#3,2
B1-002160#4,2
B1-002160#5,2
B1-002160#6,2
B1-002160#7,2
B1-002160#8,2
B1-002160#9,2
B1-002161#0,2
B1-002161#1,2
B1-002161#2,2
B1-002161#3,2
B1-002161#4,2
B1-002161#5,2
B1-002161#6,2
B1-002161#7,2
B1-002161#8,2
B1-002162#0,2
B1-002162#1,2
B1-002162#2,2
B1-002162#3,2
B1-002162#4,2
B1-002162#5,2
B1-002162#6,2
B1-002162#7,2
B1-002162#8,2
B1-002162#9,2
B1-002163#0,2
B1-002163#1,2
B1-002163#10,2
B1-002163#11,2
B1-002163#12,2
B1-002163#2,2
B1-002163#3,2
B1-002163#4,2
B1-002163#5,2
B1-002163#6,2
B1-002163#7,2
B1-002163#9,2
B1-002164#0,2
B1-002164#1,2
B1-002164#2,2
B1-002164#3,2
B1-002164#4,2
B1-002164#5,2
B1-002164#6,2
B1-002164#7,2
B1-002164#8,2
B1-002165#0,2
B1-002165#1,2
B1-002165#10,2
B1-002165#2,2
B1-002165#3,2
B1-002165#4,2
B1-002165#5,2
B1-002165#6,2
B1-002165#7,1
B1-002165#8,2
B1-002165#9,2
B1-002166#0,2
B1-002166#1,2
B1-002166#2,2
B1-002166#3,2
B1-002166#4,2
B1-002166#5,2
B1-002166#6,2
B1-002166#7,2
B1-002167#0,2
B1-002167#1,2
B1-002167#10,2
B1-002167#11,2
B1-002167#2,2
B1-002167#3,2
B1-002167#4,2
B1-002167#5,2
B1-002167#6,2
B1-002167#7,2
B1-002167#8,2
B1-002167#9,2
B1-002168#0,2
B1-002168#1,2
B1-002168#10,2
B1-002168#11,2
B1-002168#12,2
B1-002168#2,2
B1-002168#3,2
B1-002168#4,2
B1-002168#5,2
B1-002168#6,2
B1-002168#7,2
B1-002168#8,2
B1-002168#9,2
B1-002169#0,2
B1-002169#1,2
B1-002169#10,2
B1-002169#11,2
B1-002169#2,2
B1-002169#3,2
B1-002169#4,2
B1-002169#5,2
B1-002169#6,2
B1-002169#7,2
B1-002169#8,2
B1-002169#9,2
B1-002170#0,2
B1-002170#1,2
B1-002170#10,2
B1-002170#11,2
B1-002170#12,2
B1-002170#13,2
B1-002170#14,2
B1-002170#15,2
B1-002170#16,2
B1-002170#2,2
B1-002170#3,2
B1-002170#4,2
B1-002170#5,2
B1-002170#6,2
B1-002170#7,2
B1-002170#8,2
B1-002170#9,2
B1-002171#0,2
B1-002171#1,2
B1-002171#2,2
B1-002171#3,2
B1-002171#4,2
B1-002171#6,2
B1-002171#7,2
B1-002171#8,2
B1-002171#9,2
B1-002172#0,2
B1-002172#1,2
B1-002172#10,2
B1-002172#2,2
B1-002172#3,2
B1-002172#4,2
B1-002172#5,2
B1-002172#6,2
B1-002172#7,2
B1-002172#8,1
B1-002172#9,2
B1-002173#0,2
B1-002173#1,2
B1-002173#2,2
B1-002173#3,2
B1-002173#4,2
B1-002173#5,1
B1-002173#6,2
B1-002173#7,2
B1-002173#8,2
B1-002173#9,2
B1-002174#0,2
B1-002174#1,2
B1-002174#10,2
B1-002174#11,2
B1-002174#12,2
B1-002174#13,2
B1-002174#2,2
B1-002174#3,2
B1-002174#4,2
B1-002174#5,2
B1-002174#6,2
B1-002174#7,2
B1-002174#8,2
B1-002174#9,2
B1-002175#0,2
B1-002175#1,2
B1-002175#10,2
B1-002175#11,2
B1-002175#2,2
B1-002175#3,1
B1-002175#4,2
B1-002175#5,2
B1-002175#6,2
B1-002175#7,2
B1-002175#8,2
B1-002175#9,2
B1-002176#0,2
B1-002176#1,2
B1-002176#2,1
B1-002176#3,2
B1-002176#4,2
B1-002176#5,2
B1-002176#6,0
B1-002176#7,2
B1-002177#0,2
B1-002177#1,2
B1-002177#10,2
B1-002177#11,2
B1-002177#12,2
B1-002177#13,2
B1-002177#14,2
B1-002177#2,2
B1-002177#3,2
B1-002177#4,2
B1-002177#5,2
B1-002177#6,1
B1-002177#7,2
B1-002177#8,2
B1-002177#9,2
B1-002178#0,2
B1-002178#1,2
B1-002178#10,2
B1-002178#11,2
B1-002178#12,2
B1-002178#13,2
B1-002178#14,2
B1-002178#15,2
B1-002178#2,2
B1-002178#3,2
B1-002178#4,2
B1-002178#5,2
B1-002178#6,2
B1-002178#7,2
B1-002178#8,2
B1-002178#9,2
B1-002179#0,2
B1-002179#1,2
B1-002179#2,2
B1-002179#3,2
B1-002179#4,2
B1-002179#5,2
B1-002179#6,2
B1-002179#7,2
B1-002179#8,2
B1-002180#0,2
B1-002180#1,0
B1-002180#10,2
B1-002180#11,0
B1-002180#12,2
B1-002180#2,2
B1-002180#3,2
B1-002180#4,2
B1-002180#5,2
B1-002180#6,1
B1-002180#7,2
B1-002180#8,2
B1-002180#9,2
B1-002181#0,2
B1-002181#1,2
B1-002181#10,2
B1-002181#11,2
B1-002181#12,2
B1-002181#2,2
B1-002181#3,2
B1-002181#4,2
B1-002181#5,2
B1-002181#6,2
B1-002181#7,2
B1-002181#8,2
B1-002181#9,2
B1-002182#0,2
B1-002182#1,2
B1-002182#2,2
B1-002182#3,2
B1-002182#4,2
B1-002182#5,2
B1-002182#6,2
B1-002182#7,2
B1-002183#0,2
B1-002183#1,2
B1-002183#10,2
B1-002183#11,2
B1-002183#2,2
B1-002183#3,2
B1-002183#4,2
B1-002183#5,2
B1-002183#6,1
B1-002183#7,2
B1-002183#8,2
B1-002183#9,2
B1-002184#0,2
B1-002184#1,2
B1-002184#10,2
B1-002184#11,2
B1-002184#12,2
B1-002184#2,2
B1-002184#3,2
B1-002184#4,2
B1-002184#5,2
B1-002184#6,2
B1-002184#7,2
B1-002184#8,2
B1-002184#9,2
B1-002185#0,2
B1-002185#1,2
B1-002185#10,2
B1-002185#11,2
B1-002185#12,2
B1-002185#13,2
B1-002185#2,2
B1-002185#3,2
B1-002185#4,2
B1-002185#5,2
B1-002185#6,2
B1-002185#7,2
B1-002185#8,2
B1-002185#9,2
B1-002186#0,2
B1-002186#1,2
B1-002186#2,2
B1-002186#3,2
B1-002186#4,2
B1-002186#5,2
B1-002186#6,2
B1-002186#7,2
B1-002187#0,2
B1-002187#1,2
B1-002187#10,1
B1-002187#11,2
B1-002187#12,2
B1-002187#2,2
B1-002187#3,2
B1-002187#4,2
B1-002187#5,2
B1-002187#6,2
B1-002187#7,2
B1-002187#8,2
B1-002187#9,2
B1-002188#0,2
B1-002188#1,2
B1-002188#10,2
B1-002188#11,2
B1-002188#12,2
B1-002188#13,2
B1-002188#14,2
B1-002188#15,2
B1-002188#2,2
B1-002188#3,2
B1-002188#4,2
B1-002188#5,2
B1-002188#6,2
B1-002188#7,2
B1-002188#8,2
B1-002188#9,2
B1-002189#0,2
B1-002189#1,2
B1-002189#10,2
B1-002189#11,2
B1-002189#12,2
B1-002189#13,2
B1-002189#14,2
B1-002189#15,2
B1-002189#2,2
B1-002189#3,2
B1-002189#4,2
B1-002189#5,2
B1-002189#6,2
B1-002189#7,2
B1-002189#8,2
B1-002189#9,2
B1-002190#0,2
B1-002190#1,2
B1-002190#2,2
B1-002190#3,2
B1-002190#4,2
B1-002190#5,2
B1-002190#6,2
B1-002191#0,2
B1-002191#1,2
B1-002191#2,2
B1-002191#3,2
B1-002191#4,2
B1-002192#0,2
B1-002192#1,2
B1-002192#10,2
B1-002192#11,2
B1-002192#12,2
B1-002192#2,2
B1-002192#3,2
B1-002192#4,2
B1-002192#5,2
B1-002192#6,2
B1-002192#7,2
B1-002192#8,2
B1-002192#9,2
B1-002193#0,2
B1-002193#1,2
B1-002193#2,2
B1-002193#3,2
B1-002193#4,2
B1-002193#5,2
B1-002193#6,2
B1-002193#7,2
B1-002194#0,2
B1-002194#1,2
B1-002194#10,2
B1-002194#11,2
B1-002194#2,2
B1-002194#3,2
B1-002194#4,1
B1-002194#5,2
B1-002194#6,2
B1-002194#7,2
B1-002194#8,2
B1-002194#9,2
B1-002195#0,2
B1-002195#1,1
B1-002195#10,2
B1-002195#11,2
B1-002195#12,2
B1-002195#2,2
B1-002195#3,2
B1-002195#4,2
B1-002195#5,2
B1-002195#6,2
B1-002195#7,2
B1-002195#8,2
B1-002195#9,2
B1-002196#0,2
B1-002196#1,2
B1-002196#2,2
B1-002196#3,2
B1-002196#4,2
B1-002196#5,2
B1-002196#6,2
B1-002196#7,2
B1-002196#8,2
B1-002196#9,2
B1-002197#0,2
B1-002197#1,2
B1-002197#10,2
B1-002197#11,2
B1-002197#12,2
B1-002197#13,2
B1-002197#14,2
B1-002197#15,2
B1-002197#2,2
B1-002197#3,2
B1-002197#4,2
B1-002197#5,2
B1-002197#6,2
B1-002197#7,2
B1-002197#8,2
B1-002197#9,2
B1-002198#0,2
B1-002198#1,2
B1-002198#2,2
B1-002198#3,2
B1-002198#4,2
B1-002198#5,2
B1-002198#6,2
B1-002198#7,2
B1-002198#8,2
B1-002198#9,2
B1-002199#0,2
B1-002199#1,2
B1-002199#10,2
B1-002199#11,2
B1-002199#12,2
B1-002199#2,2
B1-002199#3,2
B1-002199#4,2
B1-002199#5,2
B1-002199#6,2
B1-002199#7,1
B1-002199#8,2
B1-002199#9,2
B1-002200#0,2
B1-002200#1,2
B1-002200#10,2
B1-002200#11,2
B1-002200#12,2
B1-002200#13,2
B1-002200#14,2
B1-002200#2,2
B1-002200#3,2
B1-002200#4,2
B1-002200#5,2
B1-002200#6,2
B1-002200#7,2
B1-002200#8,2
B1-002200#9,2
B1-002201#0,2
B1-002201#1,2
B1-002201#10,2
B1-002201#11,2
B1-002201#12,1
B1-002201#13,2
B1-002201#14,2
B1-002201#15,2
B1-002201#16,2
B1-002201#17,2
B1-002201#2,2
B1-002201#3,2
B1-002201#4,2
B1-002201#5,2
B1-002201#6,2
B1-002201#7,2
B1-002201#8,2
B1-002201#9,2
B1-002202#0,2
B1-002202#1,2
B1-002202#10,2
B1-002202#11,2
B1-002202#12,2
B1-002202#2,2
B1-002202#3,2
B1-002202#4,2
B1-002202#5,2
B1-002202#6,2
B1-002202#7,2
B1-002202#8,2
B1-002202#9,2
B1-002203#0,2
B1-002203#1,2
B1-002203#10,2
B1-002203#11,2
B1-002203#12,2
B1-002203#2,2
B1-002203#3,2
B1-002203#4,2
B1-002203#5,2
B1-002203#6,2
B1-002203#7,1
B1-002203#8,2
B1-002203#9,2
B1-002204#0,2
B1-002204#1,2
B1-002204#10,2
B1-002204#11,2
B1-002204#2,2
B1-002204#3,2
B1-002204#4,2
B1-002204#5,2
B1-002204#6,2
B1-002204#7,2
B1-002204#8,2
B1-002204#9,2
B1-002205#0,2
B1-002205#1,1
B1-002205#10,2
B1-002205#11,2
B1-002205#12,2
B1-002205#2,2
B1-002205#3,2
B1-002205#4,2
B1-002205#5,2
B1-002205#6,2
B1-002205#7,2
B1-002205#8,2
B1-002205#9,2
B1-002206#0,2
B1-002206#1,2
B1-002206#10,2
B1-002206#11,2
B1-002206#2,2
B1-002206#3,2
B1-002206#4,2
B1-002206#5,2
B1-002206#6,2
B1-002206#7,2
B1-002206#8,2
B1-002206#9,2
B1-002207#0,2
B1-002207#1,2
B1-002207#2,2
B1-002207#3,2
B1-002207#4,2
B1-002207#5,2
B1-002207#6,2
B1-002207#7,2
B1-002208#0,2
B1-002208#1,2
B1-002208#10,2
B1-002208#11,2
B1-002208#12,2
B1-002208#13,2
B1-002208#14,2
B1-002208#15,2
B1-002208#16,2
B1-002208#2,2
B1-002208#3,2
B1-002208#4,2
B1-002208#5,2
B1-002208#6,2
B1-002208#7,2
B1-002208#8,2
B1-002208#9,2
B1-002209#0,2
B1-002209#1,2
B1-002209#2,2
B1-002209#3,2
B1-002209#4,2
B1-002209#5,2
B1-002209#6,2
B1-002210#0,2
B1-002210#1,2
B1-002210#2,2
B1-002210#3,2
B1-002210#4,2
B1-002210#5,2
B1-002210#6,2
B1-002211#0,2
B1-002211#1,2
B1-002211#2,2
B1-002211#3,2
B1-002211#4,2
B1-002211#5,2
B1-002211#6,2
B1-002211#7,2
B1-002211#8,2
B1-002211#9,2
B1-002212#0,2
B1-002212#1,2
B1-002212#10,2
B1-002212#2,2
B1-002212#3,2
B1-002212#4,2
B1-002212#5,2
B1-002212#6,2
B1-002212#7,2
B1-002212#8,2
B1-002212#9,2
B1-002213#0,2
B1-002213#1,2
B1-002213#10,2
B1-002213#11,2
B1-002213#12,2
B1-002213#13,2
B1-002213#2,2
B1-002213#3,2
B1-002213#4,2
B1-002213#5,2
B1-002213#6,2
B1-002213#7,2
B1-002213#8,1
B1-002213#9,2
B1-002214#0,2
B1-002214#1,2
B1-002214#2,2
B1-002214#3,2
B1-002214#4,2
B1-002215#0,2
B1-002215#1,2
B1-002215#10,2
B1-002215#11,2
B1-002215#12,1
B1-002215#13,2
B1-002215#2,2
B1-002215#3,2
B1-002215#4,2
B1-002215#5,2
B1-002215#6,2
B1-002215#7,2
B1-002215#8,2
B1-002215#9,2
B1-002216#0,2
B1-002216#1,2
B1-002216#2,2
B1-002216#3,2
B1-002216#4,2
B1-002216#5,2
B1-002216#6,2
B1-002217#0,2
B1-002217#1,2
B1-002217#10,2
B1-002217#11,2
B1-002217#12,2
B1-002217#13,2
B1-002217#2,2
B1-002217#3,2
B1-002217#4,2
B1-002217#5,2
B1-002217#6,2
B1-002217#7,2
B1-002217#8,2
B1-002217#9,2
B1-002218#0,2
B1-002218#1,2
B1-002218#2,2
B1-002218#3,2
B1-002218#4,2
B1-002218#5,2
B1-002218#6,2
B1-002218#7,2
B1-002218#8,2
B1-002218#9,2
B1-002219#0,2
B1-002219#1,2
B1-002219#10,2
B1-002219#11,2
B1-002219#12,2
B1-002219#13,2
B1-002219#14,2
B1-002219#2,2
B1-002219#3,2
B1-002219#4,2
B1-002219#5,2
B1-002219#6,2
B1-002219#7,2
B1-002219#8,2
B1-002219#9,2
B1-002220#0,2
B1-002220#1,2
B1-002220#2,2
B1-002220#3,2
B1-002220#4,2
B1-002220#5,2
B1-002220#6,2
B1-002220#7,0
B1-002220#8,1
B1-002220#9,2
B1-002221#0,2
B1-002221#1,2
B1-002221#10,2
B1-002221#11,2
B1-002221#12,2
B1-002221#13,2
B1-002221#14,2
B1-002221#2,2
B1-002221#3,2
B1-002221#4,2
B1-002221#5,2
B1-002221#6,2
B1-002221#7,2
B1-002221#8,2
B1-002221#9,2
B1-002222#0,2
B1-002222#1,2
B1-002222#10,2
B1-002222#11,2
B1-002222#12,2
B1-002222#13,2
B1-002222#14,2
B1-002222#2,2
B1-002222#3,2
B1-002222#4,2
B1-002222#5,2
B1-002222#6,2
B1-002222#7,2
B1-002222#8,2
B1-002222#9,2
B1-002223#0,2
B1-002223#1,2
B1-002223#2,2
B1-002223#3,2
B1-002223#4,2
B1-002223#5,2
B1-002223#6,1
B1-002223#7,2
B1-002223#8,2
B1-002224#0,2
B1-002224#1,2
B1-002224#10,2
B1-002224#11,2
B1-002224#12,2
B1-002224#13,2
B1-002224#14,2
B1-002224#15,2
B1-002224#16,2
B1-002224#17,2
B1-002224#2,2
B1-002224#3,2
B1-002224#4,2
B1-002224#5,2
B1-002224#6,2
B1-002224#7,2
B1-002224#8,1
B1-002224#9,2
B1-002225#0,2
B1-002225#1,2
B1-002225#10,2
B1-002225#11,2
B1-002225#12,1
B1-002225#13,2
B1-002225#14,2
B1-002225#15,2
B1-002225#2,2
B1-002225#3,2
B1-002225#4,2
B1-002225#5,2
B1-002225#6,2
B1-002225#7,2
B1-002225#8,2
B1-002225#9,2
B1-002226#0,2
B1-002226#1,2
B1-002226#2,2
B1-002226#3,2
B1-002226#4,2
B1-002226#5,2
B1-002226#6,2
B1-002226#7,2
B1-002226#8,2
B1-002226#9,2
B1-002227#0,2
B1-002227#1,2
B1-002227#10,2
B1-002227#11,2
B1-002227#2,2
B1-002227#3,2
B1-002227#4,2
B1-002227#5,2
B1-002227#6,2
B1-002227#7,2
B1-002227#8,2
B1-002227#9,2
B1-002228#0,1
B1-002228#1,2
B1-002228#2,2
B1-002228#3,2
B1-002228#4,2
B1-002229#0,2
B1-002229#1,2
B1-002229#10,2
B1-002229#11,2
B1-002229#12,2
B1-002229#13,2
B1-002229#2,2
B1-002229#3,2
B1-002229#4,2
B1-002229#5,2
B1-002229#6,2
B1-002229#7,2
B1-002229#8,2
B1-002229#9,2
B1-002230#0,2
B1-002230#1,2
B1-002230#2,2
B1-002230#3,2
B1-002230#4,2
B1-002230#5,2
B1-002230#6,2
B1-002231#0,2
B1-002231#1,2
B1-002231#10,2
B1-002231#11,2
B1-002231#12,2
B1-002231#2,2
B1-002231#3,2
B1-002231#4,2
B1-002231#5,2
B1-002231#6,2
B1-002231#7,1
B1-002231#8,2
B1-002231#9,2
B1-002232#0,2
B1-002232#1,2
B1-002232#10,2
B1-002232#2,2
B1-002232#3,2
B1-002232#4,2
B1-002232#5,2
B1-002232#6,2
B1-002232#7,2
B1-002232#8,2
B1-002232#9,2
B1-002233#0,2
B1-002233#1,2
B1-002233#10,2
B1-002233#2,2
B1-002233#3,2
B1-002233#4,0
B1-002233#5,2
B1-002233#6,2
B1-002233#7,2
B1-002233#8,2
B1-002233#9,2
B1-002234#0,2
B1-002234#1,2
B1-002234#2,2
B1-002234#3,2
B1-002234#4,2
B1-002235#0,2
B1-002235#1,2
B1-002235#2,2
B1-002235#3,2
B1-002235#4,2
B1-002235#5,2
B1-002235#6,2
B1-002235#7,2
B1-002235#8,2
B1-002235#9,2
B1-002236#0,2
B1-002236#1,2
B1-002236#10,2
B1-002236#11,2
B1-002236#12,2
B1-002236#13,2
B1-002236#14,2
B1-002236#15,2
B1-002236#16,2
B1-002236#2,2
B1-002236#3,2
B1-002236#4,2
B1-002236#5,2
B1-002236#6,2
B1-002236#7,2
B1-002236#8,2
B1-002236#9,2
B1-002237#0,2
B1-002237#1,2
B1-002237#10,2
B1-002237#11,2
B1-002237#12,2
B1-002237#2,2
B1-002237#3,2
B1-002237#4,2
B1-002237#5,2
B1-002237#6,2
B1-002237#7,2
B1-002237#8,2
B1-002237#9,2
B1-002238#0,2
B1-002238#1,2
B1-002238#2,2
B1-002238#3,2
B1-002238#4,2
B1-002238#5,2
B1-002238#6,2
B1-002238#7,2
B1-002239#0,2
B1-002239#1,2
B1-002239#10,2
B1-002239#2,2
B1-002239#4,2
B1-002239#5,2
B1-002239#6,2
B1-002239#7,2
B1-002239#8,2
B1-002240#0,2
B1-002240#1,2
B1-002240#10,2
B1-002240#11,2
B1-002240#12,2
B1-002240#13,2
B1-002240#14,2
B1-002240#15,2
B1-002240#2,2
B1-002240#3,2
B1-002240#4,2
B1-002240#5,2
B1-002240#6,2
B1-002240#7,2
B1-002240#8,2
B1-002240#9,2
B1-002241#0,2
B1-002241#1,2
B1-002241#10,2
B1-002241#2,2
B1-002241#3,2
B1-002241#4,2
B1-002241#5,2
B1-002241#6,2
B1-002241#7,2
B1-002241#8,2
B1-002241#9,2
B1-002242#0,2
B1-002242#1,2
B1-002242#2,2
B1-002242#3,2
B1-002242#4,2
B1-002242#5,2
B1-002242#6,2
B1-002242#7,2
B1-002242#8,2
B1-002243#0,2
B1-002243#1,2
B1-002243#10,2
B1-002243#2,2
B1-002243#3,2
B1-002243#4,2
B1-002243#5,1
B1-002243#6,2
B1-002243#7,2
B1-002243#8,2
B1-002244#0,2
B1-002244#1,2
B1-002244#10,2
B1-002244#11,2
B1-002244#12,2
B1-002244#13,2
B1-002244#2,2
B1-002244#3,2
B1-002244#4,2
B1-002244#5,2
B1-002244#6,2
B1-002244#7,2
B1-002244#8,2
B1-002244#9,2
B1-002245#0,2
B1-002245#1,2
B1-002245#2,2
B1-002245#3,2
B1-002245#4,2
B1-002245#5,2
B1-002246#0,2
B1-002246#1,2
B1-002246#10,2
B1-002246#11,2
B1-002246#2,2
B1-002246#3,2
B1-002246#4,2
B1-002246#5,2
B1-002246#6,2
B1-002246#7,2
B1-002246#8,2
B1-002246#9,2
B1-002247#0,2
B1-002247#1,2
B1-002247#10,2
B1-002247#11,1
B1-002247#12,2
B1-002247#13,2
B1-002247#2,2
B1-002247#3,2
B1-002247#4,2
B1-002247#5,2
B1-002247#6,2
B1-002247#7,2
B1-002247#8,2
B1-002247#9,2
B1-002248#0,2
B1-002248#1,2
B1-002248#10,2
B1-002248#11,2
B1-002248#2,2
B1-002248#3,2
B1-002248#4,2
B1-002248#5,2
B1-002248#6,2
B1-002248#7,1
B1-002248#8,2
B1-002248#9,2
B1-002249#0,2
B1-002249#1,2
B1-002249#2,2
B1-002249#3,2
B1-002249#4,2
B1-002249#5,2
B1-002249#6,2
B1-002249#7,2
B1-002250#0,2
B1-002250#1,2
B1-002250#10,2
B1-002250#2,2
B1-002250#3,2
B1-002250#4,2
B1-002250#5,1
B1-002250#6,2
B1-002250#7,2
B1-002250#8,2
B1-002250#9,2
B1-002251#0,2
B1-002251#1,2
B1-002251#2,2
B1-002251#3,2
B1-002251#4,2
B1-002251#5,1
B1-002251#6,2
B1-002251#7,2
B1-002251#8,2
B1-002251#9,2
B1-002252#0,2
B1-002252#1,2
B1-002252#10,2
B1-002252#11,2
B1-002252#12,2
B1-002252#13,2
B1-002252#14,2
B1-002252#15,2
B1-002252#16,2
B1-002252#2,2
B1-002252#3,2
B1-002252#4,2
B1-002252#5,2
B1-002252#6,2
B1-002252#7,2
B1-002252#8,2
B1-002252#9,2
B1-002253#0,2
B1-002253#1,2
B1-002253#10,2
B1-002253#11,2
B1-002253#12,2
B1-002253#13,2
B1-002253#2,2
B1-002253#3,2
B1-002253#4,2
B1-002253#5,2
B1-002253#6,2
B1-002253#7,2
B1-002253#8,2
B1-002253#9,2
B1-002254#0,2
B1-002254#1,2
B1-002254#2,2
B1-002254#3,2
B1-002254#4,2
B1-002254#5,2
B1-002255#0,2
B1-002255#1,2
B1-002255#2,2
B1-002255#3,2
B1-002255#4,2
B1-002255#5,1
B1-002255#6,2
B1-002255#7,2
B1-002256#0,2
B1-002256#1,2
B1-002256#10,2
B1-002256#11,2
B1-002256#2,2
B1-002256#3,2
B1-002256#4,2
B1-002256#5,2
B1-002256#6,2
B1-002256#7,2
B1-002256#8,2
B1-002256#9,2
B1-002257#0,2
B1-002257#1,2
B1-002257#10,2
B1-002257#11,2
B1-002257#2,2
B1-002257#3,2
B1-002257#4,2
B1-002257#5,2
B1-002257#6,2
B1-002257#7,2
B1-002257#8,2
B1-002257#9,2
B1-002258#0,2
B1-002258#1,2
B1-002258#2,2
B1-002258#3,2
B1-002258#4,2
B1-002258#5,2
B1-002258#6,2
B1-002258#7,2
B1-002259#0,2
B1-002259#1,2
B1-002259#10,2
B1-002259#11,0
B1-002259#12,2
B1-002259#2,2
B1-002259#3,0
B1-002259#4,2
B1-002259#5,2
B1-002259#6,0
B1-002259#7,2
B1-002259#8,2
B1-002259#9,2
B1-002260#0,2
B1-002260#1,2
B1-002260#10,2
B1-002260#11,2
B1-002260#12,2
B1-002260#13,2
B1-002260#2,2
B1-002260#3,2
B1-002260#4,2
B1-002260#5,1
B1-002260#6,2
B1-002260#7,2
B1-002260#8,2
B1-002260#9,2
B1-002261#0,1
B1-002261#1,2
B1-002261#10,2
B1-002261#11,2
B1-002261#12,2
B1-002261#13,2
B1-002261#2,2
B1-002261#3,2
B1-002261#4,2
B1-002261#5,2
B1-002261#6,2
B1-002261#7,2
B1-002261#8,2
B1-002261#9,2
B1-002262#0,2
B1-002262#1,2
B1-002262#2,2
B1-002262#3,2
B1-002262#4,2
B1-002262#5,2
B1-002263#0,2
B1-002263#1,2
B1-002263#10,2
B1-002263#11,2
B1-002263#12,2
B1-002263#13,2
B1-002263#14,2
B1-002263#2,2
B1-002263#3,2
B1-002263#4,2
B1-002263#5,2
B1-002263#6,2
B1-002263#7,2
B1-002263#8,2
B1-002263#9,2
B1-002264#0,2
B1-002264#1,2
B1-002264#10,2
B1-002264#2,2
B1-002264#3,2
B1-002264#4,2
B1-002264#5,2
B1-002264#6,2
B1-002264#7,2
B1-002264#8,2
B1-002264#9,2
B1-002265#0,2
B1-002265#1,2
B1-002265#2,2
B1-002265#3,2
B1-002265#4,2
B1-002265#5,2
B1-002265#6,2
B1-002265#7,2
B1-002265#8,1
B1-002265#9,2
B1-002266#0,2
B1-002266#1,2
B1-002266#10,2
B1-002266#11,2
B1-002266#12,1
B1-002266#13,2
B1-002266#2,2
B1-002266#3,2
B1-002266#4,2
B1-002266#5,2
B1-002266#6,1
B1-002266#7,2
B1-002266#8,2
B1-002266#9,2
B1-002267#0,1
B1-002267#1,2
B1-002267#10,2
B1-002267#2,2
B1-002267#3,2
B1-002267#4,2
B1-002267#5,2
B1-002267#6,2
B1-002267#7,2
B1-002267#8,2
B1-002267#9,2
B1-002268#0,2
B1-002268#1,2
B1-002268#2,2
B1-002268#3,2
B1-002268#4,2
B1-002269#0,2
B1-002269#1,2
B1-002269#10,2
B1-002269#11,2
B1-002269#2,2
B1-002269#3,2
B1-002269#4,2
B1-002269#5,2
B1-002269#6,1
B1-002269#7,2
B1-002269#8,2
B1-002269#9,2
B1-002270#0,2
B1-002270#1,2
B1-002270#10,2
B1-002270#11,2
B1-002270#12,2
B1-002270#13,2
B1-002270#14,2
B1-002270#15,2
B1-002270#16,2
B1-002270#2,2
B1-002270#3,2
B1-002270#4,2
B1-002270#5,2
B1-002270#6,2
B1-002270#7,2
B1-002270#8,2
B1-002270#9,2
B1-002271#0,1
B1-002271#1,2
B1-002271#10,2
B1-002271#11,2
B1-002271#12,2
B1-002271#13,2
B1-002271#2,2
B1-002271#3,2
B1-002271#4,2
B1-002271#5,2
B1-002271#6,2
B1-002271#7,2
B1-002271#8,2
B1-002271#9,2
B1-002272#0,1
B1-002272#1,2
B1-002272#2,2
B1-002272#3,2
B1-002272#4,2
B1-002272#5,2
B1-002272#6,2
B1-002273#0,2
B1-002273#1,2
B1-002273#2,2
B1-002273#3,2
B1-002273#4,2
B1-002273#5,1
B1-002273#6,2
B1-002273#7,2
B1-002273#8,2
B1-002273#9,2
B1-002274#0,2
B1-002274#1,2
B1-002274#10,2
B1-002274#2,2
B1-002274#3,2
B1-002274#4,2
B1-002274#5,2
B1-002274#6,2
B1-002274#7,2
B1-002274#8,2
B1-002274#9,2
B1-002275#1,2
B1-002275#2,2
B1-002275#3,2
B1-002276#0,2
B1-002276#1,1
B1-002276#2,2
B1-002276#3,2
B1-002276#4,2
B1-002276#5,2
B1-002277#0,2
B1-002277#1,2
B1-002277#2,2
B1-002277#3,2
B1-002277#4,2
B1-002277#5,2
B1-002278#0,2
B1-002278#1,2
B1-002278#10,2
B1-002278#11,2
B1-002278#12,2
B1-002278#13,2
B1-002278#14,2
B1-002278#2,2
B1-002278#3,2
B1-002278#4,2
B1-002278#5,2
B1-002278#6,2
B1-002278#7,2
B1-002278#8,2
B1-002278#9,2
B1-002279#0,2
B1-002279#1,2
B1-002279#10,2
B1-002279#11,0
B1-002279#12,2
B1-002279#2,2
B1-002279#3,2
B1-002279#4,2
B1-002279#5,2
B1-002279#6,2
B1-002279#7,2
B1-002279#8,2
B1-002279#9,2
B1-002280#0,2
B1-002280#1,2
B1-002280#2,2
B1-002280#3,2
B1-002280#4,2
B1-002280#5,2
B1-002281#0,2
B1-002281#1,2
B1-002281#2,2
B1-002281#3,2
B1-002281#4,2
B1-002281#5,2
B1-002282#0,2
B1-002282#1,2
B1-002282#10,2
B1-002282#11,2
B1-002282#12,2
B1-002282#2,2
B1-002282#3,2
B1-002282#4,2
B1-002282#5,2
B1-002282#6,2
B1-002282#7,2
B1-002282#8,2
B1-002282#9,2
B1-002283#0,2
B1-002283#1,2
B1-002283#2,2
B1-002283#3,2
B1-002283#4,2
B1-002283#5,2
B1-002283#6,2
B1-002283#7,2
B1-002283#8,2
B1-002283#9,2
B1-002284#0,0
B1-002284#1,2
B1-002284#10,2
B1-002284#11,0
B1-002284#12,2
B1-002284#13,2
B1-002284#14,2
B1-002284#15,2
B1-002284#16,2
B1-002284#2,2
B1-002284#3,2
B1-002284#4,2
B1-002284#5,2
B1-002284#6,1
B1-002284#7,2
B1-002284#8,2
B1-002284#9,2
B1-002285#0,2
B1-002285#1,2
B1-002285#2,2
B1-002285#3,2
B1-002285#4,2
B1-002285#5,2
B1-002286#0,2
B1-002286#1,2
B1-002286#10,2
B1-002286#11,2
B1-002286#12,1
B1-002286#2,0
B1-002286#3,2
B1-002286#4,2
B1-002286#5,2
B1-002286#6,2
B1-002286#7,2
B1-002286#8,2
B1-002286#9,2
B1-002287#0,2
B1-002287#1,2
B1-002287#2,2
B1-002287#3,2
B1-002287#4,2
B1-002287#5,2
B1-002287#6,2
B1-002287#7,2
B1-002287#8,2
B1-002287#9,2
B1-002288#0,2
B1-002288#1,2
B1-002288#10,2
B1-002288#11,2
B1-002288#12,2
B1-002288#13,2
B1-002288#2,2
B1-002288#3,2
B1-002288#4,2
B1-002288#5,2
B1-002288#6,2
B1-002288#7,2
B1-002288#8,2
B1-002288#9,2
B1-002289#0,2
B1-002289#1,2
B1-002289#10,2
B1-002289#11,2
B1-002289#12,2
B1-002289#13,2
B1-002289#14,2
B1-002289#15,2
B1-002289#16,2
B1-002289#2,2
B1-002289#3,2
B1-002289#4,2
B1-002289#5,2
B1-002289#6,2
B1-002289#7,2
B1-002289#8,2
B1-002289#9,2
B1-002290#0,0
B1-002290#1,2
B1-002290#10,2
B1-002290#11,2
B1-002290#12,2
B1-002290#13,2
B1-002290#2,2
B1-002290#3,2
B1-002290#4,2
B1-002290#5,2
B1-002290#6,2
B1-002290#7,2
B1-002290#8,2
B1-002290#9,2
B1-002291#0,2
B1-002291#1,2
B1-002291#2,2
B1-002291#3,2
B1-002291#4,2
B1-002291#5,2
B1-002291#6,2
B1-002292#0,2
B1-002292#1,2
B1-002292#10,2
B1-002292#11,2
B1-002292#12,2
B1-002292#13,2
B1-002292#2,2
B1-002292#3,2
B1-002292#4,2
B1-002292#5,2
B1-002292#6,2
B1-002292#7,2
B1-002292#8,2
B1-002292#9,2
B1-002293#0,2
B1-002293#1,2
B1-002293#2,2
B1-002293#3,2
B1-002293#4,2
B1-002293#5,2
B1-002294#0,2
B1-002294#1,2
B1-002294#10,2
B1-002294#11,2
B1-002294#12,2
B1-002294#13,2
B1-002294#2,2
B1-002294#3,2
B1-002294#4,2
B1-002294#5,2
B1-002294#6,2
B1-002294#7,2
B1-002294#8,2
B1-002294#9,2
B1-002295#0,2
B1-002295#1,2
B1-002295#2,2
B1-002295#3,2
B1-002295#4,2
B1-002295#5,2
B1-002296#0,2
B1-002296#1,2
B1-002296#2,2
B1-002296#3,2
B1-002296#4,2
B1-002296#5,2
B1-002296#6,2
B1-002296#7,2
B1-002296#8,2
B1-002297#0,2
B1-002297#1,2
B1-002297#10,2
B1-002297#11,2
B1-002297#12,2
B1-002297#13,2
B1-002297#14,2
B1-002297#2,2
B1-002297#3,2
B1-002297#4,2
B1-002297#5,2
B1-002297#6,2
B1-002297#7,2
B1-002297#8,2
B1-002297#9,2
B1-002298#0,2
B1-002298#1,2
B1-002298#2,2
B1-002298#3,2
B1-002298#4,2
B1-002298#5,2
B1-002298#6,2
B1-002298#7,2
B1-002299#0,2
B1-002299#1,2
B1-002299#10,2
B1-002299#11,2
B1-002299#12,2
B1-002299#13,2
B1-002299#14,2
B1-002299#15,1
B1-002299#16,2
B1-002299#2,2
B1-002299#3,2
B1-002299#4,2
B1-002299#5,2
B1-002299#6,2
B1-002299#7,2
B1-002299#8,2
B1-002299#9,2
B1-002300#0,2
B1-002300#1,2
B1-002300#10,2
B1-002300#11,2
B1-002300#12,2
B1-002300#2,2
B1-002300#3,2
B1-002300#4,2
B1-002300#5,2
B1-002300#6,2
B1-002300#7,2
B1-002300#8,2
B1-002300#9,2
B1-002301#0,2
B1-002301#1,2
B1-002301#10,2
B1-002301#11,2
B1-002301#12,2
B1-002301#13,2
B1-002301#14,2
B1-002301#15,2
B1-002301#2,2
B1-002301#3,2
B1-002301#4,2
B1-002301#5,2
B1-002301#6,2
B1-002301#7,2
B1-002301#8,2
B1-002301#9,2
B1-002302#0,2
B1-002302#1,2
B1-002302#10,2
B1-002302#11,2
B1-002302#12,2
B1-002302#13,2
B1-002302#14,2
B1-002302#2,2
B1-002302#3,2
B1-002302#4,2
B1-002302#5,2
B1-002302#6,2
B1-002302#7,2
B1-002302#8,2
B1-002302#9,2
B1-002303#0,2
B1-002303#1,1
B1-002303#10,2
B1-002303#11,2
B1-002303#12,2
B1-002303#13,2
B1-002303#14,2
B1-002303#15,2
B1-002303#16,2
B1-002303#2,2
B1-002303#3,2
B1-002303#4,2
B1-002303#5,2
B1-002303#6,2
B1-002303#7,2
B1-002303#8,2
B1-002303#9,2
B1-002304#0,2
B1-002304#1,2
B1-002304#2,2
B1-002304#3,2
B1-002304#4,2
B1-002304#5,2
B1-002305#0,2
B1-002305#1,0
B1-002305#10,2
B1-002305#11,2
B1-002305#2,2
B1-002305#3,2
B1-002305#4,2
B1-002305#5,2
B1-002305#6,2
B1-002305#7,2
B1-002305#8,2
B1-002305#9,2
B1-002306#0,2
B1-002306#1,2
B1-002306#10,2
B1-002306#11,2
B1-002306#12,1
B1-002306#13,2
B1-002306#14,2
B1-002306#15,2
B1-002306#16,2
B1-002306#2,2
B1-002306#3,2
B1-002306#4,2
B1-002306#5,2
B1-002306#6,2
B1-002306#7,2
B1-002306#8,2
B1-002306#9,2
B1-002307#0,2
B1-002307#1,2
B1-002307#2,2
B1-002307#3,2
B1-002307#4,2
B1-002307#5,2
B1-002307#6,2
B1-002307#7,2
B1-002307#8,2
B1-002307#9,2
B1-002308#0,2
B1-002308#1,2
B1-002308#10,2
B1-002308#11,2
B1-002308#12,2
B1-002308#13,2
B1-002308#14,2
B1-002308#2,2
B1-002308#3,2
B1-002308#4,2
B1-002308#5,2
B1-002308#6,2
B1-002308#7,1
B1-002308#8,2
B1-002308#9,2
B1-002309#0,2
B1-002309#1,2
B1-002309#10,2
B1-002309#11,2
B1-002309#2,2
B1-002309#3,2
B1-002309#4,2
B1-002309#5,2
B1-002309#6,2
B1-002309#7,2
B1-002309#8,2
B1-002309#9,2
B1-002310#0,2
B1-002310#1,2
B1-002310#10,2
B1-002310#11,2
B1-002310#2,2
B1-002310#3,2
B1-002310#4,2
B1-002310#5,2
B1-002310#6,2
B1-002310#7,2
B1-002310#8,2
B1-002310#9,2
B1-002311#0,2
B1-002311#1,2
B1-002311#2,2
B1-002311#3,2
B1-002311#4,2
B1-002311#5,2
B1-002312#0,2
B1-002312#1,2
B1-002312#2,2
B1-002312#3,2
B1-002312#4,2
B1-002312#5,2
B1-002312#6,2
B1-002312#7,2
B1-002312#8,2
B1-002312#9,2
B1-002313#0,2
B1-002313#1,2
B1-002313#10,2
B1-002313#11,2
B1-002313#2,2
B1-002313#3,2
B1-002313#4,2
B1-002313#5,2
B1-002313#6,2
B1-002313#7,2
B1-002313#8,2
B1-002313#9,2
B1-002314#0,1
B1-002314#1,2
B1-002314#2,2
B1-002314#3,2
B1-002314#4,2
B1-002314#5,2
B1-002314#6,2
B1-002314#7,2
B1-002314#8,2
B1-002315#0,2
B1-002315#1,2
B1-002315#10,2
B1-002315#11,2
B1-002315#12,2
B1-002315#13,2
B1-002315#14,2
B1-002315#15,2
B1-002315#2,2
B1-002315#3,2
B1-002315#4,2
B1-002315#5,2
B1-002315#6,2
B1-002315#7,2
B1-002315#8,2
B1-002315#9,2
B1-002316#0,2
B1-002316#1,2
B1-002316#10,2
B1-002316#11,2
B1-002316#12,2
B1-002316#13,2
B1-002316#2,2
B1-002316#3,2
B1-002316#4,2
B1-002316#5,2
B1-002316#6,2
B1-002316#7,2
B1-002316#8,2
B1-002316#9,2
B1-002317#0,2
B1-002317#1,2
B1-002317#2,2
B1-002317#3,2
B1-002317#4,2
B1-002317#5,2
B1-002318#0,2
B1-002318#1,2
B1-002318#2,2
B1-002318#3,2
B1-002318#4,2
B1-002318#5,2
B1-002319#0,2
B1-002319#1,2
B1-002319#10,2
B1-002319#11,2
B1-002319#12,2
B1-002319#13,2
B1-002319#14,2
B1-002319#15,2
B1-002319#16,2
B1-002319#2,2
B1-002319#3,2
B1-002319#4,2
B1-002319#5,2
B1-002319#6,2
B1-002319#7,2
B1-002319#8,2
B1-002319#9,2
B1-002320#0,2
B1-002320#1,2
B1-002320#10,2
B1-002320#11,2
B1-002320#12,2
B1-002320#13,2
B1-002320#14,2
B1-002320#15,2
B1-002320#2,2
B1-002320#3,2
B1-002320#4,2
B1-002320#5,2
B1-002320#6,2
B1-002320#7,2
B1-002320#8,2
B1-002320#9,2
B1-002321#0,2
B1-002321#1,2
B1-002321#2,2
B1-002321#3,2
B1-002321#4,2
B1-002321#5,2
B1-002321#6,2
B1-002321#7,2
B1-002322#0,1
B1-002322#1,2
B1-002322#10,2
B1-002322#11,2
B1-002322#12,2
B1-002322#13,2
B1-002322#2,2
B1-002322#3,2
B1-002322#4,2
B1-002322#5,2
B1-002322#6,0
B1-002322#7,2
B1-002322#8,2
B1-002322#9,2
B1-002323#0,2
B1-002323#2,2
B1-002323#3,2
B1-002323#4,2
B1-002323#5,2
B1-002323#6,2
B1-002323#7,2
B1-002324#0,2
B1-002324#1,2
B1-002324#2,2
B1-002324#3,2
B1-002324#4,2
B1-002324#5,2
B1-002324#6,2
B1-002325#0,2
B1-002325#1,2
B1-002325#2,2
B1-002325#3,2
B1-002325#4,2
B1-002325#5,2
B1-002325#6,2
B1-002325#7,2
B1-002325#8,2
B1-002325#9,2
B1-002326#0,2
B1-002326#1,2
B1-002326#10,2
B1-002326#11,2
B1-002326#12,2
B1-002326#2,2
B1-002326#3,2
B1-002326#4,2
B1-002326#5,2
B1-002326#6,2
B1-002326#7,2
B1-002326#8,0
B1-002326#9,2
B1-002327#0,2
B1-002327#1,2
B1-002327#2,2
B1-002327#3,2
B1-002328#0,2
B1-002328#1,2
B1-002328#10,2
B1-002328#11,2
B1-002328#12,2
B1-002328#13,2
B1-002328#14,2
B1-002328#15,2
B1-002328#16,0
B1-002328#17,2
B1-002328#2,2
B1-002328#3,2
B1-002328#4,2
B1-002328#5,2
B1-002328#6,2
B1-002328#7,2
B1-002328#8,2
B1-002328#9,2
B1-002329#0,2
B1-002329#1,2
B1-002329#10,2
B1-002329#11,2
B1-002329#2,2
B1-002329#3,2
B1-002329#4,2
B1-002329#5,2
B1-002329#6,2
B1-002329#7,2
B1-002329#8,2
B1-002329#9,2
B1-002330#0,2
B1-002330#1,2
B1-002330#2,2
B1-002330#3,2
B1-002330#4,2
B1-002330#5,2
B1-002330#6,2
B1-002331#0,2
B1-002331#1,2
B1-002331#2,2
B1-002331#3,2
B1-002331#4,2
B1-002331#5,2
B1-002331#6,2
B1-002331#7,2
B1-002331#8,2
B1-002331#9,2
B1-002332#0,2
B1-002332#1,2
B1-002332#10,2
B1-002332#11,2
B1-002332#12,2
B1-002332#13,2
B1-002332#14,2
B1-002332#15,2
B1-002332#16,2
B1-002332#2,2
B1-002332#3,2
B1-002332#4,2
B1-002332#5,2
B1-002332#6,2
B1-002332#7,2
B1-002332#8,2
B1-002332#9,2
B1-002333#0,2
B1-002333#1,2
B1-002333#2,2
B1-002333#3,2
B1-002333#4,2
B1-002333#5,2
B1-002333#6,2
B1-002334#0,2
B1-002334#1,2
B1-002334#2,2
B1-002334#3,2
B1-002335#0,2
B1-002335#1,2
B1-002335#2,2
B1-002335#3,2
B1-002335#4,2
B1-002335#5,2
B1-002335#6,2
B1-002335#7,2
B1-002335#8,2
B1-002335#9,2
B1-002336#0,2
B1-002336#1,2
B1-002336#2,2
B1-002336#3,2
B1-002336#4,2
B1-002336#5,2
B1-002336#6,2
B1-002336#7,2
B1-002336#8,2
B1-002336#9,2
B1-002337#0,2
B1-002337#1,2
B1-002337#2,2
B1-002337#3,2
B1-002337#4,2
B1-002337#5,2
B1-002337#6,2
B1-002337#7,2
B1-002337#8,2
B1-002337#9,2
B1-002338#0,2
B1-002338#1,2
B1-002338#10,2
B1-002338#11,2
B1-002338#2,2
B1-002338#3,2
B1-002338#4,2
B1-002338#5,2
B1-002338#6,2
B1-002338#7,2
B1-002338#8,2
B1-002338#9,2
B1-002339#0,2
B1-002339#1,2
B1-002339#2,2
B1-002339#3,2
B1-002339#4,1
B1-002339#5,2
B1-002339#6,2
B1-002340#0,2
B1-002340#1,2
B1-002340#10,2
B1-002340#11,2
B1-002340#12,2
B1-002340#2,2
B1-002340#3,2
B1-002340#4,2
B1-002340#5,2
B1-002340#6,2
B1-002340#7,2
B1-002340#8,2
B1-002340#9,2
B1-002341#0,2
B1-002341#1,2
B1-002341#10,2
B1-002341#11,2
B1-002341#12,2
B1-002341#2,2
B1-002341#3,2
B1-002341#4,2
B1-002341#5,2
B1-002341#6,2
B1-002341#7,2
B1-002341#8,2
B1-002341#9,2
B1-002342#0,2
B1-002342#1,2
B1-002342#2,2
B1-002342#3,2
B1-002342#4,2
B1-002342#5,2
B1-002342#6,2
B1-002342#7,2
B1-002342#8,2
B1-002343#0,2
B1-002343#1,2
B1-002343#10,2
B1-002343#11,2
B1-002343#12,2
B1-002343#13,2
B1-002343#14,2
B1-002343#15,2
B1-002343#2,2
B1-002343#3,2
B1-002343#4,2
B1-002343#5,2
B1-002343#6,2
B1-002343#7,2
B1-002343#8,2
B1-002343#9,2
B1-002344#0,2
B1-002344#1,2
B1-002344#10,2
B1-002344#11,2
B1-002344#12,2
B1-002344#13,2
B1-002344#14,2
B1-002344#15,2
B1-002344#16,2
B1-002344#17,2
B1-002344#2,2
B1-002344#3,2
B1-002344#4,2
B1-002344#5,2
B1-002344#6,2
B1-002344#7,2
B1-002344#8,2
B1-002344#9,2
B1-002345#0,2
B1-002345#1,2
B1-002345#10,2
B1-002345#11,2
B1-002345#12,2
B1-002345#13,2
B1-002345#14,2
B1-002345#15,2
B1-002345#16,2
B1-002345#2,2
B1-002345#3,2
B1-002345#4,2
B1-002345#5,2
B1-002345#6,2
B1-002345#7,2
B1-002345#8,2
B1-002345#9,2
B1-002346#0,2
B1-002346#1,2
B1-002346#2,2
B1-002346#3,2
B1-002346#4,2
B1-002346#5,2
B1-002346#6,0
B1-002346#7,2
B1-002346#8,2
B1-002346#9,2
B1-002347#0,2
B1-002347#1,2
B1-002347#2,2
B1-002347#3,2
B1-002347#4,2
B1-002348#0,2
B1-002348#1,2
B1-002348#10,2
B1-002348#11,2
B1-002348#2,2
B1-002348#3,2
B1-002348#4,2
B1-002348#5,2
B1-002348#6,2
B1-002348#7,1
B1-002348#8,2
B1-002348#9,2
B1-002349#0,2
B1-002349#1,2
B1-002349#10,2
B1-002349#11,2
B1-002349#2,2
B1-002349#3,2
B1-002349#4,2
B1-002349#5,2
B1-002349#6,2
B1-002349#7,2
B1-002349#8,2
B1-002349#9,2
B1-002350#0,2
B1-002350#1,2
B1-002350#10,2
B1-002350#2,2
B1-002350#3,2
B1-002350#4,2
B1-002350#5,2
B1-002350#6,2
B1-002350#7,2
B1-002350#8,2
B1-002350#9,2
B1-002351#0,2
B1-002351#1,2
B1-002351#10,2
B1-002351#11,2
B1-002351#12,2
B1-002351#13,2
B1-002351#14,2
B1-002351#15,2
B1-002351#16,2
B1-002351#2,2
B1-002351#3,1
B1-002351#4,2
B1-002351#5,2
B1-002351#6,2
B1-002351#7,2
B1-002351#8,2
B1-002351#9,2
B1-002352#0,2
B1-002352#1,2
B1-002352#2,2
B1-002352#3,2
B1-002352#4,2
B1-002352#5,2
B1-002352#6,2
B1-002352#7,2
B1-002353#0,2
B1-002353#1,2
B1-002353#10,2
B1-002353#11,2
B1-002353#12,2
B1-002353#2,2
B1-002353#3,2
B1-002353#4,2
B1-002353#5,2
B1-002353#6,2
B1-002353#7,2
B1-002353#8,2
B1-002353#9,2
B1-002354#0,2
B1-002354#1,2
B1-002354#10,2
B1-002354#11,2
B1-002354#12,2
B1-002354#2,2
B1-002354#3,2
B1-002354#4,2
B1-002354#5,2
B1-002354#6,2
B1-002354#7,2
B1-002354#8,2
B1-002354#9,2
B1-002355#0,2
B1-002355#1,2
B1-002355#10,2
B1-002355#11,2
B1-002355#12,2
B1-002355#13,2
B1-002355#14,2
B1-002355#15,2
B1-002355#2,2
B1-002355#3,2
B1-002355#4,2
B1-002355#5,2
B1-002355#6,2
B1-002355#7,2
B1-002355#8,2
B1-002355#9,2
B1-002356#0,2
B1-002356#1,2
B1-002356#2,2
B1-002356#3,2
B1-002356#4,2
B1-002356#5,2
B1-002356#6,2
B1-002356#7,2
B1-002356#8,2
B1-002356#9,2
B1-002357#0,2
B1-002357#1,2
B1-002357#2,2
B1-002357#3,2
B1-002357#4,2
B1-002357#5,2
B1-002358#0,2
B1-002358#1,2
B1-002358#2,2
B1-002358#3,2
B1-002358#4,2
B1-002358#5,2
B1-002358#6,2
B1-002358#7,2
B1-002359#0,2
B1-002359#1,2
B1-002359#10,2
B1-002359#11,2
B1-002359#12,2
B1-002359#13,2
B1-002359#14,2
B1-002359#15,2
B1-002359#16,2
B1-002359#2,2
B1-002359#3,2
B1-002359#4,1
B1-002359#5,2
B1-002359#6,2
B1-002359#7,2
B1-002359#8,2
B1-002359#9,2
B1-002360#0,2
B1-002360#1,2
B1-002360#2,2
B1-002360#3,2
B1-002360#4,2
B1-002360#5,2
B1-002360#6,2
B1-002361#0,2
B1-002361#1,2
B1-002361#2,2
B1-002361#3,2
B1-002361#4,1
B1-002361#5,2
B1-002362#0,2
B1-002362#1,2
B1-002362#2,2
B1-002362#3,2
B1-002362#4,2
B1-002363#0,2
B1-002363#1,2
B1-002363#10,2
B1-002363#11,2
B1-002363#2,2
B1-002363#3,2
B1-002363#4,2
B1-002363#5,2
B1-002363#6,2
B1-002363#7,2
B1-002363#8,2
B1-002363#9,2
B1-002364#0,2
B1-002364#1,2
B1-002364#10,2
B1-002364#11,2
B1-002364#12,2
B1-002364#13,2
B1-002364#2,2
B1-002364#3,2
B1-002364#4,2
B1-002364#5,2
B1-002364#6,2
B1-002364#7,2
B1-002364#8,2
B1-002364#9,2
B1-002365#0,2
B1-002365#1,2
B1-002365#2,2
B1-002365#3,2
B1-002365#4,2
B1-002365#5,2
B1-002365#6,2
B1-002365#7,2
B1-002366#0,2
B1-002366#1,2
B1-002366#10,2
B1-002366#11,2
B1-002366#2,2
B1-002366#3,2
B1-002366#4,2
B1-002366#5,1
B1-002366#6,2
B1-002366#7,2
B1-002366#8,2
B1-002366#9,2
B1-002367#0,2
B1-002367#1,2
B1-002367#2,2
B1-002367#3,2
B1-002367#4,2
B1-002367#5,2
B1-002367#6,2
B1-002367#7,2
B1-002367#8,2
B1-002368#0,2
B1-002368#1,2
B1-002368#10,2
B1-002368#11,1
B1-002368#12,2
B1-002368#13,2
B1-002368#14,2
B1-002368#15,2
B1-002368#16,2
B1-002368#2,2
B1-002368#3,2
B1-002368#4,2
B1-002368#5,2
B1-002368#6,2
B1-002368#7,2
B1-002368#8,2
B1-002368#9,2
B1-002369#0,2
B1-002369#1,2
B1-002369#10,2
B1-002369#11,2
B1-002369#2,2
B1-002369#3,2
B1-002369#4,2
B1-002369#5,2
B1-002369#6,2
B1-002369#7,2
B1-002369#8,2
B1-002369#9,2
B1-002370#0,2
B1-002370#1,2
B1-002370#10,2
B1-002370#11,2
B1-002370#12,2
B1-002370#13,2
B1-002370#2,2
B1-002370#3,2
B1-002370#4,2
B1-002370#5,2
B1-002370#6,2
B1-002370#7,2
B1-002370#8,2
B1-002370#9,2
B1-002371#0,2
B1-002371#1,1
B1-002371#2,2
B1-002371#3,2
B1-002371#4,2
B1-002371#5,2
B1-002371#6,2
B1-002372#0,2
B1-002372#1,2
B1-002372#10,2
B1-002372#11,1
B1-002372#12,2
B1-002372#2,2
B1-002372#3,2
B1-002372#4,2
B1-002372#5,2
B1-002372#6,2
B1-002372#7,0
B1-002372#8,0
B1-002372#9,2
B1-002373#0,2
B1-002373#1,2
B1-002373#10,2
B1-002373#11,2
B1-002373#12,2
B1-002373#13,2
B1-002373#14,2
B1-002373#15,2
B1-002373#16,2
B1-002373#2,2
B1-002373#3,2
B1-002373#4,2
B1-002373#5,2
B1-002373#6,2
B1-002373#7,2
B1-002373#8,2
B1-002373#9,2
B1-002374#0,2
B1-002374#1,2
B1-002374#2,2
B1-002374#3,2
B1-002374#4,2
B1-002374#5,2
B1-002374#7,2
B1-002374#8,2
B1-002374#9,2
B1-002375#0,2
B1-002375#1,2
B1-002375#10,2
B1-002375#11,2
B1-002375#2,2
B1-002375#3,2
B1-002375#4,2
B1-002375#5,2
B1-002375#6,2
B1-002375#7,2
B1-002375#8,2
B1-002375#9,2
B1-002376#0,2
B1-002376#1,2
B1-002376#10,2
B1-002376#11,2
B1-002376#2,2
B1-002376#3,2
B1-002376#4,2
B1-002376#5,2
B1-002376#6,2
B1-002376#7,2
B1-002376#8,2
B1-002376#9,2
B1-002377#0,2
B1-002377#1,2
B1-002377#10,2
B1-002377#2,1
B1-002377#3,2
B1-002377#4,2
B1-002377#5,2
B1-002377#6,2
B1-002377#7,2
B1-002377#8,2
B1-002377#9,2
B1-002378#0,2
B1-002378#1,2
B1-002378#10,2
B1-002378#2,2
B1-002378#3,2
B1-002378#4,2
B1-002378#5,2
B1-002378#6,2
B1-002378#7,2
B1-002378#8,2
B1-002378#9,2
B1-002379#0,2
B1-002379#1,2
B1-002379#10,2
B1-002379#11,2
B1-002379#12,2
B1-002379#13,2
B1-002379#14,2
B1-002379#15,2
B1-002379#16,2
B1-002379#17,2
B1-002379#2,2
B1-002379#3,2
B1-002379#4,2
B1-002379#5,2
B1-002379#6,2
B1-002379#7,2
B1-002379#8,2
B1-002379#9,2
B1-002380#0,2
B1-002380#1,2
B1-002380#2,2
B1-002380#3,2
B1-002380#4,2
B1-002380#5,2
B1-002380#6,2
B1-002381#0,2
B1-002381#1,2
B1-002381#10,2
B1-002381#11,2
B1-002381#12,2
B1-002381#13,2
B1-002381#14,2
B1-002381#15,2
B1-002381#2,2
B1-002381#3,2
B1-002381#4,2
B1-002381#5,1
B1-002381#6,2
B1-002381#7,2
B1-002381#8,2
B1-002381#9,2
B1-002382#0,2
B1-002382#1,2
B1-002382#10,2
B1-002382#11,2
B1-002382#2,2
B1-002382#3,2
B1-002382#4,2
B1-002382#5,2
B1-002382#6,2
B1-002382#7,2
B1-002382#8,2
B1-002382#9,2
B1-002383#0,2
B1-002383#1,2
B1-002383#2,2
B1-002383#3,2
B1-002383#4,2
B1-002384#0,2
B1-002384#2,2
B1-002384#3,2
B1-002384#4,2
B1-002384#5,2
B1-002385#0,2
B1-002385#1,2
B1-002385#10,2
B1-002385#11,2
B1-002385#12,2
B1-002385#13,2
B1-002385#14,2
B1-002385#2,2
B1-002385#3,2
B1-002385#4,2
B1-002385#5,2
B1-002385#6,2
B1-002385#7,2
B1-002385#8,2
B1-002385#9,2
B1-002386#0,2
B1-002386#1,2
B1-002386#2,2
B1-002386#3,2
B1-002386#4,2
B1-002387#0,2
B1-002387#1,2
B1-002387#10,2
B1-002387#11,2
B1-002387#12,2
B1-002387#13,2
B1-002387#2,2
B1-002387#3,1
B1-002387#4,2
B1-002387#5,2
B1-002387#6,2
B1-002387#7,2
B1-002387#8,2
B1-002387#9,1
B1-002388#0,2
B1-002388#1,2
B1-002388#10,2
B1-002388#11,2
B1-002388#12,2
B1-002388#13,2
B1-002388#2,2
B1-002388#3,2
B1-002388#4,2
B1-002388#5,1
B1-002388#6,2
B1-002388#7,2
B1-002388#8,2
B1-002388#9,2
B1-002389#0,2
B1-002389#1,2
B1-002389#10,2
B1-002389#11,2
B1-002389#12,2
B1-002389#13,2
B1-002389#14,2
B1-002389#15,2
B1-002389#2,2
B1-002389#3,2
B1-002389#4,2
B1-002389#5,2
B1-002389#6,2
B1-002389#7,1
B1-002389#8,2
B1-002389#9,2
B1-002390#0,2
B1-002390#1,2
B1-002390#10,2
B1-002390#11,2
B1-002390#2,2
B1-002390#3,2
B1-002390#4,2
B1-002390#5,2
B1-002390#6,2
B1-002390#7,2
B1-002390#8,2
B1-002390#9,2
B1-002391#0,2
B1-002391#1,2
B1-002391#10,2
B1-002391#11,2
B1-002391#12,2
B1-002391#13,2
B1-002391#14,2
B1-002391#2,2
B1-002391#3,2
B1-002391#4,2
B1-002391#5,2
B1-002391#6,2
B1-002391#7,2
B1-002391#8,2
B1-002391#9,2
B1-002392#0,2
B1-002392#1,2
B1-002392#2,2
B1-002392#3,2
B1-002392#4,2
B1-002392#5,2
B1-002393#0,2
B1-002393#1,2
B1-002393#11,2
B1-002393#12,2
B1-002393#13,2
B1-002393#14,2
B1-002393#2,2
B1-002393#3,2
B1-002393#4,2
B1-002393#5,2
B1-002393#6,1
B1-002393#7,2
B1-002393#8,2
B1-002393#9,2
B1-002394#0,2
B1-002394#1,2
B1-002394#10,2
B1-002394#11,2
B1-002394#12,2
B1-002394#13,0
B1-002394#14,2
B1-002394#2,2
B1-002394#3,2
B1-002394#4,2
B1-002394#5,2
B1-002394#6,2
B1-002394#7,2
B1-002394#8,2
B1-002394#9,0
B1-002395#0,2
B1-002395#1,2
B1-002395#10,2
B1-002395#11,2
B1-002395#12,1
B1-002395#13,2
B1-002395#14,2
B1-002395#15,2
B1-002395#16,2
B1-002395#17,2
B1-002395#2,2
B1-002395#3,2
B1-002395#4,2
B1-002395#5,2
B1-002395#6,2
B1-002395#7,2
B1-002395#8,2
B1-002395#9,2
B1-002396#0,2
B1-002396#1,2
B1-002396#2,2
B1-002396#3,2
B1-002396#4,2
B1-002396#5,2
B1-002396#6,2
B1-002396#7,2
B1-002396#8,2
B1-002397#0,2
B1-002397#1,2
B1-002397#2,2
B1-002397#3,2
B1-002397#4,2
B1-002397#5,2
B1-002397#6,2
B1-002397#7,2
B1-002397#8,2
B1-002397#9,2
B1-002398#0,2
B1-002398#1,2
B1-002398#10,1
B1-002398#11,2
B1-002398#12,2
B1-002398#13,2
B1-002398#14,2
B1-002398#15,0
B1-002398#2,2
B1-002398#3,2
B1-002398#4,2
B1-002398#5,1
B1-002398#6,2
B1-002398#7,2
B1-002398#8,2
B1-002398#9,1
B1-002399#0,2
B1-002399#1,2
B1-002399#10,2
B1-002399#11,2
B1-002399#12,2
B1-002399#13,2
B1-002399#14,2
B1-002399#2,2
B1-002399#3,2
B1-002399#4,0
B1-002399#5,2
B1-002399#6,2
B1-002399#7,2
B1-002399#8,2
B1-002399#9,2
B1-002400#0,1
B1-002400#1,2
B1-002400#10,2
B1-002400#2,2
B1-002400#3,2
B1-002400#4,2
B1-002400#5,2
B1-002400#7,2
B1-002400#8,2
B1-002400#9,2
B1-002401#0,2
B1-002401#1,2
B1-002401#10,2
B1-002401#11,2
B1-002401#12,2
B1-002401#2,2
B1-002401#3,2
B1-002401#4,2
B1-002401#5,2
B1-002401#6,2
B1-002401#7,1
B1-002401#8,2
B1-002401#9,2
B1-002402#0,2
B1-002402#1,2
B1-002402#2,2
B1-002402#3,2
B1-002402#4,2
B1-002402#5,1
B1-002402#6,2
B1-002402#7,2
B1-002403#0,2
B1-002403#1,2
B1-002403#2,2
B1-002403#3,2
B1-002403#4,2
B1-002403#5,2
B1-002403#6,2
B1-002403#7,2
B1-002403#8,2
B1-002404#0,1
B1-002404#1,2
B1-002404#10,2
B1-002404#11,2
B1-002404#12,2
B1-002404#13,2
B1-002404#14,2
B1-002404#15,2
B1-002404#16,2
B1-002404#2,2
B1-002404#3,0
B1-002404#4,2
B1-002404#5,2
B1-002404#6,2
B1-002404#7,2
B1-002404#8,2
B1-002404#9,1
B1-002405#0,2
B1-002405#1,2
B1-002405#2,2
B1-002405#3,2
B1-002405#4,2
B1-002405#5,2
B1-002405#6,2
B1-002406#0,2
B1-002406#1,2
B1-002406#10,2
B1-002406#11,2
B1-002406#12,2
B1-002406#13,2
B1-002406#2,2
B1-002406#3,2
B1-002406#4,2
B1-002406#5,2
B1-002406#6,2
B1-002406#7,2
B1-002406#8,2
B1-002406#9,2
B1-002407#0,2
B1-002407#1,2
B1-002407#2,2
B1-002407#3,2
B1-002407#4,2
B1-002407#5,2
B1-002407#6,2
B1-002407#7,2
B1-002407#8,2
B1-002407#9,2
B1-002408#0,2
B1-002408#1,2
B1-002408#10,1
B1-002408#11,2
B1-002408#12,2
B1-002408#13,2
B1-002408#2,2
B1-002408#3,2
B1-002408#4,2
B1-002408#5,2
B1-002408#6,2
B1-002408#7,2
B1-002408#8,2
B1-002408#9,2
B1-002409#0,2
B1-002409#1,2
B1-002409#2,2
B1-002409#3,2
B1-002409#4,2
B1-002409#5,2
B1-002409#6,2
B1-002410#0,2
B1-002410#1,2
B1-002410#10,2
B1-002410#11,2
B1-002410#12,2
B1-002410#13,2
B1-002410#2,2
B1-002410#3,2
B1-002410#4,2
B1-002410#5,2
B1-002410#6,2
B1-002410#7,2
B1-002410#8,2
B1-002410#9,2
B1-002411#0,2
B1-002411#1,2
B1-002411#10,2
B1-002411#11,2
B1-002411#2,2
B1-002411#3,2
B1-002411#5,2
B1-002411#6,2
B1-002411#7,2
B1-002411#8,2
B1-002411#9,2
B1-002412#0,2
B1-002412#1,2
B1-002412#10,2
B1-002412#11,2
B1-002412#12,2
B1-002412#2,2
B1-002412#3,2
B1-002412#4,2
B1-002412#5,2
B1-002412#6,2
B1-002412#7,2
B1-002412#8,2
B1-002412#9,2
B1-002413#0,2
B1-002413#1,2
B1-002413#2,2
B1-002413#3,2
B1-002413#4,2
B1-002413#5,2
B1-002414#0,2
B1-002414#1,2
B1-002414#10,2
B1-002414#11,2
B1-002414#12,2
B1-002414#13,2
B1-002414#2,2
B1-002414#3,2
B1-002414#4,2
B1-002414#5,1
B1-002414#6,2
B1-002414#7,2
B1-002414#8,2
B1-002414#9,2
B1-002415#0,2
B1-002415#1,2
B1-002415#2,2
B1-002415#3,2
B1-002415#4,2
B1-002415#5,2
B1-002415#6,2
B1-002415#7,2
B1-002416#0,2
B1-002416#1,2
B1-002416#2,2
B1-002416#3,2
B1-002416#4,2
B1-002416#5,2
B1-002416#6,2
B1-002416#7,2
B1-002416#8,2
B1-002416#9,2
B1-002417#0,2
B1-002417#1,2
B1-002417#2,2
B1-002417#3,2
B1-002417#4,2
B1-002417#5,2
B1-002418#0,2
B1-002418#1,2
B1-002418#10,2
B1-002418#11,2
B1-002418#12,2
B1-002418#13,2
B1-002418#14,2
B1-002418#15,2
B1-002418#2,2
B1-002418#3,2
B1-002418#4,2
B1-002418#5,2
B1-002418#6,2
B1-002418#7,2
B1-002418#8,2
B1-002418#9,2
B1-002419#0,1
B1-002419#1,2
B1-002419#2,2
B1-002419#3,2
B1-002419#4,2
B1-002420#0,2
B1-002420#1,2
B1-002420#2,2
B1-002420#3,2
B1-002420#4,2
B1-002420#5,2
B1-002421#0,0
B1-002421#1,2
B1-002421#2,2
B1-002421#3,2
B1-002421#4,2
B1-002421#5,2
B1-002421#6,2
B1-002421#7,2
B1-002421#8,2
B1-002421#9,2
B1-002422#0,2
B1-002422#1,2
B1-002422#10,2
B1-002422#2,2
B1-002422#3,2
B1-002422#4,2
B1-002422#5,2
B1-002422#6,2
B1-002422#7,2
B1-002422#8,2
B1-002422#9,2
B1-002423#0,2
B1-002423#1,2
B1-002423#2,2
B1-002423#3,2
B1-002423#4,2
B1-002424#0,2
B1-002424#1,0
B1-002424#10,2
B1-002424#11,2
B1-002424#12,2
B1-002424#2,2
B1-002424#3,2
B1-002424#4,2
B1-002424#5,2
B1-002424#6,2
B1-002424#7,2
B1-002424#8,2
B1-002424#9,2
B1-002425#0,2
B1-002425#1,2
B1-002425#10,2
B1-002425#11,2
B1-002425#2,2
B1-002425#3,2
B1-002425#4,2
B1-002425#5,2
B1-002425#6,2
B1-002425#7,2
B1-002425#8,2
B1-002425#9,2
B1-002426#0,2
B1-002426#1,2
B1-002426#2,2
B1-002426#3,1
B1-002426#4,2
B1-002426#5,2
B1-002427#0,2
B1-002427#1,2
B1-002427#10,2
B1-002427#11,2
B1-002427#12,2
B1-002427#2,2
B1-002427#3,2
B1-002427#4,2
B1-002427#5,2
B1-002427#6,2
B1-002427#7,2
B1-002427#8,2
B1-002427#9,1
B1-002428#0,2
B1-002428#1,2
B1-002428#2,2
B1-002428#3,2
B1-002428#4,2
B1-002428#5,0
B1-002428#6,2
B1-002428#7,2
B1-002428#8,2
B1-002429#0,2
B1-002429#1,2
B1-002429#10,2
B1-002429#2,2
B1-002429#3,2
B1-002429#4,2
B1-002429#5,2
B1-002429#6,2
B1-002429#7,2
B1-002429#8,2
B1-002429#9,2
B1-002430#0,2
B1-002430#1,2
B1-002430#2,2
B1-002430#3,2
B1-002430#4,2
B1-002430#5,2
B1-002430#6,2
B1-002430#7,2
B1-002430#8,2
B1-002430#9,2
B1-002431#0,2
B1-002431#1,2
B1-002431#10,2
B1-002431#11,2
B1-002431#12,2
B1-002431#2,2
B1-002431#3,2
B1-002431#4,2
B1-002431#5,2
B1-002431#6,2
B1-002431#7,2
B1-002431#8,2
B1-002431#9,2
B1-002432#0,2
B1-002432#1,2
B1-002432#10,2
B1-002432#11,2
B1-002432#12,2
B1-002432#2,2
B1-002432#3,2
B1-002432#4,2
B1-002432#5,2
B1-002432#6,2
B1-002432#7,2
B1-002432#8,2
B1-002432#9,2
B1-002433#0,2
B1-002433#1,2
B1-002433#10,2
B1-002433#11,2
B1-002433#12,2
B1-002433#13,2
B1-002433#14,2
B1-002433#15,2
B1-002433#16,2
B1-002433#17,2
B1-002433#2,2
B1-002433#3,2
B1-002433#4,2
B1-002433#5,2
B1-002433#6,2
B1-002433#7,2
B1-002433#8,0
B1-002433#9,2
B1-002434#0,2
B1-002434#1,2
B1-002434#2,2
B1-002434#3,2
B1-002435#0,2
B1-002435#1,2
B1-002435#10,2
B1-002435#11,2
B1-002435#2,2
B1-002435#3,2
B1-002435#4,2
B1-002435#5,2
B1-002435#6,2
B1-002435#7,2
B1-002435#8,2
B1-002435#9,2
B1-002436#0,2
B1-002436#1,2
B1-002436#10,1
B1-002436#11,2
B1-002436#12,2
B1-002436#13,2
B1-002436#14,2
B1-002436#15,2
B1-002436#2,2
B1-002436#3,2
B1-002436#4,2
B1-002436#5,2
B1-002436#6,2
B1-002436#7,2
B1-002436#8,2
B1-002436#9,2
B1-002437#0,2
B1-002437#1,0
B1-002437#2,2
B1-002437#3,2
B1-002437#4,0
B1-002437#5,1
B1-002437#6,2
B1-002437#7,2
B1-002437#8,2
B1-002437#9,2
B1-002438#0,2
B1-002438#1,2
B1-002438#10,2
B1-002438#11,2
B1-002438#12,2
B1-002438#13,2
B1-002438#14,2
B1-002438#15,2
B1-002438#16,2
B1-002438#2,2
B1-002438#3,2
B1-002438#4,2
B1-002438#5,2
B1-002438#6,2
B1-002438#7,2
B1-002438#8,2
B1-002438#9,2
B1-002439#0,2
B1-002439#1,2
B1-002439#10,2
B1-002439#2,2
B1-002439#3,2
B1-002439#4,2
B1-002439#5,2
B1-002439#6,2
B1-002439#7,2
B1-002439#8,2
B1-002439#9,0
B1-002440#0,2
B1-002440#1,2
B1-002440#10,2
B1-002440#11,2
B1-002440#12,2
B1-002440#13,2
B1-002440#14,2
B1-002440#15,2
B1-002440#2,2
B1-002440#3,2
B1-002440#4,2
B1-002440#5,2
B1-002440#6,2
B1-002440#7,2
B1-002440#8,2
B1-002440#9,2
B1-002441#0,2
B1-002441#1,2
B1-002441#2,2
B1-002441#3,2
B1-002441#4,2
B1-002441#5,2
B1-002441#6,2
B1-002441#7,2
B1-002441#8,2
B1-002441#9,2
B1-002442#0,2
B1-002442#1,2
B1-002442#10,2
B1-002442#2,1
B1-002442#3,2
B1-002442#4,2
B1-002442#5,2
B1-002442#6,2
B1-002442#7,2
B1-002442#8,2
B1-002442#9,2
B1-002443#0,2
B1-002443#1,2
B1-002443#2,2
B1-002443#3,2
B1-002443#4,2
B1-002443#5,1
B1-002443#6,2
B1-002444#0,2
B1-002444#1,2
B1-002444#10,2
B1-002444#11,2
B1-002444#12,2
B1-002444#2,2
B1-002444#3,2
B1-002444#4,2
B1-002444#5,2
B1-002444#6,2
B1-002444#7,2
B1-002444#8,2
B1-002444#9,2
B1-002445#0,2
B1-002445#1,2
B1-002445#10,2
B1-002445#11,2
B1-002445#2,2
B1-002445#3,2
B1-002445#4,2
B1-002445#5,2
B1-002445#6,2
B1-002445#7,2
B1-002445#8,2
B1-002445#9,2
B1-002446#0,2
B1-002446#1,2
B1-002446#2,2
B1-002446#3,2
B1-002446#4,2
B1-002446#5,2
B1-002446#6,2
B1-002446#7,2
B1-002446#8,2
B1-002447#0,2
B1-002447#1,2
B1-002447#2,2
B1-002447#3,2
B1-002447#4,2
B1-002447#5,2
B1-002447#6,2
B1-002448#0,2
B1-002448#1,2
B1-002448#10,2
B1-002448#2,2
B1-002448#3,2
B1-002448#4,2
B1-002448#5,2
B1-002448#6,2
B1-002448#7,2
B1-002448#8,2
B1-002448#9,2
B1-002449#0,2
B1-002449#1,2
B1-002449#10,2
B1-002449#11,2
B1-002449#12,2
B1-002449#13,2
B1-002449#14,2
B1-002449#15,2
B1-002449#2,2
B1-002449#3,2
B1-002449#4,2
B1-002449#5,2
B1-002449#6,2
B1-002449#7,2
B1-002449#8,2
B1-002449#9,2
B1-002450#0,2
B1-002450#1,2
B1-002450#10,2
B1-002450#11,2
B1-002450#2,2
B1-002450#3,2
B1-002450#4,2
B1-002450#5,2
B1-002450#6,2
B1-002450#7,2
B1-002450#8,2
B1-002450#9,2
B1-002451#0,2
B1-002451#1,2
B1-002451#2,2
B1-002451#3,2
B1-002451#4,2
B1-002451#5,2
B1-002452#0,2
B1-002452#1,2
B1-002452#10,2
B1-002452#11,2
B1-002452#12,2
B1-002452#13,2
B1-002452#14,2
B1-002452#15,2
B1-002452#2,2
B1-002452#3,2
B1-002452#4,2
B1-002452#5,2
B1-002452#6,2
B1-002452#7,2
B1-002452#8,2
B1-002452#9,2
B1-002453#0,2
B1-002453#1,2
B1-002453#10,2
B1-002453#11,2
B1-002453#12,2
B1-002453#13,2
B1-002453#14,2
B1-002453#15,2
B1-002453#2,2
B1-002453#3,2
B1-002453#4,2
B1-002453#5,0
B1-002453#6,2
B1-002453#7,2
B1-002453#8,2
B1-002453#9,2
B1-002454#0,2
B1-002454#1,2
B1-002454#2,2
B1-002454#3,2
B1-002454#4,2
B1-002454#5,2
B1-002454#6,2
B1-002454#7,2
B1-002454#8,2
B1-002455#0,2
B1-002455#1,2
B1-002455#2,2
B1-002455#3,2
B1-002455#4,2
B1-002455#5,2
B1-002455#6,2
B1-002456#0,2
B1-002456#1,2
B1-002456#10,2
B1-002456#11,2
B1-002456#12,2
B1-002456#13,2
B1-002456#14,2
B1-002456#15,2
B1-002456#16,2
B1-002456#17,2
B1-002456#2,2
B1-002456#3,2
B1-002456#4,2
B1-002456#5,2
B1-002456#6,2
B1-002456#7,2
B1-002456#8,2
B1-002456#9,2
B1-002457#0,2
B1-002457#1,2
B1-002457#10,2
B1-002457#11,2
B1-002457#12,2
B1-002457#2,1
B1-002457#3,2
B1-002457#4,2
B1-002457#5,2
B1-002457#6,2
B1-002457#7,2
B1-002457#8,2
B1-002457#9,2
B1-002458#0,2
B1-002458#1,2
B1-002458#10,2
B1-002458#11,2
B1-002458#12,2
B1-002458#13,2
B1-002458#14,2
B1-002458#15,2
B1-002458#2,2
B1-002458#3,2
B1-002458#4,2
B1-002458#5,2
B1-002458#6,2
B1-002458#7,2
B1-002458#8,2
B1-002458#9,2
B1-002459#0,2
B1-002459#1,2
B1-002459#2,2
B1-002459#3,2
B1-002459#4,2
B1-002459#5,2
B1-002459#6,2
B1-002459#7,2
B1-002460#0,2
B1-002460#1,2
B1-002460#2,1
B1-002460#3,2
B1-002460#4,2
B1-002461#0,2
B1-002461#1,2
B1-002461#10,2
B1-002461#11,2
B1-002461#12,2
B1-002461#13,2
B1-002461#14,2
B1-002461#2,2
B1-002461#3,2
B1-002461#4,2
B1-002461#5,2
B1-002461#6,2
B1-002461#7,2
B1-002461#8,2
B1-002461#9,2
B1-002462#0,0
B1-002462#1,2
B1-002462#10,2
B1-002462#11,2
B1-002462#2,2
B1-002462#3,2
B1-002462#4,2
B1-002462#5,2
B1-002462#6,2
B1-002462#7,2
B1-002462#8,2
B1-002462#9,2
B1-002463#0,2
B1-002463#1,2
B1-002463#2,2
B1-002463#3,2
B1-002463#4,2
B1-002464#0,2
B1-002464#1,2
B1-002464#10,2
B1-002464#11,2
B1-002464#12,2
B1-002464#13,2
B1-002464#2,2
B1-002464#3,2
B1-002464#4,2
B1-002464#5,2
B1-002464#6,2
B1-002464#7,2
B1-002464#8,2
B1-002464#9,2
B1-002465#0,2
B1-002465#1,2
B1-002465#10,2
B1-002465#11,2
B1-002465#12,2
B1-002465#13,2
B1-002465#2,2
B1-002465#3,2
B1-002465#4,1
B1-002465#5,2
B1-002465#6,2
B1-002465#7,2
B1-002465#8,2
B1-002465#9,2
B1-002466#0,2
B1-002466#1,2
B1-002466#2,2
B1-002466#3,2
B1-002466#4,2
B1-002466#5,2
B1-002466#6,2
B1-002466#7,2
B1-002466#8,2
B1-002466#9,2
B1-002467#0,2
B1-002467#1,2
B1-002467#2,2
B1-002467#3,2
B1-002467#4,2
B1-002467#5,2
B1-002467#6,2
B1-002468#0,2
B1-002468#1,2
B1-002468#2,2
B1-002468#3,2
B1-002468#4,2
B1-002468#5,2
B1-002468#6,2
B1-002469#0,2
B1-002469#1,2
B1-002469#2,2
B1-002469#3,2
B1-002469#4,2
B1-002470#0,2
B1-002470#1,2
B1-002470#10,2
B1-002470#11,2
B1-002470#12,2
B1-002470#13,2
B1-002470#14,2
B1-002470#15,2
B1-002470#16,2
B1-002470#2,2
B1-002470#3,2
B1-002470#4,2
B1-002470#5,2
B1-002470#6,2
B1-002470#7,2
B1-002470#8,2
B1-002470#9,2
B1-002471#0,2
B1-002471#1,2
B1-002471#10,2
B1-002471#11,2
B1-002471#12,2
B1-002471#2,2
B1-002471#3,2
B1-002471#4,2
B1-002471#5,2
B1-002471#6,2
B1-002471#7,2
B1-002471#8,2
B1-002471#9,2
B1-002472#0,2
B1-002472#1,2
B1-002472#2,2
B1-002472#3,2
B1-002472#4,2
B1-002472#5,2
B1-002472#6,2
B1-002473#0,2
B1-002473#1,2
B1-002473#10,2
B1-002473#11,2
B1-002473#12,2
B1-002473#13,2
B1-002473#2,2
B1-002473#3,2
B1-002473#4,2
B1-002473#5,2
B1-002473#6,2
B1-002473#7,2
B1-002473#8,2
B1-002473#9,2
B1-002474#0,2
B1-002474#1,2
B1-002474#10,2
B1-002474#11,2
B1-002474#12,2
B1-002474#13,2
B1-002474#2,2
B1-002474#3,2
B1-002474#4,2
B1-002474#5,2
B1-002474#6,2
B1-002474#7,2
B1-002474#8,2
B1-002474#9,2
B1-002475#0,2
B1-002475#1,1
B1-002475#2,2
B1-002475#3,2
B1-002475#4,2
B1-002475#5,2
B1-002476#0,2
B1-002476#1,2
B1-002476#2,2
B1-002476#3,2
B1-002476#4,2
B1-002476#5,2
B1-002476#6,2
B1-002477#0,2
B1-002477#1,2
B1-002477#10,2
B1-002477#11,2
B1-002477#12,2
B1-002477#13,2
B1-002477#2,2
B1-002477#3,2
B1-002477#4,2
B1-002477#5,2
B1-002477#6,2
B1-002477#7,2
B1-002477#8,2
B1-002477#9,2
B1-002478#0,2
B1-002478#1,2
B1-002478#10,2
B1-002478#11,2
B1-002478#2,2
B1-002478#3,2
B1-002478#4,2
B1-002478#5,2
B1-002478#6,2
B1-002478#7,2
B1-002478#8,2
B1-002478#9,2
B1-002479#0,2
B1-002479#1,2
B1-002479#10,2
B1-002479#11,2
B1-002479#12,2
B1-002479#2,2
B1-002479#3,2
B1-002479#4,2
B1-002479#5,2
B1-002479#6,2
B1-002479#7,2
B1-002479#8,2
B1-002479#9,2
B1-002480#0,2
B1-002480#1,2
B1-002480#2,2
B1-002480#3,2
B1-002480#4,2
B1-002481#0,2
B1-002481#1,2
B1-002481#10,2
B1-002481#11,2
B1-002481#2,2
B1-002481#3,2
B1-002481#4,2
B1-002481#5,2
B1-002481#6,2
B1-002481#7,2
B1-002481#8,2
B1-002481#9,2
B1-002482#0,2
B1-002482#1,2
B1-002482#2,2
B1-002482#3,2
B1-002482#4,2
B1-002482#5,2
B1-002482#6,2
B1-002482#7,2
B1-002483#0,2
B1-002483#1,2
B1-002483#10,2
B1-002483#11,2
B1-002483#12,2
B1-002483#13,1
B1-002483#14,2
B1-002483#15,2
B1-002483#16,2
B1-002483#17,2
B1-002483#2,2
B1-002483#3,2
B1-002483#4,2
B1-002483#5,2
B1-002483#6,2
B1-002483#7,2
B1-002483#8,2
B1-002483#9,2
B1-002484#0,2
B1-002484#1,2
B1-002484#2,2
B1-002484#3,2
B1-002484#4,2
B1-002485#0,2
B1-002485#1,2
B1-002485#2,2
B1-002485#3,2
B1-002485#4,2
B1-002485#5,2
B1-002485#6,2
B1-002485#7,2
B1-002485#8,2
B1-002486#0,2
B1-002486#1,2
B1-002486#10,2
B1-002486#11,2
B1-002486#12,2
B1-002486#2,2
B1-002486#3,2
B1-002486#4,2
B1-002486#5,2
B1-002486#6,2
B1-002486#7,2
B1-002486#8,2
B1-002486#9,2
B1-002487#0,2
B1-002487#1,2
B1-002487#10,2
B1-002487#11,2
B1-002487#12,2
B1-002487#13,2
B1-002487#2,2
B1-002487#3,2
B1-002487#4,2
B1-002487#5,2
B1-002487#6,2
B1-002487#7,2
B1-002487#8,2
B1-002487#9,2
B1-002488#0,2
B1-002488#1,2
B1-002488#2,2
B1-002488#3,2
B1-002488#4,2
B1-002488#5,2
B1-002488#6,2
B1-002488#7,2
B1-002488#8,2
B1-002489#0,2
B1-002489#1,2
B1-002489#10,2
B1-002489#11,2
B1-002489#12,2
B1-002489#13,2
B1-002489#2,2
B1-002489#3,2
B1-002489#4,2
B1-002489#5,2
B1-002489#6,2
B1-002489#7,2
B1-002489#8,2
B1-002489#9,2
B1-002490#0,2
B1-002490#1,2
B1-002490#10,2
B1-002490#11,2
B1-002490#12,2
B1-002490#13,2
B1-002490#2,2
B1-002490#3,2
B1-002490#4,2
B1-002490#5,2
B1-002490#6,2
B1-002490#7,2
B1-002490#8,2
B1-002490#9,2
B1-002491#0,2
B1-002491#1,2
B1-002491#10,2
B1-002491#2,2
B1-002491#3,2
B1-002491#4,2
B1-002491#5,2
B1-002491#6,2
B1-002491#7,2
B1-002491#8,2
B1-002491#9,2
B1-002492#0,2
B1-002492#1,0
B1-002492#10,2
B1-002492#12,2
B1-002492#2,2
B1-002492#3,2
B1-002492#4,2
B1-002492#5,2
B1-002492#6,1
B1-002492#7,2
B1-002492#8,2
B1-002492#9,2
B1-002493#0,2
B1-002493#1,2
B1-002493#10,2
B1-002493#11,2
B1-002493#12,2
B1-002493#13,2
B1-002493#2,2
B1-002493#3,2
B1-002493#4,2
B1-002493#5,2
B1-002493#6,2
B1-002493#7,2
B1-002493#8,2
B1-002493#9,2
B1-002494#0,2
B1-002494#1,2
B1-002494#2,0
B1-002494#3,2
B1-002494#4,2
B1-002494#5,2
B1-002494#6,2
B1-002495#0,2
B1-002495#1,2
B1-002495#2,2
B1-002495#3,2
B1-002495#4,2
B1-002495#5,2
B1-002495#6,2
B1-002496#0,2
B1-002496#1,2
B1-002496#10,2
B1-002496#11,2
B1-002496#12,2
B1-002496#13,2
B1-002496#14,2
B1-002496#15,2
B1-002496#16,2
B1-002496#17,2
B1-002496#2,2
B1-002496#3,2
B1-002496#4,2
B1-002496#5,2
B1-002496#6,2
B1-002496#7,2
B1-002496#8,2
B1-002496#9,2
B1-002497#0,2
B1-002497#1,2
B1-002497#10,2
B1-002497#2,2
B1-002497#3,2
B1-002497#4,2
B1-002497#5,2
B1-002497#6,2
B1-002497#7,2
B1-002497#8,2
B1-002497#9,2
B1-002498#0,2
B1-002498#1,2
B1-002498#10,2
B1-002498#11,2
B1-002498#12,2
B1-002498#2,1
B1-002498#3,2
B1-002498#4,2
B1-002498#5,2
B1-002498#6,2
B1-002498#7,2
B1-002498#8,2
B1-002498#9,2
B1-002499#0,2
B1-002499#1,2
B1-002499#10,2
B1-002499#11,2
B1-002499#2,2
B1-002499#3,2
B1-002499#4,2
B1-002499#5,2
B1-002499#6,2
B1-002499#7,2
B1-002499#8,2
B1-002499#9,2
B1-002500#0,2
B1-002500#1,2
B1-002500#2,2
B1-002500#3,2
B1-002500#4,2
B1-002500#5,2
B1-002500#6,2
B1-002500#7,2
B1-002501#0,2
B1-002501#1,2
B1-002501#10,2
B1-002501#2,2
B1-002501#3,2
B1-002501#4,2
B1-002501#5,2
B1-002501#6,2
B1-002501#7,2
B1-002501#8,2
B1-002501#9,2
B1-002502#0,2
B1-002502#1,2
B1-002502#2,2
B1-002502#3,2
B1-002502#4,1
B1-002502#5,2
B1-002502#6,2
B1-002502#7,2
B1-002502#8,2
B1-002503#0,2
B1-002503#1,2
B1-002503#10,2
B1-002503#11,2
B1-002503#12,2
B1-002503#13,2
B1-002503#14,2
B1-002503#15,1
B1-002503#16,2
B1-002503#2,2
B1-002503#3,2
B1-002503#4,2
B1-002503#5,2
B1-002503#6,2
B1-002503#7,2
B1-002503#8,2
B1-002503#9,2
B1-002504#0,2
B1-002504#1,2
B1-002504#2,2
B1-002504#3,2
B1-002504#4,2
B1-002504#5,2
B1-002504#6,2
B1-002505#0,2
B1-002505#1,2
B1-002505#2,2
B1-002505#3,2
B1-002505#4,2
B1-002505#5,2
B1-002505#6,2
B1-002505#7,2
B1-002505#8,2
B1-002506#0,2
B1-002506#1,2
B1-002506#10,2
B1-002506#11,2
B1-002506#12,2
B1-002506#13,2
B1-002506#2,2
B1-002506#3,2
B1-002506#4,2
B1-002506#5,2
B1-002506#6,2
B1-002506#7,2
B1-002506#8,2
B1-002506#9,2
B1-002507#0,2
B1-002507#1,2
B1-002507#2,2
B1-002507#3,2
B1-002507#4,2
B1-002507#5,2
B1-002507#6,2
B1-002507#7,2
B1-002507#8,2
B1-002508#0,2
B1-002508#1,2
B1-002508#2,2
B1-002508#3,2
B1-002508#4,2
B1-002508#5,2
B1-002508#6,2
B1-002509#0,2
B1-002509#1,2
B1-002509#2,2
B1-002509#3,2
B1-002509#4,2
B1-002509#5,2
B1-002509#6,2
B1-002509#7,2
B1-002509#8,2
B1-002509#9,2
B1-002510#0,2
B1-002510#1,2
B1-002510#10,2
B1-002510#11,2
B1-002510#12,2
B1-002510#13,2
B1-002510#14,2
B1-002510#15,2
B1-002510#2,2
B1-002510#3,2
B1-002510#4,2
B1-002510#5,2
B1-002510#6,2
B1-002510#7,2
B1-002510#8,2
B1-002510#9,2
B1-002511#0,1
B1-002511#1,2
B1-002511#10,0
B1-002511#11,2
B1-002511#12,2
B1-002511#13,2
B1-002511#14,2
B1-002511#2,2
B1-002511#3,2
B1-002511#4,2
B1-002511#5,1
B1-002511#6,2
B1-002511#7,2
B1-002511#8,2
B1-002511#9,2
B1-002512#0,2
B1-002512#1,2
B1-002512#10,2
B1-002512#11,2
B1-002512#12,2
B1-002512#13,2
B1-002512#2,2
B1-002512#3,2
B1-002512#4,2
B1-002512#5,2
B1-002512#6,2
B1-002512#7,2
B1-002512#8,2
B1-002512#9,2
B1-002513#0,2
B1-002513#1,2
B1-002513#10,2
B1-002513#11,2
B1-002513#12,2
B1-002513#13,2
B1-002513#2,2
B1-002513#3,2
B1-002513#4,2
B1-002513#5,2
B1-002513#6,2
B1-002513#7,2
B1-002513#8,2
B1-002513#9,2
B1-002514#0,2
B1-002514#1,2
B1-002514#10,2
B1-002514#11,2
B1-002514#2,2
B1-002514#3,2
B1-002514#4,2
B1-002514#5,2
B1-002514#6,2
B1-002514#7,2
B1-002514#8,2
B1-002514#9,2
B1-002515#0,2
B1-002515#1,2
B1-002515#2,2
B1-002515#3,2
B1-002515#4,2
B1-002516#0,2
B1-002516#1,1
B1-002516#10,2
B1-002516#11,2
B1-002516#12,2
B1-002516#13,2
B1-002516#2,2
B1-002516#3,2
B1-002516#4,2
B1-002516#5,2
B1-002516#6,2
B1-002516#7,2
B1-002516#8,2
B1-002516#9,2
B1-002517#0,2
B1-002517#1,2
B1-002517#2,2
B1-002517#3,2
B1-002517#4,2
B1-002517#5,2
B1-002518#0,2
B1-002518#1,2
B1-002518#10,2
B1-002518#11,2
B1-002518#12,2
B1-002518#13,2
B1-002518#14,2
B1-002518#15,2
B1-002518#16,2
B1-002518#2,2
B1-002518#3,2
B1-002518#4,2
B1-002518#5,2
B1-002518#6,2
B1-002518#7,2
B1-002518#8,2
B1-002518#9,2
B1-002519#0,2
B1-002519#1,2
B1-002519#2,2
B1-002519#3,2
B1-002519#4,2
B1-002519#5,1
B1-002519#6,2
B1-002519#7,2
B1-002520#0,2
B1-002520#1,2
B1-002520#10,2
B1-002520#2,2
B1-002520#3,2
B1-002520#4,2
B1-002520#5,2
B1-002520#6,2
B1-002520#7,2
B1-002520#8,2
B1-002520#9,2
B1-002521#0,2
B1-002521#1,2
B1-002521#2,2
B1-002521#3,2
B1-002521#4,2
B1-002522#0,2
B1-002522#1,2
B1-002522#2,2
B1-002522#3,2
B1-002522#4,2
B1-002522#5,2
B1-002522#6,2
B1-002522#7,2
B1-002523#0,2
B1-002523#1,2
B1-002523#10,2
B1-002523#11,1
B1-002523#2,2
B1-002523#3,2
B1-002523#4,2
B1-002523#5,1
B1-002523#6,2
B1-002523#7,2
B1-002523#8,2
B1-002523#9,2
B1-002524#0,2
B1-002524#1,2
B1-002524#10,2
B1-002524#11,2
B1-002524#2,2
B1-002524#3,2
B1-002524#4,2
B1-002524#5,2
B1-002524#6,2
B1-002524#7,2
B1-002524#8,2
B1-002524#9,2
B1-002525#0,2
B1-002525#1,2
B1-002525#10,2
B1-002525#11,2
B1-002525#2,2
B1-002525#3,2
B1-002525#4,2
B1-002525#6,2
B1-002525#7,2
B1-002525#8,2
B1-002525#9,1
B1-002526#0,2
B1-002526#1,2
B1-002526#10,2
B1-002526#2,2
B1-002526#3,2
B1-002526#4,0
B1-002526#5,2
B1-002526#6,2
B1-002526#7,2
B1-002526#8,2
B1-002526#9,2
B1-002527#0,2
B1-002527#1,2
B1-002527#2,2
B1-002527#3,2
B1-002527#4,2
B1-002527#5,2
B1-002527#6,2
B1-002527#7,2
B1-002527#8,2
B1-002527#9,2
B1-002528#0,2
B1-002528#1,2
B1-002528#10,2
B1-002528#11,2
B1-002528#12,2
B1-002528#13,2
B1-002528#14,2
B1-002528#15,1
B1-002528#16,2
B1-002528#2,2
B1-002528#3,2
B1-002528#4,2
B1-002528#5,2
B1-002528#6,2
B1-002528#7,2
B1-002528#8,2
B1-002528#9,2
B1-002529#0,2
B1-002529#1,1
B1-002529#10,2
B1-002529#11,2
B1-002529#12,2
B1-002529#13,2
B1-002529#14,2
B1-002529#15,2
B1-002529#16,2
B1-002529#2,2
B1-002529#3,2
B1-002529#4,2
B1-002529#5,2
B1-002529#6,2
B1-002529#7,2
B1-002529#8,2
B1-002529#9,2
B1-002530#0,2
B1-002530#1,2
B1-002530#10,2
B1-002530#11,2
B1-002530#12,2
B1-002530#13,2
B1-002530#14,2
B1-002530#2,2
B1-002530#3,2
B1-002530#4,2
B1-002530#5,2
B1-002530#6,2
B1-002530#7,2
B1-002530#8,2
B1-002530#9,2
B1-002531#0,2
B1-002531#1,2
B1-002531#2,2
B1-002531#3,2
B1-002531#4,2
B1-002532#0,2
B1-002532#1,2
B1-002532#10,2
B1-002532#2,2
B1-002532#3,2
B1-002532#4,2
B1-002532#5,2
B1-002532#6,2
B1-002532#7,2
B1-002532#8,2
B1-002532#9,2
B1-002533#0,2
B1-002533#1,2
B1-002533#10,2
B1-002533#11,2
B1-002533#2,2
B1-002533#3,2
B1-002533#4,2
B1-002533#5,2
B1-002533#6,2
B1-002533#7,2
B1-002533#8,2
B1-002533#9,2
B1-002534#0,2
B1-002534#1,1
B1-002534#2,2
B1-002534#3,2
B1-002534#4,2
B1-002534#5,2
B1-002534#6,2
B1-002534#7,2
B1-002534#8,2
B1-002534#9,2
B1-002535#0,2
B1-002535#1,2
B1-002535#10,2
B1-002535#11,2
B1-002535#12,2
B1-002535#13,2
B1-002535#2,2
B1-002535#3,2
B1-002535#4,2
B1-002535#5,2
B1-002535#6,2
B1-002535#7,2
B1-002535#8,2
B1-002535#9,2
B1-002536#0,2
B1-002536#1,2
B1-002536#10,2
B1-002536#2,2
B1-002536#3,2
B1-002536#4,2
B1-002536#5,2
B1-002536#6,2
B1-002536#7,2
B1-002536#8,2
B1-002536#9,2
B1-002537#0,2
B1-002537#1,2
B1-002537#10,2
B1-002537#2,2
B1-002537#3,2
B1-002537#4,2
B1-002537#5,2
B1-002537#6,1
B1-002537#7,2
B1-002537#8,2
B1-002537#9,2
B1-002538#0,2
B1-002538#1,2
B1-002538#2,2
B1-002538#3,2
B1-002538#4,2
B1-002538#5,2
B1-002538#6,2
B1-002539#0,2
B1-002539#1,2
B1-002539#2,2
B1-002539#3,2
B1-002539#4,1
B1-002539#5,2
B1-002539#6,2
B1-002539#7,2
B1-002539#8,2
B1-002540#0,2
B1-002540#1,2
B1-002540#10,2
B1-002540#11,2
B1-002540#12,2
B1-002540#13,2
B1-002540#2,2
B1-002540#4,2
B1-002540#5,2
B1-002540#6,2
B1-002540#7,2
B1-002540#8,2
B1-002540#9,2
B1-002541#0,2
B1-002541#1,2
B1-002541#2,2
B1-002541#3,2
B1-002541#4,2
B1-002542#0,2
B1-002542#1,2
B1-002542#10,2
B1-002542#11,2
B1-002542#12,2
B1-002542#13,2
B1-002542#14,2
B1-002542#15,2
B1-002542#2,2
B1-002542#3,2
B1-002542#4,2
B1-002542#5,2
B1-002542#6,2
B1-002542#7,2
B1-002542#8,2
B1-002542#9,2
B1-002543#0,2
B1-002543#1,2
B1-002543#2,2
B1-002543#3,2
B1-002543#4,2
B1-002543#5,2
B1-002543#6,2
B1-002544#0,2
B1-002544#1,2
B1-002544#10,2
B1-002544#11,2
B1-002544#12,2
B1-002544#13,2
B1-002544#14,2
B1-002544#15,2
B1-002544#2,2
B1-002544#3,2
B1-002544#4,2
B1-002544#5,2
B1-002544#6,2
B1-002544#7,2
B1-002544#8,2
B1-002544#9,2
B1-002545#0,2
B1-002545#1,2
B1-002545#10,2
B1-002545#11,2
B1-002545#12,2
B1-002545#13,2
B1-002545#2,2
B1-002545#3,2
B1-002545#4,2
B1-002545#5,2
B1-002545#6,2
B1-002545#7,2
B1-002545#8,2
B1-002545#9,2
B1-002546#0,2
B1-002546#1,2
B1-002546#10,2
B1-002546#11,2
B1-002546#12,2
B1-002546#13,2
B1-002546#2,2
B1-002546#3,2
B1-002546#4,2
B1-002546#5,2
B1-002546#6,2
B1-002546#7,2
B1-002546#8,2
B1-002546#9,2
B1-002547#0,2
B1-002547#1,2
B1-002547#2,2
B1-002547#3,2
B1-002547#4,2
B1-002547#5,2
B1-002547#6,2
B1-002547#7,2
B1-002547#8,2
B1-002548#0,2
B1-002548#1,2
B1-002548#10,2
B1-002548#11,2
B1-002548#12,2
B1-002548#13,2
B1-002548#2,2
B1-002548#3,2
B1-002548#4,2
B1-002548#5,2
B1-002548#6,2
B1-002548#7,2
B1-002548#8,2
B1-002548#9,2
B1-002549#0,2
B1-002549#1,2
B1-002549#2,2
B1-002549#3,2
B1-002549#4,2
B1-002549#5,2
B1-002549#6,2
B1-002550#0,2
B1-002550#1,2
B1-002550#2,2
B1-002550#3,1
B1-002550#4,2
B1-002550#5,2
B1-002550#6,2
B1-002550#7,2
B1-002550#8,2
B1-002551#0,2
B1-002551#1,2
B1-002551#2,2
B1-002551#3,2
B1-002551#4,2
B1-002551#5,2
B1-002551#6,2
B1-002551#7,2
B1-002551#8,2
B1-002551#9,2
B1-002552#0,2
B1-002552#1,2
B1-002552#2,2
B1-002552#3,2
B1-002552#4,2
B1-002552#5,2
B1-002553#0,2
B1-002553#1,2
B1-002553#2,2
B1-002553#3,2
B1-002553#4,2
B1-002553#5,2
B1-002553#6,2
B1-002553#7,2
B1-002554#0,2
B1-002554#1,2
B1-002554#10,2
B1-002554#11,2
B1-002554#12,2
B1-002554#13,2
B1-002554#14,2
B1-002554#15,2
B1-002554#16,2
B1-002554#2,2
B1-002554#3,2
B1-002554#4,2
B1-002554#5,2
B1-002554#6,2
B1-002554#7,2
B1-002554#8,2
B1-002554#9,2
B1-002555#0,2
B1-002555#1,2
B1-002555#2,2
B1-002555#3,2
B1-002555#4,2
B1-002555#5,2
B1-002555#6,2
B1-002555#7,2
B1-002555#8,2
B1-002556#0,2
B1-002556#1,2
B1-002556#10,2
B1-002556#11,2
B1-002556#12,2
B1-002556#13,2
B1-002556#14,2
B1-002556#15,2
B1-002556#16,2
B1-002556#2,2
B1-002556#3,2
B1-002556#4,2
B1-002556#5,2
B1-002556#6,2
B1-002556#7,2
B1-002556#8,2
B1-002556#9,2
B1-002557#0,2
B1-002557#1,2
B1-002557#10,2
B1-002557#2,2
B1-002557#3,2
B1-002557#4,2
B1-002557#5,1
B1-002557#6,2
B1-002557#7,2
B1-002557#8,2
B1-002557#9,2
B1-002558#0,2
B1-002558#1,2
B1-002558#10,2
B1-002558#11,0
B1-002558#12,2
B1-002558#2,2
B1-002558#3,2
B1-002558#4,2
B1-002558#5,2
B1-002558#6,2
B1-002558#7,2
B1-002558#8,2
B1-002558#9,2
B1-002559#0,2
B1-002559#1,2
B1-002559#10,2
B1-002559#11,2
B1-002559#2,2
B1-002559#3,2
B1-002559#4,2
B1-002559#5,2
B1-002559#6,2
B1-002559#7,2
B1-002559#8,2
B1-002559#9,2
B1-002560#0,2
B1-002560#1,2
B1-002560#10,2
B1-002560#11,2
B1-002560#12,2
B1-002560#2,2
B1-002560#3,2
B1-002560#4,2
B1-002560#5,2
B1-002560#6,2
B1-002560#7,2
B1-002560#8,2
B1-002560#9,2
B1-002561#0,2
B1-002561#1,2
B1-002561#2,2
B1-002561#3,2
B1-002561#4,2
B1-002561#5,2
B1-002561#6,2
B1-002561#7,2
B1-002561#8,2
B1-002562#0,2
B1-002562#1,2
B1-002562#2,2
B1-002562#3,2
B1-002562#4,2
B1-002562#5,2
B1-002563#0,1
B1-002563#1,2
B1-002563#2,2
B1-002563#3,2
B1-002563#4,2
B1-002563#5,2
B1-002563#6,2
B1-002563#7,2
B1-002564#0,2
B1-002564#1,2
B1-002564#10,2
B1-002564#11,2
B1-002564#2,2
B1-002564#3,2
B1-002564#4,2
B1-002564#5,2
B1-002564#6,2
B1-002564#7,2
B1-002564#8,2
B1-002564#9,2
B1-002565#0,2
B1-002565#1,2
B1-002565#2,2
B1-002565#3,2
B1-002565#4,2
B1-002565#5,2
B1-002565#6,2
B1-002565#7,2
B1-002566#0,2
B1-002566#1,2
B1-002566#2,2
B1-002566#3,2
B1-002566#4,2
B1-002566#5,2
B1-002567#0,2
B1-002567#1,2
B1-002567#2,2
B1-002567#3,2
B1-002567#4,2
B1-002567#5,2
B1-002567#6,0
B1-002567#7,2
B1-002568#0,2
B1-002568#1,2
B1-002568#10,2
B1-002568#11,2
B1-002568#2,2
B1-002568#3,2
B1-002568#4,2
B1-002568#5,2
B1-002568#6,2
B1-002568#7,2
B1-002568#8,2
B1-002568#9,2
B1-002569#0,2
B1-002569#1,2
B1-002569#2,2
B1-002569#3,2
B1-002569#4,2
B1-002569#5,2
B1-002569#6,2
B1-002569#7,2
B1-002569#8,2
B1-002570#0,2
B1-002570#1,2
B1-002570#2,2
B1-002570#3,2
B1-002570#4,2
B1-002571#0,2
B1-002571#1,2
B1-002571#10,2
B1-002571#11,2
B1-002571#12,2
B1-002571#13,2
B1-002571#2,2
B1-002571#3,2
B1-002571#4,2
B1-002571#5,2
B1-002571#6,2
B1-002571#7,0
B1-002571#8,2
B1-002571#9,1
B1-002572#0,2
B1-002572#1,2
B1-002572#10,2
B1-002572#11,2
B1-002572#12,2
B1-002572#13,2
B1-002572#14,2
B1-002572#2,2
B1-002572#3,2
B1-002572#4,2
B1-002572#5,2
B1-002572#6,2
B1-002572#7,2
B1-002572#8,2
B1-002572#9,2
B1-002573#0,2
B1-002573#1,2
B1-002573#2,2
B1-002573#3,2
B1-002573#4,2
B1-002573#5,2
B1-002573#6,2
B1-002574#0,2
B1-002574#1,1
B1-002574#10,2
B1-002574#11,2
B1-002574#2,2
B1-002574#3,1
B1-002574#4,2
B1-002574#5,2
B1-002574#6,2
B1-002574#7,2
B1-002574#8,2
B1-002574#9,2
B1-002575#0,2
B1-002575#1,2
B1-002575#10,2
B1-002575#11,2
B1-002575#2,2
B1-002575#3,2
B1-002575#4,2
B1-002575#5,2
B1-002575#6,2
B1-002575#7,2
B1-002575#8,2
B1-002575#9,2
B1-002576#0,2
B1-002576#1,2
B1-002576#10,2
B1-002576#11,2
B1-002576#12,2
B1-002576#13,2
B1-002576#2,2
B1-002576#3,2
B1-002576#4,2
B1-002576#5,2
B1-002576#6,2
B1-002576#7,2
B1-002576#8,2
B1-002576#9,2
B1-002577#0,2
B1-002577#1,2
B1-002577#2,2
B1-002577#3,2
B1-002577#4,2
B1-002577#5,2
B1-002577#6,2
B1-002577#7,2
B1-002577#8,2
B1-002577#9,2
B1-002578#0,2
B1-002578#1,2
B1-002578#2,2
B1-002578#3,2
B1-002578#4,2
B1-002578#5,2
B1-002578#6,2
B1-002578#7,2
B1-002579#0,2
B1-002579#1,2
B1-002579#10,2
B1-002579#11,2
B1-002579#12,2
B1-002579#13,2
B1-002579#14,2
B1-002579#15,2
B1-002579#2,2
B1-002579#3,2
B1-002579#4,2
B1-002579#5,2
B1-002579#6,2
B1-002579#7,2
B1-002579#8,2
B1-002579#9,2
B1-002580#0,2
B1-002580#1,2
B1-002580#2,2
B1-002580#3,2
B1-002580#4,2
B1-002580#5,2
B1-002580#7,2
B1-002580#8,2
B1-002580#9,2
B1-002581#0,2
B1-002581#1,2
B1-002581#2,2
B1-002581#3,2
B1-002581#4,2
B1-002581#5,2
B1-002581#6,2
B1-002581#7,2
B1-002581#8,2
B1-002581#9,2
B1-002582#0,2
B1-002582#1,2
B1-002582#2,2
B1-002582#3,2
B1-002582#4,2
B1-002582#5,2
B1-002583#0,2
B1-002583#1,2
B1-002583#2,2
B1-002583#3,2
B1-002583#4,2
B1-002583#5,1
B1-002583#6,2
B1-002583#7,2
B1-002583#8,2
B1-002584#0,2
B1-002584#1,2
B1-002584#2,2
B1-002584#3,2
B1-002584#4,2
B1-002584#5,2
B1-002584#6,2
B1-002585#0,2
B1-002585#1,2
B1-002585#10,2
B1-002585#11,2
B1-002585#12,2
B1-002585#2,2
B1-002585#3,2
B1-002585#4,2
B1-002585#5,2
B1-002585#6,1
B1-002585#7,2
B1-002585#8,2
B1-002585#9,2
B1-002586#0,2
B1-002586#1,2
B1-002586#2,2
B1-002586#3,2
B1-002586#4,2
B1-002586#5,2
B1-002586#6,2
B1-002586#7,2
B1-002586#8,2
B1-002586#9,2
B1-002587#0,2
B1-002587#1,2
B1-002587#2,2
B1-002587#3,2
B1-002587#4,2
B1-002587#5,2
B1-002587#6,2
B1-002587#7,2
B1-002587#8,2
B1-002587#9,2
B1-002588#0,2
B1-002588#1,1
B1-002588#10,2
B1-002588#11,2
B1-002588#12,2
B1-002588#13,2
B1-002588#2,2
B1-002588#3,2
B1-002588#4,2
B1-002588#5,1
B1-002588#6,2
B1-002588#7,2
B1-002588#8,2
B1-002588#9,2
B1-002589#0,2
B1-002589#1,2
B1-002589#10,2
B1-002589#11,2
B1-002589#12,2
B1-002589#2,2
B1-002589#3,2
B1-002589#4,2
B1-002589#5,2
B1-002589#6,2
B1-002589#7,2
B1-002589#8,2
B1-002589#9,2
B1-002590#0,2
B1-002590#1,2
B1-002590#10,2
B1-002590#11,2
B1-002590#12,1
B1-002590#13,2
B1-002590#2,2
B1-002590#3,2
B1-002590#4,2
B1-002590#5,2
B1-002590#6,2
B1-002590#7,2
B1-002590#8,2
B1-002590#9,2
B1-002591#0,2
B1-002591#1,2
B1-002591#10,2
B1-002591#11,2
B1-002591#12,2
B1-002591#13,2
B1-002591#14,2
B1-002591#15,2
B1-002591#16,2
B1-002591#2,2
B1-002591#3,2
B1-002591#4,2
B1-002591#5,2
B1-002591#6,2
B1-002591#7,2
B1-002591#8,2
B1-002591#9,2
B1-002592#0,2
B1-002592#1,2
B1-002592#2,2
B1-002592#3,2
B1-002592#4,2
B1-002592#5,2
B1-002592#6,2
B1-002592#7,2
B1-002592#8,2
B1-002592#9,2
B1-002593#0,2
B1-002593#1,2
B1-002593#10,2
B1-002593#11,2
B1-002593#2,2
B1-002593#3,2
B1-002593#4,2
B1-002593#5,2
B1-002593#6,2
B1-002593#7,2
B1-002593#8,2
B1-002593#9,2
B1-002594#0,2
B1-002594#1,2
B1-002594#2,2
B1-002594#3,2
B1-002594#4,2
B1-002594#5,2
B1-002594#6,2
B1-002594#7,2
B1-002595#0,2
B1-002595#1,2
B1-002595#10,2
B1-002595#2,2
B1-002595#3,2
B1-002595#4,2
B1-002595#5,2
B1-002595#6,2
B1-002595#7,2
B1-002595#8,2
B1-002595#9,2
B1-002596#0,2
B1-002596#1,2
B1-002596#10,2
B1-002596#11,2
B1-002596#2,2
B1-002596#3,2
B1-002596#4,2
B1-002596#5,2
B1-002596#6,2
B1-002596#7,2
B1-002596#8,2
B1-002596#9,2
B1-002597#0,2
B1-002597#1,2
B1-002597#10,2
B1-002597#11,2
B1-002597#12,2
B1-002597#2,2
B1-002597#3,2
B1-002597#4,2
B1-002597#5,2
B1-002597#6,2
B1-002597#7,2
B1-002597#8,2
B1-002597#9,2
B1-002598#0,2
B1-002598#1,2
B1-002598#10,2
B1-002598#11,0
B1-002598#12,2
B1-002598#2,2
B1-002598#3,2
B1-002598#4,2
B1-002598#5,2
B1-002598#6,2
B1-002598#7,2
B1-002598#8,2
B1-002598#9,2
B1-002599#0,2
B1-002599#1,2
B1-002599#10,2
B1-002599#11,2
B1-002599#12,2
B1-002599#2,2
B1-002599#3,2
B1-002599#4,2
B1-002599#5,2
B1-002599#6,2
B1-002599#7,2
B1-002599#8,2
B1-002599#9,2
B1-002600#0,2
B1-002600#1,2
B1-002600#2,2
B1-002600#3,2
B1-002600#4,2
B1-002600#5,2
B1-002601#0,2
B1-002601#1,2
B1-002601#10,2
B1-002601#11,2
B1-002601#12,2
B1-002601#13,2
B1-002601#14,2
B1-002601#2,2
B1-002601#3,2
B1-002601#4,2
B1-002601#5,2
B1-002601#6,2
B1-002601#7,2
B1-002601#8,2
B1-002601#9,2
B1-002602#0,2
B1-002602#1,2
B1-002602#2,2
B1-002602#3,2
B1-002602#4,2
B1-002602#5,2
B1-002602#6,2
B1-002602#7,2
B1-002602#8,2
B1-002602#9,2
B1-002603#0,2
B1-002603#1,2
B1-002603#10,2
B1-002603#2,2
B1-002603#3,2
B1-002603#4,2
B1-002603#5,2
B1-002603#6,2
B1-002603#7,2
B1-002603#8,2
B1-002603#9,2
B1-002604#0,2
B1-002604#1,1
B1-002604#10,2
B1-002604#11,2
B1-002604#12,2
B1-002604#13,2
B1-002604#14,2
B1-002604#15,2
B1-002604#16,2
B1-002604#2,2
B1-002604#3,2
B1-002604#4,2
B1-002604#5,2
B1-002604#6,2
B1-002604#7,2
B1-002604#8,2
B1-002604#9,2
B1-002605#0,2
B1-002605#1,2
B1-002605#10,2
B1-002605#11,2
B1-002605#12,2
B1-002605#13,2
B1-002605#14,2
B1-002605#2,2
B1-002605#3,2
B1-002605#4,2
B1-002605#5,2
B1-002605#6,2
B1-002605#7,2
B1-002605#8,2
B1-002605#9,2
B1-002606#0,2
B1-002606#1,2
B1-002606#2,2
B1-002606#3,2
B1-002607#0,2
B1-002607#1,2
B1-002607#10,2
B1-002607#11,2
B1-002607#12,2
B1-002607#13,2
B1-002607#2,2
B1-002607#3,2
B1-002607#4,2
B1-002607#5,2
B1-002607#6,2
B1-002607#7,2
B1-002607#8,2
B1-002607#9,2
B1-002608#0,2
B1-002608#1,2
B1-002608#2,2
B1-002608#3,2
B1-002608#4,2
B1-002609#0,2
B1-002609#1,2
B1-002609#2,2
B1-002609#3,2
B1-002609#4,2
B1-002609#5,2
B1-002609#6,2
B1-002609#7,2
B1-002609#8,2
B1-002610#0,2
B1-002610#1,2
B1-002610#10,2
B1-002610#11,2
B1-002610#2,2
B1-002610#3,2
B1-002610#4,2
B1-002610#5,2
B1-002610#6,2
B1-002610#7,2
B1-002610#8,2
B1-002610#9,2
B1-002611#0,2
B1-002611#1,2
B1-002611#2,2
B1-002611#3,2
B1-002611#4,2
B1-002611#5,2
B1-002612#0,2
B1-002612#1,2
B1-002612#2,2
B1-002612#3,2
B1-002612#4,2
B1-002613#0,2
B1-002613#1,2
B1-002613#10,2
B1-002613#11,2
B1-002613#12,2
B1-002613#2,2
B1-002613#3,2
B1-002613#4,2
B1-002613#5,2
B1-002613#6,2
B1-002613#7,2
B1-002613#8,2
B1-002613#9,2
B1-002614#0,2
B1-002614#1,2
B1-002614#10,2
B1-002614#11,2
B1-002614#12,2
B1-002614#13,2
B1-002614#14,2
B1-002614#15,2
B1-002614#2,2
B1-002614#3,2
B1-002614#4,2
B1-002614#5,2
B1-002614#6,2
B1-002614#7,2
B1-002614#8,2
B1-002614#9,2
B1-002615#0,2
B1-002615#1,2
B1-002615#10,2
B1-002615#2,2
B1-002615#3,2
B1-002615#4,2
B1-002615#6,2
B1-002615#7,2
B1-002615#8,2
B1-002615#9,2
B1-002616#0,2
B1-002616#1,2
B1-002616#10,2
B1-002616#11,2
B1-002616#12,2
B1-002616#13,2
B1-002616#2,2
B1-002616#3,1
B1-002616#4,2
B1-002616#5,2
B1-002616#6,2
B1-002616#7,2
B1-002616#8,2
B1-002616#9,2
B1-002617#0,2
B1-002617#1,2
B1-002617#10,2
B1-002617#11,2
B1-002617#12,2
B1-002617#13,2
B1-002617#14,2
B1-002617#2,2
B1-002617#3,2
B1-002617#4,2
B1-002617#5,2
B1-002617#6,2
B1-002617#7,2
B1-002617#8,2
B1-002617#9,2
B1-002618#0,2
B1-002618#1,2
B1-002618#10,2
B1-002618#11,2
B1-002618#12,2
B1-002618#2,2
B1-002618#3,2
B1-002618#4,2
B1-002618#5,2
B1-002618#6,2
B1-002618#7,2
B1-002618#8,2
B1-002618#9,2
B1-002619#0,2
B1-002619#1,2
B1-002619#2,2
B1-002619#3,2
B1-002619#4,2
B1-002619#5,2
B1-002619#6,2
B1-002619#7,2
B1-002619#8,2
B1-002619#9,2
B1-002620#0,2
B1-002620#1,2
B1-002620#2,2
B1-002620#3,2
B1-002620#4,2
B1-002620#5,2
B1-002621#0,2
B1-002621#1,2
B1-002621#10,2
B1-002621#11,2
B1-002621#12,2
B1-002621#13,2
B1-002621#14,2
B1-002621#2,2
B1-002621#3,2
B1-002621#4,2
B1-002621#5,2
B1-002621#6,2
B1-002621#7,2
B1-002621#8,2
B1-002621#9,2
B1-002622#0,2
B1-002622#1,2
B1-002622#10,1
B1-002622#11,2
B1-002622#12,2
B1-002622#13,2
B1-002622#14,2
B1-002622#15,2
B1-002622#16,2
B1-002622#2,2
B1-002622#3,2
B1-002622#4,2
B1-002622#5,0
B1-002622#6,2
B1-002622#7,2
B1-002622#8,2
B1-002622#9,2
B1-002623#0,2
B1-002623#1,2
B1-002623#10,2
B1-002623#11,2
B1-002623#12,2
B1-002623#13,2
B1-002623#14,2
B1-002623#15,2
B1-002623#2,2
B1-002623#3,2
B1-002623#4,2
B1-002623#5,2
B1-002623#6,2
B1-002623#7,2
B1-002623#8,2
B1-002623#9,2
B1-002624#0,2
B1-002624#1,2
B1-002624#10,2
B1-002624#11,2
B1-002624#2,2
B1-002624#3,2
B1-002624#4,2
B1-002624#5,2
B1-002624#6,2
B1-002624#7,2
B1-002624#8,2
B1-002624#9,2
B1-002625#0,2
B1-002625#1,2
B1-002625#2,2
B1-002625#3,2
B1-002625#4,2
B1-002625#5,2
B1-002625#6,2
B1-002625#7,2
B1-002625#8,2
B1-002625#9,2
B1-002626#0,2
B1-002626#1,2
B1-002626#10,2
B1-002626#11,2
B1-002626#12,2
B1-002626#13,2
B1-002626#14,2
B1-002626#2,1
B1-002626#3,2
B1-002626#4,2
B1-002626#5,2
B1-002626#6,2
B1-002626#7,2
B1-002626#8,2
B1-002626#9,2
B1-002627#0,2
B1-002627#1,2
B1-002627#10,2
B1-002627#11,2
B1-002627#12,2
B1-002627#13,2
B1-002627#14,2
B1-002627#15,0
B1-002627#16,2
B1-002627#2,2
B1-002627#3,2
B1-002627#4,2
B1-002627#5,2
B1-002627#6,2
B1-002627#7,2
B1-002627#8,2
B1-002627#9,2
B1-002628#0,2
B1-002628#1,2
B1-002628#10,2
B1-002628#11,2
B1-002628#12,2
B1-002628#13,2
B1-002628#2,2
B1-002628#3,2
B1-002628#4,2
B1-002628#5,2
B1-002628#6,2
B1-002628#7,2
B1-002628#8,2
B1-002628#9,2
B1-002629#0,2
B1-002629#1,2
B1-002629#10,2
B1-002629#11,2
B1-002629#12,2
B1-002629#13,2
B1-002629#2,2
B1-002629#3,2
B1-002629#4,2
B1-002629#5,2
B1-002629#6,2
B1-002629#7,2
B1-002629#8,2
B1-002629#9,2
B1-002630#0,2
B1-002630#1,2
B1-002630#2,2
B1-002630#3,2
B1-002630#4,2
B1-002630#5,2
B1-002630#6,2
B1-002630#7,2
B1-002630#8,2
B1-002631#0,2
B1-002631#1,2
B1-002631#10,2
B1-002631#11,2
B1-002631#12,2
B1-002631#13,2
B1-002631#2,2
B1-002631#3,2
B1-002631#4,2
B1-002631#5,1
B1-002631#6,2
B1-002631#7,2
B1-002631#8,2
B1-002631#9,2
B1-002632#0,2
B1-002632#1,2
B1-002632#2,2
B1-002632#3,2
B1-002632#4,2
B1-002632#5,2
B1-002632#6,2
B1-002632#7,2
B1-002632#8,2
B1-002632#9,2
B1-002633#0,2
B1-002633#1,2
B1-002633#10,2
B1-002633#11,2
B1-002633#2,2
B1-002633#3,2
B1-002633#4,2
B1-002633#5,2
B1-002633#6,2
B1-002633#7,2
B1-002633#8,2
B1-002633#9,2
B1-002634#0,2
B1-002634#1,2
B1-002634#2,2
B1-002634#3,2
B1-002634#4,2
B1-002634#5,2
B1-002635#0,2
B1-002635#1,2
B1-002635#10,2
B1-002635#11,2
B1-002635#2,2
B1-002635#3,2
B1-002635#4,2
B1-002635#5,2
B1-002635#6,2
B1-002635#7,2
B1-002635#8,2
B1-002635#9,2
B1-002636#0,2
B1-002636#1,2
B1-002636#10,2
B1-002636#11,2
B1-002636#2,2
B1-002636#3,2
B1-002636#4,2
B1-002636#5,2
B1-002636#6,2
B1-002636#7,2
B1-002636#8,2
B1-002636#9,2
B1-002637#0,2
B1-002637#1,2
B1-002637#10,2
B1-002637#11,2
B1-002637#2,2
B1-002637#3,2
B1-002637#4,2
B1-002637#5,2
B1-002637#6,2
B1-002637#7,2
B1-002637#8,2
B1-002637#9,2
B1-002638#0,2
B1-002638#1,2
B1-002638#10,2
B1-002638#11,0
B1-002638#12,2
B1-002638#2,2
B1-002638#3,2
B1-002638#4,2
B1-002638#5,2
B1-002638#6,2
B1-002638#7,2
B1-002638#8,2
B1-002638#9,2
B1-002639#0,2
B1-002639#1,2
B1-002639#10,2
B1-002639#11,2
B1-002639#12,2
B1-002639#13,2
B1-002639#2,2
B1-002639#3,2
B1-002639#4,2
B1-002639#5,2
B1-002639#6,2
B1-002639#7,2
B1-002639#8,2
B1-002639#9,2
B1-002640#0,2
B1-002640#1,2
B1-002640#10,2
B1-002640#2,2
B1-002640#3,2
B1-002640#4,2
B1-002640#5,2
B1-002640#6,2
B1-002640#7,2
B1-002640#8,2
B1-002640#9,2
B1-002641#0,2
B1-002641#1,2
B1-002641#2,2
B1-002641#3,2
B1-002641#4,2
B1-002641#5,2
B1-002641#6,2
B1-002642#0,2
B1-002642#1,2
B1-002642#10,2
B1-002642#11,2
B1-002642#2,2
B1-002642#3,2
B1-002642#4,2
B1-002642#5,2
B1-002642#6,2
B1-002642#7,2
B1-002642#8,2
B1-002642#9,2
B1-002643#0,2
B1-002643#1,2
B1-002643#2,2
B1-002643#3,2
B1-002643#4,2
B1-002643#5,2
B1-002643#6,2
B1-002643#7,2
B1-002643#8,2
B1-002643#9,2
B1-002644#0,2
B1-002644#1,2
B1-002644#10,2
B1-002644#11,2
B1-002644#12,2
B1-002644#13,2
B1-002644#14,2
B1-002644#15,2
B1-002644#2,2
B1-002644#3,2
B1-002644#4,2
B1-002644#5,2
B1-002644#6,2
B1-002644#7,2
B1-002644#8,2
B1-002644#9,2
B1-002645#0,2
B1-002645#1,2
B1-002645#10,2
B1-002645#11,2
B1-002645#12,2
B1-002645#13,2
B1-002645#14,2
B1-002645#15,2
B1-002645#16,2
B1-002645#2,2
B1-002645#3,2
B1-002645#4,2
B1-002645#5,2
B1-002645#6,2
B1-002645#7,2
B1-002645#8,2
B1-002645#9,2
B1-002646#0,2
B1-002646#1,2
B1-002646#10,2
B1-002646#2,2
B1-002646#3,2
B1-002646#4,2
B1-002646#5,1
B1-002646#6,2
B1-002646#7,2
B1-002646#8,2
B1-002646#9,2
B1-002647#0,2
B1-002647#1,2
B1-002647#10,2
B1-002647#11,2
B1-002647#2,2
B1-002647#3,2
B1-002647#4,2
B1-002647#5,2
B1-002647#6,2
B1-002647#7,2
B1-002647#8,2
B1-002647#9,2
B1-002648#0,2
B1-002648#1,0
B1-002648#10,2
B1-002648#11,2
B1-002648#12,2
B1-002648#13,2
B1-002648#2,2
B1-002648#3,2
B1-002648#4,2
B1-002648#5,2
B1-002648#6,2
B1-002648#7,2
B1-002648#8,2
B1-002648#9,2
B1-002649#0,2
B1-002649#1,2
B1-002649#10,2
B1-002649#11,2
B1-002649#12,2
B1-002649#13,2
B1-002649#14,2
B1-002649#2,2
B1-002649#3,2
B1-002649#4,2
B1-002649#5,2
B1-002649#6,2
B1-002649#7,2
B1-002649#8,2
B1-002649#9,2
B1-002650#0,2
B1-002650#1,2
B1-002650#10,2
B1-002650#11,2
B1-002650#12,2
B1-002650#13,2
B1-002650#2,2
B1-002650#3,2
B1-002650#4,2
B1-002650#5,2
B1-002650#6,2
B1-002650#7,2
B1-002650#8,2
B1-002650#9,2
B1-002651#0,2
B1-002651#1,2
B1-002651#2,2
B1-002651#3,2
B1-002651#4,2
B1-002651#5,2
B1-002651#6,2
B1-002652#0,2
B1-002652#1,2
B1-002652#2,2
B1-002652#3,2
B1-002652#4,2
B1-002652#5,2
B1-002653#0,1
B1-002653#1,2
B1-002653#2,2
B1-002653#3,2
B1-002653#4,2
B1-002653#5,2
B1-002654#0,2
B1-002654#1,2
B1-002654#10,2
B1-002654#11,2
B1-002654#12,2
B1-002654#13,2
B1-002654#14,2
B1-002654#15,2
B1-002654#16,2
B1-002654#2,2
B1-002654#3,2
B1-002654#4,2
B1-002654#5,2
B1-002654#6,2
B1-002654#7,2
B1-002654#8,2
B1-002654#9,2
B1-002655#0,2
B1-002655#1,2
B1-002655#2,2
B1-002655#3,2
B1-002655#4,2
B1-002655#5,2
B1-002655#6,2
B1-002655#7,2
B1-002655#8,2
B1-002656#0,2
B1-002656#1,2
B1-002656#10,2
B1-002656#2,2
B1-002656#3,2
B1-002656#4,2
B1-002656#5,2
B1-002656#6,2
B1-002656#7,2
B1-002656#8,2
B1-002656#9,2
B1-002657#0,2
B1-002657#1,2
B1-002657#10,2
B1-002657#11,2
B1-002657#12,2
B1-002657#13,2
B1-002657#14,2
B1-002657#15,2
B1-002657#16,2
B1-002657#17,2
B1-002657#2,2
B1-002657#3,2
B1-002657#4,2
B1-002657#5,2
B1-002657#6,2
B1-002657#7,2
B1-002657#8,2
B1-002657#9,2
B1-002658#0,2
B1-002658#1,2
B1-002658#2,2
B1-002658#3,2
B1-002658#4,2
B1-002658#5,2
B1-002658#6,2
B1-002658#7,2
B1-002658#8,2
B1-002658#9,2
B1-002659#0,2
B1-002659#1,2
B1-002659#10,2
B1-002659#11,2
B1-002659#12,2
B1-002659#13,2
B1-002659#14,2
B1-002659#15,2
B1-002659#16,2
B1-002659#2,2
B1-002659#3,2
B1-002659#4,2
B1-002659#5,2
B1-002659#6,2
B1-002659#7,2
B1-002659#8,2
B1-002659#9,2
B1-002660#0,2
B1-002660#1,2
B1-002660#2,2
B1-002660#3,2
B1-002660#4,2
B1-002660#5,2
B1-002660#6,2
B1-002660#7,2
B1-002660#8,2
B1-002661#0,2
B1-002661#1,2
B1-002661#10,2
B1-002661#11,2
B1-002661#12,2
B1-002661#13,2
B1-002661#14,1
B1-002661#2,2
B1-002661#3,2
B1-002661#4,2
B1-002661#5,2
B1-002661#6,2
B1-002661#7,2
B1-002661#8,2
B1-002661#9,2
B1-002662#0,2
B1-002662#1,2
B1-002662#10,2
B1-002662#2,2
B1-002662#3,2
B1-002662#4,2
B1-002662#5,2
B1-002662#6,2
B1-002662#7,2
B1-002662#8,2
B1-002662#9,2
B1-002663#0,2
B1-002663#1,2
B1-002663#10,2
B1-002663#11,2
B1-002663#12,2
B1-002663#13,2
B1-002663#14,2
B1-002663#15,2
B1-002663#16,2
B1-002663#2,2
B1-002663#3,2
B1-002663#4,2
B1-002663#5,2
B1-002663#6,2
B1-002663#7,2
B1-002663#8,2
B1-002663#9,2
B1-002664#0,2
B1-002664#1,2
B1-002664#10,2
B1-002664#11,2
B1-002664#12,2
B1-002664#2,2
B1-002664#3,2
B1-002664#4,2
B1-002664#5,2
B1-002664#6,2
B1-002664#7,2
B1-002664#8,2
B1-002664#9,2
B1-002665#0,2
B1-002665#1,2
B1-002665#10,2
B1-002665#2,1
B1-002665#3,2
B1-002665#4,2
B1-002665#5,2
B1-002665#6,2
B1-002665#7,2
B1-002665#8,2
B1-002665#9,2
B1-002666#0,2
B1-002666#1,2
B1-002666#2,2
B1-002666#3,2
B1-002666#4,2
B1-002666#5,2
B1-002666#6,2
B1-002666#7,2
B1-002666#8,2
B1-002666#9,2
B1-002667#0,2
B1-002667#1,2
B1-002667#2,2
B1-002667#3,2
B1-002667#4,2
B1-002667#5,2
B1-002667#6,2
B1-002667#7,2
B1-002668#0,2
B1-002668#1,2
B1-002668#10,2
B1-002668#11,2
B1-002668#12,2
B1-002668#2,2
B1-002668#3,2
B1-002668#4,2
B1-002668#5,2
B1-002668#6,2
B1-002668#7,2
B1-002668#8,2
B1-002668#9,2
B1-002669#0,2
B1-002669#1,2
B1-002669#10,2
B1-002669#11,1
B1-002669#12,2
B1-002669#13,2
B1-002669#2,2
B1-002669#3,2
B1-002669#4,2
B1-002669#5,2
B1-002669#6,2
B1-002669#7,2
B1-002669#8,2
B1-002669#9,2
B1-002670#0,2
B1-002670#1,2
B1-002670#2,2
B1-002670#3,2
B1-002670#4,2
B1-002670#5,2
B1-002670#6,2
B1-002670#7,2
B1-002670#8,2
B1-002670#9,2
B1-002671#0,2
B1-002671#1,2
B1-002671#10,2
B1-002671#2,2
B1-002671#3,2
B1-002671#4,2
B1-002671#5,2
B1-002671#6,2
B1-002671#7,2
B1-002671#8,2
B1-002671#9,2
B1-002672#0,2
B1-002672#1,2
B1-002672#10,2
B1-002672#11,2
B1-002672#12,2
B1-002672#2,2
B1-002672#3,2
B1-002672#4,2
B1-002672#5,2
B1-002672#6,2
B1-002672#7,2
B1-002672#8,2
B1-002672#9,2
B1-002673#0,2
B1-002673#1,2
B1-002673#10,2
B1-002673#11,2
B1-002673#12,2
B1-002673#13,2
B1-002673#14,2
B1-002673#15,2
B1-002673#16,2
B1-002673#2,2
B1-002673#3,2
B1-002673#4,2
B1-002673#5,2
B1-002673#6,2
B1-002673#7,2
B1-002673#8,2
B1-002673#9,2
B1-002674#0,2
B1-002674#1,2
B1-002674#10,2
B1-002674#11,2
B1-002674#12,2
B1-002674#2,2
B1-002674#3,2
B1-002674#4,2
B1-002674#5,2
B1-002674#6,2
B1-002674#7,2
B1-002674#8,2
B1-002674#9,2
B1-002675#0,1
B1-002675#1,2
B1-002675#2,2
B1-002675#3,2
B1-002675#4,2
B1-002675#5,2
B1-002676#0,2
B1-002676#1,2
B1-002676#2,2
B1-002676#3,2
B1-002676#4,2
B1-002676#5,2
B1-002676#6,2
B1-002676#7,2
B1-002677#0,2
B1-002677#1,2
B1-002677#10,2
B1-002677#2,2
B1-002677#3,2
B1-002677#4,2
B1-002677#5,2
B1-002677#6,2
B1-002677#7,2
B1-002677#8,2
B1-002677#9,2
B1-002678#0,2
B1-002678#1,2
B1-002678#2,2
B1-002678#3,2
B1-002678#4,2
B1-002678#5,2
B1-002678#6,2
B1-002678#7,2
B1-002679#0,2
B1-002679#1,2
B1-002679#2,2
B1-002679#3,2
B1-002679#4,2
B1-002679#5,2
B1-002679#6,2
B1-002679#7,2
B1-002680#0,2
B1-002680#1,2
B1-002680#2,2
B1-002680#3,2
B1-002680#4,2
B1-002680#5,2
B1-002680#6,2
B1-002680#7,2
B1-002680#8,2
B1-002680#9,2
B1-002681#0,2
B1-002681#1,2
B1-002681#10,2
B1-002681#11,2
B1-002681#2,2
B1-002681#3,2
B1-002681#4,2
B1-002681#5,2
B1-002681#6,2
B1-002681#7,2
B1-002681#8,2
B1-002681#9,2
B1-002682#0,2
B1-002682#1,2
B1-002682#2,2
B1-002682#3,2
B1-002682#4,2
B1-002682#5,2
B1-002682#6,2
B1-002682#7,2
B1-002682#8,1
B1-002682#9,2
B1-002683#0,2
B1-002683#1,2
B1-002683#10,2
B1-002683#11,2
B1-002683#2,2
B1-002683#3,2
B1-002683#4,2
B1-002683#5,2
B1-002683#6,2
B1-002683#7,2
B1-002683#8,2
B1-002683#9,1
B1-002684#0,2
B1-002684#1,2
B1-002684#2,2
B1-002684#3,2
B1-002684#4,2
B1-002684#5,2
B1-002684#6,2
B1-002684#7,2
B1-002685#0,2
B1-002685#1,2
B1-002685#2,2
B1-002685#3,2
B1-002685#4,2
B1-002685#5,2
B1-002685#6,2
B1-002685#7,2
B1-002685#8,2
B1-002685#9,2
B1-002686#0,2
B1-002686#1,2
B1-002686#10,2
B1-002686#11,2
B1-002686#2,2
B1-002686#3,2
B1-002686#4,2
B1-002686#5,2
B1-002686#6,2
B1-002686#7,2
B1-002686#8,2
B1-002686#9,2
B1-002687#0,2
B1-002687#1,1
B1-002687#2,2
B1-002687#3,2
B1-002687#4,2
B1-002687#5,2
B1-002688#0,2
B1-002688#1,2
B1-002688#10,2
B1-002688#11,2
B1-002688#12,1
B1-002688#13,2
B1-002688#2,2
B1-002688#3,2
B1-002688#4,2
B1-002688#5,2
B1-002688#6,2
B1-002688#7,2
B1-002688#8,1
B1-002688#9,2
B1-002689#0,2
B1-002689#1,2
B1-002689#2,2
B1-002689#3,2
B1-002689#4,2
B1-002690#0,2
B1-002690#1,2
B1-002690#10,2
B1-002690#11,2
B1-002690#12,2
B1-002690#13,2
B1-002690#14,2
B1-002690#15,2
B1-002690#2,2
B1-002690#3,2
B1-002690#4,2
B1-002690#5,2
B1-002690#6,2
B1-002690#7,2
B1-002690#8,2
B1-002690#9,2
B1-002691#0,2
B1-002691#1,2
B1-002691#10,2
B1-002691#11,0
B1-002691#12,2
B1-002691#2,2
B1-002691#3,2
B1-002691#4,2
B1-002691#5,2
B1-002691#6,2
B1-002691#7,2
B1-002691#8,2
B1-002691#9,2
B1-002692#0,2
B1-002692#1,2
B1-002692#10,2
B1-002692#2,2
B1-002692#3,2
B1-002692#4,2
B1-002692#5,1
B1-002692#6,2
B1-002692#7,2
B1-002692#8,2
B1-002692#9,2
B1-002693#0,2
B1-002693#1,2
B1-002693#2,2
B1-002693#3,2
B1-002693#4,2
B1-002693#5,2
B1-002693#6,2
B1-002694#0,2
B1-002694#1,1
B1-002694#2,2
B1-002694#3,2
B1-002694#4,2
B1-002694#5,2
B1-002695#0,2
B1-002695#1,2
B1-002695#2,2
B1-002695#3,2
B1-002695#4,2
B1-002695#5,2
B1-002695#6,2
B1-002696#0,2
B1-002696#1,2
B1-002696#10,2
B1-002696#11,2
B1-002696#2,2
B1-002696#3,2
B1-002696#4,2
B1-002696#5,2
B1-002696#6,2
B1-002696#7,2
B1-002696#8,2
B1-002696#9,2
B1-002697#0,2
B1-002697#1,2
B1-002697#10,2
B1-002697#11,2
B1-002697#12,2
B1-002697#13,2
B1-002697#2,2
B1-002697#3,2
B1-002697#4,2
B1-002697#5,2
B1-002697#6,2
B1-002697#7,2
B1-002697#8,2
B1-002697#9,2
B1-002698#0,2
B1-002698#1,2
B1-002698#2,2
B1-002698#3,2
B1-002698#4,2
B1-002698#5,2
B1-002698#6,2
B1-002698#7,2
B1-002699#0,2
B1-002699#1,2
B1-002699#10,2
B1-002699#11,2
B1-002699#12,2
B1-002699#13,2
B1-002699#14,2
B1-002699#15,2
B1-002699#16,2
B1-002699#17,2
B1-002699#2,2
B1-002699#3,2
B1-002699#4,2
B1-002699#5,2
B1-002699#6,2
B1-002699#7,2
B1-002699#8,2
B1-002699#9,2
B1-002700#0,2
B1-002700#1,2
B1-002700#2,2
B1-002700#3,2
B1-002700#4,2
B1-002700#5,2
B1-002700#6,2
B1-002701#0,2
B1-002701#1,2
B1-002701#2,2
B1-002701#3,2
B1-002701#4,2
B1-002701#5,2
B1-002701#6,2
B1-002701#7,2
B1-002701#8,2
B1-002701#9,2
B1-002702#0,2
B1-002702#1,2
B1-002702#2,2
B1-002702#3,2
B1-002702#4,1
B1-002702#5,2
B1-002702#6,2
B1-002703#0,2
B1-002703#1,2
B1-002703#10,2
B1-002703#11,2
B1-002703#12,2
B1-002703#13,2
B1-002703#14,2
B1-002703#15,2
B1-002703#2,2
B1-002703#3,2
B1-002703#4,2
B1-002703#5,2
B1-002703#6,2
B1-002703#7,2
B1-002703#8,2
B1-002703#9,2
B1-002704#0,2
B1-002704#1,1
B1-002704#10,2
B1-002704#11,2
B1-002704#12,2
B1-002704#13,2
B1-002704#2,2
B1-002704#3,2
B1-002704#4,2
B1-002704#5,2
B1-002704#6,2
B1-002704#7,2
B1-002704#8,2
B1-002704#9,2
B1-002705#0,2
B1-002705#1,2
B1-002705#10,2
B1-002705#11,2
B1-002705#12,2
B1-002705#13,2
B1-002705#14,2
B1-002705#15,2
B1-002705#16,2
B1-002705#2,2
B1-002705#3,2
B1-002705#4,2
B1-002705#5,2
B1-002705#6,2
B1-002705#7,2
B1-002705#8,2
B1-002705#9,2
B1-002706#0,2
B1-002706#1,2
B1-002706#10,2
B1-002706#11,2
B1-002706#12,2
B1-002706#13,2
B1-002706#14,2
B1-002706#15,2
B1-002706#16,2
B1-002706#2,2
B1-002706#3,2
B1-002706#4,2
B1-002706#5,2
B1-002706#6,2
B1-002706#7,2
B1-002706#8,2
B1-002706#9,2
B1-002707#0,2
B1-002707#1,2
B1-002707#2,2
B1-002707#3,2
B1-002707#4,2
B1-002707#5,2
B1-002708#0,2
B1-002708#1,1
B1-002708#10,2
B1-002708#11,2
B1-002708#12,2
B1-002708#13,2
B1-002708#14,2
B1-002708#15,2
B1-002708#16,2
B1-002708#2,2
B1-002708#3,2
B1-002708#4,2
B1-002708#5,2
B1-002708#6,2
B1-002708#7,2
B1-002708#8,2
B1-002708#9,2
B1-002709#0,2
B1-002709#1,2
B1-002709#10,2
B1-002709#11,2
B1-002709#12,2
B1-002709#13,2
B1-002709#2,2
B1-002709#3,2
B1-002709#4,2
B1-002709#5,2
B1-002709#6,2
B1-002709#7,2
B1-002709#8,2
B1-002709#9,2
B1-002710#0,2
B1-002710#1,2
B1-002710#10,2
B1-002710#11,2
B1-002710#12,2
B1-002710#13,2
B1-002710#2,2
B1-002710#3,2
B1-002710#4,2
B1-002710#5,2
B1-002710#6,2
B1-002710#7,2
B1-002710#8,2
B1-002710#9,2
B1-002711#0,2
B1-002711#1,2
B1-002711#10,2
B1-002711#2,2
B1-002711#3,2
B1-002711#4,2
B1-002711#5,2
B1-002711#6,2
B1-002711#7,2
B1-002711#8,2
B1-002711#9,2
B1-002712#0,2
B1-002712#1,2
B1-002712#2,2
B1-002712#3,2
B1-002712#4,2
B1-002713#0,2
B1-002713#1,2
B1-002713#10,2
B1-002713#11,2
B1-002713#12,2
B1-002713#13,2
B1-002713#14,2
B1-002713#15,2
B1-002713#16,2
B1-002713#17,2
B1-002713#2,2
B1-002713#3,2
B1-002713#4,2
B1-002713#5,2
B1-002713#6,2
B1-002713#7,2
B1-002713#8,2
B1-002713#9,2
B1-002714#0,2
B1-002714#1,2
B1-002714#2,2
B1-002714#3,2
B1-002714#4,2
B1-002714#5,2
B1-002714#6,2
B1-002714#7,2
B1-002714#8,2
B1-002715#0,2
B1-002715#1,2
B1-002715#2,2
B1-002715#3,2
B1-002715#4,2
B1-002715#5,2
B1-002716#0,0
B1-002716#1,2
B1-002716#2,2
B1-002716#3,2
B1-002716#4,2
B1-002716#5,2
B1-002716#6,2
B1-002717#0,2
B1-002717#1,2
B1-002717#10,2
B1-002717#11,2
B1-002717#2,2
B1-002717#3,2
B1-002717#4,2
B1-002717#5,2
B1-002717#6,2
B1-002717#7,2
B1-002717#8,2
B1-002717#9,2
B1-002718#0,2
B1-002718#1,2
B1-002718#2,2
B1-002718#3,2
B1-002718#4,2
B1-002718#5,2
B1-002718#6,2
B1-002718#7,2
B1-002718#8,2
B1-002718#9,2
B1-002719#0,2
B1-002719#1,2
B1-002719#10,2
B1-002719#11,2
B1-002719#12,2
B1-002719#13,2
B1-002719#14,2
B1-002719#15,2
B1-002719#2,2
B1-002719#3,2
B1-002719#4,2
B1-002719#5,2
B1-002719#6,2
B1-002719#7,2
B1-002719#8,2
B1-002719#9,2
B1-002720#0,2
B1-002720#1,2
B1-002720#2,2
B1-002720#3,2
B1-002720#4,2
B1-002721#0,2
B1-002721#1,2
B1-002721#10,2
B1-002721#11,2
B1-002721#2,2
B1-002721#3,2
B1-002721#4,2
B1-002721#5,2
B1-002721#6,2
B1-002721#7,2
B1-002721#8,2
B1-002721#9,2
B1-002722#0,2
B1-002722#1,2
B1-002722#10,2
B1-002722#11,1
B1-002722#12,2
B1-002722#13,2
B1-002722#2,2
B1-002722#3,2
B1-002722#4,0
B1-002722#5,2
B1-002722#6,2
B1-002722#7,2
B1-002722#8,2
B1-002722#9,2
B1-002723#0,2
B1-002723#1,2
B1-002723#10,2
B1-002723#11,2
B1-002723#12,2
B1-002723#2,2
B1-002723#3,2
B1-002723#4,2
B1-002723#5,2
B1-002723#6,2
B1-002723#7,2
B1-002723#8,2
B1-002723#9,2
B1-002724#0,2
B1-002724#1,2
B1-002724#2,2
B1-002724#3,2
B1-002724#4,2
B1-002724#5,2
B1-002724#6,2
B1-002725#0,2
B1-002725#1,2
B1-002725#10,2
B1-002725#11,2
B1-002725#12,2
B1-002725#13,2
B1-002725#2,2
B1-002725#3,2
B1-002725#4,2
B1-002725#5,2
B1-002725#6,2
B1-002725#7,2
B1-002725#8,1
B1-002725#9,2
B1-002726#0,2
B1-002726#1,2
B1-002726#10,2
B1-002726#11,2
B1-002726#12,2
B1-002726#13,2
B1-002726#14,2
B1-002726#15,2
B1-002726#16,2
B1-002726#2,2
B1-002726#3,2
B1-002726#4,2
B1-002726#5,2
B1-002726#6,2
B1-002726#7,2
B1-002726#8,2
B1-002726#9,2
B1-002727#0,2
B1-002727#1,2
B1-002727#2,2
B1-002727#3,2
B1-002727#4,2
B1-002727#5,2
B1-002728#0,2
B1-002728#1,2
B1-002728#2,2
B1-002728#3,2
B1-002728#4,2
B1-002728#5,2
B1-002728#6,2
B1-002729#0,2
B1-002729#1,2
B1-002729#10,2
B1-002729#11,2
B1-002729#12,2
B1-002729#2,2
B1-002729#3,2
B1-002729#4,2
B1-002729#5,2
B1-002729#6,2
B1-002729#7,2
B1-002729#8,2
B1-002729#9,2
B1-002730#0,2
B1-002730#1,2
B1-002730#2,2
B1-002730#3,2
B1-002730#4,2
B1-002730#5,2
B1-002730#6,2
B1-002730#7,2
B1-002730#8,2
B1-002730#9,2
B1-002731#0,2
B1-002731#1,2
B1-002731#2,2
B1-002731#3,2
B1-002731#4,2
B1-002731#5,2
B1-002732#0,2
B1-002732#1,2
B1-002732#2,2
B1-002732#3,2
B1-002732#4,2
B1-002732#5,2
B1-002732#6,2
B1-002732#7,2
B1-002732#8,2
B1-002733#0,2
B1-002733#1,2
B1-002733#2,2
B1-002733#3,2
B1-002733#4,2
B1-002733#5,2
B1-002733#6,2
B1-002733#7,2
B1-002733#8,2
B1-002733#9,2
B1-002734#0,2
B1-002734#1,2
B1-002734#2,2
B1-002734#3,2
B1-002734#4,2
B1-002734#5,2
B1-002734#6,2
B1-002734#7,2
B1-002734#8,2
B1-002735#0,2
B1-002735#1,2
B1-002735#10,2
B1-002735#2,2
B1-002735#3,2
B1-002735#4,2
B1-002735#5,2
B1-002735#6,2
B1-002735#7,2
B1-002735#8,2
B1-002735#9,2
B1-002736#0,2
B1-002736#1,2
B1-002736#10,2
B1-002736#11,2
B1-002736#12,2
B1-002736#13,2
B1-002736#2,2
B1-002736#3,2
B1-002736#4,2
B1-002736#5,2
B1-002736#6,2
B1-002736#7,2
B1-002736#8,2
B1-002736#9,2
B1-002737#0,2
B1-002737#1,2
B1-002737#2,2
B1-002737#3,2
B1-002737#4,2
B1-002738#0,2
B1-002738#1,2
B1-002738#2,2
B1-002738#3,2
B1-002738#4,2
B1-002738#5,2
B1-002738#6,2
B1-002739#0,2
B1-002739#1,2
B1-002739#10,2
B1-002739#11,2
B1-002739#12,2
B1-002739#13,2
B1-002739#14,2
B1-002739#2,2
B1-002739#3,2
B1-002739#4,2
B1-002739#5,2
B1-002739#6,2
B1-002739#7,2
B1-002739#8,2
B1-002739#9,2
B1-002740#0,2
B1-002740#1,2
B1-002740#10,2
B1-002740#11,2
B1-002740#12,2
B1-002740#2,2
B1-002740#3,1
B1-002740#4,2
B1-002740#5,2
B1-002740#6,2
B1-002740#7,2
B1-002740#8,2
B1-002740#9,2
B1-002741#0,2
B1-002741#1,2
B1-002741#2,2
B1-002741#3,2
B1-002741#4,2
B1-002741#5,2
B1-002741#6,2
B1-002741#7,2
B1-002741#8,2
B1-002742#0,2
B1-002742#1,2
B1-002742#2,2
B1-002742#3,2
B1-002742#4,2
B1-002742#5,1
B1-002742#6,2
B1-002743#0,2
B1-002743#1,2
B1-002743#10,2
B1-002743#11,2
B1-002743#2,2
B1-002743#3,2
B1-002743#4,2
B1-002743#5,2
B1-002743#6,2
B1-002743#7,2
B1-002743#8,2
B1-002743#9,2
B1-002744#0,2
B1-002744#1,2
B1-002744#2,2
B1-002744#3,2
B1-002744#4,2
B1-002744#5,2
B1-002744#6,2
B1-002744#7,2
B1-002744#8,2
B1-002744#9,2
B1-002745#0,2
B1-002745#1,2
B1-002745#2,2
B1-002745#3,2
B1-002745#4,2
B1-002745#5,2
B1-002745#6,2
B1-002746#0,2
B1-002746#1,2
B1-002746#2,2
B1-002746#3,2
B1-002746#4,2
B1-002746#5,2
B1-002747#0,2
B1-002747#1,2
B1-002747#10,2
B1-002747#11,2
B1-002747#12,2
B1-002747#13,2
B1-002747#14,2
B1-002747#2,2
B1-002747#3,2
B1-002747#4,2
B1-002747#5,2
B1-002747#6,2
B1-002747#7,2
B1-002747#8,2
B1-002747#9,2
B1-002748#0,0
B1-002748#1,2
B1-002748#10,2
B1-002748#11,2
B1-002748#12,2
B1-002748#13,2
B1-002748#14,2
B1-002748#15,2
B1-002748#2,2
B1-002748#3,2
B1-002748#4,2
B1-002748#5,2
B1-002748#6,2
B1-002748#7,2
B1-002748#8,2
B1-002748#9,2
B1-002749#0,2
B1-002749#1,2
B1-002749#10,2
B1-002749#2,2
B1-002749#3,2
B1-002749#4,2
B1-002749#5,2
B1-002749#6,0
B1-002749#7,1
B1-002749#8,2
B1-002749#9,2
B1-002750#0,2
B1-002750#1,2
B1-002750#10,2
B1-002750#2,1
B1-002750#3,2
B1-002750#4,2
B1-002750#5,2
B1-002750#6,0
B1-002750#7,2
B1-002750#8,2
B1-002750#9,2
B1-002751#0,2
B1-002751#1,2
B1-002751#2,2
B1-002751#3,2
B1-002751#4,2
B1-002751#5,2
B1-002751#6,2
B1-002751#7,2
B1-002751#8,2
B1-002752#0,2
B1-002752#1,2
B1-002752#2,2
B1-002752#3,1
B1-002752#4,2
B1-002752#5,2
B1-002753#0,2
B1-002753#1,2
B1-002753#10,2
B1-002753#11,2
B1-002753#12,2
B1-002753#13,2
B1-002753#2,2
B1-002753#3,2
B1-002753#4,2
B1-002753#5,2
B1-002753#6,2
B1-002753#7,2
B1-002753#8,2
B1-002753#9,2
B1-002754#0,2
B1-002754#1,2
B1-002754#10,2
B1-002754#11,2
B1-002754#12,2
B1-002754#2,2
B1-002754#3,2
B1-002754#4,2
B1-002754#5,2
B1-002754#6,2
B1-002754#7,2
B1-002754#8,2
B1-002754#9,2
B1-002755#0,2
B1-002755#1,2
B1-002755#10,2
B1-002755#2,2
B1-002755#3,2
B1-002755#4,2
B1-002755#5,2
B1-002755#6,2
B1-002755#7,2
B1-002755#8,2
B1-002755#9,2
B1-002756#0,2
B1-002756#1,2
B1-002756#10,2
B1-002756#11,2
B1-002756#2,2
B1-002756#3,2
B1-002756#4,2
B1-002756#5,2
B1-002756#6,2
B1-002756#7,2
B1-002756#8,2
B1-002756#9,2
B1-002757#0,2
B1-002757#1,2
B1-002757#10,2
B1-002757#11,2
B1-002757#12,2
B1-002757#13,2
B1-002757#14,2
B1-002757#15,2
B1-002757#2,2
B1-002757#3,2
B1-002757#4,2
B1-002757#5,2
B1-002757#6,2
B1-002757#7,2
B1-002757#8,2
B1-002757#9,2
B1-002758#0,2
B1-002758#1,2
B1-002758#10,2
B1-002758#11,2
B1-002758#12,2
B1-002758#13,2
B1-002758#2,2
B1-002758#3,2
B1-002758#4,2
B1-002758#5,2
B1-002758#6,2
B1-002758#7,2
B1-002758#8,2
B1-002758#9,2
B1-002759#0,1
B1-002759#1,2
B1-002759#2,2
B1-002759#3,2
B1-002759#4,2
B1-002759#5,2
B1-002759#6,2
B1-002759#7,2
B1-002760#0,2
B1-002760#1,2
B1-002760#10,2
B1-002760#11,2
B1-002760#12,2
B1-002760#13,2
B1-002760#14,2
B1-002760#15,2
B1-002760#2,2
B1-002760#3,2
B1-002760#4,2
B1-002760#5,2
B1-002760#6,2
B1-002760#7,2
B1-002760#8,2
B1-002760#9,2
B1-002761#0,2
B1-002761#1,2
B1-002761#2,2
B1-002761#3,2
B1-002761#4,2
B1-002762#0,2
B1-002762#1,2
B1-002762#10,2
B1-002762#11,2
B1-002762#12,2
B1-002762#13,2
B1-002762#14,2
B1-002762#2,2
B1-002762#3,2
B1-002762#4,2
B1-002762#5,2
B1-002762#6,2
B1-002762#8,2
B1-002762#9,2
B1-002763#0,2
B1-002763#1,2
B1-002763#2,2
B1-002763#3,2
B1-002763#4,2
B1-002764#0,2
B1-002764#1,2
B1-002764#2,2
B1-002764#3,2
B1-002764#4,2
B1-002764#5,2
B1-002765#0,2
B1-002765#1,2
B1-002765#2,2
B1-002765#3,2
B1-002765#4,2
B1-002765#5,2
B1-002765#6,2
B1-002765#7,2
B1-002765#8,2
B1-002765#9,2
B1-002766#0,2
B1-002766#1,2
B1-002766#10,2
B1-002766#11,2
B1-002766#2,2
B1-002766#3,2
B1-002766#4,2
B1-002766#5,2
B1-002766#6,2
B1-002766#7,2
B1-002766#8,2
B1-002766#9,2
B1-002767#0,2
B1-002767#1,2
B1-002767#2,2
B1-002767#3,2
B1-002767#4,2
B1-002767#5,2
B1-002767#6,2
B1-002767#7,2
B1-002767#8,2
B1-002767#9,2
B1-002768#0,2
B1-002768#1,2
B1-002768#2,2
B1-002768#3,2
B1-002768#4,2
B1-002768#5,2
B1-002768#6,2
B1-002768#7,2
B1-002768#8,2
B1-002769#0,2
B1-002769#1,2
B1-002769#10,2
B1-002769#11,2
B1-002769#2,2
B1-002769#3,2
B1-002769#4,2
B1-002769#5,2
B1-002769#6,1
B1-002769#7,2
B1-002769#8,2
B1-002769#9,2
B1-002770#0,2
B1-002770#1,2
B1-002770#2,2
B1-002770#3,2
B1-002770#4,2
B1-002770#5,2
B1-002770#6,2
B1-002770#7,2
B1-002771#0,2
B1-002771#1,2
B1-002771#2,2
B1-002771#3,2
B1-002771#4,2
B1-002771#5,2
B1-002771#6,2
B1-002771#7,2
B1-002771#8,2
B1-002772#0,2
B1-002772#1,2
B1-002772#2,2
B1-002772#3,1
B1-002772#4,2
B1-002772#5,2
B1-002772#6,2
B1-002772#7,2
B1-002772#8,2
B1-002773#0,2
B1-002773#1,2
B1-002773#2,2
B1-002773#3,2
B1-002773#4,2
B1-002773#5,2
B1-002774#0,2
B1-002774#1,2
B1-002774#2,2
B1-002774#3,2
B1-002774#4,2
B1-002775#0,2
B1-002775#1,2
B1-002775#10,2
B1-002775#11,2
B1-002775#2,2
B1-002775#3,2
B1-002775#4,2
B1-002775#5,2
B1-002775#6,2
B1-002775#7,2
B1-002775#8,2
B1-002775#9,2
B1-002776#0,2
B1-002776#1,2
B1-002776#10,2
B1-002776#11,2
B1-002776#2,2
B1-002776#3,2
B1-002776#4,2
B1-002776#5,2
B1-002776#6,2
B1-002776#7,2
B1-002776#8,2
B1-002776#9,1
B1-002777#0,2
B1-002777#1,2
B1-002777#2,2
B1-002777#3,2
B1-002777#4,2
B1-002777#5,2
B1-002778#0,2
B1-002778#1,2
B1-002778#2,2
B1-002778#3,2
B1-002778#4,2
B1-002778#5,2
B1-002778#6,2
B1-002778#7,2
B1-002778#8,2
B1-002778#9,2
B1-002779#0,2
B1-002779#1,2
B1-002779#2,2
B1-002779#3,2
B1-002779#4,2
B1-002779#5,2
B1-002780#0,2
B1-002780#1,2
B1-002780#2,2
B1-002780#3,2
B1-002780#4,2
B1-002780#5,2
B1-002780#6,2
B1-002780#7,2
B1-002780#8,2
B1-002780#9,2
B1-002781#0,2
B1-002781#1,2
B1-002781#2,2
B1-002781#3,2
B1-002781#4,2
B1-002782#0,2
B1-002782#1,1
B1-002782#2,2
B1-002782#3,2
B1-002782#4,2
B1-002782#5,2
B1-002782#6,2
B1-002782#7,2
B1-002782#8,2
B1-002782#9,2
B1-002783#0,2
B1-002783#1,2
B1-002783#2,2
B1-002783#3,2
B1-002783#4,2
B1-002783#5,2
B1-002783#6,2
B1-002784#0,2
B1-002784#1,2
B1-002784#10,2
B1-002784#11,2
B1-002784#12,2
B1-002784#13,2
B1-002784#14,2
B1-002784#15,2
B1-002784#16,2
B1-002784#2,2
B1-002784#3,2
B1-002784#4,2
B1-002784#5,2
B1-002784#6,2
B1-002784#7,2
B1-002784#8,2
B1-002784#9,2
B1-002785#0,2
B1-002785#1,2
B1-002785#10,2
B1-002785#11,2
B1-002785#12,2
B1-002785#13,2
B1-002785#2,2
B1-002785#3,2
B1-002785#4,2
B1-002785#5,2
B1-002785#6,2
B1-002785#7,2
B1-002785#8,2
B1-002785#9,2
B1-002786#0,2
B1-002786#1,2
B1-002786#10,2
B1-002786#11,2
B1-002786#12,2
B1-002786#13,2
B1-002786#14,2
B1-002786#2,2
B1-002786#3,2
B1-002786#4,2
B1-002786#5,2
B1-002786#6,2
B1-002786#7,2
B1-002786#8,2
B1-002786#9,2
B1-002787#0,2
B1-002787#1,2
B1-002787#10,2
B1-002787#11,2
B1-002787#12,2
B1-002787#13,2
B1-002787#14,2
B1-002787#15,2
B1-002787#16,2
B1-002787#17,2
B1-002787#2,2
B1-002787#3,2
B1-002787#4,2
B1-002787#5,2
B1-002787#6,2
B1-002787#7,2
B1-002787#8,2
B1-002787#9,2
B1-002788#0,2
B1-002788#1,2
B1-002788#2,2
B1-002788#3,2
B1-002788#4,2
B1-002788#5,2
B1-002788#6,2
B1-002788#7,2
B1-002788#8,2
B1-002788#9,2
B1-002789#0,2
B1-002789#1,2
B1-002789#10,2
B1-002789#11,2
B1-002789#12,2
B1-002789#13,2
B1-002789#14,2
B1-002789#15,2
B1-002789#2,2
B1-002789#3,2
B1-002789#4,2
B1-002789#5,2
B1-002789#6,2
B1-002789#7,2
B1-002789#8,2
B1-002789#9,2
B1-002790#0,2
B1-002790#1,2
B1-002790#2,2
B1-002790#3,2
B1-002790#4,2
B1-002790#5,2
B1-002790#6,2
B1-002790#7,2
B1-002791#0,2
B1-002791#1,2
B1-002791#10,2
B1-002791#11,2
B1-002791#12,2
B1-002791#2,2
B1-002791#3,2
B1-002791#4,2
B1-002791#5,2
B1-002791#6,2
B1-002791#7,2
B1-002791#8,2
B1-002791#9,2
B1-002792#0,2
B1-002792#1,2
B1-002792#10,2
B1-002792#11,2
B1-002792#12,2
B1-002792#13,2
B1-002792#14,2
B1-002792#15,2
B1-002792#16,1
B1-002792#17,2
B1-002792#2,2
B1-002792#3,2
B1-002792#4,2
B1-002792#5,2
B1-002792#6,2
B1-002792#7,2
B1-002792#8,0
B1-002792#9,2
B1-002793#0,2
B1-002793#1,2
B1-002793#2,2
B1-002793#3,2
B1-002793#4,2
B1-002793#5,2
B1-002793#6,2
B1-002793#7,2
B1-002794#0,2
B1-002794#1,2
B1-002794#2,2
B1-002794#3,2
B1-002794#4,2
B1-002794#5,2
B1-002794#6,2
B1-002795#0,2
B1-002795#1,2
B1-002795#2,2
B1-002795#3,2
B1-002795#4,2
B1-002795#5,2
B1-002795#6,2
B1-002796#0,2
B1-002796#1,2
B1-002796#2,2
B1-002796#3,2
B1-002796#4,0
B1-002796#5,2
B1-002797#0,2
B1-002797#1,2
B1-002797#10,2
B1-002797#11,2
B1-002797#12,2
B1-002797#13,2
B1-002797#14,2
B1-002797#2,2
B1-002797#3,2
B1-002797#4,2
B1-002797#5,2
B1-002797#6,2
B1-002797#7,2
B1-002797#8,2
B1-002797#9,2
B1-002798#0,2
B1-002798#1,2
B1-002798#2,2
B1-002798#3,2
B1-002798#4,2
B1-002798#5,2
B1-002798#6,2
B1-002799#0,2
B1-002799#1,2
B1-002799#2,2
B1-002799#3,2
B1-002799#4,2
B1-002799#5,2
B1-002799#6,2
B1-002799#7,2
B1-002799#8,2
B1-002800#0,2
B1-002800#1,2
B1-002800#2,2
B1-002800#3,2
B1-002800#4,2
B1-002800#5,2
B1-002801#0,2
B1-002801#1,2
B1-002801#2,2
B1-002801#3,2
B1-002801#4,2
B1-002801#5,2
B1-002801#6,1
B1-002801#7,2
B1-002802#0,2
B1-002802#1,2
B1-002802#10,2
B1-002802#11,2
B1-002802#12,2
B1-002802#13,2
B1-002802#2,2
B1-002802#3,2
B1-002802#4,2
B1-002802#5,2
B1-002802#6,2
B1-002802#7,2
B1-002802#8,2
B1-002802#9,2
B1-002803#0,2
B1-002803#1,2
B1-002803#10,2
B1-002803#11,2
B1-002803#12,2
B1-002803#13,2
B1-002803#14,2
B1-002803#15,2
B1-002803#2,2
B1-002803#3,2
B1-002803#4,2
B1-002803#5,2
B1-002803#6,2
B1-002803#7,2
B1-002803#8,2
B1-002803#9,2
B1-002804#0,1
B1-002804#1,2
B1-002804#2,2
B1-002804#3,2
B1-002804#4,2
B1-002804#5,2
B1-002804#6,2
B1-002804#7,2
B1-002804#8,2
B1-002805#0,2
B1-002805#1,2
B1-002805#2,2
B1-002805#3,2
B1-002805#4,2
B1-002805#5,2
B1-002806#0,2
B1-002806#1,2
B1-002806#2,2
B1-002806#3,2
B1-002806#4,2
B1-002806#5,2
B1-002806#6,2
B1-002806#7,2
B1-002806#8,2
B1-002806#9,2
B1-002807#0,2
B1-002807#1,2
B1-002807#10,2
B1-002807#11,2
B1-002807#12,2
B1-002807#13,2
B1-002807#14,2
B1-002807#15,2
B1-002807#16,2
B1-002807#2,2
B1-002807#3,2
B1-002807#4,2
B1-002807#5,2
B1-002807#6,2
B1-002807#7,2
B1-002807#8,2
B1-002807#9,2
B1-002808#0,2
B1-002808#1,2
B1-002808#10,2
B1-002808#11,2
B1-002808#12,2
B1-002808#13,2
B1-002808#2,2
B1-002808#3,2
B1-002808#4,2
B1-002808#5,2
B1-002808#6,2
B1-002808#7,2
B1-002808#8,2
B1-002808#9,2
B1-002809#0,2
B1-002809#1,2
B1-002809#10,2
B1-002809#11,2
B1-002809#12,2
B1-002809#13,2
B1-002809#14,2
B1-002809#15,2
B1-002809#16,2
B1-002809#2,2
B1-002809#3,2
B1-002809#4,2
B1-002809#5,2
B1-002809#6,2
B1-002809#7,2
B1-002809#8,2
B1-002809#9,2
B1-002810#0,2
B1-002810#1,2
B1-002810#2,2
B1-002810#3,2
B1-002810#4,2
B1-002810#5,2
B1-002810#6,2
B1-002810#7,2
B1-002810#8,2
B1-002811#0,2
B1-002811#1,2
B1-002811#2,2
B1-002811#3,2
B1-002811#4,2
B1-002811#5,2
B1-002811#6,2
B1-002811#7,2
B1-002811#8,2
B1-002811#9,2
B1-002812#0,2
B1-002812#1,2
B1-002812#2,2
B1-002812#3,2
B1-002812#4,2
B1-002812#5,2
B1-002812#6,2
B1-002812#7,2
B1-002813#0,2
B1-002813#1,2
B1-002813#2,2
B1-002813#3,2
B1-002813#4,2
B1-002813#5,2
B1-002813#6,2
B1-002813#7,2
B1-002813#8,2
B1-002813#9,2
B1-002814#0,2
B1-002814#1,2
B1-002814#10,2
B1-002814#11,2
B1-002814#12,2
B1-002814#13,2
B1-002814#14,2
B1-002814#15,2
B1-002814#16,2
B1-002814#2,2
B1-002814#3,2
B1-002814#4,2
B1-002814#5,2
B1-002814#6,2
B1-002814#7,2
B1-002814#8,2
B1-002814#9,2
B1-002815#0,2
B1-002815#1,2
B1-002815#10,2
B1-002815#11,2
B1-002815#2,2
B1-002815#3,2
B1-002815#4,2
B1-002815#5,2
B1-002815#6,2
B1-002815#7,2
B1-002815#8,2
B1-002815#9,2
B1-002816#0,2
B1-002816#1,2
B1-002816#2,2
B1-002816#3,2
B1-002816#4,2
B1-002816#5,2
B1-002816#6,2
B1-002817#0,2
B1-002817#1,2
B1-002817#10,2
B1-002817#11,2
B1-002817#12,2
B1-002817#13,2
B1-002817#14,2
B1-002817#15,2
B1-002817#16,2
B1-002817#2,2
B1-002817#3,2
B1-002817#4,2
B1-002817#5,2
B1-002817#6,2
B1-002817#7,2
B1-002817#8,2
B1-002817#9,2
B1-002818#0,2
B1-002818#1,2
B1-002818#10,2
B1-002818#2,2
B1-002818#3,2
B1-002818#4,2
B1-002818#5,2
B1-002818#7,2
B1-002818#8,2
B1-002818#9,2
B1-002819#0,2
B1-002819#1,2
B1-002819#10,2
B1-002819#11,2
B1-002819#2,2
B1-002819#3,2
B1-002819#4,2
B1-002819#5,2
B1-002819#6,2
B1-002819#7,2
B1-002819#8,2
B1-002819#9,2
B1-002820#0,2
B1-002820#1,2
B1-002820#2,2
B1-002820#3,2
B1-002820#4,2
B1-002820#5,1
B1-002820#6,2
B1-002820#7,2
B1-002820#8,2
B1-002820#9,2
B1-002821#0,2
B1-002821#1,2
B1-002821#2,2
B1-002821#3,2
B1-002821#4,2
B1-002821#5,2
B1-002821#6,2
B1-002822#0,2
B1-002822#1,2
B1-002822#2,2
B1-002822#3,2
B1-002822#4,2
B1-002822#5,2
B1-002823#0,2
B1-002823#1,2
B1-002823#2,2
B1-002823#3,2
B1-002823#4,2
B1-002823#5,2
B1-002823#6,2
B1-002824#0,2
B1-002824#1,2
B1-002824#2,2
B1-002824#3,2
B1-002824#4,2
B1-002824#5,2
B1-002824#6,2
B1-002824#7,2
B1-002824#8,2
B1-002825#0,2
B1-002825#1,2
B1-002825#10,2
B1-002825#11,1
B1-002825#12,2
B1-002825#13,2
B1-002825#14,2
B1-002825#2,2
B1-002825#3,2
B1-002825#4,2
B1-002825#5,2
B1-002825#6,2
B1-002825#7,2
B1-002825#8,2
B1-002825#9,2
B1-002826#0,2
B1-002826#1,2
B1-002826#10,2
B1-002826#11,2
B1-002826#12,2
B1-002826#13,2
B1-002826#14,2
B1-002826#2,2
B1-002826#3,2
B1-002826#4,2
B1-002826#5,1
B1-002826#6,2
B1-002826#7,2
B1-002826#8,2
B1-002826#9,2
B1-002827#0,2
B1-002827#1,2
B1-002827#2,1
B1-002827#3,2
B1-002827#4,2
B1-002827#5,2
B1-002827#6,2
B1-002827#7,2
B1-002827#8,2
B1-002828#0,2
B1-002828#1,2
B1-002828#10,2
B1-002828#2,2
B1-002828#3,2
B1-002828#4,2
B1-002828#5,2
B1-002828#7,2
B1-002828#8,2
B1-002828#9,2
B1-002829#0,2
B1-002829#1,2
B1-002829#10,2
B1-002829#11,2
B1-002829#12,2
B1-002829#13,2
B1-002829#2,2
B1-002829#3,2
B1-002829#4,2
B1-002829#5,2
B1-002829#6,2
B1-002829#7,2
B1-002829#8,2
B1-002829#9,2
B1-002830#0,2
B1-002830#1,2
B1-002830#2,2
B1-002830#3,2
B1-002830#4,2
B1-002831#0,1
B1-002831#1,2
B1-002831#2,2
B1-002831#3,2
B1-002831#4,2
B1-002831#5,2
B1-002832#0,2
B1-002832#1,2
B1-002832#2,2
B1-002832#3,2
B1-002832#4,2
B1-002832#5,2
B1-002832#6,2
B1-002832#7,2
B1-002832#8,2
B1-002833#0,2
B1-002833#1,2
B1-002833#10,2
B1-002833#11,2
B1-002833#12,2
B1-002833#2,2
B1-002833#3,2
B1-002833#4,2
B1-002833#5,2
B1-002833#6,1
B1-002833#7,2
B1-002833#8,2
B1-002833#9,2
B1-002834#0,2
B1-002834#1,2
B1-002834#10,2
B1-002834#11,2
B1-002834#12,2
B1-002834#13,2
B1-002834#14,2
B1-002834#15,2
B1-002834#16,2
B1-002834#2,2
B1-002834#3,2
B1-002834#4,2
B1-002834#5,2
B1-002834#6,2
B1-002834#7,2
B1-002834#8,2
B1-002834#9,2
B1-002835#0,2
B1-002835#1,2
B1-002835#10,2
B1-002835#11,2
B1-002835#12,2
B1-002835#2,2
B1-002835#3,2
B1-002835#4,2
B1-002835#5,2
B1-002835#6,2
B1-002835#7,2
B1-002835#8,2
B1-002835#9,2
B1-002836#0,2
B1-002836#1,2
B1-002836#10,2
B1-002836#11,2
B1-002836#12,2
B1-002836#13,2
B1-002836#14,2
B1-002836#15,2
B1-002836#2,2
B1-002836#3,2
B1-002836#4,2
B1-002836#5,2
B1-002836#6,2
B1-002836#7,2
B1-002836#8,2
B1-002836#9,2
B1-002837#0,2
B1-002837#1,2
B1-002837#2,2
B1-002837#3,2
B1-002837#4,2
B1-002837#5,2
B1-002837#6,2
B1-002838#0,2
B1-002838#1,2
B1-002838#2,2
B1-002838#4,2
B1-002838#5,2
B1-002838#6,2
B1-002838#7,2
B1-002839#0,2
B1-002839#1,2
B1-002839#10,2
B1-002839#11,2
B1-002839#12,2
B1-002839#13,2
B1-002839#2,2
B1-002839#3,2
B1-002839#4,2
B1-002839#5,2
B1-002839#6,2
B1-002839#7,2
B1-002839#8,2
B1-002839#9,2
B1-002840#0,2
B1-002840#1,2
B1-002840#10,2
B1-002840#11,2
B1-002840#12,2
B1-002840#13,2
B1-002840#2,1
B1-002840#3,2
B1-002840#4,2
B1-002840#5,2
B1-002840#6,2
B1-002840#7,2
B1-002840#8,2
B1-002840#9,2
B1-002841#0,2
B1-002841#1,2
B1-002841#10,2
B1-002841#11,2
B1-002841#12,2
B1-002841#13,2
B1-002841#14,2
B1-002841#2,2
B1-002841#3,2
B1-002841#4,2
B1-002841#5,2
B1-002841#6,2
B1-002841#7,2
B1-002841#8,2
B1-002841#9,2
B1-002842#0,2
B1-002842#1,2
B1-002842#2,2
B1-002842#3,2
B1-002842#4,2
B1-002842#5,2
B1-002843#0,2
B1-002843#1,2
B1-002843#2,2
B1-002843#3,2
B1-002843#4,2
B1-002843#5,2
B1-002844#0,2
B1-002844#1,2
B1-002844#2,2
B1-002844#3,2
B1-002844#4,2
B1-002845#0,2
B1-002845#1,2
B1-002845#10,2
B1-002845#11,2
B1-002845#12,2
B1-002845#13,2
B1-002845#14,2
B1-002845#2,2
B1-002845#3,2
B1-002845#4,2
B1-002845#5,2
B1-002845#6,2
B1-002845#7,2
B1-002845#8,2
B1-002845#9,2
B1-002846#0,2
B1-002846#1,2
B1-002846#10,2
B1-002846#11,2
B1-002846#12,2
B1-002846#13,2
B1-002846#14,2
B1-002846#2,2
B1-002846#3,2
B1-002846#4,2
B1-002846#5,2
B1-002846#6,2
B1-002846#7,2
B1-002846#8,2
B1-002846#9,2
B1-002847#0,2
B1-002847#1,2
B1-002847#10,2
B1-002847#11,2
B1-002847#12,2
B1-002847#13,2
B1-002847#14,2
B1-002847#2,2
B1-002847#3,2
B1-002847#4,2
B1-002847#5,2
B1-002847#6,2
B1-002847#7,2
B1-002847#8,2
B1-002847#9,2
B1-002848#0,2
B1-002848#1,2
B1-002848#2,2
B1-002848#3,2
B1-002848#4,2
B1-002848#5,2
B1-002848#6,2
B1-002849#0,2
B1-002849#1,2
B1-002849#10,2
B1-002849#11,2
B1-002849#12,2
B1-002849#2,2
B1-002849#3,2
B1-002849#4,2
B1-002849#6,2
B1-002849#7,2
B1-002849#9,2
B1-002850#0,2
B1-002850#1,2
B1-002850#2,2
B1-002850#3,2
B1-002850#4,2
B1-002850#5,1
B1-002850#6,2
B1-002850#7,2
B1-002851#0,2
B1-002851#1,2
B1-002851#2,2
B1-002851#3,2
B1-002851#4,2
B1-002852#0,2
B1-002852#1,2
B1-002852#10,2
B1-002852#11,2
B1-002852#12,2
B1-002852#13,2
B1-002852#14,2
B1-002852#15,2
B1-002852#2,2
B1-002852#3,2
B1-002852#4,2
B1-002852#5,2
B1-002852#6,2
B1-002852#7,2
B1-002852#8,2
B1-002852#9,2
B1-002853#0,2
B1-002853#1,2
B1-002853#2,2
B1-002853#3,2
B1-002853#4,2
B1-002853#5,2
B1-002853#6,2
B1-002853#7,2
B1-002854#0,2
B1-002854#1,2
B1-002854#10,2
B1-002854#11,2
B1-002854#12,2
B1-002854#13,2
B1-002854#2,2
B1-002854#3,2
B1-002854#4,2
B1-002854#5,2
B1-002854#6,2
B1-002854#7,2
B1-002854#8,1
B1-002854#9,2
B1-002855#0,2
B1-002855#1,2
B1-002855#2,2
B1-002855#3,2
B1-002855#4,2
B1-002855#5,2
B1-002855#6,2
B1-002855#7,2
B1-002855#8,2
B1-002856#0,2
B1-002856#1,2
B1-002856#10,2
B1-002856#11,2
B1-002856#12,2
B1-002856#13,2
B1-002856#2,2
B1-002856#3,2
B1-002856#4,2
B1-002856#5,2
B1-002856#6,2
B1-002856#7,2
B1-002856#8,2
B1-002856#9,2
B1-002857#0,2
B1-002857#1,2
B1-002857#10,2
B1-002857#11,2
B1-002857#12,2
B1-002857#13,2
B1-002857#2,2
B1-002857#3,2
B1-002857#4,2
B1-002857#5,2
B1-002857#6,2
B1-002857#7,2
B1-002857#8,2
B1-002857#9,2
B1-002858#0,2
B1-002858#1,2
B1-002858#10,2
B1-002858#11,2
B1-002858#12,2
B1-002858#13,2
B1-002858#14,2
B1-002858#15,2
B1-002858#2,2
B1-002858#3,2
B1-002858#4,0
B1-002858#5,2
B1-002858#6,2
B1-002858#7,2
B1-002858#8,2
B1-002858#9,2
B1-002859#0,2
B1-002859#1,2
B1-002859#10,2
B1-002859#11,2
B1-002859#12,2
B1-002859#13,2
B1-002859#14,2
B1-002859#15,2
B1-002859#2,2
B1-002859#3,2
B1-002859#4,2
B1-002859#5,2
B1-002859#6,2
B1-002859#7,2
B1-002859#8,2
B1-002859#9,2
B1-002860#0,2
B1-002860#1,2
B1-002860#2,2
B1-002860#3,2
B1-002860#4,2
B1-002860#5,2
B1-002860#6,2
B1-002860#7,2
B1-002860#8,2
B1-002860#9,2
B1-002861#0,2
B1-002861#1,2
B1-002861#10,2
B1-002861#11,2
B1-002861#12,2
B1-002861#13,2
B1-002861#14,2
B1-002861#15,2
B1-002861#16,2
B1-002861#17,2
B1-002861#2,2
B1-002861#3,2
B1-002861#4,2
B1-002861#5,2
B1-002861#6,2
B1-002861#7,2
B1-002861#8,2
B1-002861#9,2
B1-002862#0,2
B1-002862#1,2
B1-002862#10,2
B1-002862#11,2
B1-002862#12,2
B1-002862#13,2
B1-002862#14,2
B1-002862#15,2
B1-002862#16,2
B1-002862#2,2
B1-002862#3,2
B1-002862#4,2
B1-002862#5,2
B1-002862#6,2
B1-002862#7,2
B1-002862#8,2
B1-002862#9,2
B1-002863#0,2
B1-002863#1,2
B1-002863#10,2
B1-002863#11,2
B1-002863#12,2
B1-002863#2,2
B1-002863#3,2
B1-002863#4,2
B1-002863#5,2
B1-002863#6,2
B1-002863#7,2
B1-002863#8,2
B1-002863#9,2
B1-002864#0,2
B1-002864#1,2
B1-002864#2,2
B1-002864#3,2
B1-002864#4,2
B1-002864#5,1
B1-002864#6,2
B1-002864#7,2
B1-002865#0,1
B1-002865#1,2
B1-002865#2,2
B1-002865#3,2
B1-002865#4,2
B1-002865#5,2
B1-002865#6,2
B1-002866#0,2
B1-002866#1,2
B1-002866#10,2
B1-002866#11,2
B1-002866#12,2
B1-002866#13,2
B1-002866#2,2
B1-002866#3,2
B1-002866#4,2
B1-002866#5,2
B1-002866#6,2
B1-002866#7,2
B1-002866#8,2
B1-002866#9,2
B1-002867#0,2
B1-002867#1,2
B1-002867#2,2
B1-002867#3,2
B1-002867#4,2
B1-002867#5,2
B1-002867#6,2
B1-002867#7,2
B1-002867#8,2
B1-002867#9,2
B1-002868#0,2
B1-002868#1,2
B1-002868#2,2
B1-002868#3,2
B1-002868#4,2
B1-002869#0,2
B1-002869#1,2
B1-002869#10,2
B1-002869#11,2
B1-002869#12,2
B1-002869#13,2
B1-002869#14,2
B1-002869#15,2
B1-002869#2,2
B1-002869#3,2
B1-002869#4,2
B1-002869#5,2
B1-002869#6,2
B1-002869#7,2
B1-002869#8,2
B1-002869#9,2
B1-002870#0,2
B1-002870#1,2
B1-002870#10,2
B1-002870#11,2
B1-002870#12,2
B1-002870#13,2
B1-002870#14,2
B1-002870#2,2
B1-002870#3,2
B1-002870#4,2
B1-002870#5,2
B1-002870#6,2
B1-002870#7,2
B1-002870#8,2
B1-002870#9,2
B1-002871#0,2
B1-002871#1,2
B1-002871#2,2
B1-002871#3,2
B1-002871#4,2
B1-002871#5,2
B1-002871#6,2
B1-002871#7,2
B1-002871#8,2
B1-002872#0,2
B1-002872#1,2
B1-002872#10,2
B1-002872#11,2
B1-002872#12,2
B1-002872#13,2
B1-002872#14,2
B1-002872#15,2
B1-002872#16,2
B1-002872#2,2
B1-002872#3,2
B1-002872#4,2
B1-002872#5,2
B1-002872#6,2
B1-002872#7,2
B1-002872#8,2
B1-002872#9,2
B1-002873#0,2
B1-002873#1,2
B1-002873#2,2
B1-002873#3,2
B1-002873#4,2
B1-002873#5,2
B1-002873#6,2
B1-002874#0,2
B1-002874#1,2
B1-002874#10,2
B1-002874#11,2
B1-002874#12,2
B1-002874#2,2
B1-002874#3,2
B1-002874#4,2
B1-002874#5,2
B1-002874#6,2
B1-002874#7,2
B1-002874#8,2
B1-002874#9,2
B1-002875#0,2
B1-002875#1,2
B1-002875#10,1
B1-002875#11,2
B1-002875#2,2
B1-002875#3,2
B1-002875#4,2
B1-002875#5,2
B1-002875#6,2
B1-002875#7,2
B1-002875#8,2
B1-002875#9,2
B1-002876#0,2
B1-002876#1,2
B1-002876#2,2
B1-002876#3,2
B1-002876#4,2
B1-002876#5,2
B1-002876#6,2
B1-002876#7,2
B1-002876#8,2
B1-002876#9,2
B1-002877#0,2
B1-002877#1,2
B1-002877#10,2
B1-002877#11,2
B1-002877#12,2
B1-002877#13,2
B1-002877#14,2
B1-002877#15,2
B1-002877#16,2
B1-002877#17,2
B1-002877#2,2
B1-002877#3,2
B1-002877#4,2
B1-002877#5,1
B1-002877#6,2
B1-002877#7,2
B1-002877#8,2
B1-002877#9,2
B1-002878#0,2
B1-002878#1,2
B1-002878#10,2
B1-002878#11,2
B1-002878#2,2
B1-002878#3,2
B1-002878#4,2
B1-002878#5,2
B1-002878#6,2
B1-002878#7,2
B1-002878#8,2
B1-002878#9,2
B1-002879#0,2
B1-002879#1,2
B1-002879#2,2
B1-002879#3,2
B1-002879#4,2
B1-002879#5,2
B1-002879#6,2
B1-002879#7,2
B1-002879#8,2
B1-002879#9,2
B1-002880#0,2
B1-002880#1,2
B1-002880#10,2
B1-002880#2,2
B1-002880#3,2
B1-002880#4,2
B1-002880#5,2
B1-002880#6,2
B1-002880#7,2
B1-002880#8,2
B1-002880#9,2
B1-002881#0,2
B1-002881#1,2
B1-002881#2,2
B1-002881#3,2
B1-002881#4,2
B1-002882#0,2
B1-002882#1,2
B1-002882#2,2
B1-002882#3,2
B1-002882#4,2
B1-002882#5,2
B1-002882#6,2
B1-002882#7,2
B1-002882#8,2
B1-002883#0,2
B1-002883#1,2
B1-002883#10,2
B1-002883#11,2
B1-002883#12,2
B1-002883#13,2
B1-002883#14,2
B1-002883#2,2
B1-002883#3,2
B1-002883#4,2
B1-002883#5,2
B1-002883#6,2
B1-002883#7,2
B1-002883#8,2
B1-002883#9,2
B1-002884#0,2
B1-002884#1,2
B1-002884#2,2
B1-002884#3,2
B1-002884#4,2
B1-002884#5,2
B1-002884#6,2
B1-002885#0,2
B1-002885#1,2
B1-002885#10,2
B1-002885#11,2
B1-002885#12,2
B1-002885#13,2
B1-002885#14,2
B1-002885#2,2
B1-002885#3,2
B1-002885#4,2
B1-002885#5,2
B1-002885#6,2
B1-002885#7,2
B1-002885#8,2
B1-002885#9,2
B1-002886#0,2
B1-002886#1,2
B1-002886#2,2
B1-002886#3,2
B1-002886#4,2
B1-002886#5,2
B1-002886#6,2
B1-002887#0,2
B1-002887#1,2
B1-002887#10,2
B1-002887#11,2
B1-002887#12,2
B1-002887#2,2
B1-002887#3,2
B1-002887#4,2
B1-002887#5,2
B1-002887#6,2
B1-002887#7,2
B1-002887#8,2
B1-002887#9,2
B1-002888#0,0
B1-002888#1,2
B1-002888#10,2
B1-002888#11,2
B1-002888#12,2
B1-002888#2,2
B1-002888#3,2
B1-002888#4,2
B1-002888#5,2
B1-002888#6,2
B1-002888#7,1
B1-002888#8,2
B1-002888#9,2
B1-002889#0,2
B1-002889#1,2
B1-002889#10,2
B1-002889#11,2
B1-002889#12,2
B1-002889#13,2
B1-002889#14,2
B1-002889#2,2
B1-002889#3,2
B1-002889#4,2
B1-002889#5,2
B1-002889#6,2
B1-002889#7,2
B1-002889#8,2
B1-002889#9,2
B1-002890#0,2
B1-002890#1,2
B1-002890#10,2
B1-002890#11,2
B1-002890#12,2
B1-002890#13,2
B1-002890#14,2
B1-002890#15,2
B1-002890#16,2
B1-002890#2,2
B1-002890#3,2
B1-002890#4,1
B1-002890#5,2
B1-002890#6,2
B1-002890#7,2
B1-002890#8,2
B1-002890#9,2
B1-002891#0,2
B1-002891#1,2
B1-002891#10,2
B1-002891#11,2
B1-002891#2,2
B1-002891#3,2
B1-002891#4,2
B1-002891#5,2
B1-002891#6,2
B1-002891#7,2
B1-002891#8,2
B1-002891#9,2
B1-002892#0,2
B1-002892#1,2
B1-002892#10,2
B1-002892#11,2
B1-002892#12,2
B1-002892#13,2
B1-002892#14,2
B1-002892#15,2
B1-002892#2,2
B1-002892#3,2
B1-002892#4,2
B1-002892#5,2
B1-002892#6,2
B1-002892#7,2
B1-002892#8,2
B1-002892#9,2
B1-002893#0,2
B1-002893#1,2
B1-002893#10,2
B1-002893#11,2
B1-002893#2,2
B1-002893#3,2
B1-002893#4,2
B1-002893#5,2
B1-002893#6,2
B1-002893#7,2
B1-002893#8,2
B1-002893#9,2
B1-002894#0,2
B1-002894#1,2
B1-002894#10,2
B1-002894#2,2
B1-002894#3,2
B1-002894#4,2
B1-002894#5,2
B1-002894#6,2
B1-002894#7,2
B1-002894#8,2
B1-002894#9,2
B1-002895#0,2
B1-002895#1,2
B1-002895#10,2
B1-002895#11,2
B1-002895#2,2
B1-002895#3,2
B1-002895#4,2
B1-002895#5,2
B1-002895#6,2
B1-002895#7,2
B1-002895#8,2
B1-002895#9,2
B1-002896#0,2
B1-002896#1,2
B1-002896#10,2
B1-002896#11,2
B1-002896#12,2
B1-002896#13,2
B1-002896#14,2
B1-002896#15,2
B1-002896#2,2
B1-002896#3,2
B1-002896#4,2
B1-002896#5,2
B1-002896#6,2
B1-002896#7,2
B1-002896#8,2
B1-002896#9,2
B1-002897#0,2
B1-002897#1,2
B1-002897#10,2
B1-002897#11,2
B1-002897#12,2
B1-002897#13,2
B1-002897#14,2
B1-002897#15,2
B1-002897#2,2
B1-002897#3,2
B1-002897#4,2
B1-002897#5,2
B1-002897#6,2
B1-002897#7,2
B1-002897#8,2
B1-002897#9,2
B1-002898#0,2
B1-002898#1,2
B1-002898#10,2
B1-002898#11,2
B1-002898#12,2
B1-002898#2,2
B1-002898#3,2
B1-002898#4,2
B1-002898#5,2
B1-002898#6,2
B1-002898#7,2
B1-002898#8,2
B1-002898#9,2
B1-002899#0,1
B1-002899#1,2
B1-002899#2,2
B1-002899#3,2
B1-002899#4,2
B1-002899#5,2
B1-002900#0,2
B1-002900#1,2
B1-002900#10,2
B1-002900#11,2
B1-002900#12,2
B1-002900#13,2
B1-002900#2,2
B1-002900#3,2
B1-002900#4,2
B1-002900#5,2
B1-002900#6,2
B1-002900#7,2
B1-002900#8,2
B1-002900#9,2
B1-002901#0,2
B1-002901#1,2
B1-002901#10,2
B1-002901#11,2
B1-002901#12,2
B1-002901#13,2
B1-002901#14,2
B1-002901#15,2
B1-002901#2,2
B1-002901#3,2
B1-002901#4,2
B1-002901#5,2
B1-002901#6,2
B1-002901#7,2
B1-002901#8,2
B1-002901#9,2
B1-002902#0,0
B1-002902#1,2
B1-002902#2,2
B1-002902#3,2
B1-002902#4,2
B1-002902#5,2
B1-002902#6,1
B1-002902#7,2
B1-002902#8,2
B1-002903#0,2
B1-002903#1,2
B1-002903#2,2
B1-002903#3,2
B1-002903#4,2
B1-002903#5,2
B1-002903#6,2
B1-002903#7,2
B1-002904#0,2
B1-002904#1,2
B1-002904#10,2
B1-002904#11,2
B1-002904#12,2
B1-002904#13,2
B1-002904#14,2
B1-002904#15,2
B1-002904#16,2
B1-002904#2,2
B1-002904#3,2
B1-002904#4,2
B1-002904#5,0
B1-002904#6,2
B1-002904#7,2
B1-002904#8,2
B1-002904#9,2
B1-002905#0,2
B1-002905#1,2
B1-002905#2,2
B1-002905#3,2
B1-002905#4,2
B1-002906#0,2
B1-002906#1,2
B1-002906#2,2
B1-002906#3,2
B1-002906#4,2
B1-002906#5,2
B1-002906#6,2
B1-002906#7,2
B1-002907#0,2
B1-002907#1,2
B1-002907#2,2
B1-002907#3,2
B1-002907#4,2
B1-002907#5,2
B1-002907#6,2
B1-002907#7,2
B1-002908#0,2
B1-002908#1,2
B1-002908#10,2
B1-002908#11,2
B1-002908#12,2
B1-002908#13,2
B1-002908#14,2
B1-002908#15,2
B1-002908#2,2
B1-002908#3,2
B1-002908#4,2
B1-002908#5,2
B1-002908#6,2
B1-002908#7,2
B1-002908#8,2
B1-002908#9,2
B1-002909#0,2
B1-002909#1,2
B1-002909#2,2
B1-002909#3,2
B1-002909#4,2
B1-002909#5,2
B1-002909#6,2
B1-002909#7,2
B1-002909#8,2
B1-002910#0,2
B1-002910#1,2
B1-002910#10,2
B1-002910#2,1
B1-002910#3,2
B1-002910#4,2
B1-002910#5,2
B1-002910#6,2
B1-002910#7,2
B1-002910#8,2
B1-002910#9,2
B1-002911#0,2
B1-002911#1,2
B1-002911#2,2
B1-002911#3,2
B1-002911#4,2
B1-002911#5,2
B1-002911#6,2
B1-002912#0,2
B1-002912#1,2
B1-002912#10,2
B1-002912#11,2
B1-002912#12,2
B1-002912#13,2
B1-002912#14,2
B1-002912#15,2
B1-002912#16,2
B1-002912#2,2
B1-002912#3,2
B1-002912#4,0
B1-002912#5,2
B1-002912#6,2
B1-002912#7,2
B1-002912#8,2
B1-002912#9,2
B1-002913#0,2
B1-002913#1,2
B1-002913#2,2
B1-002913#3,2
B1-002913#4,2
B1-002913#5,2
B1-002913#6,2
B1-002913#7,2
B1-002913#8,2
B1-002913#9,2
B1-002914#0,2
B1-002914#1,2
B1-002914#10,2
B1-002914#11,2
B1-002914#12,2
B1-002914#13,2
B1-002914#14,2
B1-002914#15,2
B1-002914#2,2
B1-002914#3,2
B1-002914#4,2
B1-002914#5,2
B1-002914#6,2
B1-002914#7,2
B1-002914#8,2
B1-002914#9,2
B1-002915#0,2
B1-002915#1,2
B1-002915#10,2
B1-002915#11,2
B1-002915#2,2
B1-002915#3,2
B1-002915#4,2
B1-002915#5,2
B1-002915#6,2
B1-002915#7,2
B1-002915#8,2
B1-002915#9,2
B1-002916#0,0
B1-002916#1,2
B1-002916#2,2
B1-002916#3,2
B1-002916#4,2
B1-002916#5,2
B1-002916#6,2
B1-002916#7,2
B1-002916#8,2
B1-002917#0,2
B1-002917#1,2
B1-002917#10,2
B1-002917#11,2
B1-002917#12,2
B1-002917#2,2
B1-002917#3,2
B1-002917#4,2
B1-002917#5,2
B1-002917#6,2
B1-002917#7,2
B1-002917#8,2
B1-002917#9,2
B1-002918#0,2
B1-002918#1,2
B1-002918#10,2
B1-002918#11,2
B1-002918#12,2
B1-002918#13,2
B1-002918#2,2
B1-002918#3,2
B1-002918#4,2
B1-002918#5,2
B1-002918#6,2
B1-002918#7,2
B1-002918#8,2
B1-002918#9,2
B1-002919#0,2
B1-002919#1,2
B1-002919#10,2
B1-002919#11,2
B1-002919#12,2
B1-002919#13,2
B1-002919#2,2
B1-002919#3,2
B1-002919#4,2
B1-002919#5,2
B1-002919#6,2
B1-002919#7,2
B1-002919#8,2
B1-002919#9,2
B1-002920#0,2
B1-002920#1,2
B1-002920#10,2
B1-002920#11,2
B1-002920#12,2
B1-002920#13,2
B1-002920#14,2
B1-002920#15,2
B1-002920#2,2
B1-002920#3,2
B1-002920#4,2
B1-002920#5,2
B1-002920#6,2
B1-002920#7,2
B1-002920#8,2
B1-002920#9,2
B1-002921#0,2
B1-002921#1,2
B1-002921#10,2
B1-002921#2,2
B1-002921#3,2
B1-002921#4,2
B1-002921#5,2
B1-002921#6,2
B1-002921#7,2
B1-002921#8,2
B1-002921#9,2
B1-002922#0,2
B1-002922#1,2
B1-002922#2,2
B1-002922#3,2
B1-002922#4,2
B1-002922#5,2
B1-002922#6,2
B1-002922#7,2
B1-002923#0,2
B1-002923#1,2
B1-002923#10,2
B1-002923#11,2
B1-002923#12,2
B1-002923#13,2
B1-002923#14,2
B1-002923#15,2
B1-002923#16,2
B1-002923#2,2
B1-002923#3,2
B1-002923#4,2
B1-002923#5,2
B1-002923#6,1
B1-002923#7,2
B1-002923#8,2
B1-002923#9,2
B1-002924#0,2
B1-002924#1,2
B1-002924#2,2
B1-002924#3,2
B1-002924#4,2
B1-002924#5,2
B1-002924#6,2
B1-002924#7,2
B1-002925#0,0
B1-002925#1,2
B1-002925#2,2
B1-002925#3,2
B1-002925#4,2
B1-002925#5,2
B1-002925#6,2
B1-002926#0,2
B1-002926#1,2
B1-002926#10,1
B1-002926#2,2
B1-002926#3,2
B1-002926#4,2
B1-002926#5,1
B1-002926#6,2
B1-002926#7,2
B1-002926#8,2
B1-002926#9,2
B1-002927#0,2
B1-002927#1,2
B1-002927#10,2
B1-002927#11,2
B1-002927#12,2
B1-002927#13,2
B1-002927#14,2
B1-002927#15,2
B1-002927#2,2
B1-002927#3,2
B1-002927#4,2
B1-002927#5,2
B1-002927#6,2
B1-002927#7,2
B1-002927#8,2
B1-002927#9,2
B1-002928#0,2
B1-002928#1,2
B1-002928#10,2
B1-002928#11,2
B1-002928#12,2
B1-002928#2,2
B1-002928#3,2
B1-002928#4,1
B1-002928#5,2
B1-002928#6,2
B1-002928#7,2
B1-002928#8,2
B1-002928#9,2
B1-002929#0,2
B1-002929#1,2
B1-002929#10,2
B1-002929#11,2
B1-002929#12,2
B1-002929#13,2
B1-002929#14,2
B1-002929#15,2
B1-002929#2,2
B1-002929#3,2
B1-002929#4,2
B1-002929#5,2
B1-002929#6,2
B1-002929#7,2
B1-002929#8,2
B1-002929#9,2
B1-002930#0,2
B1-002930#1,2
B1-002930#10,2
B1-002930#11,2
B1-002930#12,2
B1-002930#13,1
B1-002930#14,2
B1-002930#15,2
B1-002930#16,2
B1-002930#2,2
B1-002930#3,2
B1-002930#4,2
B1-002930#5,2
B1-002930#6,2
B1-002930#7,2
B1-002930#8,2
B1-002930#9,2
B1-002931#0,2
B1-002931#1,2
B1-002931#2,2
B1-002931#3,2
B1-002931#4,2
B1-002931#5,2
B1-002931#6,2
B1-002932#0,2
B1-002932#1,2
B1-002932#10,2
B1-002932#2,2
B1-002932#3,2
B1-002932#4,2
B1-002932#5,2
B1-002932#6,2
B1-002932#7,2
B1-002932#8,1
B1-002932#9,2
B1-002933#0,2
B1-002933#1,2
B1-002933#2,2
B1-002933#3,2
B1-002933#4,2
B1-002933#5,2
B1-002933#6,2
B1-002934#0,2
B1-002934#1,2
B1-002934#10,2
B1-002934#11,2
B1-002934#12,2
B1-002934#13,2
B1-002934#14,2
B1-002934#2,2
B1-002934#3,2
B1-002934#4,2
B1-002934#5,2
B1-002934#6,2
B1-002934#7,2
B1-002934#8,1
B1-002934#9,2
B1-002935#0,2
B1-002935#1,2
B1-002935#10,2
B1-002935#2,2
B1-002935#3,2
B1-002935#4,2
B1-002935#5,2
B1-002935#6,2
B1-002935#7,2
B1-002935#8,2
B1-002935#9,2
B1-002936#0,2
B1-002936#1,2
B1-002936#2,2
B1-002936#3,2
B1-002936#4,2
B1-002936#5,2
B1-002936#6,2
B1-002937#0,2
B1-002937#1,2
B1-002937#10,2
B1-002937#11,2
B1-002937#12,2
B1-002937#2,2
B1-002937#3,2
B1-002937#4,2
B1-002937#5,2
B1-002937#6,2
B1-002937#7,2
B1-002937#8,2
B1-002937#9,2
B1-002938#0,2
B1-002938#1,2
B1-002938#2,2
B1-002938#3,2
B1-002938#4,2
B1-002938#5,2
B1-002938#6,2
B1-002938#7,2
B1-002938#8,2
B1-002938#9,2
B1-002939#0,2
B1-002939#1,2
B1-002939#10,2
B1-002939#11,2
B1-002939#12,2
B1-002939#13,2
B1-002939#14,2
B1-002939#2,2
B1-002939#3,2
B1-002939#4,2
B1-002939#5,2
B1-002939#6,2
B1-002939#7,2
B1-002939#8,2
B1-002939#9,2
B1-002940#0,2
B1-002940#1,2
B1-002940#10,2
B1-002940#11,2
B1-002940#12,1
B1-002940#13,2
B1-002940#14,2
B1-002940#2,2
B1-002940#3,2
B1-002940#4,2
B1-002940#5,2
B1-002940#6,2
B1-002940#7,2
B1-002940#8,2
B1-002940#9,2
B1-002941#0,2
B1-002941#1,2
B1-002941#2,2
B1-002941#3,2
B1-002941#4,2
B1-002941#5,2
B1-002942#0,2
B1-002942#1,2
B1-002942#10,2
B1-002942#11,1
B1-002942#12,2
B1-002942#13,2
B1-002942#14,2
B1-002942#15,2
B1-002942#16,2
B1-002942#2,2
B1-002942#3,2
B1-002942#4,2
B1-002942#5,1
B1-002942#6,2
B1-002942#7,2
B1-002942#8,2
B1-002942#9,2
B1-002943#0,2
B1-002943#1,2
B1-002943#2,2
B1-002943#3,2
B1-002943#4,2
B1-002944#0,2
B1-002944#1,2
B1-002944#10,1
B1-002944#11,2
B1-002944#12,2
B1-002944#13,2
B1-002944#14,2
B1-002944#15,2
B1-002944#2,2
B1-002944#3,2
B1-002944#4,2
B1-002944#5,2
B1-002944#6,2
B1-002944#7,2
B1-002944#8,2
B1-002944#9,2
B1-002945#0,2
B1-002945#1,2
B1-002945#10,2
B1-002945#11,2
B1-002945#12,2
B1-002945#2,2
B1-002945#3,2
B1-002945#4,2
B1-002945#5,2
B1-002945#6,2
B1-002945#7,2
B1-002945#8,2
B1-002945#9,2
B1-002946#0,2
B1-002946#1,2
B1-002946#10,2
B1-002946#11,2
B1-002946#12,2
B1-002946#13,2
B1-002946#14,2
B1-002946#2,2
B1-002946#3,2
B1-002946#4,2
B1-002946#5,2
B1-002946#6,2
B1-002946#7,2
B1-002946#8,2
B1-002946#9,2
B1-002947#0,2
B1-002947#1,2
B1-002947#10,2
B1-002947#11,2
B1-002947#12,2
B1-002947#13,2
B1-002947#14,2
B1-002947#15,2
B1-002947#16,2
B1-002947#2,2
B1-002947#3,2
B1-002947#4,2
B1-002947#5,2
B1-002947#6,2
B1-002947#7,2
B1-002947#8,2
B1-002947#9,2
B1-002948#0,2
B1-002948#1,2
B1-002948#2,1
B1-002948#3,2
B1-002948#4,2
B1-002948#5,0
B1-002948#6,2
B1-002949#0,2
B1-002949#1,2
B1-002949#2,2
B1-002949#3,2
B1-002949#4,2
B1-002949#5,2
B1-002949#6,2
B1-002949#7,2
B1-002950#0,2
B1-002950#1,2
B1-002950#2,2
B1-002950#3,2
B1-002950#4,2
B1-002950#5,2
B1-002950#6,2
B1-002951#0,2
B1-002951#1,2
B1-002951#10,2
B1-002951#11,2
B1-002951#2,2
B1-002951#3,2
B1-002951#4,2
B1-002951#5,2
B1-002951#6,2
B1-002951#7,2
B1-002951#8,2
B1-002951#9,2
B1-002952#0,2
B1-002952#1,2
B1-002952#10,2
B1-002952#11,2
B1-002952#12,1
B1-002952#13,2
B1-002952#14,2
B1-002952#2,2
B1-002952#3,2
B1-002952#4,0
B1-002952#5,2
B1-002952#6,2
B1-002952#7,2
B1-002952#8,2
B1-002952#9,2
B1-002953#0,2
B1-002953#1,2
B1-002953#2,2
B1-002953#3,2
B1-002953#4,2
B1-002953#5,2
B1-002953#6,2
B1-002953#7,2
B1-002953#8,2
B1-002954#0,2
B1-002954#1,2
B1-002954#10,2
B1-002954#11,2
B1-002954#12,2
B1-002954#2,2
B1-002954#3,2
B1-002954#4,2
B1-002954#5,2
B1-002954#6,2
B1-002954#7,2
B1-002954#8,2
B1-002954#9,2
B1-002955#0,2
B1-002955#1,2
B1-002955#10,2
B1-002955#11,2
B1-002955#12,2
B1-002955#13,2
B1-002955#14,2
B1-002955#2,2
B1-002955#3,2
B1-002955#4,2
B1-002955#5,2
B1-002955#6,2
B1-002955#7,2
B1-002955#8,2
B1-002955#9,2
B1-002956#0,2
B1-002956#1,2
B1-002956#10,2
B1-002956#11,2
B1-002956#12,2
B1-002956#13,2
B1-002956#14,2
B1-002956#15,2
B1-002956#16,2
B1-002956#17,2
B1-002956#2,2
B1-002956#3,2
B1-002956#4,2
B1-002956#5,2
B1-002956#6,2
B1-002956#7,2
B1-002956#8,2
B1-002956#9,2
B1-002957#0,2
B1-002957#1,2
B1-002957#10,2
B1-002957#11,2
B1-002957#12,2
B1-002957#13,2
B1-002957#14,2
B1-002957#15,2
B1-002957#16,2
B1-002957#17,2
B1-002957#2,2
B1-002957#3,2
B1-002957#4,2
B1-002957#5,2
B1-002957#6,2
B1-002957#7,2
B1-002957#8,2
B1-002957#9,2
B1-002958#0,2
B1-002958#1,2
B1-002958#2,2
B1-002958#3,2
B1-002958#4,2
B1-002958#5,2
B1-002958#6,2
B1-002958#7,2
B1-002958#8,2
B1-002958#9,2
B1-002959#0,2
B1-002959#1,2
B1-002959#2,2
B1-002959#3,2
B1-002959#4,2
B1-002959#5,2
B1-002959#6,2
B1-002960#0,2
B1-002960#1,2
B1-002960#10,2
B1-002960#11,2
B1-002960#12,2
B1-002960#13,2
B1-002960#2,2
B1-002960#3,2
B1-002960#4,2
B1-002960#5,2
B1-002960#6,2
B1-002960#7,2
B1-002960#8,2
B1-002960#9,2
B1-002961#0,2
B1-002961#1,2
B1-002961#10,2
B1-002961#11,2
B1-002961#12,2
B1-002961#2,2
B1-002961#3,2
B1-002961#4,2
B1-002961#5,2
B1-002961#6,2
B1-002961#7,2
B1-002961#8,2
B1-002961#9,2
B1-002962#0,2
B1-002962#1,2
B1-002962#2,2
B1-002962#3,2
B1-002962#4,2
B1-002962#5,2
B1-002963#0,2
B1-002963#1,2
B1-002963#10,2
B1-002963#11,2
B1-002963#12,2
B1-002963#13,2
B1-002963#14,2
B1-002963#15,2
B1-002963#16,2
B1-002963#2,2
B1-002963#3,1
B1-002963#4,2
B1-002963#5,2
B1-002963#6,2
B1-002963#7,1
B1-002963#8,2
B1-002963#9,2
B1-002964#0,2
B1-002964#1,0
B1-002964#10,2
B1-002964#2,2
B1-002964#3,2
B1-002964#4,2
B1-002964#5,2
B1-002964#6,2
B1-002964#7,2
B1-002964#8,2
B1-002964#9,2
B1-002965#0,2
B1-002965#1,2
B1-002965#10,2
B1-002965#11,2
B1-002965#12,2
B1-002965#13,2
B1-002965#2,2
B1-002965#3,2
B1-002965#4,2
B1-002965#5,2
B1-002965#6,2
B1-002965#7,2
B1-002965#8,2
B1-002965#9,2
B1-002966#0,1
B1-002966#1,2
B1-002966#10,2
B1-002966#2,2
B1-002966#3,2
B1-002966#4,2
B1-002966#5,2
B1-002966#6,2
B1-002966#7,2
B1-002966#8,2
B1-002966#9,2
B1-002967#0,2
B1-002967#1,2
B1-002967#10,2
B1-002967#11,1
B1-002967#12,2
B1-002967#13,2
B1-002967#14,2
B1-002967#2,2
B1-002967#3,2
B1-002967#4,2
B1-002967#5,2
B1-002967#6,2
B1-002967#7,2
B1-002967#8,2
B1-002967#9,2
B1-002968#0,1
B1-002968#1,2
B1-002968#10,2
B1-002968#11,2
B1-002968#12,2
B1-002968#13,2
B1-002968#2,2
B1-002968#3,2
B1-002968#4,2
B1-002968#5,2
B1-002968#6,2
B1-002968#7,2
B1-002968#8,2
B1-002968#9,2
B1-002969#0,2
B1-002969#1,2
B1-002969#10,2
B1-002969#11,2
B1-002969#12,2
B1-002969#13,2
B1-002969#14,2
B1-002969#15,2
B1-002969#2,2
B1-002969#3,2
B1-002969#4,2
B1-002969#5,2
B1-002969#6,2
B1-002969#7,2
B1-002969#8,2
B1-002969#9,2
B1-002970#0,2
B1-002970#1,2
B1-002970#10,2
B1-002970#11,2
B1-002970#2,2
B1-002970#3,2
B1-002970#4,2
B1-002970#5,2
B1-002970#6,2
B1-002970#7,2
B1-002970#8,2
B1-002970#9,2
B1-002971#0,2
B1-002971#1,2
B1-002971#10,2
B1-002971#11,2
B1-002971#12,2
B1-002971#13,2
B1-002971#14,2
B1-002971#2,2
B1-002971#3,2
B1-002971#4,2
B1-002971#5,2
B1-002971#6,2
B1-002971#7,2
B1-002971#8,2
B1-002971#9,2
B1-002972#0,2
B1-002972#1,2
B1-002972#2,2
B1-002972#3,2
B1-002972#4,2
B1-002972#5,2
B1-002972#6,2
B1-002973#0,2
B1-002973#1,2
B1-002973#10,2
B1-002973#2,2
B1-002973#3,2
B1-002973#4,2
B1-002973#5,2
B1-002973#6,2
B1-002973#7,2
B1-002973#8,2
B1-002973#9,2
B1-002974#0,0
B1-002974#1,2
B1-002974#10,0
B1-002974#11,2
B1-002974#12,2
B1-002974#13,2
B1-002974#2,2
B1-002974#3,2
B1-002974#4,2
B1-002974#5,2
B1-002974#6,2
B1-002974#7,2
B1-002974#8,2
B1-002974#9,2
B1-002975#0,2
B1-002975#1,2
B1-002975#10,2
B1-002975#11,2
B1-002975#12,2
B1-002975#13,2
B1-002975#14,0
B1-002975#15,2
B1-002975#2,2
B1-002975#3,2
B1-002975#4,2
B1-002975#5,2
B1-002975#6,2
B1-002975#7,2
B1-002975#8,2
B1-002975#9,2
B1-002976#0,2
B1-002976#1,2
B1-002976#10,2
B1-002976#11,2
B1-002976#12,2
B1-002976#13,2
B1-002976#2,2
B1-002976#3,2
B1-002976#4,2
B1-002976#5,2
B1-002976#6,2
B1-002976#7,1
B1-002976#8,2
B1-002976#9,2
B1-002977#0,2
B1-002977#1,2
B1-002977#2,2
B1-002977#3,1
B1-002977#4,2
B1-002977#5,2
B1-002977#6,2
B1-002977#7,2
B1-002977#8,2
B1-002978#0,2
B1-002978#1,2
B1-002978#2,2
B1-002978#3,2
B1-002978#4,2
B1-002978#5,2
B1-002978#6,2
B1-002979#0,2
B1-002979#1,2
B1-002979#10,2
B1-002979#11,2
B1-002979#12,2
B1-002979#2,2
B1-002979#3,2
B1-002979#4,2
B1-002979#5,2
B1-002979#6,2
B1-002979#7,2
B1-002979#8,2
B1-002979#9,2
B1-002980#0,2
B1-002980#1,2
B1-002980#10,2
B1-002980#11,1
B1-002980#12,2
B1-002980#13,2
B1-002980#14,2
B1-002980#15,2
B1-002980#16,2
B1-002980#2,0
B1-002980#3,2
B1-002980#4,2
B1-002980#5,2
B1-002980#6,2
B1-002980#7,2
B1-002980#8,2
B1-002980#9,2
B1-002981#0,2
B1-002981#1,2
B1-002981#10,2
B1-002981#2,2
B1-002981#3,2
B1-002981#4,2
B1-002981#5,2
B1-002981#6,2
B1-002981#7,2
B1-002981#8,2
B1-002981#9,2
B1-002982#0,2
B1-002982#1,2
B1-002982#10,2
B1-002982#11,2
B1-002982#12,2
B1-002982#13,2
B1-002982#2,2
B1-002982#3,2
B1-002982#4,2
B1-002982#5,2
B1-002982#6,2
B1-002982#7,2
B1-002982#8,2
B1-002982#9,1
B1-002983#0,2
B1-002983#1,2
B1-002983#10,2
B1-002983#11,2
B1-002983#12,2
B1-002983#13,2
B1-002983#14,2
B1-002983#2,2
B1-002983#3,2
B1-002983#4,2
B1-002983#5,2
B1-002983#6,2
B1-002983#7,2
B1-002983#8,1
B1-002983#9,2
B1-002984#0,2
B1-002984#1,2
B1-002984#10,2
B1-002984#11,0
B1-002984#12,2
B1-002984#13,2
B1-002984#14,2
B1-002984#15,2
B1-002984#16,2
B1-002984#2,2
B1-002984#3,2
B1-002984#4,2
B1-002984#5,2
B1-002984#6,2
B1-002984#7,2
B1-002984#8,2
B1-002984#9,2
B1-002985#0,2
B1-002985#1,2
B1-002985#10,2
B1-002985#11,2
B1-002985#2,2
B1-002985#3,2
B1-002985#4,2
B1-002985#5,2
B1-002985#6,2
B1-002985#7,2
B1-002985#8,2
B1-002985#9,2
B1-002986#0,2
B1-002986#1,0
B1-002986#2,2
B1-002986#3,1
B1-002986#4,2
B1-002986#5,2
B1-002986#6,2
B1-002986#7,2
B1-002986#8,2
B1-002986#9,2
B1-002987#0,1
B1-002987#1,2
B1-002987#2,2
B1-002987#3,2
B1-002987#4,2
B1-002987#5,2
B1-002987#6,2
B1-002987#7,2
B1-002987#8,2
B1-002988#0,2
B1-002988#1,2
B1-002988#2,2
B1-002988#3,2
B1-002988#4,2
B1-002989#0,2
B1-002989#1,2
B1-002989#10,2
B1-002989#11,2
B1-002989#12,2
B1-002989#13,2
B1-002989#14,2
B1-002989#15,2
B1-002989#2,2
B1-002989#3,2
B1-002989#4,2
B1-002989#5,2
B1-002989#6,2
B1-002989#7,2
B1-002989#8,2
B1-002989#9,2
B1-002990#0,2
B1-002990#1,2
B1-002990#10,2
B1-002990#11,2
B1-002990#12,2
B1-002990#13,2
B1-002990#14,2
B1-002990#15,2
B1-002990#2,2
B1-002990#3,2
B1-002990#4,2
B1-002990#5,2
B1-002990#6,2
B1-002990#7,2
B1-002990#8,2
B1-002990#9,2
B1-002991#0,2
B1-002991#1,2
B1-002991#10,2
B1-002991#2,2
B1-002991#3,2
B1-002991#4,2
B1-002991#5,2
B1-002991#6,2
B1-002991#7,2
B1-002991#8,2
B1-002991#9,2
B1-002992#0,2
B1-002992#1,2
B1-002992#2,2
B1-002992#3,2
B1-002992#4,2
B1-002992#5,2
B1-002992#6,2
B1-002992#7,2
B1-002992#8,2
B1-002993#0,2
B1-002993#1,2
B1-002993#2,2
B1-002993#3,2
B1-002993#4,2
B1-002993#5,2
B1-002993#6,2
B1-002994#0,2
B1-002994#1,2
B1-002994#10,2
B1-002994#11,2
B1-002994#12,2
B1-002994#13,2
B1-002994#14,2
B1-002994#15,2
B1-002994#2,2
B1-002994#3,2
B1-002994#4,2
B1-002994#5,2
B1-002994#6,2
B1-002994#7,2
B1-002994#8,2
B1-002994#9,2
B1-002995#0,2
B1-002995#1,2
B1-002995#2,2
B1-002995#3,2
B1-002995#4,2
B1-002995#5,2
B1-002995#6,2
B1-002995#7,2
B1-002996#0,2
B1-002996#1,2
B1-002996#10,2
B1-002996#11,2
B1-002996#12,2
B1-002996#13,2
B1-002996#2,2
B1-002996#3,2
B1-002996#4,2
B1-002996#5,2
B1-002996#6,2
B1-002996#7,2
B1-002996#8,1
B1-002996#9,2
B1-002997#0,2
B1-002997#1,2
B1-002997#2,2
B1-002997#3,2
B1-002997#4,2
B1-002997#5,2
B1-002998#0,2
B1-002998#1,2
B1-002998#2,2
B1-002998#3,2
B1-002998#4,2
B1-002998#5,2
B1-002998#6,2
B1-002998#7,2
B1-002998#8,2
B1-002998#9,2
B1-002999#0,2
B1-002999#1,2
B1-002999#10,2
B1-002999#2,2
B1-002999#3,2
B1-002999#4,2
B1-002999#5,2
B1-002999#6,2
B1-002999#7,2
B1-002999#8,2
B1-002999#9,2
