item,rules,ours-shipped,rules+ours-shipped,ours-fp32,rules+ours-fp32,openmed,rules+openmed,openmed-large,rules+openmed-large,stanford,rules+stanford,piiranha,rules+piiranha,ai4privacy-en,rules+ai4privacy-en,ai4privacy-cat,rules+ai4privacy-cat,privacy-filter,rules+privacy-filter,presidio,rules+presidio,gliner-nvidia,rules+gliner-nvidia,gliner-large,rules+gliner-large,gliner-base,rules+gliner-base,gliner-edge,rules+gliner-edge
C-clinical-11-00000#0,2,2,2,2,2,2,2,2,2,2,2,0,2,2,2,2,2,2,2,2,2,2,2,2,2,2,2,2,2
C-clinical-11-00000#1,0,2,2,2,2,2,2,2,2,2,2,0,0,1,1,0,0,2,2,2,2,2,2,2,2,2,2,2,2
C-clinical-11-00000#2,0,2,2,2,2,2,2,2,2,2,2,0,0,1,1,0,0,2,2,2,2,2,2,2,2,2,2,2,2
C-clinical-11-00000#3,0,2,2,2,2,2,2,2,2,2,2,2,2,2,2,2,2,2,2,2,2,2,2,2,2,2,2,2,2
C-clinical-11-00000#4,2,2,2,0,2,0,2,2,2,1,2,0,2,1,2,1,2,0,2,2,2,2,2,2,2,2,2,1,2
C-clinical-11-00000#5,2,2,2,2,2,2,2,2,2,2,2,2,2,2,2,2,2,2,2,2,2,2,2,2,2,2,2,2,2
C-clinical-11-00000#6,2,2,2,2,2,1,2,2,2,1,2,1,2,1,2,0,2,2,2,2,2,2,2,2,2,0,2,2,2
C-clinical-11-00000#7,2,2,2,2,2,2,2,2,2,2,2,2,2,2,2,2,2,2,2,0,2,2,2,2,2,2,2,2,2
C-clinical-11-00002#0,2,2,2,2,2,2,2,2,2,2,2,0,2,0,2,2,2,2,2,2,2,2,2,2,2,2,2,2,2
C-clinical-11-00002#1,0,2,2,1,1,1,1,1,1,2,2,0,0,0,0,0,0,0,0,1,1,1,1,0,0,1,1,0,0
C-clinical-11-00002#2,0,2,2,2,2,2,2,2,2,2,2,0,0,2,2,2,2,2,2,2,2,2,2,2,2,2,2,2,2
C-clinical-11-00002#3,0,1,1,1,1,1,1,1,1,2,2,0,0,0,0,0,0,0,0,1,1,1,1,0,0,1,1,0,0
C-clinical-11-00008#0,0,2,2,2,2,2,2,2,2,2,2,1,1,1,1,0,0,2,2,2,2,2,2,2,2,2,2,2,2
C-clinical-11-00008#1,2,2,2,2,2,2,2,2,2,2,2,2,2,2,2,1,2,2,2,1,2,2,2,2,2,2,2,2,2
C-clinical-11-00008#2,0,2,2,2,2,2,2,2,2,2,2,2,2,2,2,2,2,2,2,2,2,2,2,2,2,2,2,2,2
C-clinical-11-00008#3,0,2,2,2,2,2,2,2,2,2,2,2,2,2,2,2,2,2,2,2,2,2,2,2,2,0,0,2,2
C-clinical-11-00008#4,0,1,1,2,2,1,1,2,2,1,1,0,0,2,2,1,1,2,2,1,1,2,2,1,1,1,1,2,2
C-clinical-11-00008#5,2,2,2,2,2,2,2,2,2,1,2,0,2,1,2,1,2,2,2,2,2,0,2,2,2,0,2,2,2
C-clinical-11-00008#6,2,2,2,2,2,2,2,2,2,1,2,0,2,2,2,2,2,2,2,0,2,2,2,2,2,2,2,2,2
C-clinical-11-00008#7,0,2,2,2,2,1,1,2,2,2,2,0,0,2,2,1,1,2,2,1,1,2,2,2,2,2,2,2,2
C-clinical-11-00008#8,0,2,2,2,2,2,2,2,2,2,2,2,2,2,2,2,2,0,0,2,2,2,2,2,2,2,2,2,2
C-clinical-11-00009#0,0,2,2,2,2,2,2,2,2,2,2,0,2,2,2,2,2,2,2,2,2,2,2,2,2,2,2,2,2
C-clinical-11-00009#1,0,2,2,2,2,2,2,2,2,2,2,2,2,2,2,0,2,2,2,2,2,2,2,2,2,0,2,2,2
C-clinical-11-00009#2,1,2,2,2,2,2,2,2,2,2,2,2,2,2,2,2,2,0,1,2,2,2,2,0,1,2,2,2,2
C-clinical-11-00009#3,1,2,2,2,2,2,2,2,2,2,2,2,2,2,2,2,2,2,2,2,2,2,2,2,2,2,2,2,2
C-clinical-11-00009#4,2,2,2,2,2,2,2,2,2,2,2,2,2,2,2,2,2,2,2,2,2,2,2,2,2,0,2,2,2
C-clinical-11-00009#5,2,1,2,1,2,2,2,2,2,1,2,0,2,1,2,1,2,0,2,2,2,2,2,2,2,2,2,1,2
C-clinical-11-00009#6,0,2,2,2,2,2,2,2,2,2,2,2,2,0,0,0,2,0,2,2,2,2,2,2,2,0,2,2,2
C-clinical-11-00010#0,0,2,2,2,2,2,2,2,2,2,2,0,2,2,2,2,2,2,2,2,2,2,2,2,2,2,2,2,2
C-clinical-11-00010#1,2,2,2,2,2,2,2,2,2,2,2,0,2,2,2,2,2,2,2,2,2,2,2,2,2,2,2,2,2
C-clinical-11-00010#10,2,2,2,2,2,2,2,2,2,2,2,2,2,2,2,2,2,2,2,2,2,2,2,2,2,2,2,0,2
C-clinical-11-00010#11,0,2,2,2,2,2,2,2,2,2,2,0,0,2,2,2,2,2,2,0,0,2,2,2,2,2,2,2,2
C-clinical-11-00010#2,0,2,2,2,2,2,2,2,2,2,2,2,2,2,2,2,2,0,2,2,2,2,2,0,2,0,2,2,2
C-clinical-11-00010#3,0,2,2,2,2,2,2,2,2,2,2,0,0,2,2,1,1,2,2,2,2,2,2,2,2,2,2,2,2
C-clinical-11-00010#4,2,2,2,2,2,2,2,2,2,2,2,0,2,2,2,0,2,2,2,2,2,2,2,2,2,2,2,2,2
C-clinical-11-00010#5,0,2,2,2,2,2,2,2,2,0,0,2,2,2,2,2,2,2,2,0,0,2,2,2,2,0,0,2,2
C-clinical-11-00010#6,2,2,2,2,2,2,2,2,2,1,2,1,2,0,2,1,2,2,2,2,2,2,2,2,2,2,2,2,2
C-clinical-11-00010#7,2,2,2,2,2,2,2,2,2,2,2,2,2,2,2,2,2,2,2,2,2,2,2,2,2,2,2,2,2
C-clinical-11-00010#8,0,2,2,2,2,2,2,2,2,2,2,0,0,2,2,2,2,2,2,0,0,2,2,2,2,2,2,2,2
C-clinical-11-00010#9,2,2,2,2,2,2,2,2,2,2,2,2,2,2,2,2,2,2,2,2,2,2,2,2,2,2,2,2,2
C-clinical-11-00012#0,0,2,2,2,2,2,2,2,2,2,2,2,2,2,2,2,2,2,2,2,2,2,2,2,2,2,2,2,2
C-clinical-11-00012#1,1,1,1,1,1,1,1,1,1,0,1,0,1,1,1,1,1,0,1,2,2,1,1,2,2,2,2,1,1
C-clinical-11-00012#2,0,2,2,2,2,2,2,2,2,2,2,2,2,2,2,2,2,2,2,1,1,2,2,2,2,0,0,2,2
C-clinical-11-00012#3,0,2,2,2,2,2,2,2,2,2,2,0,0,2,2,2,2,2,2,0,0,2,2,2,2,0,0,2,2
C-clinical-11-00012#4,1,2,2,2,2,2,2,2,2,1,1,0,1,2,2,1,1,1,1,1,1,2,2,1,1,2,2,2,2
C-clinical-11-00012#5,2,2,2,2,2,2,2,2,2,2,2,2,2,2,2,2,2,2,2,2,2,2,2,2,2,2,2,2,2
C-clinical-11-00012#6,0,1,1,1,1,1,1,1,1,2,2,0,0,0,0,0,0,1,1,1,1,1,1,1,1,1,1,1,1
C-clinical-11-00012#7,0,2,2,2,2,2,2,2,2,2,2,2,2,2,2,0,0,2,2,2,2,2,2,2,2,2,2,2,2
C-clinical-11-00012#8,2,2,2,2,2,2,2,2,2,2,2,2,2,2,2,2,2,2,2,2,2,2,2,2,2,2,2,2,2
C-clinical-11-00013#0,0,2,2,2,2,2,2,2,2,2,2,2,2,0,0,0,0,2,2,2,2,2,2,2,2,2,2,2,2
C-clinical-11-00013#1,0,2,2,2,2,2,2,2,2,2,2,2,2,0,0,0,0,2,2,2,2,2,2,2,2,2,2,2,2
C-clinical-11-00013#10,0,2,2,2,2,1,1,2,2,1,1,1,1,2,2,1,1,2,2,1,1,2,2,2,2,2,2,2,2
C-clinical-11-00013#2,0,2,2,2,2,2,2,2,2,2,2,2,2,2,2,2,2,0,0,2,2,2,2,2,2,2,2,2,2
C-clinical-11-00013#3,0,2,2,2,2,1,1,2,2,2,2,0,0,2,2,2,2,2,2,1,1,2,2,2,2,2,2,2,2
C-clinical-11-00013#4,0,2,2,2,2,1,1,2,2,2,2,0,0,2,2,2,2,1,1,1,1,2,2,2,2,2,2,2,2
C-clinical-11-00013#5,1,2,2,2,2,2,2,2,2,2,2,1,1,1,1,1,1,2,2,0,1,2,2,2,2,2,2,2,2
C-clinical-11-00013#6,2,2,2,1,2,1,2,1,2,1,2,1,2,1,2,1,2,1,2,2,2,1,2,1,2,1,2,1,2
C-clinical-11-00013#7,0,2,2,2,2,2,2,2,2,2,2,2,2,0,0,0,0,2,2,2,2,2,2,0,2,0,2,2,2
C-clinical-11-00013#8,2,2,2,2,2,1,2,2,2,2,2,2,2,2,2,2,2,2,2,2,2,2,2,2,2,2,2,2,2
C-clinical-11-00013#9,2,2,2,2,2,2,2,2,2,2,2,0,2,2,2,2,2,2,2,0,2,2,2,2,2,2,2,2,2
C-clinical-11-00015#0,0,2,2,2,2,2,2,2,2,2,2,1,1,0,0,0,0,2,2,2,2,2,2,2,2,2,2,2,2
C-clinical-11-00015#1,1,2,2,2,2,2,2,2,2,1,1,1,1,1,1,1,1,2,2,0,1,2,2,2,2,0,1,2,2
C-clinical-11-00015#2,0,2,2,2,2,0,0,2,2,2,2,0,0,0,0,0,0,0,0,2,2,2,2,0,0,0,0,2,2
C-clinical-11-00015#3,2,2,2,2,2,2,2,2,2,1,2,0,2,1,2,1,2,0,2,2,2,0,2,1,2,1,2,1,2
C-clinical-11-00015#4,0,2,2,2,2,0,0,2,2,2,2,0,0,0,0,0,0,0,0,2,2,2,2,0,0,0,0,2,2
C-clinical-11-00016#0,0,2,2,2,2,2,2,2,2,2,2,1,1,2,2,2,2,2,2,2,2,2,2,2,2,2,2,2,2
C-clinical-11-00016#1,2,2,2,2,2,2,2,2,2,2,2,2,2,2,2,2,2,2,2,2,2,2,2,2,2,2,2,2,2
C-clinical-11-00016#2,0,2,2,2,2,2,2,2,2,2,2,2,2,2,2,2,2,2,2,2,2,2,2,0,2,0,2,2,2
C-clinical-11-00016#3,0,2,2,2,2,2,2,2,2,2,2,2,2,0,0,0,0,2,2,2,2,2,2,2,2,2,2,2,2
C-clinical-11-00016#4,2,2,2,2,2,2,2,2,2,1,2,1,2,0,2,1,2,2,2,2,2,2,2,2,2,2,2,2,2
C-clinical-11-00016#5,1,1,1,1,1,1,1,1,1,1,1,1,1,1,1,1,1,1,1,1,1,1,1,1,1,1,1,1,1
C-clinical-11-00016#6,2,2,2,2,2,2,2,2,2,2,2,2,2,2,2,2,2,2,2,0,2,2,2,2,2,0,2,2,2
C-clinical-11-00016#7,0,2,2,2,2,2,2,2,2,2,2,0,0,1,1,0,0,2,2,2,2,2,2,2,2,2,2,2,2
C-clinical-11-00016#8,0,2,2,2,2,2,2,2,2,2,2,0,0,2,2,0,0,2,2,0,0,2,2,2,2,2,2,2,2
C-clinical-11-00016#9,0,2,2,2,2,2,2,2,2,2,2,0,0,2,2,2,2,2,2,2,2,2,2,2,2,2,2,2,2
C-clinical-11-00017#0,0,2,2,2,2,2,2,2,2,2,2,2,2,1,1,1,1,2,2,2,2,2,2,2,2,2,2,2,2
C-clinical-11-00017#1,2,2,2,2,2,2,2,2,2,2,2,2,2,2,2,2,2,2,2,2,2,2,2,2,2,2,2,2,2
C-clinical-11-00017#3,0,2,2,2,2,2,2,2,2,2,2,2,2,0,0,0,2,2,2,2,2,2,2,0,2,0,2,2,2
C-clinical-11-00017#4,1,1,1,1,1,1,1,1,1,0,1,0,1,1,1,1,1,0,1,2,2,1,1,1,1,1,1,1,1
C-clinical-11-00017#5,2,2,2,2,2,2,2,2,2,2,2,2,2,2,2,1,2,2,2,0,2,2,2,2,2,2,2,2,2
C-clinical-11-00017#6,0,2,2,2,2,2,2,2,2,2,2,2,2,2,2,2,2,2,2,2,2,2,2,0,0,0,0,2,2
C-clinical-11-00017#7,0,2,2,2,2,2,2,2,2,2,2,0,0,2,2,0,0,2,2,2,2,2,2,2,2,2,2,2,2
C-clinical-11-00017#8,0,2,2,2,2,2,2,2,2,2,2,0,0,2,2,2,2,2,2,0,0,2,2,2,2,2,2,2,2
C-clinical-11-00017#9,0,2,2,2,2,0,0,1,1,2,2,2,2,2,2,2,2,2,2,2,2,2,2,2,2,0,0,2,2
C-clinical-11-00022#0,0,2,2,2,2,2,2,2,2,2,2,1,1,2,2,1,1,2,2,2,2,2,2,2,2,2,2,2,2
C-clinical-11-00022#1,0,2,2,2,2,2,2,2,2,2,2,2,2,2,2,2,2,0,0,2,2,2,2,2,2,2,2,2,2
C-clinical-11-00022#2,2,2,2,2,2,2,2,2,2,2,2,2,2,2,2,2,2,2,2,0,2,2,2,2,2,2,2,2,2
C-clinical-11-00024#0,0,2,2,2,2,2,2,2,2,2,2,0,0,0,0,1,1,2,2,2,2,2,2,2,2,2,2,2,2
C-clinical-11-00024#1,2,2,2,2,2,2,2,2,2,2,2,0,2,2,2,2,2,2,2,2,2,2,2,2,2,2,2,2,2
C-clinical-11-00024#2,0,2,2,2,2,2,2,2,2,2,2,0,0,0,0,0,2,2,2,2,2,2,2,2,2,2,2,2,2
C-clinical-11-00024#3,0,2,2,2,2,2,2,1,1,2,2,0,0,0,0,0,1,1,1,2,2,1,1,0,1,1,1,2,2
C-clinical-11-00024#4,0,2,2,2,2,2,2,2,2,2,2,2,2,2,2,2,2,2,2,2,2,2,2,2,2,2,2,2,2
C-clinical-11-00025#0,2,2,2,2,2,2,2,2,2,2,2,2,2,2,2,1,2,2,2,2,2,2,2,2,2,2,2,2,2
C-clinical-11-00025#1,2,2,2,2,2,2,2,2,2,2,2,2,2,2,2,2,2,2,2,1,2,2,2,2,2,2,2,2,2
C-clinical-11-00025#2,0,2,2,2,2,2,2,2,2,2,2,2,2,2,2,2,2,2,2,2,2,2,2,2,2,2,2,2,2
C-clinical-11-00025#3,1,1,1,1,1,1,1,1,1,0,1,0,1,1,1,0,1,0,1,2,2,1,1,1,1,1,1,2,2
C-clinical-11-00025#4,0,2,2,2,2,1,1,0,0,1,1,2,2,2,2,1,1,0,0,0,0,0,0,0,0,0,0,2,2
C-clinical-11-00025#6,2,2,2,2,2,2,2,2,2,2,2,2,2,0,2,0,2,2,2,2,2,2,2,2,2,0,2,2,2
C-clinical-11-00025#7,0,2,2,2,2,2,2,2,2,2,2,0,0,0,0,0,0,2,2,2,2,2,2,2,2,2,2,2,2
C-clinical-11-00033#0,2,2,2,2,2,2,2,2,2,2,2,2,2,1,2,2,2,2,2,2,2,2,2,2,2,2,2,2,2
C-clinical-11-00033#1,2,2,2,2,2,2,2,2,2,2,2,2,2,2,2,0,2,2,2,2,2,2,2,2,2,2,2,0,2
C-clinical-11-00033#2,0,2,2,2,2,2,2,2,2,2,2,2,2,2,2,1,1,2,2,1,1,2,2,2,2,2,2,2,2
C-clinical-11-00033#3,1,2,2,2,2,1,1,2,2,2,2,2,2,2,2,2,2,2,2,2,2,2,2,2,2,0,1,2,2
C-clinical-11-00033#4,0,1,1,1,1,1,1,1,1,1,1,0,0,2,2,1,1,2,2,1,1,2,2,2,2,0,0,1,1
C-clinical-11-00033#5,2,2,2,2,2,2,2,2,2,1,2,0,2,1,2,1,2,2,2,2,2,0,2,2,2,0,2,2,2
C-clinical-11-00033#6,2,2,2,2,2,2,2,2,2,1,2,0,2,2,2,2,2,2,2,0,2,2,2,2,2,2,2,2,2
C-clinical-11-00035#0,0,2,2,2,2,2,2,2,2,2,2,1,1,1,1,2,2,2,2,2,2,2,2,2,2,2,2,2,2
C-clinical-11-00035#1,0,2,2,2,2,2,2,2,2,2,2,0,0,0,0,2,2,2,2,0,2,2,2,2,2,0,2,2,2
C-clinical-11-00035#2,0,2,2,2,2,2,2,2,2,2,2,2,2,2,2,2,2,2,2,2,2,2,2,2,2,0,2,2,2
C-clinical-11-00035#3,2,2,2,2,2,2,2,2,2,2,2,1,2,2,2,2,2,2,2,2,2,2,2,2,2,2,2,2,2
C-clinical-11-00035#4,2,2,2,2,2,1,2,2,2,2,2,2,2,2,2,2,2,2,2,1,2,2,2,2,2,2,2,2,2
C-clinical-11-00035#5,1,2,2,1,1,2,2,1,1,1,1,0,1,2,2,1,1,2,2,1,1,2,2,1,1,2,2,2,2
C-clinical-11-00035#6,0,1,1,1,1,1,1,1,1,2,2,0,0,0,0,0,0,0,0,1,1,1,1,1,1,1,1,1,1
C-clinical-11-00035#7,0,2,2,2,2,2,2,2,2,2,2,0,0,2,2,2,2,2,2,0,2,2,2,2,2,0,2,2,2
C-clinical-11-00036#1,2,2,2,2,2,2,2,2,2,2,2,2,2,2,2,2,2,2,2,2,2,2,2,2,2,2,2,2,2
C-clinical-11-00036#2,2,2,2,2,2,2,2,2,2,2,2,2,2,2,2,2,2,2,2,2,2,2,2,2,2,2,2,2,2
C-clinical-11-00036#3,0,2,2,2,2,2,2,2,2,2,2,2,2,2,2,2,2,2,2,2,2,2,2,2,2,2,2,2,2
C-clinical-11-00036#4,1,1,1,1,1,1,1,1,1,0,1,0,1,1,1,1,1,0,1,2,2,2,2,2,2,2,2,2,2
C-clinical-11-00036#5,2,2,2,2,2,2,2,2,2,2,2,2,2,2,2,2,2,2,2,2,2,2,2,2,2,2,2,2,2
C-clinical-11-00036#6,0,2,2,2,2,2,2,2,2,2,2,2,2,2,2,2,2,2,2,2,2,2,2,2,2,2,2,2,2
C-clinical-11-00037#0,2,2,2,2,2,2,2,2,2,2,2,2,2,2,2,0,2,2,2,2,2,2,2,2,2,2,2,2,2
C-clinical-11-00037#1,2,2,2,2,2,2,2,2,2,2,2,2,2,2,2,2,2,2,2,2,2,2,2,2,2,2,2,2,2
C-clinical-11-00037#2,2,2,2,2,2,2,2,2,2,2,2,2,2,2,2,2,2,2,2,2,2,2,2,2,2,2,2,2,2
C-clinical-11-00037#3,0,2,2,2,2,2,2,2,2,2,2,2,2,2,2,1,1,2,2,0,0,2,2,2,2,0,0,2,2
C-clinical-11-00037#4,0,2,2,2,2,2,2,2,2,2,2,2,2,2,2,2,2,2,2,2,2,2,2,2,2,0,0,2,2
C-clinical-11-00037#5,2,2,2,2,2,2,2,2,2,2,2,2,2,0,2,0,2,2,2,2,2,2,2,2,2,2,2,2,2
C-clinical-11-00037#6,2,2,2,2,2,2,2,2,2,2,2,2,2,0,2,2,2,2,2,2,2,2,2,0,2,0,2,2,2
C-clinical-11-00037#7,2,2,2,2,2,2,2,2,2,2,2,2,2,0,2,0,2,2,2,2,2,2,2,2,2,2,2,2,2
C-clinical-11-00037#8,2,2,2,2,2,2,2,2,2,2,2,0,2,0,2,0,2,2,2,2,2,2,2,0,2,0,2,2,2
C-clinical-11-00038#0,0,2,2,2,2,2,2,2,2,2,2,0,0,2,2,2,2,2,2,2,2,2,2,2,2,2,2,2,2
C-clinical-11-00038#1,0,1,1,2,2,1,1,1,1,1,1,0,0,2,2,1,1,2,2,1,1,2,2,0,0,1,1,2,2
C-clinical-11-00038#10,0,2,2,2,2,2,2,2,2,2,2,2,2,2,2,2,2,2,2,0,0,2,2,2,2,2,2,2,2
C-clinical-11-00038#11,2,2,2,2,2,2,2,2,2,1,2,1,2,1,2,1,2,2,2,2,2,2,2,2,2,2,2,2,2
C-clinical-11-00038#2,2,2,2,2,2,2,2,2,2,2,2,0,2,2,2,2,2,2,2,2,2,2,2,2,2,2,2,2,2
C-clinical-11-00038#3,2,2,2,2,2,0,2,2,2,2,2,2,2,2,2,2,2,2,2,2,2,2,2,2,2,2,2,2,2
C-clinical-11-00038#4,0,2,2,2,2,2,2,2,2,2,2,2,2,2,2,2,2,2,2,2,2,2,2,2,2,2,2,2,2
C-clinical-11-00038#5,2,1,2,1,2,1,2,2,2,1,2,0,2,1,2,1,2,2,2,2,2,2,2,2,2,2,2,1,2
C-clinical-11-00038#6,1,2,2,2,2,2,2,2,2,2,2,2,2,2,2,2,2,2,2,2,2,2,2,2,2,2,2,2,2
C-clinical-11-00038#7,2,2,2,2,2,2,2,2,2,2,2,2,2,2,2,2,2,2,2,2,2,2,2,0,2,0,2,2,2
C-clinical-11-00038#8,2,2,2,2,2,1,2,2,2,1,2,0,2,2,2,0,2,2,2,2,2,2,2,0,2,2,2,2,2
C-clinical-11-00038#9,2,2,2,2,2,2,2,2,2,2,2,0,2,2,2,2,2,2,2,0,2,2,2,2,2,2,2,2,2
C-clinical-11-00039#0,0,2,2,2,2,2,2,2,2,2,2,0,0,2,2,2,2,2,2,2,2,2,2,2,2,2,2,2,2
C-clinical-11-00039#1,2,2,2,2,2,2,2,2,2,2,2,0,2,2,2,2,2,2,2,2,2,2,2,2,2,2,2,2,2
C-clinical-11-00039#2,0,2,2,2,2,2,2,2,2,2,2,0,0,2,2,0,0,2,2,2,2,2,2,2,2,2,2,2,2
C-clinical-11-00039#3,2,2,2,2,2,2,2,2,2,2,2,2,2,2,2,2,2,2,2,0,2,2,2,2,2,2,2,2,2
C-clinical-11-00039#4,1,1,1,1,1,1,1,1,1,1,1,1,1,1,1,1,1,1,1,1,1,1,1,1,1,1,1,1,1
C-clinical-11-00039#5,0,2,2,2,2,0,0,2,2,2,2,0,0,2,2,2,2,2,2,0,0,2,2,2,2,2,2,2,2
C-clinical-11-00041#0,0,2,2,2,2,2,2,2,2,2,2,2,2,0,0,0,0,2,2,2,2,2,2,2,2,2,2,2,2
C-clinical-11-00041#1,0,2,2,2,2,2,2,2,2,2,2,2,2,2,2,2,2,0,0,2,2,2,2,2,2,2,2,2,2
C-clinical-11-00041#10,0,2,2,2,2,2,2,2,2,2,2,0,0,0,0,0,0,2,2,2,2,2,2,0,0,2,2,2,2
C-clinical-11-00041#11,2,2,2,2,2,2,2,2,2,2,2,0,2,2,2,2,2,2,2,0,2,2,2,2,2,2,2,2,2
C-clinical-11-00041#12,0,2,2,2,2,2,2,2,2,1,1,2,2,2,2,2,2,2,2,1,1,2,2,2,2,2,2,2,2
C-clinical-11-00041#2,0,2,2,2,2,2,2,2,2,2,2,0,2,0,0,0,0,2,2,2,2,2,2,0,2,0,2,2,2
C-clinical-11-00041#3,0,2,2,2,2,2,2,2,2,2,2,0,0,0,0,0,0,2,2,2,2,2,2,2,2,2,2,2,2
C-clinical-11-00041#4,0,2,2,2,2,2,2,2,2,2,2,0,0,0,0,0,0,2,2,2,2,2,2,0,0,2,2,2,2
C-clinical-11-00041#5,1,2,2,2,2,1,1,2,2,2,2,2,2,2,2,2,2,2,2,1,1,2,2,1,1,2,2,2,2
C-clinical-11-00041#6,0,2,2,2,2,2,2,2,2,2,2,2,2,2,2,2,2,0,0,2,2,2,2,2,2,2,2,2,2
C-clinical-11-00041#7,0,2,2,2,2,2,2,2,2,2,2,1,1,2,2,1,1,2,2,1,1,2,2,2,2,2,2,2,2
C-clinical-11-00041#8,0,2,2,2,2,1,1,2,2,2,2,0,0,2,2,1,1,2,2,1,1,2,2,2,2,1,1,2,2
C-clinical-11-00041#9,0,2,2,2,2,1,1,2,2,2,2,2,2,2,2,2,2,2,2,2,2,2,2,2,2,0,0,2,2
C-clinical-11-00045#0,0,2,2,2,2,2,2,2,2,2,2,0,1,2,2,0,1,2,2,2,2,2,2,2,2,2,2,2,2
C-clinical-11-00045#1,0,2,2,2,2,2,2,2,2,2,2,2,2,2,2,2,2,0,2,2,2,2,2,2,2,0,2,2,2
C-clinical-11-00045#2,0,2,2,2,2,2,2,2,2,2,2,0,0,2,2,1,1,2,2,2,2,2,2,2,2,2,2,2,2
C-clinical-11-00046#0,0,2,2,2,2,2,2,2,2,2,2,2,2,0,0,2,2,2,2,2,2,2,2,1,1,2,2,2,2
C-clinical-11-00046#1,0,2,2,2,2,2,2,2,2,2,2,2,2,0,0,0,2,2,2,2,2,2,2,0,0,0,2,2,2
C-clinical-11-00046#2,2,2,2,2,2,2,2,2,2,2,2,2,2,2,2,2,2,2,2,2,2,2,2,2,2,2,2,2,2
C-clinical-11-00046#3,0,2,2,2,2,2,2,2,2,2,2,1,1,2,2,2,2,2,2,0,0,2,2,2,2,2,2,2,2
C-clinical-11-00046#4,0,2,2,2,2,2,2,2,2,2,2,2,2,2,2,0,0,2,2,2,2,2,2,2,2,2,2,2,2
C-clinical-11-00046#5,0,2,2,2,2,1,1,2,2,1,1,1,1,1,1,1,1,2,2,1,1,2,2,2,2,2,2,2,2
C-clinical-11-00049#0,0,2,2,2,2,2,2,2,2,2,2,2,2,2,2,1,1,2,2,2,2,2,2,2,2,2,2,2,2
C-clinical-11-00049#1,0,2,2,2,2,2,2,2,2,2,2,2,2,2,2,2,2,2,2,2,2,2,2,2,2,0,2,2,2
C-clinical-11-00049#2,2,2,2,2,2,2,2,2,2,1,2,0,2,1,2,1,2,2,2,2,2,0,2,1,2,1,2,1,2
C-clinical-11-00049#3,2,2,2,2,2,2,2,2,2,1,2,1,2,0,2,0,2,2,2,2,2,2,2,2,2,2,2,2,2
C-clinical-11-00049#4,0,2,2,2,2,2,2,2,2,2,2,2,2,2,2,2,2,2,2,0,0,2,2,2,2,0,0,2,2
C-clinical-11-00049#5,0,2,2,2,2,2,2,2,2,2,2,0,0,2,2,2,2,2,2,2,2,2,2,2,2,2,2,2,2
C-clinical-11-00050#0,0,2,2,2,2,2,2,2,2,2,2,0,0,2,2,2,2,2,2,2,2,2,2,2,2,2,2,2,2
C-clinical-11-00050#1,2,2,2,2,2,2,2,2,2,2,2,2,2,2,2,2,2,2,2,2,2,2,2,2,2,2,2,2,2
C-clinical-11-00050#2,0,2,2,2,2,0,0,2,2,2,2,0,0,2,2,2,2,2,2,0,0,2,2,2,2,2,2,2,2
C-clinical-11-00050#3,2,2,2,2,2,2,2,2,2,2,2,2,2,2,2,2,2,2,2,2,2,2,2,2,2,2,2,2,2
C-clinical-11-00052#0,0,2,2,2,2,0,0,2,2,2,2,2,2,2,2,2,2,2,2,2,2,2,2,2,2,0,0,2,2
C-clinical-11-00052#1,0,2,2,2,2,2,2,2,2,2,2,2,2,2,2,0,2,2,2,2,2,2,2,2,2,2,2,2,2
C-clinical-11-00052#10,2,2,2,2,2,2,2,2,2,1,2,0,2,2,2,1,2,2,2,2,2,2,2,2,2,0,2,2,2
C-clinical-11-00052#11,0,0,0,0,0,0,0,1,1,0,0,0,0,2,2,1,1,2,2,0,0,0,0,2,2,2,2,2,2
C-clinical-11-00052#12,0,2,2,2,2,2,2,2,2,2,2,2,2,2,2,2,2,2,2,2,2,2,2,2,2,2,2,2,2
C-clinical-11-00052#2,2,2,2,2,2,1,2,2,2,2,2,2,2,2,2,2,2,2,2,0,2,2,2,2,2,2,2,2,2
C-clinical-11-00052#3,0,2,2,2,2,2,2,2,2,1,1,0,0,2,2,2,2,2,2,2,2,2,2,2,2,0,0,2,2
C-clinical-11-00052#4,0,2,2,2,2,2,2,2,2,2,2,2,2,2,2,0,2,2,2,2,2,2,2,2,2,2,2,2,2
C-clinical-11-00052#5,0,2,2,2,2,2,2,2,2,1,1,1,1,2,2,1,1,2,2,1,1,2,2,2,2,2,2,2,2
C-clinical-11-00052#6,0,2,2,2,2,2,2,2,2,2,2,2,2,2,2,2,2,2,2,2,2,2,2,2,2,2,2,2,2
C-clinical-11-00052#7,0,2,2,2,2,2,2,2,2,1,1,0,0,2,2,2,2,2,2,0,0,2,2,2,2,2,2,2,2
C-clinical-11-00052#8,0,2,2,2,2,1,1,1,1,2,2,1,1,1,1,0,1,2,2,2,2,1,1,1,1,1,1,2,2
C-clinical-11-00052#9,0,2,2,2,2,2,2,2,2,1,1,0,0,2,2,2,2,2,2,1,1,2,2,2,2,2,2,2,2
C-clinical-11-00053#0,0,2,2,2,2,2,2,2,2,2,2,1,1,1,1,2,2,2,2,2,2,2,2,2,2,2,2,2,2
C-clinical-11-00053#1,2,2,2,2,2,2,2,2,2,2,2,2,2,2,2,2,2,2,2,0,2,2,2,2,2,0,2,2,2
C-clinical-11-00053#2,0,2,2,2,2,2,2,2,2,2,2,0,0,2,2,2,2,2,2,2,2,2,2,2,2,2,2,2,2
C-clinical-11-00053#3,2,2,2,2,2,1,2,2,2,2,2,1,2,2,2,2,2,2,2,2,2,2,2,2,2,0,2,2,2
C-clinical-11-00053#4,2,2,2,2,2,2,2,2,2,2,2,0,2,2,2,2,2,2,2,2,2,2,2,0,2,2,2,2,2
C-clinical-11-00053#5,0,2,2,2,2,2,2,1,1,2,2,0,1,0,0,0,1,2,2,2,2,1,1,0,1,2,2,2,2
C-clinical-11-00057#0,0,2,2,2,2,2,2,2,2,2,2,0,0,0,0,0,0,2,2,2,2,2,2,2,2,2,2,2,2
C-clinical-11-00057#1,2,2,2,2,2,2,2,2,2,1,2,0,2,2,2,2,2,2,2,1,2,2,2,2,2,2,2,2,2
C-clinical-11-00057#2,0,2,2,2,2,2,2,2,2,2,2,0,0,2,2,0,0,2,2,2,2,2,2,0,2,0,2,2,2
C-clinical-11-00057#3,0,2,2,2,2,2,2,2,2,2,2,0,0,0,0,1,1,2,2,2,2,2,2,2,2,2,2,2,2
C-clinical-11-00057#4,0,2,2,2,2,2,2,2,2,2,2,0,0,0,0,0,0,2,2,2,2,2,2,2,2,1,1,2,2
C-clinical-11-00057#5,0,2,2,2,2,2,2,2,2,2,2,0,0,0,0,0,0,2,2,2,2,2,2,2,2,2,2,2,2
C-clinical-11-00059#0,0,2,2,2,2,2,2,2,2,2,2,0,0,0,0,1,1,2,2,2,2,2,2,2,2,2,2,2,2
C-clinical-11-00059#1,0,2,2,2,2,2,2,2,2,1,1,0,0,2,2,1,1,2,2,0,0,2,2,2,2,0,0,2,2
C-clinical-11-00059#10,0,0,0,0,0,0,0,0,0,1,1,0,0,0,0,1,1,2,2,2,2,0,0,0,0,2,2,2,2
C-clinical-11-00059#2,0,2,2,2,2,2,2,2,2,2,2,0,0,0,0,2,2,0,0,2,2,2,2,2,2,0,0,0,0
C-clinical-11-00059#3,0,2,2,2,2,1,1,2,2,2,2,2,2,2,2,2,2,2,2,2,2,2,2,2,2,0,0,2,2
C-clinical-11-00059#4,0,2,2,2,2,0,0,2,2,2,2,2,2,2,2,2,2,0,0,2,2,2,2,0,0,0,0,2,2
C-clinical-11-00059#5,2,2,2,1,2,1,2,1,2,1,2,1,2,1,2,1,2,0,2,2,2,1,2,1,2,1,2,1,2
C-clinical-11-00059#6,1,2,2,2,2,1,1,1,1,1,1,2,2,1,1,1,1,2,2,0,1,2,2,2,2,0,1,1,1
C-clinical-11-00059#7,2,0,2,0,2,0,2,0,2,2,2,0,2,2,2,2,2,2,2,2,2,2,2,2,2,2,2,2,2
C-clinical-11-00059#8,2,1,2,0,2,1,2,0,2,1,2,0,2,1,2,1,2,2,2,2,2,2,2,2,2,0,2,1,2
C-clinical-11-00059#9,0,0,0,0,0,0,0,0,0,0,0,0,0,1,1,1,1,0,0,0,1,0,0,0,0,2,2,2,2
C-clinical-11-00060#1,2,2,2,2,2,2,2,2,2,2,2,2,2,2,2,2,2,2,2,2,2,2,2,2,2,2,2,2,2
C-clinical-11-00060#10,0,2,2,2,2,2,2,2,2,2,2,0,0,2,2,2,2,2,2,0,0,2,2,2,2,2,2,2,2
C-clinical-11-00060#11,2,2,2,2,2,2,2,2,2,2,2,0,2,2,2,2,2,2,2,2,2,2,2,2,2,2,2,2,2
C-clinical-11-00060#12,0,2,2,2,2,2,2,2,2,2,2,2,2,2,2,2,2,2,2,0,0,2,2,2,2,2,2,2,2
C-clinical-11-00060#13,0,2,2,2,2,2,2,2,2,2,2,0,0,2,2,2,2,2,2,2,2,2,2,2,2,2,2,2,2
C-clinical-11-00060#14,0,2,2,2,2,2,2,2,2,2,2,0,0,2,2,2,2,2,2,2,2,2,2,2,2,2,2,2,2
C-clinical-11-00060#15,0,2,2,2,2,2,2,2,2,2,2,2,2,2,2,2,2,2,2,0,0,2,2,2,2,2,2,2,2
C-clinical-11-00060#16,2,2,2,2,2,2,2,2,2,1,2,2,2,1,2,0,2,2,2,2,2,2,2,2,2,2,2,2,2
C-clinical-11-00060#2,2,2,2,2,2,2,2,2,2,2,2,2,2,2,2,2,2,2,2,2,2,2,2,0,2,2,2,2,2
C-clinical-11-00060#3,1,1,1,1,1,0,1,1,1,0,1,0,1,1,1,1,1,0,1,2,2,2,2,2,2,2,2,2,2
C-clinical-11-00060#4,2,2,2,2,2,1,2,2,2,2,2,0,2,2,2,2,2,2,2,0,2,2,2,2,2,2,2,2,2
C-clinical-11-00060#5,2,2,2,2,2,2,2,2,2,2,2,2,2,2,2,2,2,2,2,0,2,2,2,2,2,2,2,2,2
C-clinical-11-00060#6,2,2,2,2,2,2,2,2,2,1,2,1,2,1,2,0,2,2,2,2,2,2,2,2,2,2,2,2,2
C-clinical-11-00060#7,2,2,2,2,2,1,2,2,2,2,2,2,2,2,2,2,2,2,2,2,2,2,2,2,2,2,2,2,2
C-clinical-11-00060#8,1,2,2,2,2,1,1,2,2,2,2,2,2,2,2,2,2,2,2,0,1,2,2,1,1,2,2,2,2
C-clinical-11-00060#9,2,2,2,2,2,2,2,2,2,2,2,0,2,2,2,2,2,2,2,2,2,2,2,2,2,2,2,2,2
C-clinical-11-00061#0,0,2,2,2,2,2,2,2,2,2,2,1,1,0,0,2,2,2,2,2,2,2,2,2,2,2,2,2,2
C-clinical-11-00061#1,0,2,2,2,2,2,2,2,2,2,2,2,2,2,2,2,2,2,2,2,2,2,2,2,2,2,2,2,2
C-clinical-11-00061#2,0,2,2,2,2,2,2,2,2,1,1,1,1,1,1,1,1,2,2,0,0,2,2,2,2,2,2,2,2
C-clinical-11-00061#3,0,2,2,2,2,2,2,2,2,2,2,2,2,0,0,0,2,2,2,2,2,2,2,0,2,0,2,2,2
C-clinical-11-00061#4,0,2,2,2,2,2,2,2,2,2,2,1,1,1,1,1,1,2,2,0,0,2,2,2,2,2,2,2,2
C-clinical-11-00066#0,0,2,2,2,2,2,2,2,2,2,2,2,2,1,1,2,2,2,2,2,2,2,2,2,2,2,2,2,2
C-clinical-11-00066#1,0,2,2,2,2,2,2,2,2,2,2,2,2,2,2,2,2,2,2,2,2,2,2,2,2,2,2,2,2
C-clinical-11-00066#3,0,2,2,2,2,2,2,2,2,2,2,0,0,2,2,2,2,2,2,2,2,2,2,2,2,2,2,2,2
C-clinical-11-00066#4,0,2,2,2,2,2,2,2,2,2,2,2,2,2,2,2,2,2,2,2,2,2,2,0,2,0,2,2,2
C-clinical-11-00066#5,0,2,2,2,2,2,2,2,2,2,2,0,0,2,2,2,2,2,2,2,2,2,2,2,2,2,2,2,2
C-clinical-11-00066#6,1,1,1,1,1,1,1,1,1,0,1,0,1,1,1,1,1,0,1,1,1,1,1,1,1,1,1,2,2
C-clinical-11-00066#7,0,2,2,2,2,1,1,1,1,2,2,1,1,0,0,0,1,2,2,2,2,1,1,0,1,0,1,1,1
C-clinical-11-00069#0,0,2,2,2,2,2,2,2,2,2,2,0,1,2,2,0,1,2,2,2,2,2,2,2,2,2,2,2,2
C-clinical-11-00069#1,0,2,2,2,2,2,2,2,2,1,1,2,2,2,2,2,2,2,2,2,2,2,2,2,2,0,0,2,2
C-clinical-11-00069#2,0,2,2,2,2,2,2,2,2,2,2,2,2,2,2,2,2,2,2,2,2,2,2,2,2,2,2,2,2
C-clinical-11-00069#3,0,2,2,2,2,2,2,2,2,2,2,0,2,0,0,2,2,2,2,2,2,2,2,2,2,2,2,2,2
C-clinical-11-00069#4,2,2,2,2,2,2,2,2,2,2,2,1,2,2,2,2,2,2,2,2,2,2,2,2,2,0,2,2,2
C-clinical-11-00069#5,0,2,2,2,2,2,2,2,2,2,2,2,2,2,2,2,2,2,2,2,2,2,2,0,0,0,0,2,2
C-clinical-11-00070#0,2,2,2,2,2,2,2,2,2,2,2,2,2,2,2,1,2,2,2,2,2,2,2,2,2,2,2,2,2
C-clinical-11-00070#1,2,2,2,2,2,2,2,2,2,2,2,2,2,2,2,0,2,2,2,2,2,2,2,2,2,2,2,2,2
C-clinical-11-00070#10,0,1,1,1,1,0,0,1,1,2,2,0,0,0,0,0,0,1,1,1,1,1,1,0,0,1,1,1,1
C-clinical-11-00070#11,2,2,2,2,2,1,2,2,2,1,2,0,2,1,2,1,2,0,2,2,2,0,2,0,2,1,2,1,2
C-clinical-11-00070#12,2,2,2,2,2,1,2,2,2,1,2,1,2,1,2,0,2,2,2,2,2,2,2,2,2,2,2,2,2
C-clinical-11-00070#13,1,1,1,1,1,1,1,1,1,1,1,0,1,1,1,1,1,1,1,1,1,1,1,1,1,1,1,1,1
C-clinical-11-00070#14,0,2,2,2,2,2,2,2,2,2,2,2,2,2,2,2,2,2,2,0,0,2,2,2,2,2,2,2,2
C-clinical-11-00070#15,0,2,2,2,2,2,2,2,2,2,2,2,2,2,2,2,2,2,2,2,2,2,2,2,2,2,2,2,2
C-clinical-11-00070#16,0,2,2,2,2,2,2,2,2,2,2,0,0,2,2,2,2,2,2,0,0,2,2,2,2,2,2,2,2
C-clinical-11-00070#17,0,2,2,2,2,2,2,2,2,2,2,0,0,2,2,2,2,2,2,2,2,2,2,2,2,2,2,2,2
C-clinical-11-00070#2,0,2,2,2,2,2,2,2,2,2,2,0,0,2,2,2,2,2,2,2,2,2,2,2,2,2,2,2,2
C-clinical-11-00070#3,0,2,2,2,2,2,2,2,2,2,2,0,0,2,2,2,2,2,2,2,2,2,2,2,2,2,2,2,2
C-clinical-11-00070#4,0,1,1,1,1,0,0,1,1,2,2,0,0,0,0,0,0,1,1,1,1,1,1,0,0,1,1,1,1
C-clinical-11-00070#5,2,2,2,2,2,2,2,2,2,2,2,2,2,2,2,2,2,2,2,0,2,2,2,2,2,2,2,2,2
C-clinical-11-00070#6,2,2,2,2,2,1,2,2,2,1,2,0,2,1,2,1,2,0,2,2,2,0,2,1,2,1,2,1,2
C-clinical-11-00070#7,2,2,2,2,2,2,2,2,2,1,2,1,2,1,2,0,2,2,2,2,2,2,2,2,2,0,2,2,2
C-clinical-11-00070#8,1,1,1,1,1,1,1,1,1,1,1,0,1,1,1,1,1,0,1,1,1,1,1,1,1,1,1,1,1
C-clinical-11-00070#9,0,2,2,2,2,2,2,2,2,2,2,0,0,2,2,2,2,2,2,0,0,2,2,2,2,2,2,2,2
C-clinical-11-00071#0,2,2,2,2,2,2,2,2,2,2,2,2,2,2,2,2,2,2,2,2,2,2,2,2,2,2,2,2,2
C-clinical-11-00071#1,1,2,2,2,2,2,2,2,2,2,2,2,2,2,2,2,2,2,2,1,1,2,2,2,2,2,2,2,2
C-clinical-11-00071#2,2,2,2,2,2,2,2,2,2,2,2,2,2,2,2,2,2,2,2,2,2,2,2,0,2,2,2,0,2
C-clinical-11-00071#3,1,1,1,1,1,0,1,1,1,0,1,0,1,1,1,1,1,0,1,2,2,2,2,2,2,2,2,2,2
C-clinical-11-00071#5,2,2,2,2,2,2,2,2,2,2,2,2,2,2,2,2,2,2,2,2,2,2,2,2,2,2,2,2,2
C-clinical-11-00071#6,2,2,2,2,2,2,2,2,2,2,2,0,2,2,2,0,2,2,2,2,2,2,2,2,2,2,2,2,2
C-clinical-11-00071#7,2,2,2,2,2,2,2,2,2,2,2,0,2,2,2,2,2,0,2,2,2,2,2,2,2,2,2,2,2
C-clinical-11-00071#8,1,2,2,2,2,2,2,2,2,2,2,2,2,2,2,2,2,2,2,0,1,2,2,2,2,2,2,2,2
C-clinical-11-00072#0,0,2,2,2,2,2,2,2,2,2,2,0,0,1,1,0,0,2,2,2,2,2,2,2,2,2,2,2,2
C-clinical-11-00072#1,0,2,2,2,2,2,2,2,2,1,1,0,0,2,2,1,1,2,2,0,0,2,2,2,2,2,2,2,2
C-clinical-11-00072#10,2,2,2,2,2,2,2,2,2,2,2,2,2,2,2,2,2,2,2,2,2,2,2,2,2,2,2,2,2
C-clinical-11-00072#11,2,2,2,2,2,0,2,2,2,2,2,2,2,2,2,1,2,2,2,0,2,2,2,2,2,2,2,2,2
C-clinical-11-00072#2,0,2,2,2,2,2,2,2,2,2,2,0,0,0,0,0,0,2,2,2,2,2,2,2,2,2,2,2,2
C-clinical-11-00072#3,0,2,2,2,2,2,2,2,2,2,2,0,0,2,2,0,0,0,2,2,2,2,2,2,2,0,2,2,2
C-clinical-11-00072#4,2,2,2,2,2,2,2,2,2,2,2,2,2,2,2,2,2,2,2,2,2,2,2,2,2,2,2,2,2
C-clinical-11-00072#5,2,2,2,2,2,2,2,2,2,1,2,1,2,1,2,1,2,2,2,0,2,2,2,2,2,2,2,2,2
C-clinical-11-00072#6,0,2,2,2,2,2,2,2,2,2,2,2,2,2,2,2,2,2,2,2,2,2,2,2,2,2,2,2,2
C-clinical-11-00072#7,0,2,2,2,2,2,2,2,2,1,1,1,1,2,2,1,1,2,2,1,1,2,2,2,2,2,2,2,2
C-clinical-11-00072#8,0,2,2,2,2,0,0,2,2,2,2,0,0,1,1,1,1,2,2,2,2,2,2,2,2,2,2,2,2
C-clinical-11-00072#9,2,2,2,2,2,2,2,2,2,1,2,0,2,1,2,1,2,2,2,2,2,0,2,2,2,0,2,2,2
C-clinical-11-00073#0,0,2,2,2,2,2,2,2,2,2,2,2,2,2,2,2,2,2,2,2,2,2,2,2,2,2,2,2,2
C-clinical-11-00073#1,0,2,2,2,2,2,2,2,2,2,2,2,2,2,2,2,2,2,2,2,2,2,2,2,2,2,2,2,2
C-clinical-11-00073#10,0,2,2,2,2,1,1,2,2,1,1,0,0,1,1,1,1,2,2,0,0,2,2,2,2,2,2,2,2
C-clinical-11-00073#2,2,2,2,2,2,2,2,2,2,2,2,2,2,2,2,2,2,2,2,2,2,2,2,2,2,2,2,2,2
C-clinical-11-00073#3,0,1,1,1,1,1,1,1,1,2,2,0,0,0,0,0,0,1,1,1,1,1,1,0,0,1,1,0,0
C-clinical-11-00073#4,2,2,2,2,2,2,2,2,2,2,2,2,2,2,2,2,2,2,2,0,2,2,2,2,2,2,2,2,2
C-clinical-11-00073#5,0,2,2,2,2,2,2,2,2,2,2,2,2,2,2,2,2,2,2,2,2,2,2,2,2,0,0,2,2
C-clinical-11-00073#6,2,2,2,2,2,2,2,2,2,1,2,1,2,0,2,0,2,2,2,2,2,2,2,2,2,2,2,2,2
C-clinical-11-00073#7,2,2,2,2,2,1,2,2,2,1,2,0,2,1,2,0,2,0,2,2,2,0,2,2,2,1,2,1,2
C-clinical-11-00073#8,2,2,2,2,2,1,2,2,2,1,2,0,2,1,2,1,2,2,2,2,2,0,2,2,2,1,2,1,2
C-clinical-11-00073#9,2,2,2,2,2,0,2,2,2,2,2,2,2,2,2,2,2,2,2,2,2,2,2,2,2,2,2,2,2
C-clinical-11-00074#0,0,2,2,2,2,2,2,2,2,2,2,2,2,1,1,1,1,2,2,2,2,2,2,2,2,2,2,2,2
C-clinical-11-00074#1,1,1,1,1,1,1,1,1,1,0,1,0,1,1,1,1,1,0,1,2,2,1,1,1,1,1,1,1,1
C-clinical-11-00074#2,2,2,2,2,2,2,2,2,2,2,2,2,2,2,2,2,2,2,2,2,2,2,2,2,2,2,2,2,2
C-clinical-11-00074#3,0,2,2,2,2,2,2,2,2,2,2,2,2,0,0,0,0,2,2,2,2,2,2,0,2,0,2,2,2
C-clinical-11-00074#5,2,2,2,2,2,2,2,2,2,2,2,0,2,2,2,2,2,2,2,2,2,2,2,2,2,2,2,2,2
C-clinical-11-00074#6,2,2,2,2,2,2,2,2,2,2,2,0,2,2,2,2,2,2,2,2,2,2,2,2,2,2,2,2,2
C-clinical-11-00074#7,0,2,2,2,2,2,2,2,2,2,2,2,2,2,2,2,2,2,2,0,0,2,2,2,2,2,2,2,2
C-clinical-11-00074#8,0,2,2,2,2,2,2,2,2,2,2,2,2,2,2,2,2,2,2,0,0,2,2,2,2,0,0,2,2
C-clinical-11-00075#0,2,2,2,2,2,2,2,2,2,2,2,2,2,1,2,0,2,2,2,2,2,2,2,2,2,2,2,2,2
C-clinical-11-00075#1,2,2,2,2,2,2,2,2,2,2,2,2,2,2,2,2,2,2,2,2,2,2,2,2,2,2,2,2,2
C-clinical-11-00075#10,2,2,2,2,2,1,2,1,2,2,2,2,2,2,2,2,2,2,2,2,2,2,2,2,2,2,2,2,2
C-clinical-11-00075#11,0,2,2,2,2,2,2,2,2,2,2,0,0,2,2,2,2,2,2,0,0,2,2,2,2,2,2,2,2
C-clinical-11-00075#12,2,1,2,0,2,2,2,2,2,1,2,0,2,1,2,1,2,1,2,2,2,2,2,2,2,2,2,1,2
C-clinical-11-00075#2,2,2,2,2,2,2,2,2,2,2,2,2,2,2,2,1,2,2,2,1,2,2,2,2,2,0,2,2,2
C-clinical-11-00075#3,0,2,2,2,2,2,2,2,2,2,2,2,2,2,2,0,0,2,2,2,2,2,2,2,2,2,2,2,2
C-clinical-11-00075#4,0,2,2,2,2,2,2,2,2,1,1,0,0,2,2,2,2,2,2,0,0,2,2,2,2,0,0,2,2
C-clinical-11-00075#5,0,2,2,2,2,1,1,2,2,2,2,2,2,2,2,2,2,2,2,2,2,2,2,0,0,2,2,2,2
C-clinical-11-00075#6,2,2,2,2,2,2,2,2,2,1,2,0,2,1,2,1,2,2,2,2,2,0,2,0,2,0,2,2,2
C-clinical-11-00075#7,0,2,2,2,2,2,2,2,2,2,2,0,0,2,2,2,2,2,2,0,0,2,2,2,2,2,2,2,2
C-clinical-11-00075#8,0,2,2,2,2,2,2,2,2,2,2,2,2,2,2,2,2,2,2,2,2,2,2,2,2,0,0,2,2
C-clinical-11-00075#9,0,2,2,2,2,1,1,2,2,2,2,2,2,2,2,2,2,2,2,2,2,2,2,0,0,2,2,1,1
C-clinical-11-00077#0,0,2,2,2,2,2,2,2,2,2,2,2,2,0,0,2,2,2,2,2,2,2,2,2,2,2,2,2,2
C-clinical-11-00077#1,0,2,2,2,2,2,2,2,2,2,2,2,2,0,0,2,2,2,2,2,2,2,2,2,2,2,2,2,2
C-clinical-11-00077#2,0,2,2,2,2,2,2,2,2,1,1,0,0,2,2,2,2,2,2,0,0,2,2,2,2,2,2,2,2
C-clinical-11-00077#3,0,2,2,2,2,2,2,2,2,2,2,2,2,2,2,2,2,2,2,2,2,2,2,2,2,1,1,1,1
C-clinical-11-00079#0,0,2,2,2,2,2,2,2,2,2,2,0,1,0,0,0,1,2,2,2,2,2,2,2,2,2,2,2,2
C-clinical-11-00079#1,0,2,2,2,2,2,2,2,2,2,2,2,2,2,2,0,0,2,2,2,2,2,2,0,2,2,2,2,2
C-clinical-11-00079#2,0,2,2,2,2,2,2,2,2,2,2,2,2,0,0,0,0,2,2,0,2,2,2,0,2,0,2,2,2
C-clinical-11-00079#3,0,2,2,1,1,1,1,1,1,2,2,0,0,0,0,0,0,1,1,1,1,1,1,1,1,1,1,1,1
C-clinical-11-00079#4,0,2,2,2,2,2,2,2,2,2,2,0,2,1,1,1,1,2,2,2,2,2,2,2,2,2,2,2,2
C-clinical-11-00079#5,2,2,2,2,2,2,2,2,2,2,2,2,2,1,2,2,2,0,2,2,2,2,2,2,2,2,2,2,2
C-clinical-11-00079#6,0,2,2,2,2,2,2,2,2,2,2,0,2,0,0,0,0,2,2,2,2,2,2,2,2,2,2,2,2
C-clinical-11-00081#0,0,2,2,2,2,2,2,2,2,2,2,0,1,2,2,2,2,2,2,2,2,2,2,2,2,2,2,2,2
C-clinical-11-00081#1,1,1,1,1,1,1,1,1,1,0,1,0,1,1,1,1,1,0,1,2,2,2,2,2,2,2,2,2,2
C-clinical-11-00081#10,0,2,2,2,2,2,2,2,2,2,2,2,2,2,2,2,2,2,2,2,2,2,2,0,2,2,2,2,2
C-clinical-11-00081#11,0,2,2,2,2,2,2,2,2,2,2,2,2,2,2,2,2,0,0,0,0,2,2,1,1,2,2,1,1
C-clinical-11-00081#2,2,2,2,2,2,2,2,2,2,2,2,2,2,2,2,2,2,2,2,2,2,2,2,2,2,2,2,2,2
C-clinical-11-00081#4,0,2,2,2,2,2,2,2,2,2,2,0,0,2,2,2,2,2,2,2,2,2,2,2,2,2,2,2,2
C-clinical-11-00081#5,0,2,2,2,2,2,2,2,2,2,2,0,0,0,0,0,2,0,2,0,0,2,2,0,0,0,2,0,0
C-clinical-11-00081#6,0,2,2,2,2,2,2,2,2,0,0,0,0,2,2,2,2,2,2,0,0,2,2,2,2,2,2,0,0
C-clinical-11-00081#7,0,2,2,2,2,0,0,2,2,2,2,0,0,2,2,2,2,2,2,0,0,2,2,2,2,2,2,2,2
C-clinical-11-00081#8,0,2,2,2,2,2,2,2,2,2,2,0,0,0,0,2,2,2,2,0,0,2,2,0,0,2,2,0,0
C-clinical-11-00081#9,2,2,2,2,2,2,2,2,2,2,2,2,2,2,2,2,2,2,2,0,2,2,2,2,2,2,2,2,2
C-clinical-11-00083#0,0,2,2,2,2,2,2,2,2,2,2,1,1,2,2,2,2,2,2,2,2,2,2,2,2,2,2,2,2
C-clinical-11-00083#1,0,2,2,2,2,2,2,2,2,1,1,0,0,2,2,2,2,2,2,0,0,2,2,2,2,2,2,2,2
C-clinical-11-00083#2,2,2,2,2,2,2,2,2,2,2,2,2,2,2,2,2,2,2,2,2,2,2,2,2,2,2,2,2,2
C-clinical-11-00083#3,2,2,2,2,2,2,2,2,2,2,2,1,2,2,2,2,2,2,2,2,2,2,2,2,2,2,2,2,2
C-clinical-11-00083#4,0,2,2,2,2,2,2,2,2,2,2,1,1,2,2,1,1,2,2,0,0,2,2,2,2,2,2,2,2
C-clinical-11-00083#5,0,2,2,2,2,2,2,2,2,2,2,2,2,2,2,0,0,2,2,2,2,2,2,2,2,2,2,2,2
C-clinical-11-00090#0,0,2,2,2,2,2,2,2,2,2,2,2,2,2,2,2,2,2,2,2,2,2,2,2,2,0,0,2,2
C-clinical-11-00090#1,0,2,2,2,2,2,2,2,2,2,2,2,2,2,2,2,2,2,2,2,2,2,2,2,2,2,2,2,2
C-clinical-11-00090#2,0,2,2,2,2,2,2,2,2,2,2,2,2,0,0,0,2,0,2,2,2,2,2,0,2,0,2,2,2
C-clinical-11-00090#3,0,2,2,2,2,2,2,2,2,2,2,2,2,2,2,2,2,0,2,2,2,2,2,0,2,2,2,2,2
C-clinical-11-00090#4,2,2,2,2,2,2,2,2,2,1,2,0,2,1,2,1,2,2,2,2,2,0,2,1,2,1,2,1,2
C-clinical-11-00090#5,2,2,2,2,2,2,2,2,2,2,2,2,2,2,2,2,2,2,2,2,2,2,2,2,2,2,2,2,2
C-clinical-11-00091#0,0,2,2,2,2,2,2,2,2,2,2,1,2,0,0,2,2,2,2,2,2,2,2,2,2,2,2,2,2
C-clinical-11-00091#1,0,2,2,2,2,2,2,2,2,2,2,2,2,0,0,2,2,2,2,2,2,2,2,2,2,1,2,2,2
C-clinical-11-00091#2,2,2,2,2,2,2,2,2,2,2,2,0,2,2,2,2,2,2,2,2,2,2,2,2,2,2,2,2,2
C-clinical-11-00091#3,2,2,2,2,2,2,2,2,2,1,2,1,2,1,2,0,2,2,2,2,2,2,2,2,2,2,2,2,2
C-clinical-11-00092#1,0,2,2,2,2,2,2,2,2,2,2,0,0,2,2,2,2,2,2,0,0,2,2,2,2,2,2,2,2
C-clinical-11-00092#10,0,2,2,2,2,2,2,2,2,2,2,2,2,2,2,2,2,2,2,2,2,2,2,2,2,2,2,2,2
C-clinical-11-00092#11,2,2,2,2,2,1,2,2,2,2,2,2,2,2,2,1,2,2,2,2,2,2,2,2,2,2,2,2,2
C-clinical-11-00092#2,2,2,2,2,2,2,2,2,2,2,2,2,2,0,2,0,2,2,2,2,2,2,2,2,2,2,2,2,2
C-clinical-11-00092#3,2,2,2,2,2,2,2,2,2,2,2,2,2,0,2,0,2,2,2,2,2,2,2,0,2,0,2,2,2
C-clinical-11-00092#4,2,2,2,2,2,2,2,2,2,2,2,2,2,2,2,2,2,2,2,2,2,2,2,2,2,2,2,2,2
C-clinical-11-00092#5,1,1,1,1,1,1,1,1,1,0,1,0,1,1,1,1,1,0,1,2,2,1,1,1,1,1,1,2,2
C-clinical-11-00092#6,2,2,2,2,2,2,2,2,2,2,2,2,2,2,2,2,2,2,2,2,2,2,2,2,2,2,2,2,2
C-clinical-11-00092#7,2,2,2,2,2,2,2,2,2,2,2,2,2,0,2,0,2,2,2,2,2,2,2,2,2,2,2,2,2
C-clinical-11-00092#8,0,2,2,2,2,2,2,2,2,2,2,0,0,2,2,2,2,2,2,2,2,2,2,2,2,2,2,2,2
C-clinical-11-00092#9,0,2,2,2,2,2,2,2,2,0,0,0,0,2,2,2,2,2,2,2,2,2,2,2,2,2,2,2,2
C-clinical-11-00093#0,0,2,2,2,2,2,2,2,2,2,2,2,2,1,1,2,2,2,2,2,2,2,2,2,2,2,2,2,2
C-clinical-11-00093#1,1,2,2,2,2,2,2,2,2,2,2,0,1,2,2,2,2,2,2,1,1,2,2,2,2,2,2,2,2
C-clinical-11-00093#2,2,2,2,2,2,2,2,2,2,2,2,2,2,2,2,2,2,2,2,2,2,2,2,2,2,2,2,2,2
C-clinical-11-00093#3,0,2,2,2,2,2,2,2,2,2,2,2,2,2,2,2,2,2,2,2,2,2,2,2,2,2,2,2,2
C-clinical-11-00093#4,0,2,2,2,2,2,2,2,2,2,2,2,2,2,2,0,2,2,2,2,2,2,2,2,2,2,2,2,2
C-clinical-11-00093#5,0,2,2,2,2,2,2,2,2,2,2,1,1,2,2,1,1,2,2,0,0,2,2,2,2,2,2,2,2
C-clinical-11-00093#6,0,2,2,2,2,2,2,2,2,2,2,2,2,2,2,2,2,2,2,2,2,2,2,2,2,2,2,2,2
C-clinical-11-00093#7,0,2,2,2,2,2,2,2,2,2,2,2,2,2,2,2,2,2,2,2,2,2,2,0,0,0,0,2,2
C-clinical-11-00093#8,0,2,2,2,2,2,2,2,2,1,1,2,2,2,2,1,1,2,2,1,1,2,2,2,2,2,2,2,2
C-clinical-11-00094#0,0,2,2,2,2,2,2,2,2,2,2,1,1,0,0,1,1,2,2,2,2,2,2,1,2,2,2,2,2
C-clinical-11-00094#1,0,2,2,2,2,2,2,2,2,2,2,0,0,0,0,0,2,0,2,2,2,2,2,2,2,0,2,2,2
C-clinical-11-00094#2,0,1,1,1,1,1,1,1,1,2,2,0,0,0,0,0,0,0,0,1,1,1,1,1,1,1,1,1,1
C-clinical-11-00094#3,0,2,2,2,2,2,2,2,2,2,2,0,0,0,0,0,0,2,2,0,0,2,2,2,2,2,2,2,2
C-clinical-11-00094#4,2,2,2,1,2,1,2,1,2,1,2,1,2,1,2,1,2,0,2,2,2,1,2,1,2,1,2,1,2
C-clinical-11-00096#0,0,2,2,2,2,2,2,2,2,2,2,2,2,2,2,1,1,2,2,2,2,2,2,2,2,2,2,2,2
C-clinical-11-00096#1,0,2,2,2,2,2,2,2,2,2,2,2,2,2,2,2,2,2,2,2,2,2,2,2,2,2,2,2,2
C-clinical-11-00096#2,0,2,2,1,1,1,1,1,1,2,2,0,0,0,0,0,0,1,1,1,1,1,1,1,1,1,1,1,1
C-clinical-11-00096#3,2,2,2,2,2,2,2,2,2,1,2,0,2,1,2,1,2,2,2,2,2,0,2,2,2,1,2,1,2
C-clinical-11-00096#4,2,2,2,2,2,2,2,2,2,1,2,1,2,0,2,0,2,2,2,2,2,2,2,2,2,2,2,2,2
C-clinical-11-00096#5,2,2,2,2,2,2,2,2,2,2,2,2,2,2,2,2,2,2,2,0,2,2,2,2,2,0,2,2,2
C-clinical-11-00098#0,2,2,2,2,2,2,2,2,2,2,2,2,2,2,2,2,2,2,2,2,2,2,2,2,2,2,2,2,2
C-clinical-11-00098#1,1,2,2,2,2,1,1,2,2,1,1,2,2,2,2,2,2,2,2,2,2,2,2,2,2,2,2,2,2
C-clinical-11-00098#10,0,2,2,2,2,2,2,2,2,1,1,1,1,2,2,1,1,2,2,1,1,2,2,2,2,2,2,2,2
C-clinical-11-00098#11,0,2,2,2,2,2,2,2,2,2,2,0,0,2,2,2,2,2,2,0,0,2,2,2,2,2,2,2,2
C-clinical-11-00098#12,0,2,2,2,2,0,0,2,2,0,0,2,2,2,2,2,2,0,0,0,0,2,2,0,0,0,0,0,0
C-clinical-11-00098#2,1,1,1,1,1,1,1,1,1,0,1,0,1,1,1,1,1,0,1,2,2,1,1,1,1,1,1,1,1
C-clinical-11-00098#3,2,2,2,2,2,0,2,2,2,2,2,1,2,2,2,2,2,2,2,0,2,2,2,2,2,2,2,2,2
C-clinical-11-00098#4,2,2,2,2,2,2,2,2,2,2,2,2,2,2,2,2,2,2,2,2,2,2,2,2,2,2,2,2,2
C-clinical-11-00098#5,2,2,2,2,2,2,2,2,2,2,2,2,2,2,2,1,2,2,2,0,2,2,2,2,2,2,2,2,2
C-clinical-11-00098#6,0,2,2,2,2,2,2,2,2,2,2,2,2,2,2,0,0,2,2,0,0,2,2,2,2,2,2,2,2
C-clinical-11-00098#7,0,2,2,2,2,1,1,2,2,2,2,2,2,2,2,1,1,2,2,2,2,2,2,2,2,2,2,1,1
C-clinical-11-00098#8,0,2,2,2,2,2,2,2,2,2,2,0,0,2,2,2,2,2,2,0,0,2,2,2,2,2,2,2,2
C-clinical-11-00098#9,2,2,2,2,2,1,2,2,2,1,2,0,2,2,2,0,2,2,2,2,2,2,2,2,2,2,2,2,2
C-clinical-11-00101#0,0,2,2,2,2,2,2,2,2,2,2,0,0,2,2,1,1,2,2,2,2,2,2,2,2,2,2,2,2
C-clinical-11-00101#1,0,2,2,2,2,2,2,2,2,2,2,2,2,2,2,2,2,2,2,2,2,2,2,2,2,2,2,2,2
C-clinical-11-00101#2,2,2,2,2,2,2,2,2,2,2,2,2,2,2,2,2,2,2,2,2,2,2,2,2,2,2,2,2,2
C-clinical-11-00101#3,0,2,2,2,2,2,2,2,2,2,2,2,2,2,2,2,2,2,2,2,2,2,2,2,2,2,2,2,2
C-clinical-11-00101#4,0,2,2,2,2,2,2,2,2,2,2,0,0,2,2,0,0,2,2,2,2,2,2,2,2,2,2,2,2
C-clinical-11-00101#5,0,2,2,2,2,2,2,2,2,0,0,0,0,2,2,2,2,0,0,0,0,2,2,2,2,2,2,2,2
C-clinical-11-00101#6,2,2,2,2,2,1,2,2,2,2,2,2,2,2,2,2,2,2,2,1,2,2,2,2,2,2,2,2,2
C-clinical-11-00101#7,0,2,2,2,2,2,2,2,2,2,2,2,2,2,2,2,2,2,2,2,2,2,2,2,2,2,2,2,2
C-clinical-11-00101#8,2,2,2,2,2,1,2,2,2,2,2,2,2,2,2,2,2,2,2,1,2,2,2,2,2,2,2,2,2
C-clinical-11-00102#0,0,2,2,2,2,2,2,2,2,2,2,2,2,0,0,2,2,2,2,2,2,2,2,2,2,2,2,2,2
C-clinical-11-00102#1,1,1,1,1,1,1,1,1,1,0,1,0,1,1,1,1,1,0,1,2,2,2,2,2,2,2,2,2,2
C-clinical-11-00102#10,0,2,2,2,2,0,0,2,2,2,2,0,0,2,2,1,1,2,2,2,2,2,2,2,2,2,2,2,2
C-clinical-11-00102#3,1,2,2,2,2,1,1,2,2,1,1,0,1,2,2,1,1,2,2,1,1,0,1,1,1,2,2,2,2
C-clinical-11-00102#4,2,2,2,2,2,2,2,2,2,2,2,2,2,2,2,2,2,2,2,2,2,2,2,2,2,2,2,2,2
C-clinical-11-00102#5,0,2,2,2,2,2,2,2,2,2,2,2,2,1,1,1,1,2,2,0,0,2,2,2,2,2,2,2,2
C-clinical-11-00102#6,0,2,2,2,2,2,2,2,2,2,2,2,2,0,0,0,0,2,2,2,2,2,2,2,2,2,2,2,2
C-clinical-11-00102#7,0,2,2,2,2,2,2,2,2,2,2,0,0,2,2,2,2,2,2,0,0,2,2,2,2,0,0,2,2
C-clinical-11-00102#8,0,2,2,2,2,2,2,2,2,2,2,2,2,0,0,0,2,0,2,2,2,2,2,0,2,0,2,2,2
C-clinical-11-00102#9,0,2,2,2,2,1,1,2,2,1,1,1,1,1,1,1,1,2,2,1,1,2,2,2,2,2,2,2,2
C-clinical-11-00103#0,0,2,2,2,2,2,2,2,2,2,2,2,2,2,2,0,1,2,2,2,2,2,2,2,2,2,2,2,2
C-clinical-11-00103#1,0,2,2,2,2,2,2,2,2,2,2,2,2,2,2,2,2,2,2,2,2,2,2,0,2,0,2,2,2
C-clinical-11-00103#2,0,2,2,2,2,1,1,2,2,1,1,0,0,1,1,1,1,2,2,1,1,0,0,2,2,0,0,1,1
C-clinical-11-00103#3,2,2,2,2,2,2,2,2,2,2,2,0,2,1,2,1,2,2,2,2,2,0,2,2,2,0,2,2,2
C-clinical-11-00103#4,1,2,2,2,2,2,2,2,2,1,1,1,1,1,1,1,1,2,2,1,1,2,2,2,2,2,2,2,2
C-clinical-11-00103#5,1,2,2,2,2,1,1,2,2,2,2,2,2,2,2,2,2,0,1,2,2,2,2,2,2,0,1,2,2
C-clinical-11-00103#6,2,2,2,2,2,1,2,2,2,2,2,1,2,2,2,2,2,2,2,2,2,2,2,2,2,2,2,2,2
C-clinical-11-00103#7,2,2,2,2,2,2,2,2,2,1,2,0,2,1,2,1,2,2,2,2,2,0,2,1,2,1,2,1,2
C-clinical-11-00103#8,0,2,2,2,2,2,2,2,2,2,2,2,2,0,0,2,2,2,2,2,2,2,2,0,2,0,2,0,2
C-clinical-11-00103#9,2,2,2,2,2,1,2,2,2,2,2,1,2,2,2,2,2,2,2,2,2,1,2,2,2,2,2,2,2
C-clinical-11-00105#0,0,2,2,2,2,2,2,2,2,2,2,0,0,0,0,0,1,2,2,2,2,2,2,2,2,2,2,2,2
C-clinical-11-00105#2,0,2,2,2,2,2,2,2,2,2,2,2,2,0,0,2,2,0,0,2,2,2,2,2,2,2,2,2,2
C-clinical-11-00105#3,0,2,2,2,2,2,2,2,2,2,2,0,0,2,2,2,2,0,2,0,2,2,2,2,2,2,2,2,2
C-clinical-11-00108#0,0,2,2,2,2,2,2,2,2,2,2,1,1,1,1,0,0,2,2,2,2,2,2,2,2,2,2,2,2
C-clinical-11-00108#1,0,2,2,2,2,2,2,2,2,2,2,0,0,0,0,0,0,0,2,0,2,2,2,0,2,0,2,2,2
C-clinical-11-00108#2,0,2,2,2,2,2,2,2,2,2,2,0,0,1,1,1,1,2,2,2,2,2,2,2,2,2,2,2,2
C-clinical-11-00108#3,0,2,2,2,2,2,2,2,2,2,2,0,0,2,2,2,2,2,2,2,2,2,2,2,2,2,2,2,2
C-clinical-11-00108#4,2,2,2,2,2,2,2,2,2,1,2,0,2,2,2,1,2,2,2,2,2,2,2,0,2,2,2,2,2
C-clinical-11-00108#5,0,2,2,2,2,2,2,2,2,2,2,0,0,2,2,2,2,2,2,2,2,2,2,2,2,2,2,2,2
C-clinical-11-00108#6,2,2,2,2,2,2,2,2,2,2,2,2,2,2,2,2,2,2,2,2,2,2,2,2,2,0,2,2,2
C-clinical-11-00110#0,0,2,2,2,2,2,2,2,2,2,2,2,2,2,2,2,2,2,2,2,2,2,2,2,2,2,2,2,2
C-clinical-11-00110#1,2,2,2,2,2,2,2,2,2,2,2,0,2,2,2,2,2,2,2,2,2,2,2,2,2,2,2,2,2
C-clinical-11-00110#10,1,1,1,1,1,1,1,1,1,1,1,1,1,1,1,1,1,1,1,0,1,1,1,1,1,1,1,1,1
C-clinical-11-00110#2,0,2,2,2,2,2,2,2,2,2,2,0,2,0,0,0,2,2,2,2,2,2,2,0,2,0,2,2,2
C-clinical-11-00110#3,2,2,2,2,2,2,2,2,2,2,2,2,2,2,2,2,2,2,2,2,2,2,2,2,2,2,2,2,2
C-clinical-11-00110#4,2,2,2,2,2,2,2,2,2,2,2,0,2,2,2,2,2,2,2,2,2,2,2,2,2,2,2,2,2
C-clinical-11-00110#5,2,2,2,2,2,2,2,2,2,1,2,0,2,1,2,1,2,2,2,2,2,0,2,1,2,0,2,1,2
C-clinical-11-00110#6,2,2,2,2,2,2,2,2,2,1,2,1,2,0,2,0,2,2,2,2,2,2,2,2,2,2,2,2,2
C-clinical-11-00110#7,0,2,2,2,2,2,2,2,2,1,1,2,2,2,2,2,2,2,2,0,0,2,2,2,2,0,0,2,2
C-clinical-11-00110#8,0,1,1,2,2,0,0,0,0,2,2,0,0,2,2,1,1,2,2,0,0,2,2,2,2,2,2,2,2
C-clinical-11-00110#9,0,2,2,2,2,2,2,2,2,2,2,1,1,2,2,2,2,2,2,2,2,2,2,2,2,2,2,2,2
C-clinical-11-00111#0,0,2,2,2,2,2,2,2,2,2,2,2,2,1,1,1,2,2,2,2,2,2,2,2,2,2,2,2,2
C-clinical-11-00111#1,0,2,2,2,2,2,2,2,2,2,2,1,1,1,1,0,0,2,2,2,2,2,2,2,2,2,2,2,2
C-clinical-11-00111#2,0,2,2,2,2,1,1,1,1,2,2,0,0,0,0,0,0,0,0,1,1,1,1,1,1,1,1,1,1
C-clinical-11-00111#3,0,2,2,2,2,2,2,2,2,2,2,2,2,0,0,2,2,2,2,2,2,2,2,2,2,2,2,2,2
C-clinical-11-00115#0,0,2,2,2,2,2,2,2,2,2,2,0,0,2,2,2,2,2,2,2,2,2,2,2,2,2,2,2,2
C-clinical-11-00115#1,0,2,2,2,2,2,2,2,2,2,2,2,2,2,2,1,1,2,2,2,2,2,2,1,2,2,2,2,2
C-clinical-11-00115#2,0,2,2,2,2,2,2,2,2,2,2,2,2,2,2,2,2,0,2,2,2,2,2,2,2,0,2,2,2
C-clinical-11-00115#3,0,2,2,2,2,2,2,2,2,2,2,0,0,2,2,1,1,2,2,2,2,2,2,2,2,2,2,2,2
C-clinical-11-00115#4,0,1,1,1,1,0,0,1,1,2,2,0,0,0,0,0,0,1,1,1,1,1,1,1,1,1,1,1,1
C-clinical-11-00115#5,2,2,2,0,2,0,2,1,2,1,2,0,2,1,2,1,2,0,2,2,2,2,2,2,2,2,2,1,2
C-clinical-11-00115#6,2,2,2,2,2,2,2,2,2,1,2,1,2,1,2,0,2,2,2,2,2,2,2,2,2,0,2,2,2
C-clinical-11-00115#7,0,2,2,2,2,2,2,2,2,2,2,2,2,2,2,2,2,2,2,2,2,2,2,2,2,0,0,2,2
C-clinical-11-00115#8,1,1,1,1,1,1,1,1,1,1,1,1,1,1,1,1,1,0,1,1,1,1,1,1,1,1,1,1,1
C-clinical-11-00115#9,0,0,0,2,2,0,0,2,2,2,2,0,0,2,2,2,2,2,2,0,0,2,2,2,2,2,2,2,2
C-clinical-11-00116#0,0,2,2,2,2,2,2,2,2,2,2,1,1,1,1,1,1,2,2,2,2,2,2,2,2,2,2,2,2
C-clinical-11-00116#1,2,2,2,2,2,2,2,2,2,2,2,0,2,2,2,2,2,2,2,2,2,2,2,2,2,2,2,2,2
C-clinical-11-00116#2,0,2,2,2,2,2,2,2,2,2,2,0,0,0,0,0,0,2,2,0,2,2,2,2,2,0,2,2,2
C-clinical-11-00116#3,0,1,1,1,1,0,0,1,1,2,2,0,0,0,0,0,0,1,1,1,1,0,0,0,0,1,1,0,0
C-clinical-11-00116#4,2,2,2,2,2,2,2,2,2,2,2,0,2,2,2,2,2,2,2,2,2,2,2,2,2,2,2,2,2
C-clinical-11-00117#0,2,2,2,2,2,2,2,2,2,2,2,1,2,0,2,0,2,0,2,2,2,2,2,2,2,2,2,2,2
C-clinical-11-00117#1,2,2,2,2,2,0,2,2,2,2,2,0,2,0,2,0,2,0,2,2,2,2,2,2,2,2,2,0,2
C-clinical-11-00117#10,0,2,2,2,2,2,2,2,2,2,2,0,0,0,0,0,0,2,2,2,2,2,2,2,2,2,2,2,2
C-clinical-11-00117#11,0,2,2,2,2,2,2,2,2,2,2,0,0,0,0,0,0,0,0,2,2,2,2,2,2,2,2,2,2
C-clinical-11-00117#12,0,2,2,2,2,2,2,2,2,1,1,1,1,1,1,1,1,2,2,0,0,2,2,2,2,2,2,2,2
C-clinical-11-00117#2,1,2,2,2,2,2,2,1,1,2,2,0,1,2,2,1,1,2,2,1,1,2,2,2,2,2,2,2,2
C-clinical-11-00117#3,0,2,2,2,2,2,2,2,2,2,2,2,2,2,2,2,2,2,2,2,2,2,2,2,2,2,2,2,2
C-clinical-11-00117#4,1,1,1,1,1,1,1,1,1,0,1,0,1,1,1,0,1,0,1,2,2,2,2,2,2,2,2,2,2
C-clinical-11-00117#5,0,2,2,2,2,2,2,2,2,1,1,1,1,1,1,1,1,2,2,0,0,2,2,2,2,2,2,2,2
C-clinical-11-00117#6,0,2,2,2,2,2,2,2,2,2,2,2,2,2,2,0,0,2,2,2,2,2,2,2,2,2,2,2,2
C-clinical-11-00117#7,0,2,2,2,2,2,2,2,2,2,2,0,0,2,2,2,2,2,2,2,2,2,2,2,2,0,0,2,2
C-clinical-11-00117#9,2,2,2,2,2,2,2,2,2,2,2,1,2,0,2,0,2,2,2,2,2,2,2,1,2,2,2,2,2
C-clinical-11-00120#0,0,2,2,2,2,2,2,2,2,2,2,0,0,2,2,0,0,2,2,2,2,2,2,2,2,2,2,2,2
C-clinical-11-00120#10,0,2,2,2,2,2,2,2,2,2,2,0,0,2,2,2,2,2,2,0,0,2,2,2,2,2,2,2,2
C-clinical-11-00120#2,2,2,2,2,2,2,2,2,2,2,2,2,2,2,2,2,2,2,2,2,2,2,2,2,2,2,2,2,2
C-clinical-11-00120#3,0,2,2,2,2,2,2,2,2,2,2,0,0,2,2,2,2,2,2,2,2,2,2,2,2,2,2,2,2
C-clinical-11-00120#4,2,2,2,2,2,2,2,2,2,2,2,2,2,2,2,2,2,2,2,2,2,2,2,2,2,0,2,2,2
C-clinical-11-00120#5,0,2,2,2,2,2,2,2,2,2,2,2,2,2,2,2,2,2,2,0,0,2,2,2,2,2,2,2,2
C-clinical-11-00120#6,0,2,2,2,2,2,2,2,2,2,2,0,0,2,2,0,0,2,2,2,2,2,2,2,2,2,2,2,2
C-clinical-11-00120#7,2,2,2,2,2,1,2,2,2,2,2,2,2,2,2,1,2,2,2,2,2,2,2,2,2,2,2,2,2
C-clinical-11-00120#8,0,2,2,2,2,2,2,2,2,2,2,0,0,2,2,2,2,2,2,0,0,2,2,2,2,2,2,2,2
C-clinical-11-00126#0,0,2,2,2,2,2,2,2,2,2,2,0,0,1,1,0,0,2,2,2,2,2,2,1,1,2,2,2,2
C-clinical-11-00126#1,0,2,2,2,2,2,2,2,2,2,2,0,0,0,0,0,0,0,2,2,2,2,2,0,0,0,2,2,2
C-clinical-11-00126#10,0,2,2,2,2,1,1,2,2,1,1,2,2,2,2,1,1,2,2,1,1,1,1,1,1,2,2,2,2
C-clinical-11-00126#2,0,2,2,2,2,1,1,2,2,1,1,2,2,2,2,2,2,2,2,1,1,2,2,2,2,2,2,2,2
C-clinical-11-00126#3,2,2,2,2,2,1,2,2,2,1,2,0,2,2,2,1,2,2,2,2,2,2,2,2,2,2,2,2,2
C-clinical-11-00126#4,2,2,2,2,2,1,2,2,2,1,2,0,2,2,2,1,2,2,2,2,2,2,2,2,2,2,2,2,2
C-clinical-11-00126#5,1,2,2,2,2,2,2,2,2,2,2,2,2,2,2,2,2,2,2,2,2,2,2,2,2,2,2,2,2
C-clinical-11-00126#6,1,2,2,2,2,2,2,2,2,2,2,2,2,2,2,2,2,2,2,2,2,2,2,2,2,2,2,2,2
C-clinical-11-00126#7,2,2,2,2,2,0,2,1,2,2,2,2,2,2,2,2,2,2,2,2,2,2,2,2,2,2,2,2,2
C-clinical-11-00126#8,2,2,2,2,2,2,2,2,2,2,2,0,2,2,2,2,2,2,2,0,2,2,2,2,2,2,2,2,2
C-clinical-11-00126#9,0,2,2,2,2,2,2,2,2,2,2,0,0,2,2,0,0,2,2,2,2,2,2,2,2,2,2,2,2
C-clinical-11-00128#0,0,2,2,2,2,2,2,2,2,2,2,0,1,2,2,2,2,2,2,2,2,2,2,2,2,2,2,2,2
C-clinical-11-00128#10,2,2,2,2,2,2,2,2,2,2,2,2,2,2,2,2,2,2,2,2,2,2,2,2,2,2,2,2,2
C-clinical-11-00128#2,1,1,1,1,1,0,1,1,1,0,1,0,1,1,1,1,1,0,1,2,2,1,1,1,1,1,1,1,1
C-clinical-11-00128#3,2,2,2,2,2,2,2,2,2,2,2,2,2,2,2,2,2,2,2,2,2,2,2,2,2,2,2,2,2
C-clinical-11-00128#4,2,2,2,2,2,2,2,2,2,2,2,2,2,2,2,2,2,2,2,2,2,2,2,2,2,2,2,2,2
C-clinical-11-00128#5,0,2,2,2,2,2,2,2,2,2,2,2,2,2,2,2,2,0,2,2,2,2,2,0,2,0,2,2,2
C-clinical-11-00128#6,1,1,1,2,2,1,1,2,2,2,2,1,1,1,1,1,1,1,1,1,1,1,1,1,1,1,1,2,2
C-clinical-11-00128#7,0,2,2,2,2,1,1,2,2,2,2,2,2,2,2,2,2,0,0,2,2,2,2,2,2,0,0,2,2
C-clinical-11-00128#8,0,2,2,2,2,2,2,2,2,2,2,0,0,2,2,0,0,0,0,2,2,2,2,2,2,2,2,2,2
C-clinical-11-00128#9,2,2,2,2,2,2,2,2,2,2,2,2,2,2,2,2,2,2,2,2,2,2,2,2,2,2,2,2,2
C-clinical-11-00129#0,0,2,2,2,2,2,2,2,2,2,2,2,2,2,2,1,1,2,2,2,2,2,2,2,2,2,2,2,2
C-clinical-11-00129#1,0,2,2,2,2,2,2,2,2,2,2,2,2,1,1,1,1,2,2,1,1,2,2,2,2,2,2,2,2
C-clinical-11-00129#2,0,2,2,2,2,2,2,2,2,2,2,2,2,0,0,0,0,2,2,2,2,2,2,2,2,2,2,2,2
C-clinical-11-00129#3,0,2,2,2,2,2,2,2,2,2,2,2,2,2,2,2,2,2,2,2,2,2,2,2,2,2,2,2,2
C-clinical-11-00129#4,2,2,2,2,2,2,2,2,2,2,2,0,2,2,2,2,2,2,2,0,2,2,2,2,2,2,2,2,2
C-clinical-11-00129#5,0,2,2,2,2,2,2,2,2,2,2,2,2,2,2,2,2,2,2,0,0,2,2,2,2,2,2,2,2
C-clinical-11-00129#6,2,2,2,2,2,1,2,1,2,1,2,2,2,1,2,1,2,1,2,2,2,1,2,1,2,1,2,1,2
C-clinical-11-00132#0,0,2,2,2,2,2,2,2,2,2,2,2,2,0,0,0,0,2,2,2,2,2,2,2,2,2,2,2,2
C-clinical-11-00132#1,1,2,2,2,2,1,1,2,2,2,2,0,1,2,2,1,1,2,2,1,1,1,1,1,1,1,1,2,2
C-clinical-11-00132#10,0,2,2,2,2,2,2,2,2,2,2,2,2,2,2,1,1,2,2,2,2,2,2,2,2,2,2,2,2
C-clinical-11-00132#11,1,1,1,1,1,1,1,1,1,2,2,0,1,0,1,0,1,2,2,1,1,1,1,1,1,1,1,1,1
C-clinical-11-00132#12,0,2,2,2,2,1,1,2,2,1,1,2,2,2,2,1,1,2,2,1,1,2,2,1,1,1,1,1,1
C-clinical-11-00132#13,0,2,2,2,2,2,2,2,2,2,2,2,2,0,0,0,2,2,2,2,2,2,2,2,2,2,2,2,2
C-clinical-11-00132#14,2,2,2,2,2,2,2,2,2,2,2,0,2,2,2,2,2,2,2,0,2,2,2,2,2,2,2,2,2
C-clinical-11-00132#2,0,2,2,2,2,1,1,1,1,1,1,0,0,2,2,1,1,2,2,1,1,0,0,0,0,2,2,1,1
C-clinical-11-00132#3,2,2,2,2,2,0,2,2,2,1,2,0,2,2,2,1,2,0,2,2,2,2,2,0,2,2,2,2,2
C-clinical-11-00132#4,0,2,2,2,2,2,2,2,2,2,2,2,2,2,2,2,2,2,2,2,2,2,2,2,2,2,2,2,2
C-clinical-11-00132#5,0,2,2,2,2,2,2,2,2,2,2,2,2,2,2,2,2,2,2,0,0,2,2,2,2,0,0,0,0
C-clinical-11-00132#6,0,2,2,2,2,2,2,2,2,2,2,2,2,2,2,0,0,2,2,2,2,2,2,2,2,2,2,2,2
C-clinical-11-00132#7,0,2,2,2,2,2,2,2,2,2,2,2,2,2,2,2,2,2,2,2,2,2,2,0,0,0,0,2,2
C-clinical-11-00132#8,0,2,2,2,2,1,1,1,1,1,1,2,2,2,2,1,1,2,2,1,1,0,0,0,0,1,1,1,1
C-clinical-11-00132#9,1,2,2,1,1,1,1,2,2,1,1,0,1,1,1,1,1,2,2,1,1,1,1,1,1,1,1,2,2
C-clinical-11-00133#0,0,2,2,2,2,2,2,2,2,2,2,2,2,2,2,2,2,2,2,0,0,2,2,0,0,0,0,2,2
C-clinical-11-00133#1,0,1,1,1,1,1,1,1,1,2,2,0,0,2,2,0,0,2,2,1,1,1,1,1,1,1,1,1,1
C-clinical-11-00133#2,0,2,2,2,2,2,2,2,2,2,2,2,2,2,2,0,2,2,2,2,2,2,2,2,2,2,2,2,2
C-clinical-11-00133#3,0,2,2,2,2,2,2,2,2,2,2,2,2,2,2,2,2,2,2,2,2,2,2,2,2,2,2,2,2
C-clinical-11-00133#4,2,2,2,2,2,1,2,2,2,2,2,2,2,2,2,2,2,2,2,1,2,2,2,2,2,2,2,2,2
C-clinical-11-00133#5,0,2,2,2,2,2,2,1,1,2,2,1,1,1,1,0,1,1,1,2,2,1,1,2,2,1,1,2,2
C-clinical-11-00133#6,0,2,2,2,2,2,2,2,2,2,2,2,2,2,2,2,2,2,2,0,0,2,2,0,0,2,2,2,2
C-clinical-11-00134#0,0,2,2,2,2,2,2,2,2,2,2,2,2,0,0,1,1,2,2,2,2,2,2,2,2,2,2,2,2
C-clinical-11-00134#1,1,2,2,2,2,1,1,2,2,2,2,2,2,2,2,2,2,2,2,2,2,2,2,2,2,0,1,2,2
C-clinical-11-00134#2,2,2,2,2,2,2,2,2,2,1,2,0,2,1,2,1,2,2,2,2,2,0,2,2,2,1,2,1,2
C-clinical-11-00134#3,2,2,2,2,2,2,2,2,2,1,2,1,2,0,2,1,2,2,2,2,2,2,2,2,2,2,2,2,2
C-clinical-11-00138#0,0,2,2,2,2,2,2,2,2,2,2,0,0,0,0,0,1,2,2,2,2,2,2,2,2,1,1,2,2
C-clinical-11-00138#1,0,2,2,2,2,2,2,2,2,2,2,0,0,0,0,1,1,2,2,2,2,2,2,2,2,1,1,2,2
C-clinical-11-00138#2,0,2,2,2,2,1,1,2,2,2,2,2,2,2,2,1,1,2,2,1,1,2,2,2,2,2,2,2,2
C-clinical-11-00138#3,2,2,2,1,2,1,2,1,2,1,2,2,2,1,2,1,2,1,2,2,2,1,2,1,2,1,2,1,2
C-clinical-11-00138#4,0,2,2,2,2,2,2,2,2,2,2,0,0,2,2,2,2,0,0,0,0,0,0,0,0,0,0,2,2
C-clinical-11-00140#0,0,2,2,2,2,2,2,2,2,2,2,0,0,2,2,2,2,2,2,2,2,2,2,2,2,2,2,2,2
C-clinical-11-00140#1,0,2,2,2,2,2,2,2,2,2,2,2,2,0,0,0,0,2,2,2,2,2,2,1,1,2,2,2,2
C-clinical-11-00140#10,0,2,2,2,2,2,2,2,2,2,2,0,0,2,2,2,2,2,2,0,0,2,2,2,2,2,2,2,2
C-clinical-11-00140#11,0,2,2,2,2,2,2,2,2,2,2,0,0,2,2,2,2,2,2,2,2,2,2,2,2,2,2,2,2
C-clinical-11-00140#12,2,2,2,2,2,2,2,2,2,1,2,0,2,1,2,1,2,2,2,2,2,0,2,2,2,1,2,1,2
C-clinical-11-00140#13,2,2,2,2,2,1,2,2,2,2,2,2,2,2,2,2,2,2,2,2,2,2,2,2,2,2,2,2,2
C-clinical-11-00140#2,0,2,2,2,2,0,2,2,2,2,2,2,2,0,0,0,0,0,2,2,2,2,2,0,0,0,2,2,2
C-clinical-11-00140#3,0,2,2,2,2,2,2,2,2,2,2,2,2,2,2,2,2,2,2,0,0,2,2,2,2,2,2,2,2
C-clinical-11-00140#4,2,2,2,2,2,0,2,2,2,2,2,2,2,2,2,2,2,2,2,2,2,2,2,2,2,2,2,2,2
C-clinical-11-00140#5,0,2,2,2,2,0,0,2,2,2,2,2,2,2,2,2,2,2,2,0,0,2,2,2,2,2,2,2,2
C-clinical-11-00140#6,2,2,2,2,2,2,2,2,2,2,2,2,2,2,2,2,2,2,2,0,2,2,2,0,2,2,2,2,2
C-clinical-11-00140#7,2,2,2,2,2,2,2,2,2,1,2,0,2,1,2,1,2,2,2,2,2,0,2,2,2,1,2,1,2
C-clinical-11-00140#8,2,2,2,2,2,2,2,2,2,1,2,1,2,0,2,0,2,2,2,2,2,2,2,2,2,2,2,2,2
C-clinical-11-00140#9,2,2,2,2,2,2,2,2,2,2,2,2,2,2,2,2,2,2,2,2,2,2,2,2,2,2,2,2,2
C-clinical-11-00141#1,2,2,2,2,2,2,2,2,2,2,2,2,2,2,2,1,2,2,2,2,2,2,2,2,2,2,2,2,2
C-clinical-11-00141#2,0,2,2,2,2,2,2,2,2,2,2,0,0,2,2,2,2,2,2,2,2,2,2,2,2,2,2,2,2
C-clinical-11-00141#3,1,1,1,1,1,1,1,1,1,0,1,0,1,1,1,1,1,0,1,0,1,1,1,1,1,1,1,1,1
C-clinical-11-00141#4,2,2,2,2,2,2,2,2,2,2,2,2,2,2,2,2,2,2,2,2,2,2,2,2,2,2,2,2,2
C-clinical-11-00145#0,0,2,2,2,2,2,2,2,2,2,2,1,1,0,0,0,0,2,2,2,2,2,2,2,2,2,2,2,2
C-clinical-11-00145#10,0,2,2,2,2,1,1,2,2,2,2,0,0,2,2,2,2,2,2,2,2,2,2,0,0,2,2,2,2
C-clinical-11-00145#11,1,1,1,1,1,1,1,1,1,1,1,1,1,1,1,1,1,0,1,1,1,1,1,1,1,1,1,1,1
C-clinical-11-00145#12,2,2,2,2,2,2,2,2,2,2,2,0,2,0,2,0,2,2,2,2,2,2,2,0,2,2,2,2,2
C-clinical-11-00145#13,0,2,2,2,2,2,2,2,2,2,2,2,2,2,2,2,2,2,2,1,1,2,2,2,2,2,2,2,2
C-clinical-11-00145#2,2,2,2,2,2,2,2,2,2,2,2,2,2,2,2,2,2,2,2,2,2,2,2,2,2,2,2,2,2
C-clinical-11-00145#3,0,2,2,2,2,2,2,2,2,2,2,2,2,0,0,0,0,0,2,2,2,2,2,0,2,0,2,2,2
C-clinical-11-00145#4,1,1,1,1,1,0,1,1,1,0,1,0,1,1,1,1,1,0,1,2,2,1,1,1,1,2,2,1,1
C-clinical-11-00145#5,2,2,2,2,2,2,2,2,2,2,2,0,2,2,2,2,2,2,2,2,2,2,2,2,2,2,2,2,2
C-clinical-11-00145#6,2,2,2,2,2,2,2,2,2,2,2,2,2,2,2,2,2,2,2,2,2,2,2,2,2,2,2,0,2
C-clinical-11-00145#7,2,2,2,2,2,2,2,2,2,2,2,2,2,2,2,2,2,2,2,2,2,2,2,2,2,2,2,2,2
C-clinical-11-00145#8,2,2,2,2,2,2,2,2,2,2,2,0,2,2,2,2,2,2,2,2,2,2,2,0,2,2,2,2,2
C-clinical-11-00145#9,0,2,2,2,2,2,2,2,2,1,1,0,0,2,2,1,1,2,2,0,0,2,2,2,2,2,2,2,2
C-clinical-11-00146#0,0,2,2,2,2,2,2,2,2,2,2,0,0,1,1,0,0,2,2,2,2,2,2,2,2,2,2,2,2
C-clinical-11-00146#1,0,2,2,2,2,2,2,2,2,2,2,2,2,2,2,2,2,2,2,0,0,2,2,2,2,2,2,2,2
C-clinical-11-00146#2,0,2,2,2,2,2,2,2,2,2,2,2,2,2,2,0,0,2,2,0,0,2,2,2,2,2,2,2,2
C-clinical-11-00146#3,0,2,2,2,2,2,2,2,2,2,2,2,2,2,2,0,0,2,2,2,2,2,2,2,2,2,2,2,2
C-clinical-11-00146#4,0,2,2,2,2,2,2,2,2,2,2,0,0,0,0,2,2,2,2,0,0,2,2,2,2,2,2,2,2
C-clinical-11-00146#5,0,2,2,1,1,1,1,1,1,2,2,0,0,0,0,0,0,1,1,1,1,1,1,1,1,1,1,1,1
C-clinical-11-00146#6,0,2,2,2,2,1,1,2,2,1,1,2,2,1,1,1,1,2,2,1,1,2,2,2,2,2,2,1,1
C-clinical-11-00152#0,0,2,2,2,2,2,2,2,2,2,2,0,0,0,0,2,2,2,2,2,2,2,2,2,2,2,2,2,2
C-clinical-11-00152#1,0,2,2,2,2,1,1,1,1,2,2,0,0,0,0,0,1,2,2,2,2,1,1,2,2,2,2,2,2
C-clinical-11-00152#2,0,2,2,2,2,2,2,2,2,2,2,0,0,0,0,2,2,2,2,2,2,2,2,2,2,2,2,2,2
C-clinical-11-00152#3,2,2,2,2,2,0,2,2,2,2,2,2,2,2,2,2,2,2,2,2,2,2,2,2,2,2,2,2,2
C-clinical-11-00157#0,0,2,2,2,2,2,2,2,2,2,2,0,1,2,2,0,0,2,2,2,2,2,2,2,2,2,2,2,2
C-clinical-11-00157#10,0,2,2,2,2,2,2,2,2,2,2,2,2,0,0,0,0,2,2,2,2,2,2,0,2,0,2,2,2
C-clinical-11-00157#11,0,2,2,2,2,1,1,2,2,0,0,0,0,2,2,2,2,2,2,2,2,2,2,0,0,0,0,2,2
C-clinical-11-00157#2,2,2,2,2,2,2,2,2,2,2,2,2,2,2,2,2,2,2,2,2,2,2,2,2,2,2,2,2,2
C-clinical-11-00157#3,0,2,2,2,2,2,2,2,2,2,2,0,0,2,2,2,2,2,2,0,0,2,2,2,2,2,2,2,2
C-clinical-11-00157#4,1,1,1,1,1,1,1,1,1,0,1,0,1,1,1,1,1,0,1,0,1,1,1,1,1,1,1,2,2
C-clinical-11-00157#5,2,2,2,2,2,2,2,2,2,2,2,2,2,1,2,1,2,2,2,1,2,2,2,2,2,0,2,2,2
C-clinical-11-00157#6,0,2,2,2,2,2,2,2,2,1,1,2,2,1,1,1,1,2,2,1,1,2,2,2,2,0,0,2,2
C-clinical-11-00157#7,0,2,2,2,2,2,2,2,2,0,0,0,0,2,2,2,2,2,2,0,0,2,2,0,0,0,0,2,2
C-clinical-11-00157#8,0,2,2,2,2,0,0,2,2,0,0,2,2,2,2,2,2,2,2,0,0,2,2,2,2,2,2,2,2
C-clinical-11-00157#9,0,2,2,2,2,0,0,2,2,0,0,2,2,2,2,2,2,2,2,2,2,2,2,2,2,0,0,2,2
C-clinical-11-00158#0,0,2,2,2,2,2,2,2,2,2,2,2,2,2,2,0,0,2,2,2,2,2,2,2,2,2,2,2,2
C-clinical-11-00158#1,1,2,2,2,2,1,1,2,2,1,1,1,1,2,2,1,1,2,2,1,1,2,2,2,2,0,1,2,2
C-clinical-11-00158#2,0,2,2,2,2,1,1,1,1,1,1,0,0,2,2,1,1,1,1,1,1,0,0,2,2,2,2,2,2
C-clinical-11-00158#3,0,2,2,2,2,2,2,2,2,2,2,2,2,2,2,0,0,0,0,2,2,2,2,2,2,2,2,2,2
C-clinical-11-00158#4,0,2,2,2,2,2,2,2,2,2,2,0,0,2,2,1,1,2,2,2,2,2,2,2,2,0,0,2,2
C-clinical-11-00158#5,0,2,2,2,2,2,2,2,2,2,2,2,2,2,2,2,2,2,2,2,2,2,2,2,2,0,0,2,2
C-clinical-11-00158#6,2,2,2,2,2,2,2,2,2,2,2,0,2,1,2,1,2,2,2,2,2,0,2,2,2,0,2,2,2
C-clinical-11-00158#7,0,2,2,2,2,1,1,2,2,1,1,2,2,2,2,1,1,2,2,1,1,2,2,2,2,2,2,2,2
C-clinical-11-00158#8,2,2,2,2,2,0,2,2,2,2,2,2,2,2,2,2,2,2,2,2,2,2,2,2,2,2,2,2,2
C-clinical-11-00168#0,0,2,2,2,2,2,2,2,2,2,2,2,2,2,2,0,0,2,2,2,2,2,2,2,2,2,2,2,2
C-clinical-11-00168#1,2,2,2,2,2,2,2,2,2,2,2,2,2,2,2,2,2,2,2,2,2,2,2,2,2,2,2,2,2
C-clinical-11-00168#10,0,2,2,2,2,2,2,2,2,2,2,2,2,2,2,1,1,2,2,0,0,2,2,2,2,2,2,2,2
C-clinical-11-00168#11,0,2,2,2,2,2,2,2,2,2,2,2,2,2,2,2,2,2,2,2,2,2,2,2,2,2,2,2,2
C-clinical-11-00168#3,1,1,1,1,1,1,1,1,1,0,1,0,1,1,1,1,1,0,1,2,2,1,1,1,1,1,1,1,1
C-clinical-11-00168#4,0,2,2,2,2,2,2,2,2,2,2,2,2,2,2,1,1,2,2,1,1,2,2,2,2,2,2,2,2
C-clinical-11-00168#5,0,2,2,2,2,2,2,2,2,2,2,2,2,2,2,0,0,2,2,2,2,2,2,2,2,2,2,2,2
C-clinical-11-00168#6,0,1,1,1,1,1,1,1,1,1,1,1,1,1,1,1,1,1,1,1,1,1,1,1,1,1,1,2,2
C-clinical-11-00168#7,2,2,2,2,2,2,2,2,2,2,2,2,2,2,2,2,2,2,2,2,2,2,2,2,2,2,2,2,2
C-clinical-11-00168#8,0,2,2,2,2,2,2,2,2,2,2,2,2,0,0,0,0,2,2,2,2,2,2,0,2,0,2,2,2
C-clinical-11-00168#9,2,2,2,2,2,2,2,2,2,2,2,2,2,2,2,2,2,2,2,2,2,2,2,2,2,2,2,2,2
C-clinical-11-00169#0,2,2,2,2,2,2,2,2,2,2,2,2,2,0,2,0,2,2,2,2,2,2,2,2,2,2,2,2,2
C-clinical-11-00169#1,2,2,2,2,2,2,2,2,2,2,2,2,2,0,2,0,2,2,2,2,2,2,2,0,2,0,2,2,2
C-clinical-11-00169#2,0,2,2,2,2,1,1,1,1,1,1,0,0,1,1,1,1,2,2,1,1,2,2,2,2,2,2,2,2
C-clinical-11-00169#3,2,2,2,1,2,0,2,1,2,2,2,0,2,0,2,0,2,0,2,1,2,1,2,1,2,1,2,2,2
C-clinical-11-00169#4,0,2,2,2,2,2,2,2,2,2,2,2,2,2,2,2,2,0,0,0,0,2,2,2,2,2,2,2,2
C-clinical-11-00169#5,0,2,2,2,2,2,2,2,2,2,2,0,0,2,2,0,0,0,0,0,0,2,2,2,2,2,2,2,2
C-clinical-11-00169#6,0,2,2,2,2,2,2,2,2,2,2,2,2,2,2,2,2,0,0,1,1,2,2,0,0,0,0,2,2
C-clinical-11-00169#7,2,2,2,1,2,1,2,1,2,1,2,1,2,1,2,1,2,0,2,2,2,1,2,1,2,1,2,1,2
C-clinical-11-00169#8,0,2,2,2,2,2,2,2,2,2,2,2,2,2,2,2,2,2,2,0,0,2,2,0,0,0,0,2,2
C-clinical-11-00169#9,2,2,2,2,2,0,2,2,2,2,2,2,2,2,2,2,2,2,2,1,2,2,2,2,2,2,2,2,2
C-clinical-11-00170#0,2,2,2,2,2,2,2,2,2,2,2,0,2,2,2,2,2,2,2,2,2,2,2,2,2,2,2,2,2
C-clinical-11-00170#1,0,2,2,2,2,2,2,2,2,2,2,2,2,1,1,1,1,2,2,2,2,2,2,2,2,2,2,2,2
C-clinical-11-00170#2,0,2,2,0,0,0,0,0,0,2,2,0,0,0,0,0,0,0,0,0,0,0,0,0,0,1,1,0,0
C-clinical-11-00170#3,0,2,2,2,2,1,1,2,2,2,2,2,2,2,2,2,2,2,2,2,2,2,2,2,2,0,0,2,2
C-clinical-11-00170#4,2,2,2,2,2,2,2,2,2,2,2,2,2,2,2,2,2,2,2,2,2,2,2,2,2,0,2,2,2
C-clinical-11-00170#5,2,1,2,0,2,0,2,2,2,1,2,0,2,1,2,1,2,2,2,2,2,2,2,2,2,2,2,1,2
C-clinical-11-00170#6,2,2,2,2,2,2,2,2,2,1,2,1,2,0,2,0,2,2,2,2,2,2,2,2,2,2,2,2,2
C-clinical-11-00170#7,2,2,2,2,2,0,2,2,2,1,2,2,2,2,2,1,2,2,2,1,2,2,2,2,2,2,2,2,2
C-clinical-11-00170#8,0,2,2,2,2,0,0,2,2,2,2,0,0,2,2,2,2,2,2,0,0,2,2,2,2,2,2,2,2
C-clinical-11-00170#9,2,2,2,2,2,2,2,2,2,2,2,0,2,2,2,2,2,2,2,2,2,2,2,2,2,2,2,2,2
C-clinical-11-00173#0,0,2,2,2,2,2,2,2,2,2,2,2,2,0,0,0,0,2,2,2,2,2,2,2,2,2,2,2,2
C-clinical-11-00173#1,2,2,2,2,2,2,2,2,2,2,2,0,2,2,2,2,2,2,2,2,2,2,2,2,2,2,2,2,2
C-clinical-11-00173#2,0,2,2,2,2,2,2,2,2,2,2,2,2,0,0,0,0,2,2,2,2,2,2,0,2,0,2,2,2
C-clinical-11-00173#3,0,2,2,1,1,0,0,1,1,2,2,0,0,0,0,0,0,2,2,1,1,1,1,0,0,0,0,1,1
C-clinical-11-00173#4,0,2,2,2,2,2,2,2,2,2,2,2,2,2,2,2,2,2,2,2,2,2,2,2,2,0,0,2,2
C-clinical-11-00173#5,2,2,2,2,2,0,2,2,2,2,2,2,2,2,2,2,2,2,2,0,2,2,2,2,2,2,2,2,2
C-clinical-11-00173#6,0,2,2,2,2,0,0,2,2,2,2,0,0,2,2,2,2,2,2,0,0,2,2,2,2,2,2,2,2
C-clinical-11-00173#7,0,2,2,2,2,2,2,2,2,2,2,2,2,0,0,0,0,2,2,2,2,2,2,0,2,0,2,2,2
C-clinical-11-00174#0,0,2,2,2,2,2,2,2,2,2,2,2,2,1,1,0,0,2,2,2,2,2,2,2,2,2,2,2,2
C-clinical-11-00174#2,2,2,2,2,2,2,2,2,2,2,2,2,2,2,2,2,2,2,2,2,2,2,2,2,2,2,2,2,2
C-clinical-11-00174#3,0,2,2,2,2,2,2,2,2,2,2,2,2,2,2,0,0,2,2,2,2,2,2,2,2,2,2,2,2
C-clinical-11-00174#4,0,2,2,2,2,2,2,2,2,2,2,0,0,2,2,2,2,2,2,2,2,2,2,2,2,2,2,2,2
C-clinical-11-00174#5,0,2,2,2,2,2,2,2,2,2,2,0,2,0,0,0,0,2,2,2,2,2,2,2,2,2,2,2,2
C-clinical-11-00174#6,0,2,2,2,2,2,2,2,2,2,2,0,0,2,2,2,2,2,2,2,2,2,2,2,2,2,2,2,2
C-clinical-11-00178#0,2,2,2,2,2,2,2,2,2,2,2,0,2,2,2,2,2,2,2,2,2,2,2,2,2,2,2,2,2
C-clinical-11-00178#1,0,2,2,2,2,2,2,2,2,2,2,0,0,0,0,0,2,2,2,2,2,2,2,2,2,2,2,2,2
C-clinical-11-00178#2,0,2,2,2,2,2,2,2,2,2,2,0,0,0,0,2,2,0,2,2,2,2,2,0,2,0,2,2,2
C-clinical-11-00178#3,2,2,2,2,2,2,2,2,2,2,2,0,2,2,2,2,2,2,2,2,2,2,2,2,2,2,2,2,2
C-clinical-11-00178#4,2,2,2,2,2,2,2,2,2,2,2,2,2,2,2,2,2,2,2,2,2,2,2,2,2,2,2,2,2
C-clinical-11-00178#5,0,2,2,2,2,2,2,2,2,2,2,0,0,2,2,2,2,2,2,2,2,2,2,2,2,2,2,2,2
C-clinical-11-00180#0,0,2,2,2,2,2,2,2,2,2,2,1,1,0,0,0,0,2,2,2,2,2,2,2,2,2,2,2,2
C-clinical-11-00180#1,0,2,2,2,2,1,1,2,2,1,1,0,0,2,2,2,2,2,2,0,0,2,2,2,2,2,2,2,2
C-clinical-11-00180#2,0,2,2,2,2,2,2,2,2,2,2,2,2,2,2,0,0,2,2,0,2,2,2,2,2,2,2,2,2
C-clinical-11-00180#3,0,2,2,2,2,2,2,2,2,2,2,2,2,0,0,0,0,2,2,2,2,2,2,2,2,2,2,2,2
C-clinical-11-00180#4,0,2,2,2,2,2,2,2,2,1,1,2,2,2,2,1,1,2,2,2,2,2,2,2,2,2,2,2,2
C-clinical-11-00180#5,0,2,2,2,2,1,1,2,2,1,1,0,0,2,2,2,2,2,2,0,0,2,2,2,2,2,2,2,2
C-clinical-11-00180#6,2,2,2,2,2,2,2,2,2,1,2,1,2,1,2,0,2,2,2,2,2,2,2,0,2,2,2,2,2
C-clinical-11-00180#7,0,2,2,2,2,2,2,2,2,1,1,0,0,2,2,2,2,1,1,0,0,2,2,2,2,2,2,2,2
C-clinical-11-00181#0,0,2,2,2,2,2,2,2,2,2,2,2,2,0,0,0,0,2,2,2,2,2,2,2,2,2,2,2,2
C-clinical-11-00181#1,1,2,2,2,2,2,2,2,2,2,2,2,2,2,2,2,2,2,2,2,2,2,2,2,2,0,1,2,2
C-clinical-11-00181#2,0,2,2,1,1,1,1,1,1,2,2,0,0,0,0,0,0,1,1,1,1,1,1,0,0,1,1,1,1
C-clinical-11-00181#3,0,2,2,2,2,1,1,2,2,2,2,0,0,2,2,2,2,2,2,0,0,2,2,2,2,0,0,2,2
C-clinical-11-00181#4,2,2,2,2,2,1,2,2,2,2,2,2,2,2,2,2,2,2,2,2,2,2,2,2,2,2,2,2,2
C-clinical-11-00189#0,0,2,2,2,2,2,2,2,2,2,2,1,1,0,0,2,2,2,2,2,2,2,2,2,2,2,2,2,2
C-clinical-11-00189#1,0,2,2,2,2,0,2,2,2,2,2,0,2,0,0,0,2,2,2,2,2,2,2,0,2,0,2,2,2
C-clinical-11-00189#10,0,2,2,2,2,1,1,2,2,2,2,0,0,2,2,1,1,2,2,0,0,2,2,2,2,2,2,2,2
C-clinical-11-00189#2,0,2,2,2,2,2,2,2,2,2,2,0,0,0,0,0,0,2,2,2,2,2,2,2,2,2,2,2,2
C-clinical-11-00189#3,0,2,2,2,2,0,0,2,2,2,2,0,0,1,1,1,1,2,2,0,0,2,2,2,2,2,2,2,2
C-clinical-11-00189#4,2,2,2,1,2,0,2,1,2,1,2,1,2,1,2,1,2,0,2,2,2,1,2,1,2,1,2,1,2
C-clinical-11-00189#5,2,2,2,2,2,2,2,2,2,1,2,0,2,1,2,1,2,0,2,2,2,0,2,1,2,1,2,1,2
C-clinical-11-00189#6,1,2,2,2,2,1,1,2,2,1,1,2,2,1,1,1,1,2,2,1,1,2,2,1,1,0,1,2,2
C-clinical-11-00189#7,2,0,2,0,2,0,2,0,2,2,2,0,2,2,2,2,2,0,2,2,2,2,2,0,2,2,2,2,2
C-clinical-11-00189#8,0,2,2,2,2,2,2,2,2,2,2,2,2,2,2,2,2,2,2,2,2,2,2,2,2,2,2,2,2
C-clinical-11-00189#9,2,2,2,2,2,1,2,2,2,2,2,0,2,2,2,1,2,2,2,0,2,2,2,2,2,2,2,2,2
C-clinical-11-00192#0,2,2,2,2,2,2,2,2,2,2,2,1,2,2,2,1,2,2,2,2,2,2,2,2,2,2,2,2,2
C-clinical-11-00192#1,1,2,2,2,2,2,2,2,2,2,2,1,1,2,2,2,2,2,2,1,1,2,2,2,2,2,2,2,2
C-clinical-11-00192#10,2,2,2,2,2,2,2,2,2,2,2,0,2,2,2,2,2,2,2,0,2,2,2,2,2,2,2,2,2
C-clinical-11-00192#11,1,2,2,2,2,1,1,2,2,2,2,1,1,2,2,1,2,2,2,1,1,2,2,1,1,2,2,2,2
C-clinical-11-00192#12,0,2,2,2,2,2,2,2,2,2,2,2,2,2,2,1,1,2,2,1,1,2,2,2,2,2,2,2,2
C-clinical-11-00192#2,0,2,2,2,2,2,2,2,2,2,2,2,2,2,2,2,2,2,2,2,2,2,2,2,2,2,2,2,2
C-clinical-11-00192#3,0,2,2,2,2,2,2,2,2,2,2,2,2,2,2,2,2,2,2,0,0,2,2,2,2,2,2,2,2
C-clinical-11-00192#4,0,2,2,2,2,2,2,2,2,2,2,2,2,2,2,2,2,2,2,2,2,2,2,0,0,2,2,2,2
C-clinical-11-00192#5,0,2,2,2,2,2,2,2,2,2,2,2,2,2,2,2,2,2,2,2,2,2,2,0,0,0,0,2,2
C-clinical-11-00192#6,2,2,2,2,2,0,2,2,2,2,2,2,2,2,2,2,2,2,2,2,2,2,2,2,2,2,2,2,2
C-clinical-11-00192#7,0,2,2,2,2,1,1,1,1,1,1,0,0,1,1,1,1,1,1,1,1,2,2,2,2,2,2,1,1
C-clinical-11-00192#8,1,2,2,2,2,2,2,2,2,2,2,2,2,2,2,2,2,2,2,2,2,2,2,2,2,2,2,2,2
C-clinical-11-00192#9,0,2,2,2,2,2,2,2,2,2,2,2,2,2,2,2,2,2,2,2,2,2,2,2,2,2,2,2,2
C-clinical-11-00194#0,1,2,2,1,1,2,2,2,2,1,1,0,1,2,2,1,1,2,2,1,1,2,2,2,2,2,2,2,2
C-clinical-11-00194#1,0,2,2,2,2,2,2,2,2,2,2,2,2,1,1,1,1,2,2,2,2,2,2,2,2,2,2,2,2
C-clinical-11-00194#10,0,2,2,2,2,2,2,2,2,2,2,0,0,2,2,2,2,2,2,2,2,2,2,0,0,0,0,2,2
C-clinical-11-00194#11,0,2,2,2,2,0,0,2,2,2,2,2,2,2,2,2,2,2,2,2,2,2,2,2,2,2,2,2,2
C-clinical-11-00194#2,0,2,2,2,2,2,2,2,2,2,2,2,2,0,0,0,0,2,2,2,2,2,2,2,2,2,2,0,2
C-clinical-11-00194#3,1,1,1,1,1,1,1,1,1,0,1,0,1,1,1,1,1,0,1,2,2,1,1,1,1,1,1,2,2
C-clinical-11-00194#4,2,2,2,2,2,2,2,2,2,2,2,2,2,2,2,2,2,2,2,0,2,2,2,2,2,2,2,2,2
C-clinical-11-00194#5,2,2,2,2,2,2,2,2,2,2,2,2,2,2,2,2,2,2,2,2,2,2,2,2,2,2,2,2,2
C-clinical-11-00194#7,0,2,2,2,2,2,2,2,2,1,1,1,1,2,2,0,0,2,2,1,1,2,2,2,2,2,2,2,2
C-clinical-11-00194#8,0,2,2,2,2,2,2,2,2,2,2,2,2,2,2,0,0,2,2,2,2,2,2,2,2,2,2,2,2
C-clinical-11-00194#9,0,2,2,2,2,1,1,1,1,2,2,2,2,2,2,2,2,2,2,2,2,2,2,2,2,1,1,2,2
C-clinical-11-00197#0,0,2,2,2,2,2,2,2,2,2,2,1,1,0,0,2,2,2,2,2,2,2,2,2,2,2,2,2,2
C-clinical-11-00197#2,0,2,2,2,2,2,2,2,2,2,2,0,0,2,2,2,2,2,2,2,2,2,2,2,2,2,2,2,2
C-clinical-11-00197#3,1,1,1,1,1,1,1,1,1,0,1,0,1,1,1,1,1,0,1,2,2,2,2,2,2,2,2,2,2
C-clinical-11-00197#4,2,2,2,2,2,2,2,2,2,2,2,2,2,2,2,2,2,2,2,2,2,2,2,2,2,2,2,2,2
C-clinical-11-00197#5,0,2,2,2,2,2,2,2,2,2,2,0,0,0,0,2,2,2,2,2,2,2,2,2,2,0,2,2,2
C-clinical-11-00197#6,0,2,2,2,2,2,2,2,2,0,0,0,0,0,0,2,2,2,2,2,2,2,2,2,2,2,2,2,2
C-clinical-11-00197#7,0,2,2,2,2,2,2,2,2,2,2,0,0,2,2,2,2,2,2,2,2,2,2,2,2,2,2,2,2
C-clinical-11-00197#8,0,2,2,2,2,1,1,2,2,0,0,0,0,2,2,2,2,2,2,0,0,2,2,2,2,2,2,2,2
C-clinical-11-00198#0,0,2,2,2,2,2,2,2,2,2,2,0,0,1,1,2,2,2,2,2,2,2,2,2,2,2,2,2,2
C-clinical-11-00198#1,0,2,2,2,2,2,2,2,2,2,2,0,0,1,1,2,2,2,2,2,2,2,2,2,2,2,2,2,2
C-clinical-11-00198#2,0,2,2,2,2,2,2,2,2,2,2,0,0,2,2,2,2,2,2,0,2,2,2,2,2,2,2,2,2
C-clinical-11-00198#3,0,2,2,2,2,2,2,2,2,2,2,0,0,2,2,2,2,2,2,2,2,2,2,2,2,2,2,2,2
C-clinical-11-00198#4,0,2,2,1,1,1,1,1,1,2,2,0,0,0,0,0,0,0,0,1,1,1,1,1,1,1,1,1,1
C-clinical-11-00202#0,0,2,2,2,2,2,2,2,2,2,2,0,0,1,1,2,2,2,2,2,2,2,2,2,2,2,2,2,2
C-clinical-11-00202#1,2,2,2,2,2,2,2,2,2,2,2,0,2,1,2,0,2,2,2,2,2,0,2,2,2,0,2,0,2
C-clinical-11-00202#2,0,2,2,2,2,2,2,2,2,2,2,0,0,2,2,0,0,2,2,2,2,2,2,2,2,2,2,2,2
C-clinical-11-00202#3,2,2,2,2,2,2,2,2,2,2,2,0,2,1,2,0,2,2,2,2,2,0,2,2,2,0,2,0,2
C-clinical-11-00207#0,0,2,2,2,2,2,2,2,2,2,2,0,0,0,0,0,0,2,2,2,2,2,2,2,2,2,2,2,2
C-clinical-11-00207#1,2,2,2,2,2,2,2,2,2,2,2,2,2,2,2,2,2,2,2,2,2,2,2,2,2,2,2,2,2
C-clinical-11-00207#10,2,2,2,2,2,0,2,0,2,2,2,2,2,2,2,2,2,2,2,2,2,2,2,2,2,2,2,2,2
C-clinical-11-00207#11,0,2,2,2,2,2,2,2,2,2,2,0,2,0,0,0,2,2,2,2,2,2,2,0,0,2,2,2,2
C-clinical-11-00207#12,0,2,2,2,2,2,2,2,2,2,2,0,0,2,2,2,2,2,2,0,0,2,2,2,2,2,2,2,2
C-clinical-11-00207#13,0,2,2,2,2,2,2,2,2,2,2,0,0,2,2,2,2,2,2,2,2,2,2,2,2,2,2,2,2
C-clinical-11-00207#2,0,2,2,2,2,2,2,2,2,2,2,2,2,2,2,2,2,2,2,2,2,2,2,0,0,2,2,2,2
C-clinical-11-00207#3,0,2,2,2,2,2,2,2,2,2,2,2,2,2,2,2,2,2,2,0,0,2,2,2,2,0,0,2,2
C-clinical-11-00207#4,0,2,2,1,1,0,0,2,2,2,2,2,2,2,2,2,2,2,2,2,2,2,2,2,2,0,0,2,2
C-clinical-11-00207#5,0,2,2,2,2,1,1,2,2,1,1,0,0,2,2,2,2,2,2,0,0,2,2,2,2,2,2,2,2
C-clinical-11-00207#6,2,2,2,2,2,1,2,2,2,1,2,0,2,1,2,1,2,0,2,2,2,0,2,2,2,1,2,1,2
C-clinical-11-00207#7,2,2,2,2,2,1,2,2,2,1,2,0,2,1,2,1,2,0,2,2,2,0,2,2,2,1,2,1,2
C-clinical-11-00207#8,2,2,2,2,2,2,2,2,2,1,2,0,2,0,2,0,2,2,2,2,2,2,2,2,2,2,2,2,2
C-clinical-11-00207#9,2,2,2,2,2,1,2,1,2,2,2,1,2,2,2,2,2,2,2,2,2,2,2,2,2,2,2,2,2
C-clinical-11-00210#0,0,2,2,2,2,2,2,2,2,2,2,2,2,2,2,1,1,2,2,2,2,2,2,2,2,2,2,2,2
C-clinical-11-00210#1,0,2,2,2,2,2,2,2,2,2,2,2,2,2,2,2,2,2,2,2,2,2,2,2,2,0,2,2,2
C-clinical-11-00210#2,2,2,2,2,2,0,2,2,2,2,2,0,2,2,2,2,2,2,2,0,2,2,2,2,2,2,2,2,2
C-clinical-11-00210#3,2,2,2,2,2,2,2,2,2,1,2,0,2,2,2,0,2,2,2,2,2,2,2,2,2,0,2,2,2
C-clinical-11-00210#4,2,2,2,2,2,2,2,2,2,2,2,2,2,2,2,2,2,2,2,2,2,2,2,2,2,0,2,2,2
C-clinical-11-00210#5,2,2,2,2,2,2,2,2,2,2,2,2,2,2,2,2,2,2,2,2,2,2,2,2,2,2,2,2,2
C-clinical-11-00210#6,0,2,2,2,2,2,2,2,2,2,2,2,2,0,0,0,2,2,2,2,2,2,2,2,2,2,2,2,2
C-clinical-11-00210#7,2,2,2,2,2,2,2,2,2,2,2,2,2,0,2,0,2,2,2,2,2,2,2,2,2,2,2,2,2
C-clinical-11-00214#0,0,2,2,2,2,2,2,2,2,2,2,1,1,1,1,2,2,2,2,2,2,2,2,2,2,2,2,2,2
C-clinical-11-00214#1,0,2,2,2,2,1,1,1,1,2,2,0,0,0,0,0,0,1,1,2,2,1,1,0,0,1,1,2,2
C-clinical-11-00214#2,0,2,2,2,2,2,2,2,2,2,2,2,2,2,2,2,2,2,2,0,0,2,2,2,2,0,0,2,2
C-clinical-11-00215#0,0,2,2,2,2,2,2,2,2,2,2,0,0,2,2,1,1,2,2,2,2,2,2,2,2,2,2,2,2
C-clinical-11-00215#1,0,2,2,2,2,2,2,2,2,2,2,2,2,2,2,2,2,2,2,2,2,2,2,2,2,2,2,2,2
C-clinical-11-00215#2,0,2,2,2,2,2,2,2,2,2,2,0,0,0,0,2,2,0,0,2,2,2,2,2,2,2,2,2,2
C-clinical-11-00215#3,0,2,2,2,2,2,2,2,2,2,2,0,0,0,0,2,2,0,0,2,2,2,2,2,2,2,2,2,2
C-clinical-11-00215#4,0,2,2,2,2,2,2,2,2,1,1,2,2,2,2,1,1,2,2,1,1,2,2,2,2,2,2,2,2
C-clinical-11-00216#0,0,2,2,2,2,2,2,2,2,2,2,0,0,2,2,2,2,2,2,2,2,2,2,2,2,2,2,2,2
C-clinical-11-00216#1,0,2,2,2,2,2,2,2,2,2,2,2,2,2,2,0,0,2,2,0,2,2,2,2,2,2,2,2,2
C-clinical-11-00216#2,0,2,2,2,2,1,1,2,2,2,2,2,2,2,2,1,1,2,2,1,1,2,2,2,2,2,2,2,2
C-clinical-11-00216#3,2,2,2,2,2,2,2,2,2,2,2,0,2,2,2,1,2,2,2,2,2,0,2,2,2,0,2,2,2
C-clinical-11-00216#4,0,2,2,2,2,2,2,2,2,2,2,2,2,2,2,0,0,2,2,2,2,2,2,0,2,0,2,2,2
C-clinical-11-00216#5,2,2,2,2,2,2,2,2,2,2,2,0,2,2,2,1,2,2,2,0,2,2,2,2,2,2,2,2,2
C-clinical-11-00216#6,0,2,2,2,2,2,2,2,2,2,2,0,2,0,0,0,0,2,2,2,2,2,2,0,2,0,2,2,2
C-clinical-11-00216#7,2,2,2,2,2,0,2,1,2,2,2,2,2,2,2,2,2,2,2,2,2,2,2,2,2,2,2,2,2
C-clinical-11-00216#8,1,2,2,2,2,1,1,2,2,2,2,2,2,2,2,1,1,2,2,0,1,2,2,2,2,2,2,2,2
C-clinical-11-00216#9,0,2,2,2,2,0,0,2,2,0,0,0,0,2,2,1,1,2,2,0,0,2,2,2,2,2,2,2,2
C-clinical-11-00217#0,0,2,2,2,2,2,2,2,2,2,2,2,2,1,1,2,2,2,2,2,2,2,2,2,2,2,2,2,2
C-clinical-11-00217#1,0,2,2,2,2,2,2,2,2,2,2,2,2,1,1,2,2,2,2,2,2,2,2,2,2,2,2,2,2
C-clinical-11-00217#2,2,2,2,2,2,2,2,2,2,2,2,0,2,2,2,2,2,2,2,2,2,2,2,2,2,2,2,2,2
C-clinical-11-00217#3,0,2,2,2,2,2,2,2,2,2,2,2,2,2,2,2,2,2,2,2,2,2,2,2,2,0,0,2,2
C-clinical-11-00217#4,0,2,2,2,2,2,2,2,2,2,2,0,0,0,0,2,2,2,2,2,2,2,2,2,2,2,2,2,2
C-clinical-11-00217#5,0,1,1,1,1,1,1,1,1,2,2,0,0,2,2,0,0,1,1,1,1,1,1,0,0,1,1,1,1
C-clinical-11-00217#6,0,2,2,2,2,2,2,2,2,2,2,0,0,0,0,2,2,2,2,2,2,2,2,0,2,2,2,2,2
C-clinical-11-00219#0,2,2,2,2,2,2,2,2,2,2,2,2,2,1,2,1,2,2,2,2,2,2,2,1,2,2,2,2,2
C-clinical-11-00219#1,2,2,2,2,2,2,2,2,2,2,2,2,2,0,2,0,2,2,2,2,2,2,2,2,2,2,2,2,2
C-clinical-11-00219#2,1,2,2,2,2,1,1,1,1,2,2,0,1,0,1,0,1,2,2,2,2,1,1,1,1,1,1,2,2
C-clinical-11-00219#3,2,2,2,2,2,2,2,2,2,2,2,2,2,2,2,0,2,2,2,2,2,2,2,0,2,2,2,2,2
C-clinical-11-00219#4,2,2,2,2,2,2,2,2,2,2,2,2,2,2,2,0,2,2,2,2,2,2,2,2,2,2,2,2,2
C-clinical-11-00219#5,2,2,2,2,2,2,2,2,2,2,2,2,2,2,2,1,2,2,2,2,2,2,2,1,2,2,2,2,2
C-clinical-11-00219#6,2,2,2,2,2,2,2,2,2,2,2,2,2,2,2,2,2,2,2,2,2,2,2,0,2,2,2,2,2
C-clinical-11-00220#0,0,2,2,2,2,2,2,2,2,2,2,2,2,1,1,2,2,2,2,2,2,2,2,2,2,2,2,2,2
C-clinical-11-00220#1,0,2,2,2,2,2,2,2,2,2,2,2,2,2,2,2,2,2,2,2,2,2,2,2,2,2,2,2,2
C-clinical-11-00220#10,0,2,2,2,2,1,1,2,2,2,2,2,2,2,2,2,2,2,2,2,2,2,2,2,2,0,0,2,2
C-clinical-11-00220#11,0,2,2,2,2,2,2,2,2,2,2,2,2,2,2,2,2,2,2,2,2,2,2,2,2,2,2,2,2
C-clinical-11-00220#2,0,2,2,2,2,2,2,2,2,2,2,2,2,0,0,2,2,2,2,2,2,2,2,2,2,0,2,2,2
C-clinical-11-00220#4,2,2,2,2,2,2,2,2,2,2,2,2,2,2,2,2,2,2,2,2,2,2,2,2,2,2,2,2,2
C-clinical-11-00220#5,1,1,1,1,1,0,1,1,1,0,1,0,1,1,1,1,1,0,1,2,2,2,2,2,2,2,2,2,2
C-clinical-11-00220#6,0,2,2,2,2,2,2,2,2,2,2,2,2,2,2,2,2,2,2,2,2,2,2,2,2,2,2,2,2
C-clinical-11-00220#7,2,2,2,2,2,2,2,2,2,2,2,0,2,2,2,2,2,2,2,0,2,2,2,2,2,2,2,2,2
C-clinical-11-00220#8,2,2,2,2,2,0,2,2,2,2,2,2,2,2,2,2,2,2,2,2,2,2,2,2,2,2,2,2,2
C-clinical-11-00220#9,0,2,2,2,2,0,0,0,0,1,1,0,0,2,2,1,1,2,2,0,0,2,2,2,2,2,2,2,2
C-clinical-11-00221#0,2,2,2,2,2,2,2,2,2,2,2,2,2,2,2,0,2,2,2,2,2,2,2,2,2,2,2,2,2
C-clinical-11-00221#1,2,2,2,2,2,2,2,2,2,2,2,2,2,2,2,2,2,2,2,2,2,2,2,2,2,2,2,2,2
C-clinical-11-00221#2,2,2,2,2,2,2,2,2,2,2,2,2,2,1,2,1,2,0,2,0,2,2,2,2,2,0,2,2,2
C-clinical-11-00221#3,0,2,2,2,2,2,2,2,2,2,2,2,2,0,0,0,0,0,0,2,2,2,2,2,2,2,2,2,2
C-clinical-11-00221#4,0,2,2,2,2,1,1,1,1,1,1,0,0,2,2,1,1,2,2,1,1,1,1,1,1,1,1,2,2
C-clinical-11-00221#5,1,2,2,2,2,1,1,2,2,1,1,2,2,2,2,2,2,2,2,1,1,2,2,1,1,2,2,2,2
C-clinical-11-00221#6,0,2,2,2,2,2,2,2,2,2,2,0,0,2,2,2,2,0,0,0,0,2,2,2,2,2,2,2,2
C-clinical-11-00221#7,2,2,2,2,2,2,2,2,2,2,2,2,2,2,2,2,2,2,2,0,2,2,2,2,2,2,2,2,2
C-clinical-11-00221#8,0,2,2,2,2,2,2,2,2,2,2,2,2,2,2,2,2,2,2,0,0,2,2,2,2,2,2,2,2
C-clinical-11-00222#0,0,2,2,2,2,2,2,2,2,2,2,1,1,2,2,1,1,2,2,2,2,2,2,2,2,2,2,2,2
C-clinical-11-00222#1,2,2,2,2,2,2,2,2,2,2,2,0,2,2,2,2,2,2,2,2,2,2,2,2,2,2,2,2,2
C-clinical-11-00222#2,0,2,2,2,2,2,2,2,2,2,2,0,0,0,0,2,2,2,2,2,2,2,2,0,0,2,2,2,2
C-clinical-11-00222#3,1,2,2,2,2,1,1,2,2,1,1,1,1,1,1,1,1,2,2,1,1,2,2,2,2,0,1,2,2
C-clinical-11-00222#4,0,2,2,2,2,2,2,2,2,2,2,2,2,2,2,2,2,2,2,2,2,2,2,2,2,2,2,2,2
C-clinical-11-00222#5,2,2,2,2,2,2,2,2,2,1,2,0,2,1,2,1,2,2,2,2,2,0,2,1,2,1,2,1,2
C-clinical-11-00222#6,2,2,2,2,2,2,2,2,2,1,2,0,2,1,2,0,2,2,2,2,2,2,2,2,2,2,2,2,2
C-clinical-11-00222#7,0,2,2,2,2,2,2,2,2,2,2,0,0,0,0,0,2,2,2,2,2,2,2,0,0,2,2,2,2
C-clinical-11-00222#8,1,2,2,2,2,2,2,2,2,2,2,2,2,2,2,2,2,2,2,0,1,2,2,2,2,2,2,2,2
C-clinical-11-00222#9,2,2,2,2,2,0,2,2,2,2,2,2,2,2,2,2,2,1,2,0,2,2,2,2,2,2,2,2,2
C-clinical-11-00223#0,0,2,2,2,2,2,2,2,2,2,2,1,1,2,2,2,2,2,2,2,2,2,2,2,2,2,2,2,2
C-clinical-11-00223#1,0,2,2,2,2,2,2,2,2,2,2,0,0,2,2,2,2,2,2,0,0,2,2,2,2,2,2,2,2
C-clinical-11-00223#2,0,2,2,2,2,2,2,2,2,2,2,2,2,2,2,1,1,2,2,2,2,2,2,2,2,2,2,2,2
C-clinical-11-00223#3,2,2,2,2,2,2,2,2,2,2,2,2,2,2,2,1,2,2,2,2,2,2,2,2,2,2,2,2,2
C-clinical-11-00223#4,0,2,2,2,2,2,2,2,2,2,2,0,0,2,2,2,2,2,2,0,0,2,2,2,2,2,2,2,2
C-clinical-11-00223#5,1,1,1,1,1,1,1,1,1,1,1,1,1,1,1,1,1,0,1,1,1,1,1,1,1,1,1,1,1
C-clinical-11-00223#6,2,2,2,2,2,2,2,2,2,2,2,2,2,1,2,2,2,2,2,2,2,2,2,2,2,2,2,2,2
C-clinical-11-00225#0,0,2,2,2,2,2,2,2,2,2,2,1,1,1,1,2,2,2,2,2,2,2,2,2,2,2,2,2,2
C-clinical-11-00225#1,0,2,2,2,2,0,2,2,2,2,2,0,0,0,0,0,2,0,2,2,2,2,2,0,2,0,2,2,2
C-clinical-11-00225#10,0,2,2,2,2,1,1,2,2,2,2,2,2,2,2,2,2,2,2,2,2,2,2,2,2,2,2,1,1
C-clinical-11-00225#11,0,2,2,2,2,2,2,2,2,2,2,0,0,2,2,0,0,2,2,0,0,2,2,2,2,2,2,2,2
C-clinical-11-00225#12,1,2,2,2,2,1,1,2,2,1,1,0,1,2,2,1,1,2,2,1,1,2,2,2,2,2,2,2,2
C-clinical-11-00225#13,0,2,2,2,2,2,2,2,2,2,2,0,0,2,2,0,2,2,2,2,2,2,2,0,2,0,2,2,2
C-clinical-11-00225#2,1,2,2,2,2,2,2,2,2,1,1,0,1,2,2,1,1,2,2,1,1,2,2,2,2,2,2,2,2
C-clinical-11-00225#3,2,2,2,2,2,2,2,2,2,2,2,0,2,2,2,2,2,2,2,2,2,2,2,2,2,2,2,2,2
C-clinical-11-00225#4,2,2,2,2,2,1,2,2,2,1,2,0,2,2,2,0,2,2,2,2,2,2,2,0,2,2,2,2,2
C-clinical-11-00225#5,0,2,2,2,2,2,2,2,2,2,2,0,0,2,2,0,0,2,2,2,2,2,2,2,2,2,2,2,2
C-clinical-11-00225#6,0,2,2,2,2,1,1,2,2,1,1,1,1,2,2,1,1,2,2,1,1,2,2,1,1,1,1,2,2
C-clinical-11-00225#7,0,2,2,2,2,1,1,2,2,2,2,0,0,2,2,1,1,2,2,0,0,2,2,2,2,0,0,2,2
C-clinical-11-00225#8,0,2,2,2,2,2,2,2,2,2,2,2,2,2,2,1,1,2,2,0,0,2,2,2,2,0,0,2,2
C-clinical-11-00225#9,0,2,2,2,2,2,2,2,2,2,2,2,2,2,2,0,0,2,2,2,2,2,2,2,2,2,2,2,2
C-clinical-11-00226#0,0,2,2,2,2,2,2,2,2,2,2,2,2,2,2,1,1,2,2,2,2,2,2,2,2,2,2,2,2
C-clinical-11-00226#1,0,2,2,2,2,2,2,2,2,2,2,2,2,2,2,2,2,2,2,2,2,2,2,2,2,2,2,2,2
C-clinical-11-00226#10,2,2,2,2,2,2,2,2,2,1,2,1,2,1,2,0,2,2,2,2,2,1,2,2,2,2,2,2,2
C-clinical-11-00226#11,0,2,2,2,2,2,2,2,2,2,2,2,2,2,2,0,2,0,2,2,2,2,2,0,2,0,2,2,2
C-clinical-11-00226#2,0,2,2,2,2,2,2,2,2,2,2,2,2,2,2,0,2,2,2,2,2,2,2,0,2,0,2,0,2
C-clinical-11-00226#3,0,2,2,2,2,2,2,2,2,2,2,2,2,2,2,2,2,2,2,2,2,2,2,2,2,0,0,2,2
C-clinical-11-00226#4,0,2,2,2,2,2,2,2,2,2,2,2,2,2,2,2,2,2,2,2,2,2,2,0,0,2,2,2,2
C-clinical-11-00226#5,2,1,2,0,2,1,2,1,2,1,2,0,2,1,2,1,2,0,2,2,2,2,2,2,2,2,2,1,2
C-clinical-11-00226#6,0,2,2,2,2,1,1,2,2,2,2,2,2,2,2,2,2,2,2,2,2,2,2,2,2,0,0,2,2
C-clinical-11-00226#7,2,2,2,2,2,2,2,2,2,2,2,2,2,2,2,2,2,2,2,2,2,2,2,2,2,2,2,2,2
C-clinical-11-00226#8,2,2,2,2,2,2,2,2,2,2,2,2,2,2,2,2,2,2,2,1,2,2,2,2,2,2,2,2,2
C-clinical-11-00226#9,0,2,2,2,2,2,2,2,2,2,2,2,2,0,0,0,0,2,2,0,2,2,2,0,2,0,2,0,2
C-clinical-11-00230#0,0,2,2,2,2,2,2,2,2,2,2,2,2,0,0,0,0,2,2,2,2,2,2,2,2,2,2,2,2
C-clinical-11-00230#1,0,2,2,2,2,2,2,2,2,2,2,2,2,0,0,0,0,0,2,2,2,2,2,2,2,0,2,2,2
C-clinical-11-00230#2,2,2,2,2,2,2,2,2,2,2,2,1,2,0,2,0,2,2,2,2,2,2,2,2,2,2,2,2,2
C-clinical-11-00230#3,0,1,1,1,1,1,1,1,1,2,2,0,0,0,0,0,0,0,0,1,1,1,1,1,1,1,1,1,1
C-clinical-11-00230#4,2,2,2,2,2,2,2,2,2,1,2,0,2,1,2,1,2,2,2,2,2,0,2,2,2,0,2,1,2
C-clinical-11-00230#5,2,2,2,2,2,2,2,2,2,2,2,0,2,1,2,1,2,2,2,2,2,0,2,2,2,0,2,1,2
C-clinical-11-00231#0,2,2,2,2,2,2,2,2,2,2,2,2,2,2,2,1,2,2,2,2,2,2,2,2,2,2,2,2,2
C-clinical-11-00231#1,2,2,2,2,2,0,2,2,2,2,2,2,2,2,2,2,2,2,2,2,2,2,2,2,2,2,2,2,2
C-clinical-11-00231#2,2,2,2,2,2,2,2,2,2,2,2,2,2,2,2,2,2,2,2,2,2,2,2,2,2,2,2,2,2
C-clinical-11-00231#3,0,2,2,2,2,1,1,1,1,1,1,0,0,2,2,1,1,2,2,1,1,2,2,1,1,1,1,2,2
C-clinical-11-00231#4,0,2,2,2,2,1,1,2,2,2,2,2,2,2,2,2,2,2,2,2,2,2,2,2,2,2,2,2,2
C-clinical-11-00231#5,2,2,2,2,2,2,2,2,2,1,2,0,2,1,2,1,2,0,2,2,2,0,2,1,2,1,2,1,2
C-clinical-11-00234#1,2,2,2,2,2,2,2,2,2,2,2,2,2,2,2,1,2,2,2,2,2,2,2,1,2,2,2,2,2
C-clinical-11-00234#10,1,1,1,1,1,1,1,1,1,1,1,1,1,1,1,1,1,1,1,1,1,1,1,1,1,1,1,1,1
C-clinical-11-00234#11,0,2,2,2,2,2,2,2,2,2,2,0,0,2,2,2,2,2,2,0,0,2,2,2,2,2,2,2,2
C-clinical-11-00234#2,2,2,2,2,2,2,2,2,2,2,2,2,2,2,2,0,2,2,2,2,2,2,2,2,2,2,2,2,2
C-clinical-11-00234#3,2,2,2,2,2,2,2,2,2,2,2,2,2,2,2,2,2,2,2,2,2,2,2,2,2,2,2,0,2
C-clinical-11-00234#4,1,1,1,1,1,1,1,1,1,0,1,0,1,1,1,1,1,0,1,1,1,1,1,1,1,1,1,1,1
C-clinical-11-00234#5,2,2,2,2,2,2,2,2,2,2,2,0,2,2,2,2,2,2,2,2,2,2,2,2,2,2,2,2,2
C-clinical-11-00234#6,0,2,2,2,2,2,2,2,2,2,2,0,0,2,2,0,0,2,2,2,2,2,2,2,2,2,2,2,2
C-clinical-11-00234#7,0,2,2,2,2,2,2,2,2,2,2,0,0,2,2,0,0,2,2,2,2,2,2,2,2,2,2,2,2
C-clinical-11-00234#8,0,2,2,2,2,2,2,2,2,2,2,2,2,2,2,2,2,2,2,2,2,2,2,2,2,2,2,2,2
C-clinical-11-00234#9,2,2,2,2,2,2,2,2,2,2,2,2,2,2,2,2,2,2,2,2,2,2,2,2,2,2,2,2,2
C-clinical-11-00235#0,2,2,2,2,2,2,2,2,2,2,2,2,2,1,2,2,2,2,2,2,2,2,2,2,2,2,2,2,2
C-clinical-11-00235#1,2,2,2,2,2,2,2,2,2,2,2,2,2,2,2,2,2,2,2,0,2,2,2,2,2,2,2,2,2
C-clinical-11-00235#2,2,2,2,2,2,2,2,2,2,2,2,2,2,2,2,2,2,2,2,2,2,2,2,2,2,2,2,2,2
C-clinical-11-00235#3,2,2,2,2,2,2,2,2,2,2,2,2,2,2,2,2,2,2,2,1,2,2,2,2,2,2,2,2,2
C-clinical-11-00235#4,0,2,2,2,2,2,2,2,2,2,2,2,2,2,2,2,2,2,2,2,2,2,2,0,0,0,0,2,2
C-clinical-11-00235#5,2,2,2,2,2,2,2,2,2,2,2,2,2,2,2,2,2,2,2,2,2,2,2,0,2,2,2,2,2
C-clinical-11-00235#6,2,2,2,2,2,2,2,2,2,2,2,0,2,1,2,2,2,2,2,2,2,2,2,2,2,2,2,2,2
C-clinical-11-00243#0,0,2,2,2,2,2,2,2,2,2,2,0,0,2,2,2,2,2,2,2,2,2,2,2,2,2,2,2,2
C-clinical-11-00243#1,0,2,2,2,2,2,2,2,2,2,2,2,2,1,1,2,2,2,2,2,2,2,2,2,2,2,2,2,2
C-clinical-11-00243#2,0,2,2,2,2,2,2,2,2,2,2,0,2,2,2,2,2,2,2,2,2,2,2,0,2,0,2,2,2
C-clinical-11-00243#3,0,2,2,2,2,1,1,1,1,2,2,0,1,0,0,0,1,1,1,2,2,2,2,0,1,2,2,1,1
C-clinical-11-00243#4,0,2,2,2,2,2,2,2,2,2,2,0,0,0,0,2,2,2,2,2,2,2,2,2,2,2,2,2,2
C-clinical-11-00243#5,0,2,2,2,2,2,2,2,2,2,2,0,0,2,2,2,2,2,2,0,0,2,2,2,2,0,0,2,2
C-clinical-11-00248#0,0,2,2,2,2,2,2,2,2,2,2,0,0,0,0,0,0,2,2,2,2,2,2,2,2,2,2,2,2
C-clinical-11-00248#1,0,2,2,2,2,2,2,2,2,2,2,0,0,0,0,0,0,2,2,2,2,2,2,2,2,2,2,2,2
C-clinical-11-00248#10,2,2,2,2,2,2,2,2,2,1,2,0,2,1,2,1,2,2,2,2,2,0,2,1,2,1,2,1,2
C-clinical-11-00248#11,2,2,2,2,2,2,2,2,2,1,2,1,2,0,2,0,2,2,2,2,2,2,2,2,2,2,2,2,2
C-clinical-11-00248#12,2,2,2,2,2,2,2,2,2,1,2,0,2,1,2,1,2,2,2,2,2,0,2,0,2,1,2,1,2
C-clinical-11-00248#2,0,2,2,2,2,2,2,2,2,2,2,0,0,2,2,1,1,2,2,1,1,2,2,2,2,2,2,2,2
C-clinical-11-00248#3,2,2,2,2,2,2,2,2,2,2,2,2,2,2,2,2,2,2,2,2,2,2,2,2,2,2,2,2,2
C-clinical-11-00248#4,0,2,2,2,2,1,1,2,2,1,1,0,0,2,2,2,2,0,0,0,0,2,2,2,2,2,2,2,2
C-clinical-11-00248#5,2,2,2,2,2,2,2,2,2,2,2,2,2,2,2,2,2,2,2,0,2,2,2,2,2,2,2,2,2
C-clinical-11-00248#6,0,2,2,2,2,1,1,2,2,1,1,0,0,2,2,1,1,2,2,2,2,2,2,2,2,2,2,2,2
C-clinical-11-00248#7,2,2,2,2,2,2,2,2,2,2,2,0,2,1,2,1,2,2,2,2,2,0,2,2,2,1,2,2,2
C-clinical-11-00248#8,2,2,2,2,2,2,2,2,2,2,2,2,2,2,2,2,2,0,2,2,2,2,2,0,2,0,2,2,2
C-clinical-11-00248#9,2,1,2,0,2,0,2,0,2,2,2,2,2,2,2,2,2,0,2,2,2,2,2,2,2,2,2,2,2
C-clinical-11-00249#0,0,2,2,2,2,2,2,2,2,2,2,2,2,2,2,0,2,2,2,2,2,2,2,2,2,2,2,2,2
C-clinical-11-00249#1,0,2,2,2,2,2,2,2,2,2,2,0,2,2,2,2,2,2,2,2,2,2,2,2,2,2,2,2,2
C-clinical-11-00249#2,0,2,2,2,2,2,2,2,2,2,2,2,2,2,2,2,2,2,2,2,2,2,2,0,2,0,2,2,2
C-clinical-11-00249#3,2,2,2,2,2,2,2,2,2,2,2,0,2,2,2,2,2,2,2,2,2,2,2,2,2,2,2,2,2
C-clinical-11-00249#4,0,2,2,2,2,2,2,2,2,2,2,0,0,2,2,1,1,2,2,2,2,2,2,2,2,2,2,2,2
C-clinical-11-00249#5,0,2,2,2,2,2,2,2,2,2,2,0,2,1,1,2,2,2,2,2,2,2,2,2,2,2,2,2,2
C-clinical-11-00255#0,0,2,2,2,2,2,2,2,2,2,2,2,2,1,1,2,2,2,2,2,2,2,2,2,2,2,2,2,2
C-clinical-11-00255#1,1,1,1,1,1,1,1,1,1,0,1,0,1,2,2,1,1,0,1,2,2,1,1,0,1,1,1,1,1
C-clinical-11-00255#10,0,1,1,2,2,1,1,2,2,2,2,0,0,2,2,1,1,1,1,1,1,1,1,1,1,1,1,2,2
C-clinical-11-00255#11,2,0,2,2,2,0,2,2,2,0,2,0,2,2,2,2,2,2,2,0,2,2,2,2,2,2,2,2,2
C-clinical-11-00255#2,0,2,2,2,2,1,1,1,1,2,2,1,1,2,2,1,1,2,2,2,2,2,2,0,1,2,2,2,2
C-clinical-11-00255#3,2,2,2,2,2,2,2,2,2,2,2,2,2,2,2,1,2,2,2,0,2,2,2,2,2,2,2,2,2
C-clinical-11-00255#4,0,2,2,2,2,2,2,2,2,2,2,2,2,2,2,2,2,2,2,2,2,2,2,2,2,2,2,2,2
C-clinical-11-00255#5,0,2,2,2,2,1,1,2,2,2,2,2,2,2,2,1,1,2,2,2,2,2,2,2,2,2,2,1,1
C-clinical-11-00255#6,1,2,2,2,2,1,1,2,2,2,2,0,1,2,2,1,1,1,1,1,1,1,1,1,1,1,1,2,2
C-clinical-11-00255#7,0,2,2,2,2,2,2,2,2,2,2,2,2,2,2,2,2,2,2,2,2,2,2,2,2,2,2,2,2
C-clinical-11-00255#8,2,1,2,2,2,0,2,2,2,0,2,0,2,2,2,2,2,2,2,0,2,2,2,2,2,2,2,2,2
C-clinical-11-00255#9,0,2,2,2,2,1,1,2,2,1,1,2,2,2,2,1,1,2,2,1,1,2,2,2,2,2,2,2,2
C-clinical-11-00256#0,0,2,2,2,2,2,2,2,2,2,2,2,2,0,0,0,1,2,2,2,2,2,2,2,2,2,2,2,2
C-clinical-11-00256#1,0,2,2,2,2,2,2,2,2,2,2,0,0,2,2,2,2,2,2,2,2,2,2,2,2,2,2,2,2
C-clinical-11-00256#10,2,2,2,2,2,2,2,2,2,1,2,0,2,0,2,0,2,2,2,2,2,2,2,2,2,2,2,2,2
C-clinical-11-00256#11,2,2,2,2,2,0,2,1,2,2,2,2,2,2,2,2,2,2,2,2,2,2,2,2,2,2,2,2,2
C-clinical-11-00256#12,2,2,2,2,2,0,2,1,2,2,2,2,2,2,2,2,2,2,2,2,2,2,2,2,2,2,2,2,2
C-clinical-11-00256#2,0,2,2,2,2,2,2,2,2,2,2,0,0,0,0,0,0,2,2,2,2,2,2,2,2,2,2,2,2
C-clinical-11-00256#3,0,2,2,1,1,1,1,1,1,2,2,0,0,0,0,0,0,2,2,1,1,1,1,1,1,1,1,1,1
C-clinical-11-00256#4,0,2,2,2,2,1,1,1,1,2,2,0,0,2,2,1,1,2,2,1,1,2,2,2,2,2,2,2,2
C-clinical-11-00256#5,2,2,2,2,2,1,2,2,2,1,2,0,2,1,2,1,2,2,2,2,2,2,2,0,2,2,2,1,2
C-clinical-11-00256#6,0,2,2,2,2,2,2,2,2,2,2,2,2,2,2,2,2,2,2,2,2,2,2,0,0,2,2,2,2
C-clinical-11-00256#7,0,2,2,2,2,2,2,2,2,2,2,2,2,0,0,2,2,2,2,2,2,2,2,0,2,0,2,0,2
C-clinical-11-00256#8,0,2,2,2,2,2,2,2,2,2,2,2,2,2,2,2,2,2,2,1,1,2,2,2,2,2,2,2,2
C-clinical-11-00256#9,2,2,2,2,2,2,2,2,2,1,2,0,2,1,2,1,2,2,2,2,2,0,2,1,2,1,2,1,2
C-clinical-11-00262#0,0,2,2,2,2,2,2,2,2,2,2,1,2,1,1,1,1,2,2,2,2,2,2,2,2,2,2,2,2
C-clinical-11-00262#1,0,2,2,2,2,2,2,2,2,2,2,2,2,0,0,0,2,0,2,0,2,2,2,0,2,0,2,2,2
C-clinical-11-00262#2,0,2,2,2,2,2,2,2,2,2,2,0,0,0,0,0,0,2,2,2,2,2,2,2,2,2,2,2,2
C-clinical-11-00262#3,1,1,1,1,1,1,1,1,1,1,1,1,1,1,1,1,1,0,1,1,1,1,1,2,2,1,1,1,1
C-clinical-11-00262#4,0,2,2,2,2,0,0,2,2,1,1,0,0,2,2,1,1,2,2,2,2,2,2,2,2,2,2,2,2
C-clinical-11-00262#5,1,1,1,1,1,1,1,1,1,1,1,1,1,1,1,1,1,0,1,1,1,1,1,2,2,1,1,1,1
C-clinical-11-00264#0,2,2,2,2,2,2,2,2,2,2,2,1,2,1,2,0,2,2,2,2,2,2,2,2,2,2,2,2,2
C-clinical-11-00264#1,2,2,2,2,2,2,2,2,2,2,2,0,2,2,2,2,2,2,2,2,2,2,2,2,2,2,2,2,2
C-clinical-11-00264#2,2,2,2,2,2,2,2,2,2,2,2,0,2,2,2,1,2,2,2,2,2,2,2,2,2,2,2,2,2
C-clinical-11-00264#3,2,2,2,2,2,2,2,2,2,2,2,2,2,0,2,0,2,0,2,2,2,2,2,2,2,0,2,2,2
C-clinical-11-00266#0,0,2,2,2,2,2,2,2,2,2,2,0,0,0,0,0,0,2,2,2,2,2,2,2,2,2,2,2,2
C-clinical-11-00266#1,0,2,2,2,2,2,2,2,2,2,2,0,0,0,0,0,0,2,2,2,2,2,2,2,2,2,2,2,2
C-clinical-11-00266#2,0,2,2,2,2,2,2,2,2,2,2,0,0,0,0,0,0,2,2,2,2,2,2,2,2,2,2,2,2
C-clinical-11-00268#0,0,2,2,2,2,2,2,2,2,2,2,2,2,2,2,2,2,2,2,2,2,2,2,2,2,2,2,2,2
C-clinical-11-00268#1,0,2,2,1,1,1,1,1,1,2,2,0,0,2,2,1,1,1,1,1,1,2,2,2,2,2,2,2,2
C-clinical-11-00268#2,1,2,2,2,2,1,1,2,2,2,2,2,2,1,1,2,2,2,2,0,1,2,2,2,2,2,2,2,2
C-clinical-11-00268#3,1,2,2,2,2,1,1,2,2,2,2,2,2,2,2,2,2,2,2,1,1,2,2,1,1,2,2,2,2
C-clinical-11-00268#4,0,2,2,1,1,0,0,1,1,2,2,0,0,0,0,0,0,1,1,1,1,1,1,1,1,1,1,1,1
C-clinical-11-00268#5,0,2,2,2,2,2,2,2,2,2,2,2,2,0,0,0,2,2,2,2,2,2,2,2,2,2,2,2,2
C-clinical-11-00268#6,0,2,2,2,2,2,2,2,2,2,2,0,0,0,0,0,0,2,2,2,2,2,2,2,2,2,2,2,2
C-clinical-11-00268#7,2,2,2,2,2,2,2,2,2,2,2,0,2,2,2,2,2,2,2,0,2,2,2,2,2,2,2,2,2
C-clinical-11-00268#8,0,2,2,2,2,2,2,2,2,2,2,0,0,2,2,2,2,2,2,0,0,2,2,2,2,2,2,2,2
C-clinical-11-00269#0,0,2,2,2,2,2,2,2,2,2,2,2,2,2,2,2,2,2,2,2,2,2,2,2,2,2,2,2,2
C-clinical-11-00269#1,0,2,2,2,2,2,2,2,2,2,2,2,2,0,0,1,1,2,2,2,2,2,2,2,2,2,2,2,2
C-clinical-11-00269#2,0,2,2,2,2,0,2,2,2,2,2,0,2,0,0,0,0,2,2,2,2,2,2,0,2,0,2,2,2
C-clinical-11-00269#3,2,2,2,2,2,2,2,2,2,2,2,0,2,0,2,0,2,2,2,2,2,2,2,2,2,2,2,2,2
C-clinical-11-00269#4,1,2,2,2,2,2,2,2,2,2,2,2,2,2,2,2,2,2,2,1,1,2,2,2,2,0,1,2,2
C-clinical-11-00269#5,2,2,2,2,2,0,2,2,2,2,2,2,2,2,2,2,2,2,2,2,2,2,2,2,2,2,2,2,2
C-clinical-11-00269#6,2,2,2,2,2,2,2,2,2,1,2,1,2,0,2,0,2,2,2,2,2,2,2,2,2,2,2,2,2
C-clinical-11-00269#7,2,2,2,2,2,2,2,2,2,1,2,0,2,1,2,1,2,2,2,2,2,0,2,1,2,1,2,1,2
C-clinical-11-00269#8,2,2,2,2,2,2,2,2,2,2,2,2,2,2,2,2,2,2,2,0,2,2,2,2,2,0,2,2,2
C-clinical-11-00269#9,2,2,2,2,2,0,2,2,2,2,2,2,2,2,2,2,2,2,2,2,2,2,2,2,2,2,2,2,2
C-clinical-11-00271#0,0,2,2,2,2,2,2,2,2,2,2,1,1,0,0,2,2,2,2,2,2,2,2,2,2,2,2,2,2
C-clinical-11-00271#1,1,2,2,1,1,1,1,1,1,0,1,0,1,1,1,1,1,0,1,0,1,1,1,1,1,2,2,1,1
C-clinical-11-00271#2,0,2,2,2,2,2,2,2,2,2,2,2,2,0,0,0,2,2,2,2,2,2,2,0,2,0,2,2,2
C-clinical-11-00271#3,0,2,2,2,2,2,2,2,2,2,2,2,2,2,2,0,0,2,2,2,2,2,2,2,2,2,2,2,2
C-clinical-11-00271#4,2,2,2,2,2,0,2,2,2,2,2,2,2,2,2,0,2,2,2,2,2,2,2,2,2,2,2,2,2
C-clinical-11-00271#5,0,2,2,2,2,2,2,2,2,2,2,0,0,2,2,0,2,2,2,2,2,2,2,0,2,0,2,2,2
C-clinical-11-00271#6,2,2,2,2,2,0,2,2,2,2,2,2,2,2,2,0,2,2,2,2,2,2,2,2,2,2,2,2,2
C-clinical-11-00271#7,0,2,2,2,2,2,2,2,2,2,2,1,1,0,0,2,2,2,2,2,2,2,2,2,2,2,2,2,2
C-clinical-11-00271#8,0,2,2,2,2,1,1,2,2,2,2,0,0,2,2,1,1,1,1,1,1,2,2,1,1,2,2,2,2
C-clinical-11-00271#9,0,2,2,2,2,2,2,2,2,2,2,2,2,2,2,2,2,0,0,2,2,2,2,2,2,2,2,2,2
C-clinical-11-00273#0,0,2,2,2,2,2,2,2,2,2,2,2,2,0,0,0,0,2,2,2,2,2,2,2,2,2,2,2,2
C-clinical-11-00273#1,0,2,2,2,2,2,2,2,2,2,2,1,1,0,0,0,0,2,2,2,2,2,2,2,2,2,2,2,2
C-clinical-11-00273#10,2,2,2,2,2,2,2,2,2,1,2,1,2,0,2,0,2,2,2,2,2,2,2,2,2,2,2,2,2
C-clinical-11-00273#11,2,0,2,0,2,0,2,0,2,2,2,2,2,2,2,2,2,2,2,2,2,2,2,2,2,2,2,2,2
C-clinical-11-00273#2,0,2,2,2,2,0,0,2,2,2,2,2,2,2,2,2,2,2,2,0,0,2,2,2,2,2,2,2,2
C-clinical-11-00273#3,0,2,2,2,2,1,1,1,1,1,1,0,0,2,2,1,1,1,1,1,1,2,2,2,2,2,2,2,2
C-clinical-11-00273#4,2,2,2,2,2,2,2,2,2,2,2,2,2,2,2,2,2,2,2,2,2,2,2,2,2,2,2,2,2
C-clinical-11-00273#5,0,2,2,2,2,2,2,2,2,2,2,0,0,2,2,2,2,2,2,0,0,2,2,2,2,2,2,2,2
C-clinical-11-00273#6,2,2,2,2,2,2,2,2,2,2,2,0,2,1,2,1,2,2,2,2,2,0,2,2,2,0,2,0,2
C-clinical-11-00273#7,1,1,1,1,1,0,1,1,1,1,1,2,2,1,1,1,1,2,2,0,1,2,2,2,2,0,1,1,1
C-clinical-11-00273#8,1,1,1,1,1,0,1,1,1,1,1,2,2,1,1,1,1,2,2,0,1,2,2,2,2,0,1,1,1
C-clinical-11-00273#9,2,2,2,2,2,2,2,2,2,1,2,0,2,1,2,1,2,2,2,2,2,0,2,1,2,1,2,1,2
C-clinical-11-00276#0,0,2,2,2,2,2,2,2,2,2,2,1,1,0,0,0,0,2,2,2,2,2,2,2,2,2,2,2,2
C-clinical-11-00276#1,0,2,2,2,2,2,2,2,2,2,2,0,0,2,2,1,1,2,2,0,0,2,2,2,2,2,2,2,2
C-clinical-11-00276#2,0,1,1,1,1,0,0,1,1,2,2,0,0,0,0,0,0,1,1,1,1,1,1,1,1,1,1,1,1
C-clinical-11-00276#3,2,2,2,1,2,0,2,1,2,1,2,0,2,1,2,1,2,0,2,2,2,1,2,0,2,1,2,1,2
C-clinical-11-00276#4,0,2,2,2,2,0,0,2,2,2,2,2,2,2,2,2,2,2,2,2,2,2,2,2,2,0,0,2,2
C-clinical-11-00276#5,2,2,2,2,2,2,2,2,2,1,2,0,2,1,2,1,2,0,2,2,2,0,2,1,2,1,2,1,2
C-clinical-11-00276#6,1,2,2,2,2,1,1,2,2,1,1,1,1,1,1,1,1,2,2,1,1,2,2,1,1,0,1,1,1
C-clinical-11-00276#7,2,2,2,2,2,0,2,2,2,2,2,2,2,2,2,2,2,2,2,2,2,2,2,2,2,2,2,2,2
C-clinical-11-00276#8,2,2,2,1,2,0,2,1,2,1,2,0,2,1,2,1,2,1,2,2,2,1,2,0,2,1,2,1,2
C-clinical-11-00277#0,0,2,2,2,2,2,2,2,2,2,2,0,0,2,2,1,1,2,2,2,2,2,2,2,2,2,2,2,2
C-clinical-11-00277#1,2,2,2,2,2,2,2,2,2,2,2,0,2,2,2,2,2,2,2,2,2,2,2,2,2,2,2,2,2
C-clinical-11-00277#2,0,2,2,2,2,2,2,2,2,2,2,2,2,2,2,2,2,2,2,2,2,2,2,2,2,2,2,2,2
C-clinical-11-00277#3,2,2,2,2,2,2,2,2,2,2,2,0,2,2,2,2,2,2,2,2,2,2,2,2,2,2,2,2,2
C-clinical-11-00277#4,2,2,2,2,2,2,2,2,2,1,2,1,2,1,2,1,2,2,2,2,2,2,2,2,2,2,2,2,2
C-clinical-11-00278#0,0,2,2,2,2,2,2,2,2,2,2,0,2,0,0,0,0,2,2,2,2,2,2,2,2,2,2,2,2
C-clinical-11-00278#1,0,2,2,2,2,2,2,2,2,2,2,2,2,0,0,0,0,2,2,0,2,2,2,2,2,2,2,0,2
C-clinical-11-00278#2,0,2,2,2,2,1,1,2,2,2,2,2,2,2,2,2,2,0,0,2,2,2,2,2,2,0,0,2,2
C-clinical-11-00278#3,2,2,2,2,2,2,2,2,2,2,2,0,2,2,2,2,2,2,2,2,2,2,2,2,2,2,2,2,2
C-clinical-11-00278#4,2,2,2,2,2,2,2,2,2,2,2,1,2,2,2,2,2,2,2,2,2,2,2,2,2,2,2,2,2
C-clinical-11-00278#5,0,2,2,2,2,1,1,2,2,1,1,0,0,2,2,2,2,2,2,0,0,2,2,2,2,2,2,1,1
C-clinical-11-00278#6,2,2,2,2,2,2,2,2,2,2,2,2,2,2,2,2,2,2,2,1,2,2,2,2,2,2,2,2,2
C-clinical-11-00279#0,2,2,2,2,2,2,2,2,2,2,2,1,2,1,2,2,2,2,2,2,2,2,2,2,2,2,2,2,2
C-clinical-11-00279#1,1,2,2,2,2,1,1,1,1,2,2,1,1,2,2,1,1,2,2,1,1,2,2,1,1,2,2,2,2
C-clinical-11-00279#2,2,2,2,2,2,2,2,2,2,2,2,2,2,2,2,2,2,2,2,2,2,2,2,2,2,2,2,2,2
C-clinical-11-00279#3,0,2,2,2,2,2,2,2,2,2,2,2,2,2,2,2,2,2,2,2,2,2,2,2,2,2,2,2,2
C-clinical-11-00279#4,1,1,1,1,1,1,1,1,1,0,1,0,1,1,1,0,1,0,1,2,2,2,2,2,2,2,2,2,2
C-clinical-11-00279#5,0,2,2,2,2,1,1,2,2,2,2,2,2,2,2,2,2,2,2,2,2,2,2,0,0,0,0,2,2
C-clinical-11-00279#7,1,2,2,2,2,1,1,1,1,2,2,0,1,0,1,0,1,2,2,2,2,1,1,0,1,2,2,0,1
C-clinical-11-00279#8,2,2,2,2,2,2,2,2,2,2,2,2,2,0,2,0,2,2,2,2,2,2,2,2,2,2,2,2,2
C-clinical-11-00281#0,0,2,2,2,2,2,2,2,2,2,2,2,2,0,0,0,0,2,2,2,2,2,2,2,2,2,2,2,2
C-clinical-11-00281#10,0,2,2,2,2,1,1,2,2,2,2,0,0,2,2,1,1,2,2,0,0,2,2,2,2,2,2,1,1
C-clinical-11-00281#11,2,2,2,2,2,2,2,2,2,2,2,0,2,2,2,2,2,2,2,2,2,2,2,2,2,2,2,2,2
C-clinical-11-00281#12,2,2,2,2,2,2,2,2,2,2,2,2,2,2,2,2,2,2,2,2,2,2,2,2,2,2,2,2,2
C-clinical-11-00281#2,2,2,2,2,2,2,2,2,2,2,2,0,2,2,2,2,2,2,2,2,2,2,2,2,2,2,2,2,2
C-clinical-11-00281#3,2,2,2,2,2,2,2,2,2,2,2,2,2,2,2,2,2,2,2,2,2,2,2,2,2,2,2,2,2
C-clinical-11-00281#4,0,1,1,1,1,0,0,1,1,2,2,0,0,0,0,0,0,0,0,0,0,1,1,0,0,1,1,1,1
C-clinical-11-00281#5,0,2,2,2,2,1,1,2,2,2,2,2,2,2,2,2,2,2,2,2,2,0,0,2,2,0,0,2,2
C-clinical-11-00281#6,0,2,2,2,2,0,0,2,2,2,2,0,0,2,2,2,2,2,2,0,0,2,2,2,2,2,2,2,2
C-clinical-11-00281#7,1,1,1,1,1,1,1,1,1,1,1,1,1,1,1,1,1,1,1,1,1,1,1,2,2,1,1,2,2
C-clinical-11-00281#8,2,2,2,2,2,2,2,2,2,1,2,1,2,1,2,0,2,2,2,2,2,2,2,2,2,2,2,2,2
C-clinical-11-00281#9,2,2,2,2,2,2,2,2,2,1,2,0,2,1,2,1,2,2,2,2,2,0,2,1,2,1,2,1,2
C-clinical-11-00282#0,0,2,2,2,2,2,2,2,2,2,2,1,1,0,0,0,0,2,2,2,2,2,2,2,2,2,2,2,2
C-clinical-11-00282#1,0,2,2,2,2,2,2,2,2,2,2,0,0,0,0,0,0,0,2,2,2,2,2,2,2,2,2,2,2
C-clinical-11-00282#2,0,2,2,2,2,2,2,2,2,2,2,0,0,0,0,0,0,2,2,2,2,2,2,2,2,2,2,2,2
C-clinical-11-00282#3,0,2,2,2,2,2,2,2,2,2,2,0,0,0,0,0,0,2,2,2,2,2,2,2,2,2,2,2,2
C-clinical-11-00283#0,0,2,2,2,2,2,2,2,2,2,2,1,1,1,1,1,1,2,2,2,2,2,2,2,2,2,2,2,2
C-clinical-11-00283#1,0,1,1,1,1,1,1,1,1,0,0,2,2,1,1,1,1,0,0,0,0,1,1,1,1,1,1,2,2
C-clinical-11-00283#2,0,2,2,2,2,2,2,2,2,2,2,2,2,0,0,2,2,0,2,2,2,2,2,2,2,2,2,2,2
C-clinical-11-00283#3,0,2,2,2,2,2,2,2,2,2,2,2,2,2,2,1,1,2,2,2,2,2,2,2,2,1,1,2,2
C-clinical-11-00284#0,2,2,2,2,2,2,2,2,2,2,2,1,2,2,2,1,2,2,2,2,2,2,2,2,2,2,2,2,2
C-clinical-11-00284#1,2,2,2,2,2,2,2,2,2,2,2,0,2,2,2,1,2,0,2,0,2,2,2,2,2,2,2,2,2
C-clinical-11-00284#2,2,2,2,2,2,2,2,2,2,2,2,2,2,2,2,2,2,2,2,2,2,2,2,2,2,2,2,2,2
C-clinical-11-00284#3,2,2,2,2,2,2,2,2,2,2,2,2,2,1,2,1,2,2,2,0,2,2,2,2,2,0,2,2,2
C-clinical-11-00284#4,0,2,2,2,2,2,2,2,2,2,2,2,2,0,0,0,0,2,2,2,2,2,2,2,2,2,2,2,2
C-clinical-11-00284#5,1,2,2,2,2,1,1,2,2,2,2,2,2,2,2,2,2,2,2,1,1,2,2,1,1,2,2,2,2
C-clinical-11-00284#6,0,2,2,2,2,2,2,2,2,2,2,0,0,2,2,0,0,0,0,0,0,2,2,2,2,2,2,2,2
C-clinical-11-00284#7,0,2,2,2,2,2,2,2,2,1,1,1,1,1,1,1,1,2,2,1,1,2,2,2,2,2,2,2,2
C-clinical-11-00286#0,0,2,2,2,2,2,2,2,2,2,2,2,2,0,0,0,0,2,2,2,2,2,2,2,2,2,2,2,2
C-clinical-11-00286#1,2,2,2,2,2,2,2,2,2,2,2,2,2,2,2,2,2,2,2,2,2,2,2,2,2,2,2,2,2
C-clinical-11-00286#10,2,2,2,2,2,2,2,2,2,1,2,1,2,0,2,0,2,2,2,2,2,2,2,2,2,2,2,2,2
C-clinical-11-00286#11,0,2,2,2,2,0,0,2,2,2,2,0,0,2,2,1,1,2,2,0,0,2,2,0,0,0,0,2,2
C-clinical-11-00286#12,2,2,2,2,2,2,2,2,2,2,2,2,2,2,2,2,2,2,2,0,2,2,2,0,2,0,2,2,2
C-clinical-11-00286#2,0,2,2,2,2,1,1,2,2,1,1,0,0,2,2,1,1,1,1,1,1,2,2,2,2,2,2,2,2
C-clinical-11-00286#3,2,2,2,2,2,2,2,2,2,2,2,0,2,2,2,2,2,2,2,2,2,2,2,2,2,2,2,2,2
C-clinical-11-00286#4,1,2,2,2,2,2,2,2,2,2,2,2,2,2,2,2,2,2,2,2,2,2,2,0,1,2,2,2,2
C-clinical-11-00286#5,0,2,2,2,2,2,2,2,2,2,2,2,2,2,2,2,2,2,2,2,2,2,2,0,0,2,2,2,2
C-clinical-11-00286#6,0,2,2,2,2,2,2,2,2,2,2,2,2,2,2,2,2,2,2,2,2,2,2,2,2,2,2,2,2
C-clinical-11-00286#7,2,2,2,2,2,0,2,2,2,2,2,2,2,2,2,2,2,2,2,1,2,2,2,2,2,2,2,2,2
C-clinical-11-00286#8,2,2,2,2,2,0,2,1,2,2,2,2,2,2,2,2,2,2,2,2,2,2,2,2,2,2,2,2,2
C-clinical-11-00286#9,2,2,2,2,2,2,2,2,2,1,2,0,2,1,2,1,2,0,2,2,2,0,2,1,2,1,2,1,2
C-clinical-11-00292#0,0,2,2,2,2,2,2,2,2,2,2,2,2,1,1,2,2,2,2,2,2,2,2,2,2,2,2,2,2
C-clinical-11-00292#2,2,2,2,2,2,2,2,2,2,2,2,0,2,2,2,2,2,2,2,2,2,2,2,2,2,2,2,2,2
C-clinical-11-00292#3,0,2,2,2,2,2,2,2,2,2,2,0,2,0,0,0,2,2,2,2,2,2,2,0,2,0,2,2,2
C-clinical-11-00292#4,1,1,1,1,1,1,1,1,1,0,1,0,1,0,1,1,1,0,1,2,2,1,1,1,1,1,1,2,2
C-clinical-11-00292#5,2,2,2,2,2,2,2,2,2,2,2,2,2,2,2,2,2,2,2,2,2,2,2,2,2,2,2,2,2
C-clinical-11-00292#6,0,2,2,2,2,2,2,2,2,2,2,0,0,0,0,2,2,2,2,2,2,2,2,2,2,2,2,2,2
C-clinical-11-00292#7,0,2,2,2,2,2,2,2,2,2,2,2,2,2,2,2,2,2,2,2,2,2,2,2,2,2,2,2,2
C-clinical-11-00292#8,2,2,2,2,2,2,2,1,2,2,2,2,2,2,2,2,2,2,2,2,2,2,2,2,2,2,2,2,2
C-clinical-11-00292#9,0,2,2,2,2,0,0,2,2,2,2,0,0,1,1,1,1,2,2,0,0,2,2,2,2,2,2,2,2
C-clinical-11-00295#0,0,2,2,2,2,2,2,2,2,2,2,0,2,0,0,2,2,2,2,2,2,2,2,2,2,2,2,2,2
C-clinical-11-00295#1,0,2,2,2,2,2,2,2,2,2,2,1,1,0,0,2,2,2,2,2,2,2,2,2,2,2,2,2,2
C-clinical-11-00295#2,2,2,2,2,2,2,2,2,2,2,2,0,2,2,2,2,2,2,2,1,2,2,2,2,2,2,2,2,2
C-clinical-11-00295#3,2,2,2,2,2,2,2,2,2,2,2,2,2,2,2,2,2,2,2,2,2,2,2,2,2,2,2,2,2
C-clinical-11-00295#4,0,2,2,2,2,2,2,2,2,2,2,0,0,2,2,2,2,0,0,0,0,2,2,2,2,2,2,2,2
C-clinical-11-00295#5,1,1,1,1,1,1,1,1,1,1,1,1,1,1,1,1,1,1,1,1,1,1,1,1,1,1,1,1,1
C-clinical-11-00297#0,0,2,2,2,2,2,2,2,2,2,2,1,1,1,1,2,2,2,2,2,2,2,2,2,2,2,2,2,2
C-clinical-11-00297#1,1,1,1,1,1,1,1,1,1,0,1,0,1,1,1,1,1,0,1,2,2,1,1,0,1,1,1,1,1
C-clinical-11-00297#2,0,2,2,2,2,2,2,2,2,2,2,2,2,0,0,0,2,2,2,2,2,2,2,2,2,2,2,2,2
C-clinical-11-00297#3,0,2,2,1,1,0,0,1,1,2,2,0,0,0,0,0,0,1,1,1,1,1,1,0,0,1,1,0,0
C-clinical-11-00297#4,1,2,2,2,2,2,2,2,2,2,2,2,2,2,2,2,2,2,2,2,2,2,2,2,2,2,2,2,2
C-clinical-11-00298#0,0,2,2,2,2,2,2,2,2,2,2,2,2,0,0,0,0,2,2,2,2,2,2,2,2,1,2,2,2
C-clinical-11-00298#1,0,2,2,2,2,2,2,2,2,2,2,2,2,0,0,0,0,2,2,2,2,2,2,2,2,2,2,2,2
C-clinical-11-00298#10,0,2,2,2,2,2,2,2,2,2,2,2,2,0,0,0,0,2,2,2,2,2,2,0,2,0,2,2,2
C-clinical-11-00298#11,0,2,2,2,2,2,2,2,2,1,1,2,2,2,2,1,1,2,2,1,1,2,2,2,2,2,2,2,2
C-clinical-11-00298#2,2,2,2,2,2,2,2,2,2,2,2,0,2,2,2,1,2,2,2,0,2,2,2,2,2,2,2,2,2
C-clinical-11-00298#3,0,2,2,2,2,0,0,2,2,2,2,2,2,2,2,2,2,2,2,2,2,2,2,2,2,2,2,2,2
C-clinical-11-00298#4,2,2,2,2,2,2,2,2,2,1,2,1,2,2,2,1,2,2,2,1,2,2,2,2,2,2,2,2,2
C-clinical-11-00298#5,0,2,2,2,2,2,2,2,2,2,2,2,2,2,2,0,0,2,2,2,2,2,2,2,2,2,2,2,2
C-clinical-11-00298#6,2,2,2,2,2,2,2,2,2,2,2,1,2,2,2,2,2,2,2,2,2,2,2,2,2,2,2,2,2
C-clinical-11-00298#7,0,2,2,2,2,2,2,2,2,2,2,0,0,2,2,2,2,2,2,0,0,2,2,2,2,2,2,2,2
C-clinical-11-00298#8,2,2,2,2,2,2,2,2,2,2,2,0,2,1,2,1,2,2,2,2,2,0,2,2,2,0,2,2,2
C-clinical-11-00298#9,0,2,2,2,2,1,1,1,1,1,1,0,0,1,1,1,1,2,2,1,1,2,2,2,2,2,2,2,2
C-clinical-11-00300#1,2,2,2,2,2,2,2,2,2,2,2,0,2,2,2,0,2,2,2,2,2,2,2,2,2,2,2,2,2
C-clinical-11-00300#10,0,2,2,2,2,2,2,2,2,2,2,2,2,2,2,2,2,2,2,2,2,2,2,2,2,2,2,2,2
C-clinical-11-00300#11,0,2,2,2,2,2,2,2,2,2,2,0,2,0,0,0,0,2,2,2,2,2,2,0,0,0,2,0,2
C-clinical-11-00300#12,0,2,2,2,2,2,2,2,2,2,2,0,0,2,2,2,2,2,2,2,2,2,2,2,2,2,2,2,2
C-clinical-11-00300#2,0,2,2,2,2,2,2,2,2,2,2,1,2,1,1,0,0,2,2,1,1,2,2,1,1,2,2,2,2
C-clinical-11-00300#3,1,1,1,1,1,1,1,1,1,0,1,0,1,1,1,0,1,0,1,2,2,2,2,2,2,2,2,2,2
C-clinical-11-00300#4,2,2,2,2,2,2,2,2,2,2,2,2,2,2,2,2,2,2,2,2,2,2,2,0,2,2,2,2,2
C-clinical-11-00300#5,0,2,2,2,2,2,2,2,2,2,2,0,0,0,0,2,2,2,2,2,2,2,2,2,2,2,2,2,2
C-clinical-11-00300#6,0,2,2,2,2,2,2,2,2,2,2,2,2,0,0,0,0,2,2,2,2,2,2,0,0,0,2,2,2
C-clinical-11-00300#7,2,2,2,2,2,2,2,2,2,2,2,2,2,2,2,2,2,2,2,0,2,2,2,2,2,0,2,2,2
C-clinical-11-00300#8,2,2,2,2,2,2,2,2,2,2,2,2,2,2,2,2,2,2,2,2,2,2,2,2,2,2,2,2,2
C-clinical-11-00300#9,0,2,2,2,2,2,2,2,2,2,2,0,0,2,2,2,2,0,0,0,0,2,2,2,2,2,2,2,2
C-clinical-11-00301#0,2,2,2,2,2,2,2,2,2,2,2,2,2,1,2,0,2,2,2,2,2,2,2,1,2,2,2,2,2
C-clinical-11-00301#1,2,2,2,2,2,2,2,2,2,2,2,2,2,2,2,0,2,0,2,0,2,2,2,2,2,2,2,0,2
C-clinical-11-00301#10,2,2,2,2,2,2,2,2,2,2,2,1,2,0,2,0,2,0,2,2,2,2,2,1,2,2,2,2,2
C-clinical-11-00301#11,0,2,2,1,1,1,1,1,1,2,2,0,0,0,0,0,0,0,0,1,1,1,1,2,2,1,1,1,1
C-clinical-11-00301#12,2,2,2,2,2,2,2,2,2,1,2,0,2,2,2,1,2,2,2,0,2,2,2,2,2,2,2,2,2
C-clinical-11-00301#13,2,2,2,2,2,2,2,2,2,2,2,2,2,0,2,0,2,0,2,0,2,2,2,2,2,2,2,0,2
C-clinical-11-00301#2,2,2,2,2,2,2,2,2,2,2,2,0,2,2,2,1,2,2,2,0,2,0,2,2,2,2,2,2,2
C-clinical-11-00301#3,2,2,2,2,2,2,2,2,2,2,2,2,2,2,2,2,2,2,2,2,2,2,2,2,2,2,2,2,2
C-clinical-11-00301#4,2,2,2,2,2,2,2,2,2,2,2,1,2,2,2,1,2,2,2,0,2,2,2,2,2,2,2,2,2
C-clinical-11-00301#5,0,2,2,2,2,2,2,2,2,2,2,2,2,2,2,0,0,2,2,2,2,2,2,2,2,2,2,2,2
C-clinical-11-00301#6,0,2,2,1,1,1,1,1,1,2,2,0,0,0,0,0,0,0,0,1,1,1,1,0,1,1,1,1,1
C-clinical-11-00301#7,2,2,2,2,2,2,2,2,2,2,2,2,2,2,2,2,2,2,2,0,2,2,2,2,2,2,2,2,2
C-clinical-11-00301#8,2,2,2,2,2,1,2,2,2,1,2,0,2,2,2,1,2,2,2,0,2,2,2,2,2,2,2,2,2
C-clinical-11-00301#9,0,2,2,2,2,2,2,2,2,2,2,2,2,2,2,1,1,0,0,2,2,2,2,2,2,2,2,2,2
C-clinical-11-00302#0,0,2,2,2,2,2,2,2,2,2,2,1,1,2,2,0,0,2,2,2,2,2,2,2,2,2,2,2,2
C-clinical-11-00302#1,2,2,2,2,2,2,2,2,2,2,2,2,2,2,2,2,2,2,2,2,2,2,2,2,2,2,2,2,2
C-clinical-11-00302#10,0,2,2,2,2,2,2,2,2,2,2,2,2,2,2,2,2,2,2,0,0,2,2,2,2,2,2,2,2
C-clinical-11-00302#11,0,2,2,2,2,2,2,2,2,2,2,0,0,2,2,2,2,2,2,0,0,2,2,2,2,2,2,2,2
C-clinical-11-00302#2,2,2,2,2,2,2,2,2,2,2,2,0,2,2,2,2,2,2,2,2,2,2,2,2,2,2,2,2,2
C-clinical-11-00302#3,0,2,2,2,2,1,1,1,1,1,1,0,0,1,1,1,1,1,1,1,1,0,0,2,2,0,0,2,2
C-clinical-11-00302#4,2,2,2,1,2,1,2,1,2,1,2,0,2,1,2,1,2,0,2,2,2,1,2,1,2,1,2,1,2
C-clinical-11-00302#5,1,1,1,1,1,1,1,2,2,1,1,1,1,1,1,1,1,2,2,1,1,2,2,2,2,1,1,2,2
C-clinical-11-00302#6,1,2,2,2,2,1,1,2,2,1,1,1,1,1,1,1,1,2,2,1,1,2,2,2,2,1,1,2,2
C-clinical-11-00302#7,2,0,2,0,2,0,2,0,2,2,2,2,2,2,2,2,2,0,2,2,2,2,2,2,2,2,2,2,2
C-clinical-11-00302#8,2,2,2,2,2,2,2,2,2,1,2,0,2,1,2,1,2,0,2,2,2,0,2,1,2,1,2,1,2
C-clinical-11-00302#9,2,2,2,2,2,1,2,2,2,1,2,1,2,0,2,0,2,2,2,2,2,2,2,2,2,2,2,2,2
C-clinical-11-00303#0,0,2,2,2,2,2,2,2,2,2,2,2,2,0,0,0,2,2,2,2,2,2,2,2,2,2,2,2,2
C-clinical-11-00303#1,0,2,2,2,2,2,2,2,2,2,2,2,2,2,2,2,2,2,2,2,2,2,2,0,2,2,2,2,2
C-clinical-11-00303#2,0,2,2,2,2,2,2,2,2,2,2,0,2,0,0,0,0,2,2,2,2,2,2,0,2,0,2,2,2
C-clinical-11-00303#3,0,2,2,2,2,2,2,2,2,2,2,2,2,2,2,1,1,2,2,2,2,2,2,2,2,2,2,2,2
C-clinical-11-00303#4,0,2,2,2,2,2,2,2,2,2,2,0,0,1,1,0,0,2,2,2,2,2,2,2,2,2,2,2,2
C-clinical-11-00303#5,0,2,2,2,2,0,0,2,2,0,0,0,0,2,2,2,2,2,2,0,0,2,2,2,2,2,2,2,2
C-clinical-11-00303#6,1,1,1,1,1,1,1,1,1,1,1,1,1,1,1,1,1,0,1,1,1,1,1,1,1,1,1,1,1
C-clinical-11-00303#7,0,2,2,2,2,0,0,2,2,0,0,0,0,2,2,2,2,2,2,0,0,2,2,2,2,2,2,2,2
C-clinical-11-00306#0,0,2,2,2,2,2,2,2,2,2,2,0,0,1,1,0,0,2,2,2,2,2,2,2,2,2,2,2,2
C-clinical-11-00306#1,2,2,2,2,2,2,2,2,2,2,2,2,2,2,2,2,2,2,2,2,2,2,2,2,2,2,2,2,2
C-clinical-11-00306#2,0,1,1,1,1,0,0,1,1,2,2,0,0,0,0,0,0,0,0,1,1,1,1,1,1,0,0,1,1
C-clinical-11-00306#3,0,2,2,2,2,2,2,2,2,2,2,0,0,0,0,0,0,2,2,2,2,2,2,2,2,2,2,2,2
C-clinical-11-00306#4,2,1,2,0,2,1,2,2,2,1,2,0,2,1,2,1,2,0,2,2,2,2,2,2,2,2,2,2,2
C-clinical-11-00306#5,2,2,2,2,2,2,2,2,2,1,2,1,2,0,2,0,2,2,2,2,2,2,2,2,2,2,2,2,2
C-clinical-11-00306#6,2,2,2,2,2,2,2,2,2,2,2,2,2,2,2,2,2,2,2,2,2,2,2,2,2,2,2,2,2
C-clinical-11-00308#0,0,2,2,2,2,2,2,2,2,2,2,2,2,0,0,0,0,2,2,2,2,2,2,2,2,2,2,2,2
C-clinical-11-00308#1,0,2,2,2,2,1,1,1,1,2,2,0,1,0,0,0,0,1,1,0,1,1,1,2,2,2,2,2,2
C-clinical-11-00308#2,2,2,2,2,2,2,2,2,2,2,2,0,2,0,2,0,2,2,2,2,2,2,2,2,2,2,2,2,2
C-clinical-11-00308#3,2,2,2,2,2,2,2,2,2,2,2,2,2,2,2,2,2,2,2,0,2,2,2,2,2,2,2,2,2
C-clinical-11-00308#4,2,2,2,2,2,1,2,2,2,2,2,2,2,2,2,2,2,2,2,2,2,2,2,2,2,2,2,2,2
C-clinical-11-00308#5,0,2,2,2,2,2,2,2,2,2,2,2,2,2,2,2,2,2,2,0,0,2,2,2,2,2,2,2,2
C-clinical-11-00311#0,0,2,2,2,2,2,2,2,2,1,1,0,0,0,0,0,0,2,2,2,2,2,2,2,2,2,2,2,2
C-clinical-11-00311#1,0,2,2,2,2,2,2,2,2,2,2,0,0,0,0,0,0,0,0,0,0,2,2,0,0,0,0,0,0
C-clinical-11-00311#2,0,2,2,1,1,1,1,1,1,2,2,0,0,0,0,0,0,1,1,1,1,1,1,0,0,1,1,2,2
C-clinical-11-00311#3,2,0,2,0,2,0,2,0,2,2,2,2,2,2,2,2,2,2,2,2,2,2,2,2,2,2,2,2,2
C-clinical-11-00313#1,2,2,2,2,2,2,2,2,2,2,2,1,2,2,2,2,2,2,2,2,2,2,2,1,2,2,2,2,2
C-clinical-11-00313#10,2,2,2,2,2,2,2,2,2,2,2,0,2,2,2,2,2,0,2,2,2,2,2,2,2,2,2,2,2
C-clinical-11-00313#11,0,2,2,2,2,0,0,2,2,2,2,0,0,2,2,2,2,0,0,0,0,2,2,2,2,2,2,2,2
C-clinical-11-00313#12,2,2,2,2,2,2,2,2,2,2,2,0,2,2,2,2,2,2,2,2,2,2,2,2,2,2,2,2,2
C-clinical-11-00313#2,2,2,2,2,2,2,2,2,2,2,2,2,2,2,2,2,2,2,2,2,2,2,2,2,2,2,2,2,2
C-clinical-11-00313#3,2,2,2,2,2,2,2,2,2,2,2,2,2,2,2,2,2,2,2,2,2,2,2,2,2,2,2,2,2
C-clinical-11-00313#4,1,1,1,1,1,0,1,1,1,0,1,0,1,1,1,1,1,0,1,2,2,2,2,2,2,2,2,2,2
C-clinical-11-00313#5,1,2,2,2,2,2,2,2,2,2,2,0,1,2,2,1,1,2,2,1,1,2,2,1,1,2,2,2,2
C-clinical-11-00313#6,2,2,2,2,2,2,2,2,2,2,2,0,2,2,2,2,2,2,2,2,2,2,2,2,2,2,2,2,2
C-clinical-11-00313#7,2,2,2,2,2,2,2,2,2,2,2,2,2,2,2,2,2,2,2,2,2,2,2,2,2,2,2,2,2
C-clinical-11-00313#8,0,2,2,2,2,0,0,2,2,2,2,0,0,2,2,1,1,2,2,0,0,2,2,2,2,2,2,2,2
C-clinical-11-00319#0,0,2,2,2,2,2,2,2,2,2,2,0,0,0,0,0,2,2,2,2,2,2,2,2,2,2,2,2,2
C-clinical-11-00319#1,0,2,2,2,2,2,2,2,2,2,2,0,0,0,0,0,2,2,2,2,2,2,2,2,2,2,2,2,2
C-clinical-11-00319#2,0,2,2,2,2,2,2,2,2,2,2,0,0,0,0,0,0,2,2,2,2,2,2,2,2,2,2,0,0
C-clinical-11-00319#3,0,2,2,2,2,2,2,2,2,2,2,0,0,1,1,2,2,2,2,2,2,2,2,2,2,2,2,2,2
C-clinical-11-00319#4,0,2,2,2,2,2,2,2,2,2,2,0,0,0,0,0,2,2,2,2,2,2,2,2,2,2,2,2,2
C-clinical-11-00319#5,0,2,2,2,2,2,2,2,2,2,2,0,0,0,0,0,0,2,2,2,2,2,2,2,2,2,2,0,0
C-clinical-11-00321#0,0,2,2,2,2,2,2,2,2,2,2,2,2,0,0,0,0,2,2,2,2,2,2,2,2,2,2,2,2
C-clinical-11-00321#1,2,2,2,2,2,2,2,2,2,2,2,0,2,2,2,2,2,2,2,2,2,2,2,2,2,2,2,2,2
C-clinical-11-00321#2,0,2,2,2,2,2,2,2,2,2,2,2,2,0,0,0,0,0,2,2,2,2,2,2,2,2,2,2,2
C-clinical-11-00321#3,0,2,2,2,2,2,2,2,2,2,2,0,0,0,0,0,0,0,0,2,2,2,2,2,2,2,2,2,2
C-clinical-11-00321#4,0,2,2,2,2,2,2,2,2,2,2,1,1,0,0,0,0,2,2,2,2,2,2,2,2,2,2,2,2
C-clinical-11-00324#1,2,2,2,2,2,2,2,2,2,2,2,2,2,2,2,1,2,2,2,2,2,2,2,2,2,2,2,2,2
C-clinical-11-00324#10,0,2,2,2,2,2,2,2,2,2,2,2,2,2,2,2,2,2,2,2,2,2,2,2,2,2,2,2,2
C-clinical-11-00324#11,0,2,2,2,2,2,2,2,2,2,2,2,2,2,2,2,2,2,2,2,2,2,2,0,0,2,2,2,2
C-clinical-11-00324#12,2,2,2,2,2,2,2,2,2,2,2,0,2,2,2,2,2,2,2,2,2,2,2,2,2,2,2,2,2
C-clinical-11-00324#13,1,2,2,2,2,2,2,2,2,2,2,2,2,2,2,2,2,2,2,1,1,2,2,0,1,2,2,2,2
C-clinical-11-00324#14,0,2,2,2,2,0,0,2,2,0,0,0,0,2,2,2,2,2,2,0,0,2,2,2,2,2,2,2,2
C-clinical-11-00324#15,0,2,2,2,2,0,0,2,2,0,0,0,0,2,2,2,2,2,2,0,0,2,2,2,2,2,2,2,2
C-clinical-11-00324#2,0,2,2,2,2,2,2,2,2,2,2,2,2,2,2,2,2,2,2,2,2,2,2,2,2,2,2,2,2
C-clinical-11-00324#3,0,2,2,2,2,2,2,2,2,2,2,2,2,2,2,1,1,2,2,2,2,2,2,2,2,2,2,2,2
C-clinical-11-00324#4,2,2,2,2,2,2,2,2,2,2,2,1,2,1,2,2,2,2,2,2,2,2,2,2,2,2,2,2,2
C-clinical-11-00324#5,2,2,2,2,2,2,2,2,2,1,2,1,2,1,2,0,2,2,2,2,2,2,2,2,2,2,2,2,2
C-clinical-11-00324#6,1,1,1,1,1,1,1,1,1,1,1,0,1,1,1,1,1,1,1,0,1,1,1,1,1,1,1,1,1
C-clinical-11-00324#7,2,2,2,2,2,2,2,2,2,1,2,0,2,1,2,1,2,0,2,2,2,0,2,1,2,1,2,1,2
C-clinical-11-00324#8,2,2,2,2,2,2,2,2,2,2,2,2,2,2,2,2,2,2,2,2,2,2,2,0,2,2,2,2,2
C-clinical-11-00324#9,0,2,2,2,2,2,2,2,2,2,2,2,2,2,2,2,2,2,2,2,2,2,2,0,0,2,2,2,2
C-clinical-11-00325#0,0,2,2,2,2,2,2,2,2,2,2,2,2,1,1,1,1,2,2,2,2,2,2,2,2,2,2,2,2
C-clinical-11-00325#1,1,2,2,1,1,1,1,1,1,0,1,0,1,1,1,1,1,0,1,2,2,1,1,1,1,1,1,2,2
C-clinical-11-00325#2,0,2,2,2,2,0,2,2,2,2,2,0,2,0,0,0,0,0,2,2,2,2,2,0,2,0,2,0,2
C-clinical-11-00325#3,0,2,2,2,2,2,2,2,2,2,2,2,2,2,2,2,2,2,2,2,2,2,2,1,1,0,0,2,2
C-clinical-11-00325#4,2,2,2,2,2,2,2,2,2,2,2,0,2,2,2,1,2,2,2,1,2,2,2,2,2,2,2,2,2
C-clinical-11-00325#5,0,2,2,2,2,2,2,2,2,2,2,0,0,2,2,2,2,2,2,2,2,2,2,2,2,2,2,2,2
C-clinical-11-00325#6,0,2,2,2,2,0,2,2,2,2,2,0,2,0,0,0,0,0,2,2,2,2,2,0,2,0,2,2,2
C-clinical-11-00330#0,2,2,2,2,2,2,2,2,2,2,2,0,2,2,2,2,2,2,2,2,2,2,2,2,2,2,2,2,2
C-clinical-11-00330#1,2,2,2,2,2,2,2,2,2,2,2,2,2,2,2,2,2,2,2,2,2,2,2,2,2,2,2,2,2
C-clinical-11-00330#2,1,2,2,2,2,2,2,2,2,2,2,0,1,2,2,1,1,1,1,1,1,2,2,1,1,2,2,2,2
C-clinical-11-00330#3,2,2,2,2,2,2,2,2,2,2,2,2,2,2,2,2,2,2,2,2,2,2,2,2,2,2,2,2,2
C-clinical-11-00330#4,0,2,2,2,2,2,2,2,2,2,2,2,2,2,2,2,2,2,2,0,0,2,2,2,2,0,0,2,2
C-clinical-11-00330#5,0,2,2,2,2,2,2,2,2,2,2,0,0,1,1,1,1,2,2,2,2,2,2,2,2,2,2,2,2
C-clinical-11-00330#6,0,2,2,2,2,2,2,2,2,2,2,2,2,2,2,2,2,2,2,2,2,2,2,2,2,2,2,2,2
C-clinical-11-00331#0,0,2,2,2,2,2,2,2,2,2,2,1,1,0,0,0,0,2,2,2,2,2,2,2,2,2,2,2,2
C-clinical-11-00331#1,0,2,2,2,2,2,2,2,2,2,2,2,2,0,0,0,0,2,2,2,2,2,2,2,2,0,2,2,2
C-clinical-11-00331#2,0,2,2,2,2,2,2,2,2,2,2,2,2,0,0,0,0,0,0,2,2,0,0,2,2,2,2,0,0
C-clinical-11-00331#3,0,2,2,2,2,2,2,2,2,2,2,0,0,0,0,0,0,2,2,2,2,2,2,1,1,2,2,2,2
C-clinical-11-00331#4,0,2,2,2,2,2,2,2,2,2,2,2,2,0,0,0,0,2,2,2,2,2,2,2,2,2,2,2,2
C-clinical-11-00331#5,0,2,2,2,2,2,2,2,2,1,1,1,1,1,1,1,1,2,2,0,0,2,2,2,2,2,2,2,2
C-clinical-11-00331#6,0,2,2,2,2,2,2,2,2,2,2,2,2,0,0,0,0,2,2,2,2,2,2,2,2,2,2,2,2
C-clinical-11-00331#7,2,2,2,1,2,1,2,1,2,1,2,1,2,1,2,1,2,0,2,2,2,1,2,1,2,1,2,1,2
C-clinical-11-00331#8,0,2,2,2,2,2,2,2,2,2,2,2,2,2,2,1,1,2,2,0,0,2,2,2,2,2,2,0,0
C-clinical-11-00331#9,0,2,2,2,2,2,2,2,2,2,2,0,0,2,2,2,2,2,2,0,0,2,2,2,2,2,2,2,2
C-clinical-11-00334#0,0,2,2,2,2,2,2,2,2,2,2,0,0,2,2,2,2,2,2,2,2,2,2,2,2,2,2,2,2
C-clinical-11-00334#2,1,1,1,1,1,1,1,1,1,0,1,0,1,1,1,1,1,0,1,2,2,1,1,1,1,1,1,1,1
C-clinical-11-00335#0,2,2,2,2,2,2,2,2,2,2,2,2,2,2,2,2,2,2,2,2,2,2,2,2,2,2,2,2,2
C-clinical-11-00335#1,1,2,2,2,2,2,2,2,2,2,2,0,1,2,2,1,1,2,2,1,1,2,2,1,1,2,2,2,2
C-clinical-11-00335#2,0,2,2,2,2,2,2,2,2,2,2,2,2,2,2,2,2,2,2,0,0,2,2,2,2,0,0,1,1
C-clinical-11-00335#3,2,2,2,2,2,2,2,2,2,2,2,0,2,2,2,0,2,2,2,2,2,2,2,2,2,2,2,2,2
C-clinical-11-00335#4,2,2,2,2,2,2,2,2,2,2,2,1,2,2,2,2,2,2,2,2,2,2,2,2,2,2,2,2,2
C-clinical-11-00335#5,2,2,2,2,2,2,2,2,2,2,2,0,2,0,2,0,2,2,2,2,2,2,2,0,2,0,2,2,2
C-clinical-11-00335#6,0,2,2,2,2,2,2,2,2,2,2,2,2,2,2,2,2,2,2,2,2,2,2,2,2,0,0,2,2
C-clinical-11-00335#7,2,2,2,2,2,2,2,2,2,2,2,0,2,0,2,0,2,2,2,2,2,2,2,0,2,2,2,2,2
C-clinical-11-00339#0,0,2,2,2,2,2,2,2,2,2,2,0,2,0,0,1,1,2,2,2,2,2,2,2,2,2,2,2,2
C-clinical-11-00339#1,0,2,2,2,2,2,2,2,2,2,2,2,2,0,0,0,2,0,2,2,2,2,2,0,2,0,2,2,2
C-clinical-11-00339#2,0,2,2,2,2,2,2,2,2,2,2,0,0,0,0,1,1,2,2,2,2,2,2,2,2,2,2,2,2
C-clinical-11-00339#3,2,2,2,2,2,2,2,2,2,2,2,2,2,2,2,2,2,0,2,0,2,2,2,2,2,0,2,2,2
C-clinical-11-00340#0,0,2,2,2,2,2,2,2,2,2,2,0,0,1,1,1,1,0,0,0,0,2,2,2,2,2,2,2,2
C-clinical-11-00340#1,0,2,2,2,2,2,2,2,2,2,2,2,2,2,2,2,2,0,0,2,2,2,2,2,2,2,2,2,2
C-clinical-11-00340#2,0,2,2,2,2,2,2,2,2,2,2,0,0,0,0,0,0,0,0,0,0,2,2,2,2,0,2,0,2
C-clinical-11-00340#3,0,2,2,2,2,2,2,2,2,2,2,0,0,2,2,0,0,0,0,0,0,2,2,2,2,0,2,0,2
C-clinical-11-00340#4,0,2,2,2,2,2,2,2,2,1,1,2,2,2,2,1,1,2,2,1,1,2,2,2,2,2,2,2,2
C-clinical-11-00341#0,0,2,2,2,2,2,2,2,2,2,2,1,1,0,0,0,0,2,2,2,2,2,2,2,2,2,2,2,2
C-clinical-11-00341#1,0,2,2,2,2,2,2,2,2,2,2,0,2,0,0,0,0,2,2,0,2,2,2,0,2,0,2,2,2
C-clinical-11-00341#2,0,2,2,2,2,2,2,2,2,2,2,0,0,2,2,0,0,2,2,0,0,2,2,2,2,2,2,2,2
C-clinical-11-00341#3,2,2,2,2,2,2,2,2,2,1,2,0,2,1,2,1,2,2,2,2,2,0,2,0,2,0,2,2,2
C-clinical-11-00350#0,0,2,2,2,2,2,2,2,2,2,2,2,2,0,0,0,0,2,2,2,2,2,2,2,2,2,2,2,2
C-clinical-11-00350#1,0,2,2,2,2,2,2,2,2,2,2,0,0,2,2,2,2,2,2,2,2,2,2,2,2,2,2,2,2
C-clinical-11-00350#2,0,2,2,2,2,2,2,2,2,0,0,0,0,0,0,0,0,2,2,2,2,2,2,2,2,2,2,2,2
C-clinical-11-00350#3,1,2,2,2,2,1,1,2,2,2,2,2,2,2,2,2,2,0,1,2,2,2,2,2,2,0,1,2,2
C-clinical-11-00350#4,2,2,2,1,2,2,2,1,2,1,2,0,2,1,2,1,2,0,2,2,2,2,2,2,2,2,2,1,2
C-clinical-11-00350#5,2,2,2,2,2,2,2,2,2,1,2,1,2,1,2,0,2,2,2,2,2,2,2,2,2,0,2,2,2
C-clinical-11-00351#0,0,2,2,2,2,2,2,2,2,2,2,0,0,2,2,2,2,2,2,2,2,2,2,2,2,2,2,2,2
C-clinical-11-00351#1,1,1,1,1,1,1,1,1,1,0,1,0,1,1,1,1,1,0,1,2,2,1,1,1,1,2,2,2,2
C-clinical-11-00351#10,2,2,2,2,2,2,2,2,2,2,2,0,2,2,2,2,2,2,2,2,2,2,2,2,2,2,2,2,2
C-clinical-11-00351#2,2,2,2,2,2,2,2,2,2,1,2,2,2,2,2,2,2,2,2,2,2,2,2,2,2,2,2,2,2
C-clinical-11-00351#4,2,2,2,2,2,2,2,2,2,2,2,0,2,2,2,2,2,2,2,2,2,2,2,2,2,2,2,2,2
C-clinical-11-00351#5,0,2,2,2,2,2,2,2,2,2,2,0,0,0,0,2,2,2,2,2,2,2,2,2,2,2,2,2,2
C-clinical-11-00351#6,0,2,2,2,2,1,1,2,2,0,0,0,0,2,2,2,2,2,2,0,0,2,2,2,2,0,0,2,2
C-clinical-11-00351#7,0,2,2,2,2,2,2,2,2,2,2,2,2,2,2,2,2,2,2,2,2,2,2,2,2,0,0,2,2
C-clinical-11-00351#8,1,1,1,1,1,1,1,1,1,1,1,1,1,1,1,1,1,0,1,1,1,1,1,1,1,1,1,1,1
C-clinical-11-00351#9,0,2,2,2,2,1,1,2,2,1,1,0,0,2,2,2,2,2,2,0,0,2,2,2,2,2,2,2,2
C-clinical-11-00357#0,0,2,2,2,2,2,2,2,2,2,2,1,1,0,0,0,0,2,2,2,2,2,2,2,2,2,2,2,2
C-clinical-11-00357#1,1,2,2,2,2,2,2,2,2,2,2,0,1,2,2,1,1,2,2,1,1,2,2,2,2,2,2,2,2
C-clinical-11-00357#10,0,2,2,2,2,1,1,2,2,2,2,2,2,2,2,2,2,2,2,2,2,2,2,2,2,2,2,2,2
C-clinical-11-00357#11,2,2,2,2,2,2,2,2,2,2,2,2,2,2,2,2,2,2,2,2,2,2,2,0,2,2,2,2,2
C-clinical-11-00357#2,0,2,2,2,2,2,2,2,2,2,2,2,2,2,2,2,2,2,2,2,2,2,2,2,2,2,2,2,2
C-clinical-11-00357#4,0,1,1,1,1,0,0,1,1,2,2,0,0,0,0,0,0,2,2,1,1,1,1,1,1,1,1,0,0
C-clinical-11-00357#5,0,1,1,1,1,1,1,1,1,0,0,2,2,1,1,1,1,0,0,0,0,1,1,1,1,1,1,1,1
C-clinical-11-00357#6,2,2,2,2,2,2,2,2,2,2,2,2,2,1,2,2,2,2,2,2,2,2,2,2,2,0,2,2,2
C-clinical-11-00357#7,0,2,2,2,2,2,2,2,2,2,2,2,2,0,0,0,0,2,2,2,2,2,2,2,2,2,2,2,2
C-clinical-11-00357#8,0,2,2,2,2,2,2,2,2,2,2,2,2,2,2,2,2,2,2,2,2,2,2,2,2,0,0,2,2
C-clinical-11-00357#9,0,2,2,2,2,2,2,2,2,0,0,2,2,0,0,0,0,0,0,2,2,2,2,2,2,2,2,2,2
C-clinical-11-00359#0,0,2,2,2,2,2,2,2,2,2,2,1,1,2,2,0,0,2,2,2,2,2,2,2,2,2,2,2,2
C-clinical-11-00359#1,2,2,2,2,2,2,2,2,2,2,2,0,2,2,2,2,2,2,2,2,2,2,2,2,2,2,2,2,2
C-clinical-11-00359#10,2,2,2,2,2,2,2,2,2,2,2,2,2,2,2,2,2,2,2,0,2,2,2,2,2,0,2,2,2
C-clinical-11-00359#11,2,2,2,2,2,2,2,2,2,1,2,1,2,0,2,0,2,2,2,2,2,2,2,2,2,2,2,2,2
C-clinical-11-00359#2,0,2,2,2,2,2,2,2,2,2,2,0,0,2,2,0,0,2,2,2,2,2,2,2,2,2,2,2,2
C-clinical-11-00359#3,0,1,1,1,1,1,1,2,2,2,2,2,2,2,2,1,1,2,2,1,1,2,2,2,2,2,2,2,2
C-clinical-11-00359#4,2,2,2,2,2,2,2,2,2,1,2,0,2,1,2,0,2,2,2,2,2,2,2,0,2,0,2,2,2
C-clinical-11-00359#5,1,1,1,1,1,0,1,2,2,1,1,0,1,1,1,1,1,2,2,0,1,0,1,2,2,0,1,1,1
C-clinical-11-00359#6,1,1,1,1,1,0,1,2,2,2,2,0,1,1,1,1,1,2,2,0,1,2,2,2,2,1,1,2,2
C-clinical-11-00359#7,2,1,2,0,2,1,2,2,2,1,2,0,2,1,2,1,2,2,2,2,2,2,2,2,2,2,2,1,2
C-clinical-11-00359#8,2,2,2,2,2,0,2,1,2,2,2,2,2,2,2,2,2,2,2,2,2,2,2,2,2,2,2,2,2
C-clinical-11-00359#9,2,2,2,2,2,2,2,2,2,2,2,2,2,2,2,2,2,2,2,2,2,2,2,2,2,2,2,2,2
C-clinical-11-00360#0,0,2,2,2,2,2,2,2,2,2,2,2,2,1,1,1,1,2,2,2,2,2,2,2,2,2,2,2,2
C-clinical-11-00360#1,0,2,2,2,2,2,2,2,2,2,2,2,2,2,2,2,2,2,2,2,2,2,2,2,2,2,2,2,2
C-clinical-11-00360#3,2,2,2,2,2,2,2,2,2,2,2,0,2,2,2,2,2,2,2,2,2,2,2,2,2,2,2,2,2
C-clinical-11-00360#4,2,2,2,2,2,0,2,2,2,2,2,2,2,2,2,2,2,2,2,2,2,2,2,2,2,2,2,2,2
C-clinical-11-00360#5,0,2,2,2,2,2,2,2,2,2,2,0,0,2,2,0,0,2,2,2,2,2,2,2,2,2,2,2,2
C-clinical-11-00362#0,2,2,2,2,2,2,2,2,2,2,2,2,2,2,2,1,2,2,2,2,2,2,2,2,2,2,2,2,2
C-clinical-11-00362#1,2,2,2,2,2,0,2,2,2,2,2,2,2,2,2,2,2,2,2,0,2,2,2,2,2,2,2,2,2
C-clinical-11-00362#10,2,2,2,1,2,1,2,1,2,1,2,1,2,1,2,1,2,0,2,2,2,1,2,1,2,1,2,1,2
C-clinical-11-00362#2,0,2,2,2,2,2,2,2,2,2,2,2,2,2,2,2,2,2,2,2,2,2,2,2,2,2,2,2,2
C-clinical-11-00362#3,2,2,2,2,2,2,2,2,2,2,2,2,2,2,2,2,2,2,2,0,2,2,2,2,2,2,2,2,2
C-clinical-11-00362#4,0,2,2,2,2,2,2,2,2,2,2,2,2,2,2,0,0,2,2,2,2,2,2,2,2,2,2,1,1
C-clinical-11-00362#5,0,2,2,2,2,2,2,2,2,2,2,2,2,2,2,2,2,2,2,2,2,2,2,2,2,2,2,1,1
C-clinical-11-00362#6,0,2,2,2,2,1,1,2,2,1,1,0,0,2,2,1,1,2,2,1,1,2,2,1,1,1,1,2,2
C-clinical-11-00362#7,2,2,2,2,2,2,2,2,2,2,2,0,2,2,2,2,2,2,2,2,2,2,2,2,2,2,2,2,2
C-clinical-11-00362#8,0,2,2,2,2,2,2,2,2,2,2,0,0,2,2,2,2,2,2,0,0,2,2,2,2,2,2,2,2
C-clinical-11-00362#9,0,2,2,2,2,2,2,2,2,1,1,1,1,2,2,1,1,2,2,1,1,2,2,2,2,2,2,2,2
C-clinical-11-00363#0,0,2,2,2,2,2,2,2,2,2,2,1,1,1,1,1,1,2,2,2,2,2,2,2,2,2,2,2,2
C-clinical-11-00363#1,0,2,2,2,2,2,2,2,2,2,2,2,2,0,0,0,0,0,2,2,2,2,2,2,2,2,2,2,2
C-clinical-11-00363#2,0,2,2,1,1,1,1,1,1,2,2,0,0,0,0,0,0,0,0,1,1,1,1,0,0,1,1,0,0
C-clinical-11-00363#3,1,2,2,2,2,2,2,2,2,2,2,2,2,2,2,2,2,2,2,1,1,2,2,2,2,2,2,2,2
C-clinical-11-00363#4,2,1,2,0,2,0,2,0,2,2,2,2,2,2,2,2,2,2,2,2,2,2,2,2,2,2,2,2,2
C-clinical-11-00363#5,0,2,2,2,2,2,2,2,2,2,2,2,2,0,0,0,0,2,2,2,2,2,2,2,2,2,2,2,2
C-clinical-11-00364#0,0,2,2,2,2,0,0,2,2,2,2,2,2,2,2,2,2,2,2,2,2,2,2,2,2,0,0,2,2
C-clinical-11-00364#1,0,2,2,2,2,2,2,2,2,2,2,0,1,1,1,1,1,2,2,2,2,2,2,2,2,2,2,2,2
C-clinical-11-00364#2,0,2,2,2,2,2,2,2,2,2,2,2,2,2,2,2,2,2,2,2,2,2,2,0,2,0,2,2,2
C-clinical-11-00364#3,2,2,2,2,2,2,2,2,2,1,2,0,2,1,2,1,2,2,2,2,2,0,2,1,2,1,2,1,2
C-clinical-11-00364#4,2,2,2,2,2,2,2,2,2,1,2,1,2,0,2,0,2,2,2,2,2,2,2,2,2,2,2,2,2
C-clinical-11-00368#0,0,2,2,2,2,2,2,2,2,2,2,2,2,1,1,0,0,2,2,2,2,2,2,2,2,2,2,2,2
C-clinical-11-00368#1,0,2,2,2,2,2,2,2,2,2,2,0,0,2,2,2,2,2,2,2,2,2,2,2,2,2,2,2,2
C-clinical-11-00368#2,0,2,2,2,2,2,2,2,2,2,2,2,2,2,2,0,0,2,2,0,2,2,2,2,2,0,2,2,2
C-clinical-11-00368#3,0,2,2,2,2,2,2,2,2,2,2,2,2,2,2,0,0,2,2,2,2,2,2,2,2,0,0,2,2
C-clinical-11-00368#4,2,2,2,2,2,2,2,2,2,2,2,2,2,2,2,2,2,2,2,0,2,2,2,0,2,0,2,2,2
C-clinical-11-00368#5,0,2,2,2,2,2,2,2,2,2,2,2,2,2,2,0,0,2,2,0,2,2,2,2,2,0,2,2,2
C-clinical-11-00368#6,2,2,2,2,2,2,2,2,2,1,2,0,2,1,2,1,2,2,2,2,2,0,2,1,2,1,2,1,2
C-clinical-11-00368#7,2,2,2,2,2,2,2,2,2,1,2,2,2,1,2,1,2,2,2,2,2,2,2,2,2,2,2,2,2
C-clinical-11-00368#8,2,2,2,2,2,2,2,2,2,1,2,2,2,1,2,1,2,2,2,2,2,2,2,2,2,2,2,2,2
C-clinical-11-00369#1,2,2,2,2,2,2,2,2,2,2,2,2,2,2,2,2,2,2,2,2,2,2,2,1,2,2,2,2,2
C-clinical-11-00369#2,2,2,2,2,2,2,2,2,2,2,2,2,2,2,2,2,2,2,2,2,2,2,2,2,2,2,2,2,2
C-clinical-11-00369#3,2,2,2,2,2,2,2,2,2,2,2,2,2,2,2,2,2,2,2,2,2,2,2,2,2,2,2,2,2
C-clinical-11-00369#4,2,2,2,2,2,2,2,2,2,2,2,0,2,2,2,2,2,2,2,2,2,2,2,2,2,2,2,2,2
C-clinical-11-00369#5,2,2,2,2,2,2,2,2,2,2,2,0,2,2,2,0,2,2,2,2,2,2,2,2,2,2,2,2,2
C-clinical-11-00369#6,2,2,2,2,2,2,2,2,2,2,2,2,2,2,2,2,2,2,2,0,2,2,2,2,2,0,2,2,2
C-clinical-11-00369#7,1,1,1,1,1,1,1,1,1,1,1,0,1,1,1,1,1,0,1,1,1,1,1,1,1,1,1,1,1
C-clinical-11-00369#8,0,2,2,2,2,2,2,2,2,2,2,0,0,2,2,1,1,1,1,0,0,2,2,1,1,0,0,2,2
C-clinical-11-00371#0,2,2,2,2,2,2,2,2,2,2,2,2,2,2,2,1,2,2,2,2,2,2,2,2,2,2,2,2,2
C-clinical-11-00371#1,0,2,2,2,2,2,2,2,2,2,2,2,2,1,1,0,2,2,2,2,2,2,2,2,2,2,2,2,2
C-clinical-11-00371#2,0,2,2,2,2,1,1,1,1,1,1,0,0,2,2,1,1,2,2,1,1,2,2,2,2,0,0,2,2
C-clinical-11-00371#3,2,2,2,2,2,0,2,1,2,1,2,1,2,1,2,1,2,0,2,2,2,1,2,0,2,1,2,1,2
C-clinical-11-00371#4,0,2,2,2,2,1,1,1,1,1,1,0,0,2,2,1,1,1,1,1,1,2,2,2,2,2,2,1,1
C-clinical-11-00371#5,2,2,2,2,2,0,2,1,2,1,2,1,2,1,2,1,2,0,2,2,2,1,2,0,2,1,2,1,2
C-clinical-11-00371#6,0,2,2,2,2,2,2,2,2,2,2,2,2,1,1,2,2,2,2,2,2,2,2,2,2,2,2,2,2
C-clinical-11-00371#7,2,2,2,2,2,2,2,2,2,2,2,2,2,1,2,1,2,2,2,2,2,2,2,2,2,2,2,2,2
C-clinical-11-00372#0,2,2,2,2,2,2,2,2,2,1,2,0,2,0,2,0,2,0,2,2,2,1,2,1,2,2,2,2,2
C-clinical-11-00372#1,0,0,0,0,0,0,0,0,0,0,0,0,0,0,0,0,0,0,0,0,0,0,0,0,0,0,0,0,0
C-clinical-11-00372#2,0,2,2,2,2,2,2,2,2,2,2,0,0,0,0,0,0,2,2,2,2,2,2,2,2,2,2,2,2
C-clinical-11-00372#3,0,2,2,2,2,2,2,2,2,2,2,0,0,0,0,0,0,2,2,2,2,2,2,2,2,2,2,2,2
C-clinical-11-00372#4,0,2,2,2,2,2,2,2,2,2,2,0,0,0,0,0,0,2,2,2,2,2,2,2,2,2,2,2,2
C-clinical-11-00372#5,0,2,2,0,0,0,0,0,0,0,0,0,0,0,0,0,0,0,0,0,0,0,0,0,0,2,2,0,0
C-clinical-11-00373#0,0,2,2,2,2,2,2,2,2,2,2,1,1,0,0,1,1,2,2,2,2,2,2,2,2,2,2,2,2
C-clinical-11-00373#1,2,2,2,2,2,2,2,2,2,2,2,2,2,2,2,2,2,2,2,2,2,2,2,2,2,2,2,2,2
C-clinical-11-00373#10,1,2,2,2,2,2,2,2,2,2,2,2,2,2,2,2,2,2,2,2,2,2,2,2,2,2,2,2,2
C-clinical-11-00373#11,0,2,2,2,2,2,2,2,2,2,2,2,2,0,0,2,2,2,2,2,2,2,2,2,2,2,2,2,2
C-clinical-11-00373#2,0,2,2,2,2,1,1,2,2,2,2,2,2,2,2,2,2,2,2,2,2,2,2,2,2,0,0,2,2
C-clinical-11-00373#3,0,2,2,2,2,2,2,2,2,2,2,2,2,0,0,0,0,2,2,2,2,2,2,2,2,2,2,2,2
C-clinical-11-00373#4,0,2,2,2,2,2,2,2,2,2,2,2,2,0,0,0,2,2,2,2,2,2,2,2,2,2,2,2,2
C-clinical-11-00373#5,0,2,2,2,2,2,2,2,2,2,2,2,2,0,0,2,2,2,2,2,2,2,2,2,2,2,2,2,2
C-clinical-11-00373#6,2,2,2,2,2,2,2,2,2,1,2,0,2,1,2,1,2,0,2,2,2,0,2,0,2,1,2,1,2
C-clinical-11-00373#7,2,2,2,2,2,2,2,2,2,1,2,0,2,1,2,1,2,0,2,2,2,0,2,1,2,1,2,1,2
C-clinical-11-00373#8,2,2,2,2,2,1,2,2,2,1,2,1,2,0,2,0,2,2,2,2,2,2,2,2,2,2,2,2,2
C-clinical-11-00373#9,2,2,2,2,2,2,2,2,2,2,2,1,2,2,2,2,2,2,2,2,2,2,2,2,2,2,2,2,2
C-clinical-11-00374#0,0,2,2,2,2,2,2,2,2,2,2,1,1,0,0,0,0,2,2,2,2,2,2,2,2,2,2,2,2
C-clinical-11-00374#1,0,2,2,2,2,2,2,2,2,2,2,0,0,0,0,0,0,2,2,2,2,2,2,2,2,0,2,2,2
C-clinical-11-00374#2,2,2,2,2,2,2,2,2,2,2,2,2,2,0,2,2,2,2,2,2,2,2,2,0,2,2,2,2,2
C-clinical-11-00374#3,0,2,2,2,2,2,2,2,2,2,2,0,2,0,0,0,0,2,2,0,2,2,2,2,2,2,2,2,2
C-clinical-11-00374#4,2,2,2,2,2,2,2,2,2,2,2,0,2,0,2,0,2,2,2,2,2,2,2,2,2,2,2,2,2
C-clinical-11-00375#0,0,2,2,2,2,2,2,2,2,2,2,0,0,2,2,2,2,2,2,2,2,2,2,2,2,2,2,2,2
C-clinical-11-00375#1,0,2,2,2,2,2,2,2,2,2,2,1,1,2,2,0,0,2,2,2,2,2,2,2,2,2,2,2,2
C-clinical-11-00375#2,0,2,2,2,2,2,2,2,2,2,2,2,2,2,2,2,2,2,2,2,2,2,2,2,2,2,2,2,2
C-clinical-11-00375#3,2,2,2,2,2,2,2,2,2,2,2,0,2,2,2,2,2,2,2,2,2,2,2,2,2,2,2,2,2
C-clinical-11-00375#4,2,2,2,2,2,2,2,2,2,2,2,2,2,2,2,2,2,2,2,0,2,2,2,2,2,0,2,2,2
C-clinical-11-00375#5,0,2,2,2,2,0,0,2,2,1,1,0,0,2,2,2,2,2,2,0,0,2,2,2,2,2,2,2,2
C-clinical-11-00375#6,1,1,1,1,1,1,1,1,1,1,1,1,1,1,1,1,1,0,1,1,1,2,2,2,2,1,1,1,1
C-clinical-11-00375#7,1,1,1,1,1,1,1,1,1,1,1,1,1,1,1,1,1,0,1,1,1,2,2,2,2,1,1,1,1
C-clinical-11-00376#0,0,2,2,2,2,2,2,2,2,2,2,2,2,1,1,0,0,2,2,2,2,2,2,2,2,2,2,2,2
C-clinical-11-00376#1,1,1,1,1,1,1,1,1,1,0,1,0,1,2,2,1,1,0,1,2,2,1,1,0,1,1,1,1,1
C-clinical-11-00376#10,0,2,2,2,2,2,2,2,2,2,2,2,2,2,2,2,2,2,2,2,2,2,2,2,2,2,2,2,2
C-clinical-11-00376#2,2,2,2,2,2,2,2,2,2,2,2,2,2,2,2,2,2,2,2,2,2,2,2,2,2,2,2,2,2
C-clinical-11-00376#3,0,2,2,2,2,2,2,2,2,2,2,0,0,2,2,2,2,2,2,2,2,2,2,2,2,2,2,2,2
C-clinical-11-00376#5,0,2,2,2,2,2,2,2,2,2,2,2,2,2,2,0,0,2,2,2,2,2,2,2,2,2,2,2,2
C-clinical-11-00376#6,0,2,2,2,2,2,2,2,2,2,2,2,2,2,2,2,2,2,2,0,0,2,2,2,2,0,0,2,2
C-clinical-11-00376#7,0,2,2,2,2,2,2,2,2,2,2,2,2,2,2,2,2,0,0,0,0,2,2,2,2,2,2,2,2
C-clinical-11-00376#8,0,2,2,2,2,2,2,2,2,2,2,2,2,2,2,2,2,2,2,2,2,2,2,2,2,0,0,2,2
C-clinical-11-00376#9,2,2,2,2,2,2,2,2,2,2,2,0,2,2,2,2,2,2,2,0,2,2,2,2,2,2,2,2,2
C-clinical-11-00383#0,0,2,2,2,2,2,2,2,2,2,2,2,2,0,0,0,0,2,2,2,2,2,2,2,2,2,2,2,2
C-clinical-11-00383#1,0,2,2,2,2,2,2,2,2,2,2,2,2,2,2,2,2,2,2,2,2,2,2,2,2,2,2,2,2
C-clinical-11-00383#2,0,2,2,2,2,2,2,2,2,2,2,2,2,0,0,0,0,2,2,2,2,2,2,0,2,0,2,2,2
C-clinical-11-00383#3,0,2,2,2,2,2,2,2,2,2,2,0,0,2,2,1,1,2,2,2,2,2,2,2,2,2,2,2,2
C-clinical-11-00383#4,0,2,2,2,2,1,1,1,1,2,2,0,1,0,0,0,0,1,1,2,2,1,1,0,1,2,2,1,1
C-clinical-11-00383#5,0,2,2,2,2,2,2,2,2,2,2,0,0,0,0,2,2,2,2,2,2,2,2,2,2,2,2,2,2
C-clinical-11-00384#0,0,2,2,2,2,2,2,2,2,2,2,2,2,1,1,2,2,2,2,2,2,2,2,2,2,2,2,2,2
C-clinical-11-00384#1,0,2,2,2,2,2,2,2,2,2,2,0,0,1,1,2,2,2,2,2,2,2,2,2,2,1,2,2,2
C-clinical-11-00384#2,0,2,2,2,2,2,2,2,2,2,2,0,0,1,1,2,2,2,2,2,2,2,2,2,2,2,2,2,2
C-clinical-11-00384#4,0,2,2,2,2,2,2,2,2,2,2,0,0,0,0,0,2,0,2,2,2,2,2,2,2,0,2,2,2
C-clinical-11-00386#0,0,2,2,2,2,2,2,2,2,2,2,1,1,1,1,0,0,2,2,2,2,2,2,2,2,2,2,2,2
C-clinical-11-00386#1,2,2,2,2,2,2,2,2,2,2,2,0,2,2,2,2,2,2,2,2,2,2,2,2,2,2,2,2,2
C-clinical-11-00386#10,1,1,1,1,1,1,1,1,1,1,1,1,1,1,1,1,1,0,1,1,1,1,1,1,1,1,1,1,1
C-clinical-11-00386#11,2,2,2,2,2,2,2,2,2,2,2,2,2,2,2,2,2,2,2,0,2,2,2,2,2,2,2,2,2
C-clinical-11-00386#2,0,2,2,2,2,2,2,2,2,2,2,2,2,0,0,0,0,2,2,2,2,2,2,2,2,0,2,2,2
C-clinical-11-00386#3,0,2,2,2,2,1,1,1,1,2,2,0,0,2,2,1,1,0,0,1,1,2,2,2,2,2,2,2,2
C-clinical-11-00386#4,2,2,2,1,2,1,2,1,2,1,2,1,2,1,2,1,2,0,2,2,2,1,2,1,2,1,2,1,2
C-clinical-11-00386#5,1,2,2,2,2,1,1,2,2,1,1,1,1,1,1,1,1,2,2,1,1,2,2,2,2,2,2,2,2
C-clinical-11-00386#6,2,2,2,2,2,2,2,2,2,2,2,2,2,2,2,2,2,2,2,2,2,2,2,2,2,2,2,2,2
C-clinical-11-00386#7,2,2,2,2,2,2,2,2,2,1,2,0,2,1,2,1,2,0,2,2,2,0,2,2,2,1,2,1,2
C-clinical-11-00386#8,2,2,2,2,2,2,2,2,2,1,2,1,2,1,2,0,2,2,2,2,2,2,2,2,2,2,2,2,2
C-clinical-11-00386#9,2,2,2,2,2,2,2,2,2,2,2,2,2,2,2,2,2,2,2,2,2,2,2,2,2,2,2,2,2
C-clinical-11-00388#0,0,2,2,2,2,2,2,2,2,2,2,2,2,0,0,0,0,2,2,2,2,2,2,2,2,2,2,2,2
C-clinical-11-00388#1,0,2,2,2,2,2,2,2,2,2,2,0,2,0,0,0,0,2,2,2,2,2,2,2,2,0,2,2,2
C-clinical-11-00388#2,2,2,2,2,2,2,2,2,2,2,2,2,2,2,2,2,2,2,2,2,2,2,2,2,2,2,2,2,2
C-clinical-11-00388#3,0,2,2,2,2,0,0,2,2,2,2,2,2,2,2,2,2,2,2,2,2,2,2,2,2,0,0,2,2
C-clinical-11-00388#4,0,2,2,2,2,2,2,2,2,2,2,2,2,2,2,1,1,2,2,0,0,2,2,2,2,0,0,2,2
C-clinical-11-00388#5,0,2,2,2,2,2,2,2,2,2,2,2,2,0,0,0,0,2,2,2,2,2,2,2,2,2,2,2,2
C-clinical-11-00388#6,0,2,2,2,2,1,1,2,2,1,1,0,0,2,2,1,1,2,2,1,1,2,2,2,2,2,2,2,2
C-clinical-11-00388#7,2,2,2,2,2,2,2,2,2,2,2,0,2,2,2,2,2,2,2,0,2,2,2,2,2,2,2,2,2
C-clinical-11-00388#8,0,2,2,2,2,2,2,2,2,2,2,0,0,2,2,2,2,2,2,0,0,2,2,2,2,2,2,2,2
C-clinical-11-00388#9,2,2,2,2,2,0,2,1,2,1,2,1,2,1,2,1,2,0,2,2,2,1,2,1,2,1,2,1,2
C-clinical-11-00392#0,0,2,2,2,2,2,2,2,2,2,2,1,2,0,0,1,1,2,2,2,2,2,2,2,2,2,2,2,2
C-clinical-11-00392#1,0,2,2,2,2,2,2,2,2,2,2,0,0,2,2,2,2,2,2,2,2,2,2,2,2,2,2,2,2
C-clinical-11-00392#10,0,2,2,2,2,2,2,2,2,2,2,2,2,2,2,2,2,2,2,2,2,2,2,2,2,2,2,2,2
C-clinical-11-00392#11,2,2,2,2,2,1,2,2,2,2,2,2,2,2,2,1,2,2,2,1,2,2,2,2,2,2,2,2,2
C-clinical-11-00392#12,2,2,2,2,2,1,2,2,2,2,2,2,2,2,2,1,2,2,2,1,2,2,2,2,2,2,2,2,2
C-clinical-11-00392#2,0,2,2,2,2,2,2,2,2,2,2,2,2,0,0,0,2,2,2,2,2,2,2,0,2,0,2,2,2
C-clinical-11-00392#3,0,2,2,2,2,1,1,1,1,2,2,0,1,0,0,0,1,1,1,2,2,1,1,2,2,1,1,2,2
C-clinical-11-00392#4,2,2,2,2,2,2,2,2,2,2,2,2,2,0,2,2,2,2,2,2,2,2,2,2,2,2,2,2,2
C-clinical-11-00392#5,0,2,2,2,2,2,2,2,2,2,2,0,0,0,0,0,0,2,2,2,2,2,2,2,2,2,2,2,2
C-clinical-11-00392#6,2,2,2,2,2,2,2,2,2,2,2,2,2,2,2,2,2,2,2,2,2,2,2,2,2,2,2,2,2
C-clinical-11-00392#7,2,1,2,0,2,0,2,2,2,1,2,0,2,1,2,1,2,1,2,2,2,2,2,2,2,2,2,1,2
C-clinical-11-00392#8,2,2,2,2,2,1,2,2,2,1,2,1,2,0,2,0,2,2,2,2,2,2,2,2,2,2,2,2,2
C-clinical-11-00392#9,0,2,2,2,2,2,2,2,2,2,2,2,2,2,2,2,2,2,2,2,2,2,2,2,2,0,0,2,2
C-clinical-11-00394#0,0,2,2,2,2,2,2,2,2,2,2,1,1,0,0,1,1,2,2,2,2,2,2,2,2,2,2,2,2
C-clinical-11-00394#1,2,2,2,2,2,2,2,2,2,2,2,2,2,2,2,2,2,2,2,2,2,2,2,2,2,2,2,2,2
C-clinical-11-00394#10,0,2,2,2,2,2,2,2,2,2,2,2,2,2,2,2,2,2,2,0,0,2,2,2,2,0,0,2,2
C-clinical-11-00394#11,0,2,2,2,2,2,2,2,2,2,2,2,2,2,2,0,0,2,2,2,2,2,2,2,2,2,2,2,2
C-clinical-11-00394#12,0,2,2,2,2,2,2,2,2,2,2,1,1,2,2,2,2,2,2,2,2,2,2,2,2,0,2,2,2
C-clinical-11-00394#13,0,2,2,2,2,2,2,2,2,2,2,2,2,2,2,1,1,2,2,1,1,2,2,2,2,2,2,2,2
C-clinical-11-00394#2,0,2,2,2,2,2,2,2,2,2,2,0,1,2,2,1,2,2,2,2,2,2,2,2,2,2,2,2,2
C-clinical-11-00394#3,0,2,2,2,2,1,1,1,1,2,2,0,0,2,2,1,1,1,1,1,1,0,0,2,2,0,0,2,2
C-clinical-11-00394#4,2,2,2,2,2,2,2,2,2,2,2,0,2,1,2,1,2,2,2,2,2,0,2,2,2,0,2,2,2
C-clinical-11-00394#5,0,2,2,2,2,2,2,2,2,2,2,2,2,2,2,2,2,2,2,2,2,0,0,2,2,0,0,2,2
C-clinical-11-00394#6,2,2,2,2,2,2,2,2,2,2,2,2,2,0,2,0,2,2,2,2,2,2,2,2,2,2,2,2,2
C-clinical-11-00394#7,2,2,2,2,2,0,2,2,2,2,2,1,2,2,2,2,2,2,2,2,2,2,2,2,2,2,2,2,2
C-clinical-11-00394#8,2,2,2,2,2,2,2,2,2,2,2,0,2,2,2,2,2,2,2,0,2,2,2,2,2,2,2,2,2
C-clinical-11-00394#9,1,2,2,2,2,2,2,2,2,2,2,2,2,2,2,2,2,2,2,2,2,2,2,2,2,2,2,2,2
C-clinical-11-00398#0,0,2,2,2,2,2,2,2,2,2,2,2,2,2,2,2,2,2,2,2,2,2,2,2,2,2,2,2,2
C-clinical-11-00398#1,0,2,2,2,2,2,2,2,2,2,2,0,1,0,0,0,0,0,0,2,2,2,2,2,2,2,2,2,2
C-clinical-11-00398#10,0,2,2,2,2,2,2,2,2,2,2,2,2,2,2,2,2,2,2,0,0,2,2,0,0,0,0,2,2
C-clinical-11-00398#11,2,2,2,2,2,0,2,2,2,2,2,2,2,2,2,2,2,2,2,2,2,2,2,2,2,2,2,2,2
C-clinical-11-00398#12,2,2,2,2,2,2,2,2,2,1,2,1,2,1,2,0,2,2,2,2,2,2,2,2,2,2,2,2,2
C-clinical-11-00398#2,0,2,2,2,2,2,2,2,2,2,2,2,2,0,0,0,0,0,0,0,2,2,2,2,2,0,2,2,2
C-clinical-11-00398#3,0,2,2,2,2,2,2,2,2,2,2,0,0,0,0,0,0,0,0,2,2,2,2,2,2,2,2,0,0
C-clinical-11-00398#4,0,2,2,2,2,1,1,1,1,1,1,0,0,2,2,1,1,1,1,1,1,2,2,2,2,0,0,1,1
C-clinical-11-00398#5,2,2,2,2,2,0,2,2,2,1,2,0,2,1,2,1,2,0,2,2,2,2,2,0,2,0,2,1,2
C-clinical-11-00398#6,0,2,2,2,2,0,0,2,2,2,2,2,2,2,2,2,2,2,2,2,2,2,2,2,2,2,2,2,2
C-clinical-11-00398#7,0,2,2,2,2,2,2,2,2,2,2,2,2,2,2,2,2,2,2,2,2,2,2,0,0,2,2,2,2
C-clinical-11-00398#8,2,2,2,2,2,2,2,2,2,1,2,0,2,1,2,1,2,0,2,2,2,0,2,1,2,1,2,1,2
C-clinical-11-00398#9,2,2,2,2,2,2,2,2,2,1,2,2,2,0,2,0,2,2,2,2,2,2,2,2,2,2,2,2,2
C-clinical-11-00399#0,0,2,2,2,2,2,2,2,2,2,2,0,0,0,0,1,1,2,2,2,2,2,2,2,2,2,2,2,2
C-clinical-11-00399#10,2,2,2,2,2,2,2,2,2,2,2,2,2,2,2,2,2,2,2,0,2,2,2,2,2,2,2,2,2
C-clinical-11-00399#11,0,2,2,2,2,1,1,2,2,2,2,2,2,2,2,2,2,2,2,0,0,2,2,2,2,0,0,1,1
C-clinical-11-00399#2,2,2,2,2,2,2,2,2,2,2,2,0,2,2,2,2,2,2,2,2,2,2,2,2,2,2,2,2,2
C-clinical-11-00399#3,1,2,2,1,1,1,1,1,1,0,1,0,1,1,1,1,1,0,1,2,2,1,1,2,2,1,1,1,1
C-clinical-11-00399#4,2,2,2,2,2,2,2,2,2,2,2,2,2,2,2,2,2,2,2,2,2,2,2,2,2,2,2,2,2
C-clinical-11-00399#5,0,2,2,2,2,2,2,2,2,2,2,2,2,0,0,0,0,2,2,0,0,2,2,2,2,2,2,2,2
C-clinical-11-00399#6,0,2,2,2,2,2,2,2,2,2,2,2,2,2,2,2,2,2,2,2,2,2,2,2,2,0,0,2,2
C-clinical-11-00399#7,2,2,2,2,2,1,2,2,2,2,2,2,2,2,2,1,2,2,2,2,2,2,2,2,2,2,2,2,2
C-clinical-11-00399#8,0,2,2,2,2,2,2,2,2,2,2,0,0,2,2,2,2,2,2,0,0,2,2,2,2,2,2,2,2
C-clinical-11-00399#9,0,2,2,2,2,2,2,2,2,2,2,2,2,2,2,2,2,2,2,2,2,2,2,2,2,0,0,2,2
C-clinical-11-00401#0,0,2,2,2,2,2,2,2,2,2,2,2,2,1,1,2,2,2,2,2,2,2,2,2,2,2,2,2,2
C-clinical-11-00401#1,0,2,2,2,2,2,2,2,2,2,2,2,2,2,2,2,2,0,0,2,2,2,2,2,2,2,2,2,2
C-clinical-11-00401#2,0,2,2,2,2,2,2,2,2,2,2,2,2,2,2,2,2,2,2,2,2,2,2,0,2,2,2,2,2
C-clinical-11-00401#3,2,2,2,2,2,2,2,2,2,2,2,0,2,2,2,2,2,2,2,0,2,2,2,2,2,2,2,2,2
C-clinical-11-00401#4,0,2,2,2,2,1,1,2,2,2,2,2,2,2,2,2,2,2,2,1,1,2,2,1,1,2,2,2,2
C-clinical-11-00401#5,2,2,2,2,2,2,2,2,2,2,2,0,2,1,2,1,2,2,2,2,2,0,2,2,2,0,2,0,2
C-clinical-11-00401#6,0,2,2,2,2,2,2,2,2,2,2,2,2,2,2,2,2,2,2,2,2,2,2,0,2,2,2,2,2
C-clinical-11-00401#7,0,2,2,2,2,2,2,2,2,2,2,1,1,2,2,1,1,2,2,1,1,2,2,2,2,0,0,2,2
C-clinical-11-00401#8,2,2,2,2,2,2,2,2,2,2,2,0,2,2,2,2,2,2,2,0,2,2,2,2,2,2,2,2,2
C-clinical-11-00407#0,0,2,2,2,2,2,2,2,2,2,2,1,1,2,2,0,0,2,2,2,2,2,2,2,2,2,2,2,2
C-clinical-11-00407#1,1,1,1,1,1,1,1,1,1,0,1,0,1,1,1,1,1,0,1,2,2,1,1,1,1,1,1,1,1
C-clinical-11-00407#2,0,2,2,2,2,1,1,2,2,2,2,1,1,2,2,1,1,2,2,0,0,2,2,2,2,0,0,2,2
C-clinical-11-00407#3,0,2,2,2,2,2,2,2,2,2,2,2,2,2,2,0,0,2,2,2,2,2,2,2,2,2,2,2,2
C-clinical-11-00407#4,0,2,2,2,2,1,1,2,2,2,2,2,2,2,2,2,2,2,2,2,2,2,2,2,2,2,2,2,2
C-clinical-11-00407#5,2,2,2,2,2,2,2,2,2,2,2,0,2,2,2,2,2,2,2,0,2,2,2,2,2,2,2,2,2
C-clinical-11-00407#6,2,2,2,2,2,2,2,2,2,2,2,2,2,2,2,2,2,2,2,2,2,2,2,2,2,2,2,2,2
C-clinical-11-00407#7,0,2,2,1,1,0,0,1,1,2,2,0,0,0,0,0,0,0,0,1,1,0,0,0,0,1,1,0,0
C-clinical-11-00409#0,0,2,2,2,2,2,2,2,2,2,2,1,2,0,0,0,0,2,2,2,2,2,2,2,2,2,2,2,2
C-clinical-11-00409#1,0,2,2,2,2,2,2,2,2,1,1,0,0,2,2,1,1,2,2,0,0,2,2,2,2,2,2,2,2
C-clinical-11-00409#2,2,2,2,2,2,2,2,2,2,2,2,0,2,2,2,2,2,2,2,2,2,2,2,0,2,2,2,2,2
C-clinical-11-00409#3,0,2,2,2,2,2,2,2,2,2,2,2,2,2,2,0,0,2,2,2,2,2,2,2,2,2,2,2,2
C-clinical-11-00409#4,0,1,1,1,1,1,1,1,1,2,2,0,0,0,0,0,0,1,1,1,1,1,1,1,1,1,1,1,1
C-clinical-11-00409#5,1,2,2,2,2,2,2,2,2,2,2,2,2,2,2,2,2,2,2,1,1,2,2,1,1,2,2,2,2
C-clinical-11-00409#6,1,2,2,2,2,2,2,2,2,1,1,1,1,1,1,1,1,2,2,0,1,2,2,2,2,2,2,2,2
C-clinical-11-00409#7,2,2,2,1,2,1,2,2,2,2,2,2,2,2,2,2,2,2,2,1,2,2,2,2,2,2,2,2,2
C-clinical-11-00409#8,2,2,2,2,2,2,2,2,2,2,2,0,2,2,2,2,2,2,2,2,2,2,2,0,2,2,2,2,2
C-clinical-11-00409#9,2,2,2,2,2,2,2,2,2,2,2,0,2,2,2,2,2,2,2,0,2,2,2,2,2,2,2,2,2
C-clinical-11-00410#0,0,2,2,2,2,2,2,2,2,2,2,1,1,2,2,2,2,2,2,2,2,2,2,2,2,2,2,2,2
C-clinical-11-00410#1,2,2,2,2,2,2,2,2,2,2,2,2,2,2,2,2,2,0,2,0,2,2,2,0,2,0,2,2,2
C-clinical-11-00410#2,2,2,2,2,2,2,2,2,2,1,2,0,2,1,2,1,2,0,2,2,2,0,2,2,2,1,2,1,2
C-clinical-11-00410#3,2,2,2,2,2,2,2,2,2,1,2,0,2,1,2,1,2,0,2,2,2,0,2,2,2,0,2,1,2
C-clinical-11-00414#0,1,2,2,2,2,1,1,2,2,1,1,1,1,1,1,1,1,2,2,0,1,2,2,2,2,0,1,2,2
C-clinical-11-00414#1,0,2,2,1,1,0,0,1,1,2,2,0,0,0,0,0,0,2,2,1,1,1,1,1,1,2,2,2,2
C-clinical-11-00414#10,1,1,1,1,1,1,1,1,1,1,1,1,1,1,1,1,1,0,1,1,1,1,1,1,1,1,1,1,1
C-clinical-11-00414#2,0,2,2,2,2,2,2,2,2,2,2,2,2,2,2,2,2,2,2,2,2,2,2,2,2,2,2,2,2
C-clinical-11-00414#3,2,2,2,2,2,2,2,2,2,2,2,2,2,2,2,2,2,2,2,2,2,2,2,2,2,2,2,2,2
C-clinical-11-00414#4,0,2,2,2,2,2,2,2,2,2,2,1,2,2,2,1,1,2,2,2,2,2,2,0,2,2,2,2,2
C-clinical-11-00414#5,0,2,2,2,2,2,2,2,2,2,2,2,2,2,2,0,0,2,2,2,2,2,2,2,2,2,2,2,2
C-clinical-11-00414#6,2,2,2,2,2,2,2,2,2,2,2,2,2,2,2,2,2,2,2,0,2,2,2,2,2,2,2,2,2
C-clinical-11-00414#7,2,2,2,2,2,2,2,2,2,2,2,2,2,2,2,2,2,2,2,1,2,2,2,2,2,0,2,2,2
C-clinical-11-00414#8,2,2,2,2,2,2,2,2,2,1,2,1,2,1,2,0,2,2,2,2,2,2,2,2,2,2,2,2,2
C-clinical-11-00414#9,2,2,2,2,2,2,2,2,2,1,2,0,2,1,2,1,2,0,2,2,2,0,2,1,2,1,2,1,2
C-clinical-11-00415#0,0,2,2,2,2,2,2,2,2,2,2,2,2,2,2,0,0,2,2,2,2,2,2,2,2,2,2,2,2
C-clinical-11-00415#2,0,2,2,2,2,2,2,2,2,2,2,2,2,2,2,2,2,2,2,2,2,2,2,2,2,2,2,2,2
C-clinical-11-00415#3,0,2,2,2,2,2,2,2,2,2,2,0,0,2,2,2,2,2,2,2,2,2,2,2,2,2,2,2,2
C-clinical-11-00415#4,2,2,2,2,2,2,2,2,2,2,2,2,2,2,2,2,2,2,2,2,2,2,2,2,2,2,2,2,2
C-clinical-11-00415#5,1,1,1,1,1,1,1,1,1,0,1,0,1,1,1,1,1,0,1,2,2,1,1,2,2,2,2,2,2
C-clinical-11-00415#6,0,2,2,2,2,0,0,2,2,2,2,0,0,2,2,2,2,0,0,0,0,2,2,2,2,0,0,2,2
C-clinical-11-00415#7,1,2,2,2,2,1,1,2,2,2,2,1,1,2,2,1,1,2,2,1,1,1,1,1,1,1,1,2,2
C-clinical-11-00415#8,0,2,2,2,2,1,1,2,2,2,2,2,2,2,2,2,2,0,0,2,2,2,2,1,1,2,2,2,2
C-clinical-11-00416#0,0,2,2,2,2,2,2,2,2,2,2,2,2,0,0,0,0,2,2,2,2,2,2,2,2,2,2,2,2
C-clinical-11-00416#1,0,2,2,2,2,2,2,2,2,2,2,2,2,2,2,0,0,2,2,2,2,2,2,2,2,2,2,0,2
C-clinical-11-00416#2,0,2,2,2,2,2,2,2,2,2,2,0,0,2,2,2,2,2,2,2,2,2,2,2,2,0,0,2,2
C-clinical-11-00416#3,0,2,2,2,2,2,2,2,2,2,2,0,0,2,2,2,2,2,2,2,2,2,2,2,2,0,0,2,2
C-clinical-11-00416#4,0,2,2,2,2,2,2,2,2,2,2,2,2,2,2,1,1,2,2,1,1,2,2,2,2,2,2,2,2
C-clinical-11-00416#5,0,2,2,2,2,2,2,2,2,2,2,2,2,2,2,2,2,2,2,2,2,2,2,2,2,2,2,2,2
C-clinical-11-00416#6,0,2,2,2,2,1,1,2,2,1,1,0,0,2,2,1,1,2,2,1,1,2,2,2,2,2,2,2,2
C-clinical-11-00416#7,0,2,2,2,2,2,2,2,2,2,2,0,0,2,2,2,2,2,2,2,2,2,2,2,2,2,2,2,2
C-clinical-11-00416#8,2,2,2,2,2,2,2,2,2,1,2,0,2,2,2,1,2,2,2,2,2,2,2,2,2,0,2,2,2
C-clinical-11-00420#0,2,2,2,2,2,2,2,2,2,2,2,2,2,2,2,1,2,2,2,2,2,2,2,2,2,2,2,2,2
C-clinical-11-00420#1,2,2,2,2,2,2,2,2,2,2,2,2,2,2,2,2,2,2,2,2,2,2,2,2,2,2,2,2,2
C-clinical-11-00420#2,2,2,2,2,2,0,2,2,2,2,2,0,2,2,2,2,2,2,2,1,2,2,2,2,2,2,2,2,2
C-clinical-11-00420#3,0,2,2,2,2,1,1,2,2,2,2,2,2,2,2,2,2,2,2,2,2,2,2,2,2,2,2,2,2
C-clinical-11-00420#4,0,1,1,1,1,0,0,1,1,2,2,0,0,0,0,0,0,1,1,1,1,1,1,1,1,1,1,0,0
C-clinical-11-00420#5,0,2,2,2,2,2,2,2,2,2,2,0,0,2,2,2,2,0,0,2,2,2,2,0,0,0,0,2,2
C-clinical-11-00420#6,0,2,2,2,2,2,2,2,2,2,2,0,0,2,2,2,2,0,0,2,2,2,2,0,0,2,2,2,2
C-clinical-11-00423#0,0,2,2,2,2,2,2,2,2,2,2,2,2,2,2,2,2,2,2,2,2,2,2,2,2,2,2,2,2
C-clinical-11-00423#1,0,2,2,2,2,2,2,2,2,2,2,0,0,2,2,2,2,2,2,2,2,2,2,0,0,2,2,2,2
C-clinical-11-00423#2,2,2,2,2,2,2,2,2,2,2,2,2,2,2,2,2,2,2,2,0,2,2,2,2,2,0,2,2,2
C-clinical-11-00423#3,0,2,2,2,2,2,2,2,2,2,2,0,0,2,2,2,2,2,2,0,2,2,2,0,0,2,2,2,2
C-clinical-11-00425#0,0,2,2,2,2,2,2,2,2,2,2,0,0,0,0,0,0,2,2,2,2,2,2,2,2,2,2,2,2
C-clinical-11-00425#1,0,2,2,2,2,2,2,2,2,2,2,0,0,0,0,0,0,2,2,2,2,2,2,2,2,2,2,2,2
C-clinical-11-00425#2,0,2,2,2,2,2,2,2,2,2,2,2,2,2,2,2,2,2,2,2,2,2,2,2,2,2,2,2,2
C-clinical-11-00425#3,0,2,2,2,2,2,2,2,2,2,2,0,0,0,0,0,0,0,0,2,2,2,2,2,2,2,2,2,2
C-clinical-11-00425#4,0,2,2,2,2,2,2,2,2,2,2,0,0,0,0,0,0,2,2,2,2,2,2,2,2,2,2,2,2
C-clinical-11-00426#0,0,2,2,2,2,2,2,2,2,2,2,2,2,1,1,0,1,2,2,2,2,2,2,2,2,2,2,2,2
C-clinical-11-00426#1,0,2,2,2,2,2,2,2,2,2,2,0,0,1,1,2,2,2,2,2,2,2,2,2,2,2,2,2,2
C-clinical-11-00426#2,0,2,2,2,2,2,2,2,2,2,2,2,2,2,2,2,2,0,2,0,2,2,2,2,2,2,2,2,2
C-clinical-11-00429#0,2,2,2,2,2,2,2,2,2,2,2,2,2,2,2,2,2,2,2,2,2,2,2,2,2,2,2,2,2
C-clinical-11-00429#1,0,2,2,2,2,2,2,2,2,2,2,2,2,1,1,0,0,2,2,2,2,2,2,1,1,2,2,2,2
C-clinical-11-00429#2,0,2,2,2,2,2,2,2,2,2,2,2,2,0,0,0,0,0,2,0,2,2,2,0,0,0,2,2,2
C-clinical-11-00429#3,2,2,2,2,2,2,2,2,2,2,2,2,2,2,2,2,2,2,2,2,2,2,2,0,2,2,2,2,2
C-clinical-11-00429#4,2,2,2,2,2,2,2,2,2,1,2,0,2,1,2,1,2,0,2,2,2,0,2,2,2,1,2,1,2
C-clinical-11-00429#5,2,2,2,2,2,0,2,2,2,2,2,2,2,2,2,2,2,2,2,2,2,2,2,2,2,2,2,2,2
C-clinical-11-00429#6,2,2,2,2,2,2,2,2,2,1,2,1,2,1,2,0,2,2,2,2,2,2,2,2,2,2,2,2,2
C-clinical-11-00429#7,0,2,2,2,2,2,2,2,2,2,2,0,0,2,2,2,2,2,2,0,0,2,2,2,2,0,0,2,2
C-clinical-11-00429#8,0,2,2,2,2,1,1,2,2,2,2,2,2,2,2,2,2,2,2,2,2,0,0,2,2,0,0,2,2
C-clinical-11-00432#0,0,2,2,2,2,2,2,2,2,2,2,2,2,1,1,0,0,2,2,2,2,2,2,2,2,2,2,2,2
C-clinical-11-00432#1,0,2,2,2,2,1,1,1,1,2,2,1,1,0,0,0,0,2,2,2,2,1,1,0,1,2,2,2,2
C-clinical-11-00432#2,2,2,2,2,2,2,2,2,2,2,2,0,2,2,2,2,2,2,2,0,2,2,2,2,2,2,2,0,2
C-clinical-11-00432#3,0,2,2,2,2,2,2,2,2,2,2,2,2,2,2,2,2,2,2,2,2,2,2,2,2,2,2,2,2
C-clinical-11-00432#4,2,2,2,2,2,2,2,2,2,1,2,2,2,2,2,1,2,2,2,0,2,2,2,2,2,0,2,2,2
C-clinical-11-00432#5,0,2,2,2,2,2,2,2,2,2,2,2,2,2,2,0,0,2,2,2,2,2,2,2,2,2,2,2,2
C-clinical-11-00432#6,2,2,2,2,2,2,2,2,2,2,2,0,2,2,2,0,2,2,2,2,2,2,2,0,2,2,2,2,2
C-clinical-11-00432#7,0,2,2,2,2,1,1,2,2,1,1,1,1,2,2,1,1,2,2,1,1,2,2,2,2,2,2,2,2
C-clinical-11-00432#8,2,2,2,2,2,2,2,2,2,2,2,0,2,2,2,0,2,2,2,2,2,2,2,0,2,2,2,2,2
C-clinical-11-00435#0,0,2,2,2,2,2,2,2,2,2,2,0,0,2,2,1,1,2,2,2,2,2,2,2,2,2,2,2,2
C-clinical-11-00435#1,1,2,2,2,2,1,1,2,2,1,1,0,1,2,2,1,1,2,2,1,1,2,2,2,2,2,2,2,2
C-clinical-11-00435#10,0,2,2,2,2,2,2,2,2,2,2,2,2,2,2,0,2,0,2,2,2,2,2,2,2,2,2,2,2
C-clinical-11-00435#11,1,0,1,1,1,0,1,1,1,0,1,0,1,1,1,0,1,0,1,2,2,1,1,2,2,2,2,1,1
C-clinical-11-00435#13,0,2,2,2,2,0,0,2,2,2,2,2,2,2,2,2,2,0,0,2,2,2,2,2,2,2,2,2,2
C-clinical-11-00435#2,0,2,2,2,2,2,2,2,2,2,2,2,2,1,1,2,2,2,2,2,2,2,2,2,2,2,2,2,2
C-clinical-11-00435#3,2,2,2,2,2,2,2,2,2,2,2,2,2,2,2,2,2,2,2,2,2,2,2,0,2,2,2,2,2
C-clinical-11-00435#5,2,2,2,2,2,2,2,2,2,2,2,0,2,2,2,2,2,2,2,2,2,2,2,2,2,2,2,2,2
C-clinical-11-00435#6,2,2,2,2,2,2,2,2,2,2,2,2,2,2,2,2,2,2,2,0,2,2,2,2,2,2,2,2,2
C-clinical-11-00435#7,0,2,2,2,2,1,1,2,2,2,2,0,0,2,2,1,1,0,0,0,0,2,2,0,0,0,0,1,1
C-clinical-11-00435#8,0,2,2,2,2,2,2,2,2,2,2,0,0,2,2,2,2,0,0,2,2,2,2,2,2,2,2,2,2
C-clinical-11-00435#9,0,2,2,2,2,2,2,2,2,2,2,2,2,0,0,0,2,0,2,2,2,2,2,2,2,0,2,0,2
C-clinical-11-00437#0,2,2,2,2,2,2,2,2,2,2,2,0,2,1,2,2,2,2,2,2,2,2,2,2,2,2,2,2,2
C-clinical-11-00437#1,2,2,2,2,2,2,2,2,2,2,2,2,2,2,2,2,2,2,2,2,2,2,2,2,2,2,2,2,2
C-clinical-11-00437#2,2,2,2,2,2,2,2,2,2,2,2,0,2,0,2,0,2,2,2,2,2,2,2,2,2,2,2,2,2
C-clinical-11-00437#3,0,2,2,2,2,2,2,2,2,2,2,2,2,2,2,2,2,2,2,2,2,2,2,2,2,2,2,2,2
C-clinical-11-00441#0,0,2,2,2,2,2,2,2,2,2,2,0,0,2,2,2,2,2,2,0,0,2,2,2,2,2,2,2,2
C-clinical-11-00441#1,0,2,2,2,2,2,2,2,2,2,2,1,1,2,2,2,2,2,2,2,2,2,2,2,2,2,2,2,2
C-clinical-11-00441#2,1,1,1,1,1,1,1,1,1,0,1,0,1,1,1,1,1,0,1,2,2,1,1,1,1,1,1,1,1
C-clinical-11-00441#3,2,2,2,2,2,2,2,2,2,2,2,2,2,2,2,2,2,2,2,2,2,2,2,2,2,2,2,2,2
C-clinical-11-00441#4,0,2,2,2,2,2,2,2,2,2,2,2,2,2,2,2,2,2,2,2,2,2,2,2,2,0,0,1,1
C-clinical-11-00441#5,0,2,2,2,2,2,2,2,2,2,2,2,2,2,2,0,2,2,2,0,2,2,2,2,2,2,2,2,2
C-clinical-11-00444#0,0,2,2,2,2,2,2,2,2,2,2,0,1,0,0,0,0,2,2,2,2,2,2,2,2,2,2,2,2
C-clinical-11-00444#1,0,2,2,2,2,2,2,2,2,2,2,2,2,0,0,0,0,2,2,2,2,2,2,2,2,0,2,2,2
C-clinical-11-00444#2,0,2,2,2,2,2,2,2,2,0,0,0,0,0,0,0,0,0,0,2,2,2,2,2,2,2,2,0,0
C-clinical-11-00444#3,0,2,2,2,2,2,2,2,2,2,2,0,2,0,0,0,0,2,2,2,2,2,2,2,2,2,2,2,2
C-clinical-11-00447#0,0,2,2,2,2,2,2,2,2,2,2,2,2,0,0,0,0,2,2,2,2,2,2,2,2,2,2,2,2
C-clinical-11-00447#1,0,2,2,2,2,2,2,2,2,2,2,0,0,0,0,0,0,2,2,2,2,2,2,2,2,2,2,2,2
C-clinical-11-00447#2,0,2,2,1,1,1,1,1,1,2,2,0,0,0,0,0,0,2,2,1,1,1,1,0,0,1,1,1,1
C-clinical-11-00450#0,0,2,2,2,2,2,2,2,2,2,2,1,2,2,2,2,2,2,2,2,2,2,2,2,2,2,2,2,2
C-clinical-11-00450#1,0,2,2,2,2,1,1,1,1,2,2,1,1,0,0,0,1,1,1,2,2,1,1,2,2,2,2,2,2
C-clinical-11-00450#2,2,2,2,2,2,2,2,2,2,1,2,0,2,1,2,1,2,2,2,2,2,0,2,2,2,1,2,1,2
C-clinical-11-00450#3,2,2,2,2,2,2,2,2,2,1,2,0,2,0,2,0,2,2,2,2,2,2,2,2,2,2,2,2,2
C-clinical-11-00451#0,0,2,2,2,2,2,2,2,2,2,2,2,2,1,1,0,1,2,2,2,2,2,2,2,2,2,2,2,2
C-clinical-11-00451#1,2,2,2,2,2,2,2,2,2,2,2,2,2,2,2,2,2,2,2,2,2,2,2,2,2,2,2,2,2
C-clinical-11-00451#2,0,2,2,2,2,2,2,2,2,2,2,2,2,2,2,2,2,2,2,2,2,2,2,0,2,0,2,2,2
C-clinical-11-00451#3,2,2,2,2,2,2,2,2,2,2,2,2,2,2,2,2,2,2,2,2,2,2,2,2,2,2,2,2,2
C-clinical-11-00451#4,0,2,2,2,2,1,1,1,1,2,2,1,1,0,0,0,1,1,1,0,1,1,1,0,1,1,1,2,2
C-clinical-11-00451#5,0,2,2,2,2,2,2,2,2,2,2,2,2,2,2,2,2,2,2,0,0,2,2,2,2,2,2,2,2
C-clinical-11-00451#6,2,2,2,2,2,0,2,2,2,2,2,2,2,2,2,2,2,2,2,2,2,2,2,2,2,2,2,2,2
C-clinical-11-00451#7,0,2,2,2,2,1,1,2,2,2,2,0,0,2,2,1,1,2,2,0,0,2,2,2,2,2,2,1,1
C-clinical-11-00451#8,2,2,2,2,2,2,2,2,2,2,2,2,2,2,2,2,2,2,2,0,2,2,2,2,2,2,2,2,2
C-clinical-11-00456#0,0,2,2,2,2,2,2,2,2,2,2,2,2,2,2,2,2,2,2,2,2,2,2,2,2,2,2,0,0
C-clinical-11-00456#1,0,2,2,2,2,2,2,2,2,2,2,1,1,0,0,1,1,2,2,2,2,2,2,2,2,2,2,2,2
C-clinical-11-00456#2,0,2,2,2,2,2,2,2,2,1,1,0,0,2,2,1,1,2,2,0,0,2,2,2,2,2,2,2,2
C-clinical-11-00456#3,0,2,2,2,2,2,2,2,2,2,2,2,2,2,2,0,0,0,0,2,2,2,2,2,2,2,2,2,2
C-clinical-11-00456#4,2,2,2,2,2,2,2,2,2,2,2,2,2,2,2,2,2,2,2,2,2,2,2,2,2,2,2,2,2
C-clinical-11-00456#5,2,2,2,2,2,2,2,2,2,2,2,0,2,2,2,2,2,2,2,0,2,2,2,2,2,2,2,2,2
C-clinical-11-00456#6,0,2,2,2,2,2,2,2,2,1,1,2,2,2,2,1,1,2,2,1,1,2,2,2,2,2,2,2,2
C-clinical-11-00456#7,2,2,2,2,2,2,2,2,2,1,2,0,2,2,2,1,2,2,2,2,2,2,2,2,2,0,2,1,2
C-clinical-11-00456#8,0,2,2,2,2,2,2,2,2,2,2,1,1,2,2,1,1,2,2,2,2,2,2,2,2,2,2,2,2
C-clinical-11-00459#0,0,2,2,2,2,2,2,2,2,2,2,0,1,1,1,0,1,2,2,2,2,2,2,2,2,2,2,2,2
C-clinical-11-00459#1,2,2,2,2,2,2,2,2,2,2,2,0,2,2,2,2,2,2,2,0,2,2,2,2,2,2,2,2,2
C-clinical-11-00459#2,2,2,2,2,2,2,2,2,2,2,2,2,2,2,2,2,2,2,2,2,2,2,2,2,2,2,2,2,2
C-clinical-11-00459#3,2,2,2,2,2,2,2,2,2,2,2,2,2,0,2,0,2,2,2,2,2,2,2,0,2,2,2,2,2
C-clinical-11-00459#4,0,2,2,2,2,2,2,2,2,2,2,2,2,2,2,2,2,2,2,2,2,2,2,0,2,0,2,2,2
C-clinical-11-00459#5,0,2,2,2,2,2,2,2,2,2,2,2,2,2,2,2,2,2,2,2,2,2,2,0,0,0,0,2,2
C-clinical-11-00459#6,2,2,2,2,2,2,2,2,2,2,2,0,2,0,2,0,2,2,2,2,2,2,2,0,2,2,2,2,2
C-clinical-11-00459#7,0,2,2,2,2,2,2,2,2,2,2,2,2,2,2,2,2,2,2,2,2,2,2,0,0,2,2,2,2
C-clinical-11-00465#0,0,1,1,1,1,0,0,1,1,2,2,0,0,0,0,0,0,2,2,1,1,1,1,1,1,1,1,1,1
C-clinical-11-00465#1,0,2,2,2,2,2,2,2,2,2,2,2,2,0,0,2,2,2,2,2,2,2,2,2,2,2,2,2,2
C-clinical-11-00465#2,0,2,2,2,2,2,2,2,2,2,2,2,2,2,2,2,2,2,2,2,2,2,2,2,2,0,0,2,2
C-clinical-11-00465#3,0,2,2,2,2,2,2,2,2,2,2,0,0,2,2,2,2,2,2,2,2,2,2,2,2,2,2,2,2
C-clinical-11-00465#4,0,2,2,2,2,2,2,2,2,2,2,0,0,2,2,2,2,2,2,2,2,2,2,2,2,2,2,2,2
C-clinical-11-00465#5,2,0,2,0,2,0,2,1,2,2,2,2,2,2,2,2,2,2,2,2,2,2,2,2,2,2,2,2,2
C-clinical-11-00465#6,0,2,2,2,2,2,2,2,2,2,2,2,2,2,2,2,2,2,2,2,2,2,2,2,2,2,2,2,2
C-clinical-11-00465#7,2,2,2,2,2,2,2,2,2,1,2,0,2,1,2,1,2,2,2,2,2,0,2,1,2,1,2,1,2
C-clinical-11-00465#8,2,2,2,2,2,2,2,2,2,1,2,1,2,1,2,0,2,2,2,2,2,2,2,2,2,2,2,2,2
C-clinical-11-00465#9,0,2,2,2,2,2,2,2,2,2,2,2,2,2,2,2,2,2,2,2,2,2,2,2,2,0,0,2,2
C-clinical-11-00466#0,0,2,2,2,2,2,2,2,2,0,0,0,0,0,0,0,0,2,2,2,2,2,2,2,2,1,1,2,2
C-clinical-11-00466#1,0,2,2,2,2,2,2,2,2,0,0,0,0,0,0,0,0,2,2,2,2,2,2,2,2,1,1,2,2
C-clinical-11-00466#2,0,2,2,2,2,2,2,2,2,0,0,2,2,2,2,0,0,2,2,2,2,2,2,2,2,2,2,2,2
C-clinical-11-00466#3,0,2,2,2,2,2,2,2,2,2,2,0,0,2,2,0,0,2,2,2,2,2,2,2,2,2,2,2,2
C-clinical-11-00467#0,0,2,2,2,2,2,2,2,2,2,2,0,0,2,2,0,0,2,2,2,2,2,2,2,2,2,2,2,2
C-clinical-11-00467#1,0,2,2,2,2,2,2,2,2,2,2,0,0,0,0,2,2,2,2,2,2,2,2,2,2,2,2,2,2
C-clinical-11-00467#2,0,2,2,2,2,2,2,2,2,2,2,0,0,0,0,2,2,2,2,2,2,2,2,2,2,2,2,2,2
C-clinical-11-00467#3,2,2,2,2,2,2,2,2,2,2,2,2,2,2,2,1,2,2,2,2,2,2,2,2,2,2,2,2,2
C-clinical-11-00467#4,0,2,2,2,2,2,2,2,2,2,2,0,0,0,0,0,2,0,2,0,2,2,2,2,2,2,2,2,2
C-clinical-11-00467#5,2,2,2,2,2,2,2,2,2,2,2,2,2,2,2,1,2,2,2,2,2,2,2,2,2,2,2,2,2
C-clinical-11-00467#6,0,2,2,2,2,2,2,2,2,2,2,0,0,0,0,0,2,0,2,2,2,2,2,2,2,2,2,2,2
C-clinical-11-00469#0,0,2,2,2,2,2,2,2,2,2,2,0,2,1,1,1,2,2,2,2,2,2,2,2,2,1,1,2,2
C-clinical-11-00469#1,2,2,2,2,2,2,2,2,2,2,2,1,2,2,2,2,2,2,2,2,2,2,2,1,2,2,2,2,2
C-clinical-11-00469#2,0,2,2,2,2,2,2,2,2,2,2,2,2,2,2,2,2,0,2,2,2,2,2,2,2,0,2,2,2
C-clinical-11-00469#3,2,2,2,2,2,2,2,2,2,2,2,0,2,2,2,0,2,2,2,2,2,2,2,2,2,2,2,2,2
C-clinical-11-00469#4,0,2,2,2,2,2,2,2,2,2,2,1,2,2,2,2,2,2,2,2,2,2,2,2,2,1,1,2,2
C-clinical-11-00469#5,0,2,2,2,2,2,2,2,2,2,2,0,2,0,0,0,2,0,2,0,2,2,2,0,2,2,2,2,2
C-clinical-11-00469#6,2,2,2,2,2,2,2,2,2,2,2,0,2,2,2,0,2,2,2,2,2,2,2,2,2,2,2,2,2
C-clinical-11-00472#0,0,2,2,2,2,2,2,2,2,2,2,1,2,0,0,0,0,2,2,2,2,2,2,1,1,2,2,2,2
C-clinical-11-00472#1,0,2,2,2,2,2,2,2,2,2,2,0,0,2,2,0,0,2,2,0,0,2,2,2,2,0,0,0,0
C-clinical-11-00472#10,0,2,2,2,2,2,2,2,2,2,2,2,2,2,2,2,2,2,2,1,1,2,2,2,2,2,2,2,2
C-clinical-11-00472#11,0,2,2,2,2,2,2,2,2,1,1,2,2,2,2,1,1,2,2,1,1,2,2,2,2,2,2,2,2
C-clinical-11-00472#2,0,2,2,2,2,1,1,1,1,2,2,0,0,2,2,1,1,2,2,1,1,2,2,2,2,2,2,2,2
C-clinical-11-00472#3,0,2,2,2,2,2,2,2,2,2,2,2,2,0,0,0,0,2,2,2,2,2,2,0,0,0,2,2,2
C-clinical-11-00472#4,2,2,2,2,2,2,2,2,2,2,2,2,2,2,2,1,2,2,2,0,2,2,2,2,2,0,2,2,2
C-clinical-11-00472#5,0,2,2,2,2,2,2,2,2,2,2,2,2,2,2,0,0,2,2,2,2,2,2,2,2,2,2,2,2
C-clinical-11-00472#6,2,2,2,2,2,2,2,2,2,1,2,0,2,2,2,2,2,2,2,0,2,2,2,2,2,2,2,2,2
C-clinical-11-00472#7,2,2,2,2,2,0,2,2,2,2,2,2,2,2,2,2,2,2,2,2,2,2,2,2,2,2,2,2,2
C-clinical-11-00472#8,2,2,2,2,2,2,2,2,2,2,2,2,2,2,2,2,2,0,2,2,2,2,2,2,2,0,2,2,2
C-clinical-11-00472#9,2,2,2,2,2,2,2,2,2,2,2,0,2,1,2,1,2,2,2,2,2,0,2,2,2,0,2,2,2
C-clinical-11-00473#1,2,2,2,2,2,2,2,2,2,2,2,0,2,2,2,2,2,2,2,2,2,2,2,2,2,2,2,2,2
C-clinical-11-00473#10,2,2,2,2,2,2,2,2,2,1,2,1,2,0,2,0,2,2,2,2,2,2,2,2,2,2,2,2,2
C-clinical-11-00473#11,2,2,2,2,2,0,2,2,2,2,2,2,2,2,2,2,2,2,2,2,2,2,2,2,2,2,2,2,2
C-clinical-11-00473#12,0,2,2,2,2,0,0,2,2,2,2,0,0,2,2,2,2,2,2,0,0,2,2,2,2,2,2,2,2
C-clinical-11-00473#13,0,2,2,2,2,2,2,2,2,2,2,2,2,0,0,0,0,2,2,2,2,2,2,2,2,2,2,2,2
C-clinical-11-00473#2,0,2,2,2,2,2,2,2,2,2,2,2,2,2,2,0,2,2,2,2,2,2,2,1,1,2,2,1,1
C-clinical-11-00473#4,0,2,2,2,2,2,2,2,2,2,2,0,0,2,2,2,2,2,2,2,2,2,2,2,2,2,2,2,2
C-clinical-11-00473#5,0,2,2,2,2,2,2,2,2,2,2,0,2,2,2,2,2,2,2,0,2,2,2,0,0,0,2,2,2
C-clinical-11-00473#6,0,2,2,2,2,0,2,2,2,2,2,0,2,2,2,2,2,2,2,0,2,2,2,0,0,2,2,2,2
C-clinical-11-00473#7,2,2,2,2,2,2,2,2,2,2,2,2,2,2,2,2,2,2,2,2,2,2,2,2,2,2,2,2,2
C-clinical-11-00473#8,0,2,2,2,2,2,2,2,2,2,2,2,2,2,2,2,2,2,2,0,0,2,2,2,2,2,2,2,2
C-clinical-11-00473#9,2,2,2,2,2,2,2,2,2,1,2,0,2,1,2,1,2,2,2,2,2,0,2,1,2,1,2,1,2
C-clinical-11-00475#0,0,2,2,2,2,2,2,2,2,2,2,2,2,0,0,0,0,2,2,2,2,2,2,2,2,2,2,2,2
C-clinical-11-00475#1,0,2,2,2,2,2,2,2,2,2,2,0,0,1,1,0,0,2,2,2,2,2,2,2,2,2,2,2,2
C-clinical-11-00475#2,0,2,2,2,2,2,2,2,2,2,2,2,2,0,0,0,0,2,2,2,2,2,2,2,2,2,2,2,2
C-clinical-11-00477#0,0,2,2,2,2,2,2,2,2,2,2,2,2,0,0,0,0,2,2,2,2,2,2,2,2,2,2,2,2
C-clinical-11-00477#1,2,2,2,2,2,2,2,2,2,2,2,0,2,2,2,1,2,2,2,0,2,2,2,2,2,2,2,2,2
C-clinical-11-00477#10,1,2,2,2,2,1,1,2,2,2,2,2,2,2,2,2,2,2,2,1,1,2,2,1,1,2,2,2,2
C-clinical-11-00477#2,0,1,1,2,2,1,1,2,2,1,1,2,2,2,2,1,1,2,2,1,1,2,2,1,1,1,1,2,2
C-clinical-11-00477#3,0,2,2,2,2,2,2,2,2,2,2,2,2,0,0,0,0,0,2,0,2,2,2,0,2,0,2,2,2
C-clinical-11-00477#4,0,2,2,2,2,2,2,2,2,1,1,1,1,1,1,1,1,2,2,0,0,2,2,2,2,2,2,2,2
C-clinical-11-00477#5,0,2,2,2,2,2,2,2,2,2,2,2,2,0,0,0,0,0,0,2,2,2,2,2,2,2,2,2,2
C-clinical-11-00477#6,0,2,2,2,2,2,2,2,2,2,2,0,0,2,2,2,2,2,2,2,2,2,2,2,2,0,0,2,2
C-clinical-11-00477#7,0,2,2,2,2,1,1,2,2,1,1,0,0,2,2,1,1,2,2,1,1,0,0,2,2,1,1,1,1
C-clinical-11-00477#8,0,1,1,0,0,0,0,2,2,2,2,0,0,2,2,1,1,2,2,0,0,2,2,0,0,2,2,1,1
C-clinical-11-00477#9,1,2,2,2,2,1,1,1,1,2,2,1,1,1,1,1,1,2,2,1,1,2,2,2,2,0,1,1,1
C-clinical-11-00481#0,0,2,2,2,2,2,2,2,2,2,2,0,0,1,1,1,1,2,2,2,2,2,2,2,2,2,2,2,2
C-clinical-11-00481#1,2,2,2,2,2,2,2,2,2,2,2,2,2,2,2,2,2,2,2,2,2,2,2,2,2,2,2,2,2
C-clinical-11-00481#2,0,2,2,2,2,2,2,2,2,2,2,0,0,1,1,1,1,2,2,2,2,2,2,2,2,2,2,2,2
C-clinical-11-00481#3,0,2,2,2,2,2,2,2,2,2,2,2,2,2,2,2,2,2,2,2,2,2,2,2,2,0,0,2,2
C-clinical-11-00481#4,2,2,2,2,2,2,2,2,2,1,2,1,2,0,2,0,2,2,2,2,2,2,2,2,2,2,2,2,2
C-clinical-11-00481#5,2,2,2,2,2,2,2,2,2,2,2,2,2,2,2,2,2,2,2,2,2,2,2,2,2,2,2,2,2
C-clinical-11-00482#0,0,2,2,2,2,2,2,2,2,2,2,0,0,0,0,1,1,2,2,1,1,2,2,2,2,2,2,2,2
C-clinical-11-00482#1,0,2,2,2,2,2,2,1,1,2,2,0,0,0,0,0,0,2,2,0,0,1,1,2,2,0,1,2,2
C-clinical-11-00482#2,2,2,2,2,2,1,2,2,2,2,2,2,2,2,2,2,2,2,2,2,2,2,2,2,2,2,2,2,2
C-clinical-11-00482#3,0,2,2,1,1,0,0,1,1,2,2,0,0,0,0,0,0,0,0,0,0,0,0,1,1,1,1,1,1
C-clinical-11-00482#4,2,2,2,2,2,1,2,2,2,2,2,2,2,2,2,1,2,2,2,2,2,2,2,2,2,2,2,2,2
C-clinical-11-00483#0,0,2,2,2,2,2,2,2,2,2,2,2,2,2,2,2,2,2,2,2,2,2,2,2,2,2,2,2,2
C-clinical-11-00483#1,1,1,1,1,1,1,1,1,1,0,1,0,1,2,2,1,1,0,1,2,2,1,1,0,1,1,1,2,2
C-clinical-11-00483#3,2,2,2,2,2,2,2,2,2,2,2,0,2,2,2,2,2,2,2,2,2,2,2,2,2,2,2,2,2
C-clinical-11-00483#4,2,2,2,2,2,2,2,2,2,2,2,2,2,2,2,2,2,2,2,2,2,2,2,2,2,2,2,0,2
C-clinical-11-00483#5,0,2,2,2,2,2,2,2,2,2,2,2,2,2,2,0,2,2,2,2,2,2,2,0,2,0,2,2,2
C-clinical-11-00483#6,0,2,2,2,2,2,2,2,2,2,2,0,0,2,2,0,0,2,2,0,0,2,2,2,2,2,2,2,2
C-clinical-11-00487#0,0,2,2,2,2,2,2,2,2,2,2,2,2,0,0,0,0,2,2,2,2,2,2,2,2,2,2,2,2
C-clinical-11-00487#1,0,2,2,2,2,1,1,2,2,1,1,0,0,2,2,2,2,2,2,0,0,2,2,2,2,2,2,2,2
C-clinical-11-00487#2,0,2,2,2,2,2,2,2,2,2,2,0,2,0,0,0,0,2,2,2,2,2,2,2,2,2,2,2,2
C-clinical-11-00487#3,0,2,2,2,2,2,2,2,2,2,2,0,2,0,0,0,0,2,2,2,2,2,2,2,2,2,2,2,2
C-clinical-11-00490#0,2,2,2,2,2,2,2,2,2,2,2,2,2,2,2,0,2,2,2,2,2,2,2,2,2,2,2,2,2
C-clinical-11-00490#1,1,1,1,1,1,1,1,1,1,0,1,0,1,1,1,1,1,0,1,0,1,1,1,1,1,1,1,1,1
C-clinical-11-00490#2,2,2,2,2,2,2,2,2,2,2,2,2,2,2,2,1,2,2,2,1,2,2,2,2,2,2,2,2,2
C-clinical-11-00490#3,0,2,2,2,2,2,2,2,2,2,2,2,2,2,2,2,2,2,2,2,2,2,2,2,2,0,0,2,2
C-clinical-11-00490#4,1,2,2,2,2,2,2,2,2,1,1,0,1,2,2,2,2,2,2,1,1,2,2,2,2,2,2,2,2
C-clinical-11-00490#5,2,2,2,2,2,2,2,2,2,2,2,2,2,2,2,2,2,2,2,2,2,2,2,2,2,2,2,2,2
C-clinical-11-00491#0,0,2,2,2,2,2,2,2,2,2,2,0,0,0,0,0,0,2,2,2,2,2,2,2,2,2,2,2,2
C-clinical-11-00491#1,0,2,2,2,2,2,2,2,2,2,2,2,2,2,2,0,0,0,0,2,2,2,2,2,2,2,2,2,2
C-clinical-11-00491#10,0,2,2,2,2,2,2,2,2,2,2,0,0,2,2,2,2,2,2,0,0,2,2,2,2,2,2,2,2
C-clinical-11-00491#11,0,2,2,2,2,2,2,2,2,2,2,0,0,2,2,0,0,2,2,2,2,2,2,2,2,0,2,2,2
C-clinical-11-00491#2,0,2,2,2,2,1,1,1,1,1,1,0,0,2,2,2,2,2,2,1,1,2,2,2,2,2,2,2,2
C-clinical-11-00491#3,0,2,2,2,2,2,2,2,2,2,2,0,0,0,0,0,0,2,2,2,2,2,2,2,2,0,2,2,2
C-clinical-11-00491#4,0,2,2,2,2,2,2,2,2,2,2,0,0,0,0,0,0,2,2,2,2,2,2,2,2,2,2,2,2
C-clinical-11-00491#5,0,2,2,1,1,1,1,1,1,2,2,0,0,0,0,0,0,2,2,1,1,1,1,1,1,1,1,1,1
C-clinical-11-00491#6,0,2,2,2,2,2,2,2,2,2,2,2,2,2,2,2,2,2,2,1,1,2,2,2,2,0,0,2,2
C-clinical-11-00491#7,2,2,2,2,2,2,2,2,2,2,2,0,2,1,2,1,2,2,2,2,2,0,2,0,2,0,2,2,2
C-clinical-11-00491#8,0,2,2,2,2,1,1,2,2,1,1,0,0,2,2,1,1,2,2,1,1,2,2,2,2,2,2,2,2
C-clinical-11-00491#9,2,0,2,0,2,0,2,0,2,2,2,2,2,2,2,2,2,2,2,2,2,2,2,2,2,2,2,2,2
C-clinical-11-00494#1,2,2,2,2,2,2,2,2,2,2,2,2,2,1,2,2,2,2,2,2,2,2,2,2,2,2,2,2,2
C-clinical-11-00494#2,2,2,2,2,2,2,2,2,2,2,2,2,2,0,2,2,2,2,2,2,2,2,2,2,2,2,2,2,2
C-clinical-11-00494#3,2,2,2,2,2,2,2,2,2,2,2,2,2,2,2,2,2,2,2,2,2,2,2,2,2,2,2,2,2
C-clinical-11-00494#4,1,1,1,1,1,1,1,1,1,0,1,0,1,1,1,1,1,0,1,2,2,1,1,1,1,2,2,1,1
C-clinical-11-00494#5,2,2,2,2,2,2,2,2,2,2,2,2,2,2,2,2,2,2,2,2,2,2,2,2,2,2,2,2,2
C-clinical-11-00494#6,0,2,2,2,2,2,2,2,2,2,2,0,0,2,2,2,2,2,2,2,2,2,2,2,2,2,2,0,0
C-clinical-11-00494#7,0,2,2,2,2,2,2,2,2,2,2,0,0,2,2,1,2,2,2,2,2,2,2,2,2,2,2,0,0
C-clinical-11-00498#0,0,2,2,2,2,2,2,2,2,2,2,2,2,1,1,0,0,2,2,2,2,2,2,2,2,2,2,2,2
C-clinical-11-00498#1,2,2,2,2,2,2,2,2,2,2,2,0,2,2,2,2,2,2,2,2,2,2,2,2,2,2,2,2,2
C-clinical-11-00498#2,0,2,2,2,2,2,2,2,2,2,2,2,2,0,0,0,0,0,2,2,2,2,2,2,2,0,2,2,2
C-clinical-11-00498#3,0,2,2,2,2,2,2,2,2,2,2,2,2,1,1,1,1,2,2,2,2,2,2,2,2,2,2,2,2
C-clinical-11-00498#4,0,2,2,2,2,2,2,2,2,2,2,0,0,2,2,0,0,2,2,2,2,2,2,2,2,2,2,2,2
C-clinical-11-00498#5,0,2,2,2,2,2,2,2,2,2,2,2,2,2,2,2,2,2,2,2,2,2,2,0,0,0,0,2,2
C-clinical-11-00498#6,2,2,2,2,2,2,2,2,2,2,2,2,2,2,2,2,2,2,2,2,2,2,2,2,2,2,2,2,2
C-clinical-11-00498#7,2,2,2,2,2,2,2,2,2,1,2,0,2,1,2,1,2,2,2,2,2,0,2,2,2,1,2,1,2
C-clinical-11-00498#8,2,2,2,2,2,2,2,2,2,1,2,0,2,0,2,0,2,2,2,2,2,2,2,2,2,2,2,2,2
C-clinical-11-00498#9,0,2,2,2,2,2,2,2,2,2,2,2,2,2,2,2,2,2,2,2,2,2,2,2,2,2,2,2,2
C-clinical-11-00499#1,2,2,2,2,2,2,2,2,2,2,2,0,2,2,2,1,2,2,2,2,2,2,2,2,2,2,2,2,2
C-clinical-11-00499#10,2,2,2,2,2,2,2,2,2,2,2,0,2,2,2,2,2,2,2,2,2,2,2,0,2,0,2,2,2
C-clinical-11-00499#11,2,2,2,2,2,2,2,2,2,2,2,2,2,2,2,2,2,2,2,2,2,2,2,0,2,2,2,2,2
C-clinical-11-00499#12,0,2,2,2,2,2,2,2,2,2,2,0,0,0,0,0,0,2,2,2,2,2,2,2,2,2,2,2,2
C-clinical-11-00499#13,0,2,2,2,2,0,0,2,2,2,2,0,0,2,2,2,2,2,2,0,0,2,2,2,2,2,2,2,2
C-clinical-11-00499#14,2,2,2,2,2,1,2,2,2,2,2,2,2,2,2,2,2,2,2,2,2,2,2,2,2,2,2,2,2
C-clinical-11-00499#15,2,2,2,2,2,2,2,2,2,2,2,0,2,2,2,2,2,2,2,0,2,2,2,0,2,2,2,2,2
C-clinical-11-00499#2,2,2,2,2,2,2,2,2,2,2,2,2,2,2,2,2,2,2,2,2,2,2,2,2,2,2,2,2,2
C-clinical-11-00499#3,1,1,1,1,1,1,1,1,1,0,1,0,1,1,1,1,1,0,1,2,2,1,1,1,1,1,1,1,1
C-clinical-11-00499#4,1,2,2,2,2,2,2,2,2,2,2,0,1,2,2,2,2,2,2,2,2,2,2,2,2,2,2,2,2
C-clinical-11-00499#5,0,2,2,2,2,2,2,2,2,2,2,0,0,0,0,0,0,2,2,2,2,2,2,2,2,2,2,2,2
C-clinical-11-00499#6,2,2,2,2,2,2,2,2,2,2,2,0,2,2,2,0,2,2,2,0,2,2,2,0,2,2,2,2,2
C-clinical-11-00499#7,0,2,2,2,2,0,0,2,2,2,2,0,0,2,2,2,2,2,2,0,0,2,2,2,2,2,2,2,2
C-clinical-11-00499#8,2,2,2,2,2,2,2,2,2,2,2,2,2,2,2,2,2,2,2,2,2,2,2,2,2,2,2,2,2
C-clinical-11-00499#9,2,2,2,2,2,2,2,2,2,2,2,0,2,1,2,2,2,2,2,2,2,2,2,2,2,2,2,2,2
C-clinical-11-00500#0,2,2,2,2,2,2,2,2,2,2,2,2,2,2,2,1,2,2,2,2,2,2,2,2,2,2,2,2,2
C-clinical-11-00500#1,2,2,2,2,2,2,2,2,2,2,2,2,2,2,2,2,2,2,2,0,2,2,2,2,2,2,2,2,2
C-clinical-11-00500#10,2,2,2,2,2,2,2,2,2,2,2,2,2,2,2,2,2,2,2,2,2,2,2,2,2,2,2,2,2
C-clinical-11-00500#11,0,2,2,2,2,2,2,2,2,2,2,2,2,0,0,2,2,0,2,2,2,2,2,0,0,2,2,2,2
C-clinical-11-00500#2,1,2,2,2,2,1,1,0,1,2,2,1,1,2,2,1,1,2,2,1,1,2,2,1,1,2,2,2,2
C-clinical-11-00500#3,2,2,2,2,2,2,2,2,2,2,2,2,2,2,2,2,2,2,2,2,2,2,2,2,2,2,2,2,2
C-clinical-11-00500#4,0,2,2,2,2,2,2,2,2,2,2,1,1,2,2,1,1,2,2,0,0,2,2,2,2,2,2,2,2
C-clinical-11-00500#5,0,2,2,2,2,2,2,2,2,2,2,2,2,2,2,0,0,2,2,2,2,2,2,2,2,2,2,2,2
C-clinical-11-00500#6,0,2,2,2,2,2,2,2,2,2,2,2,2,2,2,2,2,2,2,2,2,2,2,2,2,0,0,2,2
C-clinical-11-00500#7,2,2,2,2,2,2,2,2,2,2,2,2,2,2,2,0,2,2,2,0,2,2,2,2,2,2,2,2,2
C-clinical-11-00500#8,0,2,2,2,2,2,2,2,2,2,2,2,2,2,2,0,2,2,2,2,2,2,2,0,0,2,2,2,2
C-clinical-11-00500#9,0,2,2,2,2,2,2,2,2,2,2,0,0,2,2,2,2,2,2,0,0,2,2,2,2,2,2,2,2
C-clinical-11-00501#0,2,2,2,2,2,2,2,2,2,2,2,2,2,0,2,0,2,2,2,2,2,2,2,2,2,2,2,2,2
C-clinical-11-00501#1,2,2,2,2,2,2,2,2,2,2,2,2,2,0,2,0,2,2,2,2,2,2,2,2,2,0,2,2,2
C-clinical-11-00501#2,0,2,2,2,2,1,1,1,1,1,1,0,0,2,2,1,1,1,1,1,1,2,2,2,2,2,2,2,2
C-clinical-11-00501#3,0,1,1,1,1,0,0,1,1,2,2,0,0,0,0,0,0,1,1,1,1,1,1,1,1,1,1,0,0
C-clinical-11-00501#4,2,2,2,2,2,1,2,2,2,1,2,0,2,1,2,1,2,2,2,2,2,2,2,0,2,2,2,1,2
C-clinical-11-00501#5,0,2,2,2,2,1,1,2,2,2,2,2,2,2,2,2,2,2,2,0,0,2,2,0,0,0,0,2,2
C-clinical-11-00501#6,2,2,2,2,2,0,2,2,2,2,2,2,2,2,2,2,2,0,2,2,2,2,2,0,2,2,2,2,2
C-clinical-11-00501#7,0,0,0,0,0,0,0,2,2,1,1,0,0,2,2,1,1,0,0,0,0,2,2,2,2,2,2,2,2
C-clinical-11-00501#8,0,2,2,2,2,1,1,2,2,2,2,0,0,2,2,2,2,0,0,0,0,2,2,0,0,0,0,2,2
C-clinical-11-00501#9,2,2,2,2,2,0,2,2,2,2,2,2,2,2,2,2,2,0,2,2,2,2,2,0,2,2,2,2,2
C-clinical-11-00508#0,0,2,2,2,2,2,2,2,2,2,2,2,2,2,2,1,1,2,2,2,2,2,2,2,2,2,2,2,2
C-clinical-11-00508#1,2,2,2,2,2,2,2,2,2,2,2,0,2,2,2,2,2,2,2,2,2,2,2,2,2,2,2,2,2
C-clinical-11-00508#2,2,2,2,2,2,2,2,2,2,2,2,0,2,2,2,2,2,2,2,2,2,2,2,2,2,2,2,2,2
C-clinical-11-00508#3,2,2,2,2,2,2,2,2,2,1,2,0,2,1,2,1,2,2,2,2,2,0,2,0,2,1,2,1,2
C-clinical-11-00508#4,2,2,2,2,2,2,2,2,2,1,2,1,2,1,2,0,2,2,2,2,2,2,2,2,2,2,2,2,2
C-clinical-11-00508#5,2,2,2,2,2,2,2,2,2,1,2,0,2,1,2,1,2,2,2,2,2,0,2,1,2,1,2,1,2
C-clinical-11-00508#6,2,2,2,2,2,2,2,2,2,2,2,2,2,2,2,2,2,2,2,0,2,2,2,2,2,2,2,2,2
C-clinical-11-00508#7,2,2,2,2,2,1,2,2,2,2,2,2,2,2,2,2,2,2,2,2,2,2,2,2,2,2,2,2,2
C-clinical-11-00511#0,0,2,2,2,2,2,2,2,2,2,2,2,2,0,0,0,0,2,2,2,2,2,2,2,2,2,2,2,2
C-clinical-11-00511#1,0,2,2,2,2,2,2,2,2,1,1,1,1,1,1,1,1,2,2,1,1,2,2,2,2,0,0,2,2
C-clinical-11-00511#10,2,2,2,2,2,1,2,2,2,1,2,0,2,1,2,1,2,2,2,2,2,2,2,0,2,2,2,2,2
C-clinical-11-00511#11,0,2,2,2,2,2,2,2,2,2,2,2,2,2,2,2,2,2,2,2,2,2,2,2,2,2,2,2,2
C-clinical-11-00511#12,2,2,2,2,2,2,2,2,2,1,2,1,2,2,2,2,2,2,2,2,2,2,2,2,2,2,2,2,2
C-clinical-11-00511#13,2,2,2,2,2,0,2,2,2,0,2,0,2,2,2,2,2,2,2,2,2,2,2,2,2,2,2,2,2
C-clinical-11-00511#14,0,2,2,2,2,2,2,2,2,1,1,1,1,1,1,1,1,2,2,0,0,2,2,2,2,0,0,2,2
C-clinical-11-00511#2,0,2,2,2,2,2,2,2,2,2,2,2,2,0,0,0,0,2,2,2,2,2,2,2,2,2,2,2,2
C-clinical-11-00511#3,0,2,2,2,2,1,1,2,2,2,2,0,0,2,2,1,1,1,1,1,1,2,2,2,2,0,0,1,1
C-clinical-11-00511#4,1,2,2,2,2,2,2,2,2,2,2,2,2,2,2,2,2,2,2,1,2,2,2,2,2,2,2,2,2
C-clinical-11-00511#5,0,2,2,2,2,2,2,2,2,2,2,2,2,0,0,0,0,2,2,2,2,2,2,0,2,0,2,2,2
C-clinical-11-00511#6,0,2,2,2,2,2,2,2,2,2,2,2,2,0,0,0,0,2,2,2,2,2,2,2,2,2,2,0,0
C-clinical-11-00511#7,0,2,2,2,2,0,0,2,2,1,1,0,0,2,2,2,2,1,1,0,0,2,2,2,2,2,2,2,2
C-clinical-11-00511#8,0,2,2,2,2,2,2,2,2,2,2,2,2,0,0,0,0,0,0,2,2,2,2,2,2,2,2,2,2
C-clinical-11-00511#9,2,2,2,2,2,2,2,2,2,2,2,0,2,0,2,0,2,2,2,2,2,2,2,2,2,2,2,2,2
C-clinical-11-00512#0,0,2,2,2,2,2,2,2,2,2,2,2,2,0,0,0,0,2,2,2,2,2,2,2,2,2,2,2,2
C-clinical-11-00512#1,0,2,2,2,2,2,2,2,2,2,2,0,0,2,2,2,2,2,2,2,2,2,2,2,2,2,2,2,2
C-clinical-11-00512#10,2,2,2,2,2,2,2,2,2,1,2,0,2,1,2,1,2,2,2,2,2,0,2,1,2,1,2,1,2
C-clinical-11-00512#11,0,2,2,2,2,2,2,2,2,2,2,0,0,2,2,2,2,2,2,0,0,2,2,2,2,2,2,2,2
C-clinical-11-00512#12,0,2,2,2,2,2,2,2,2,2,2,0,0,2,2,2,2,2,2,0,0,2,2,2,2,2,2,2,2
C-clinical-11-00512#2,0,2,2,2,2,0,2,2,2,2,2,2,2,0,0,0,0,2,2,2,2,2,2,0,2,0,2,2,2
C-clinical-11-00512#3,0,2,2,2,2,1,1,1,1,2,2,1,1,0,0,0,0,1,1,2,2,1,1,0,1,2,2,2,2
C-clinical-11-00512#4,1,2,2,2,2,2,2,2,2,2,2,2,2,2,2,2,2,2,2,2,2,2,2,2,2,0,1,2,2
C-clinical-11-00512#5,2,2,2,2,2,2,2,2,2,1,2,0,2,1,2,1,2,2,2,2,2,0,2,1,2,1,2,1,2
C-clinical-11-00512#6,0,2,2,2,2,1,1,2,2,2,2,2,2,2,2,2,2,2,2,0,0,2,2,2,2,2,2,2,2
C-clinical-11-00512#7,0,2,2,2,2,2,2,2,2,2,2,0,0,2,2,2,2,2,2,0,0,2,2,2,2,2,2,2,2
C-clinical-11-00512#8,2,2,2,2,2,0,2,2,2,2,2,2,2,2,2,2,2,2,2,2,2,2,2,2,2,2,2,2,2
C-clinical-11-00512#9,2,2,2,2,2,2,2,2,2,1,2,1,2,1,2,0,2,2,2,2,2,2,2,2,2,0,2,2,2
C-clinical-11-00513#1,2,2,2,2,2,2,2,2,2,2,2,2,2,2,2,1,2,2,2,2,2,2,2,2,2,2,2,2,2
C-clinical-11-00513#10,1,2,2,2,2,1,1,2,2,1,1,0,1,2,2,2,2,2,2,1,1,2,2,2,2,2,2,2,2
C-clinical-11-00513#12,2,2,2,2,2,2,2,2,2,2,2,2,2,1,2,1,2,2,2,0,2,2,2,2,2,2,2,2,2
C-clinical-11-00513#2,2,2,2,2,2,2,2,2,2,2,2,2,2,2,2,2,2,2,2,2,2,2,2,2,2,2,2,2,2
C-clinical-11-00513#3,1,1,1,1,1,1,1,1,1,0,1,0,1,1,1,1,1,0,1,0,1,1,1,1,1,1,1,2,2
C-clinical-11-00513#4,1,2,2,2,2,1,1,2,2,1,1,0,1,2,2,1,1,2,2,1,1,2,2,2,2,2,2,2,2
C-clinical-11-00513#5,2,2,2,2,2,2,2,2,2,2,2,2,2,2,2,2,2,2,2,2,2,2,2,2,2,2,2,2,2
C-clinical-11-00513#6,2,2,2,2,2,2,2,2,2,2,2,2,2,2,2,1,2,2,2,0,2,2,2,2,2,2,2,2,2
C-clinical-11-00513#7,1,2,2,2,2,2,2,2,2,2,2,2,2,2,2,2,2,2,2,2,2,2,2,2,2,2,2,2,2
C-clinical-11-00513#8,2,2,2,2,2,2,2,2,2,2,2,2,2,0,2,0,2,2,2,2,2,2,2,2,2,2,2,2,2
C-clinical-11-00513#9,0,2,2,1,1,0,0,1,1,2,2,0,0,0,0,0,0,0,0,1,1,1,1,1,1,1,1,0,0
C-clinical-11-00514#0,0,2,2,2,2,2,2,2,2,2,2,2,2,2,2,1,2,2,2,2,2,2,2,2,2,2,2,2,2
C-clinical-11-00514#1,0,2,2,2,2,2,2,2,2,2,2,2,2,0,0,2,2,2,2,0,2,2,2,2,2,2,2,2,2
C-clinical-11-00514#10,2,2,2,2,2,2,2,2,2,2,2,0,2,2,2,2,2,2,2,0,2,2,2,2,2,2,2,2,2
C-clinical-11-00514#11,2,2,2,2,2,1,2,1,2,1,2,0,2,1,2,1,2,0,2,2,2,1,2,2,2,1,2,1,2
C-clinical-11-00514#12,0,2,2,2,2,2,2,2,2,2,2,1,1,2,2,2,2,2,2,1,1,2,2,2,2,2,2,2,2
C-clinical-11-00514#2,0,2,2,2,2,2,2,2,2,2,2,2,2,0,0,0,0,0,0,2,2,2,2,2,2,2,2,0,0
C-clinical-11-00514#3,2,2,2,2,2,2,2,2,2,2,2,2,2,2,2,2,2,2,2,2,2,2,2,2,2,2,2,2,2
C-clinical-11-00514#4,0,2,2,2,2,2,2,2,2,1,1,0,0,2,2,2,2,2,2,0,0,2,2,0,0,2,2,2,2
C-clinical-11-00514#5,2,2,2,1,2,0,2,1,2,1,2,0,2,1,2,1,2,0,2,2,2,1,2,2,2,1,2,1,2
C-clinical-11-00514#6,0,2,2,2,2,2,2,2,2,2,2,2,2,2,2,2,2,2,2,2,2,2,2,2,2,2,2,2,2
C-clinical-11-00514#7,2,2,2,2,2,2,2,2,2,1,2,0,2,1,2,1,2,0,2,2,2,0,2,0,2,1,2,1,2
C-clinical-11-00514#8,2,2,2,2,2,0,2,2,2,2,2,1,2,2,2,2,2,0,2,2,2,2,2,2,2,0,2,2,2
C-clinical-11-00514#9,0,2,2,2,2,1,1,2,2,2,2,2,2,2,2,2,2,2,2,2,2,2,2,2,2,2,2,2,2
C-clinical-11-00515#0,0,2,2,2,2,2,2,2,2,2,2,0,0,2,2,2,2,2,2,2,2,2,2,2,2,2,2,2,2
C-clinical-11-00515#1,2,2,2,2,2,2,2,2,2,2,2,1,2,1,2,0,2,2,2,2,2,2,2,2,2,2,2,2,2
C-clinical-11-00515#2,0,2,2,2,2,2,2,2,2,2,2,2,2,2,2,2,2,2,2,2,2,2,2,2,2,2,2,2,2
C-clinical-11-00515#3,2,2,2,2,2,2,2,2,2,2,2,0,2,0,2,0,2,2,2,2,2,2,2,0,2,0,2,2,2
C-clinical-11-00515#4,0,2,2,2,2,2,2,2,2,2,2,2,2,2,2,2,2,2,2,0,0,2,2,2,2,0,0,2,2
C-clinical-11-00515#5,0,2,2,2,2,2,2,2,2,2,2,0,0,2,2,2,2,2,2,0,0,2,2,2,2,2,2,2,2
C-clinical-11-00515#6,2,2,2,2,2,2,2,2,2,0,2,2,2,0,2,0,2,2,2,2,2,2,2,2,2,2,2,2,2
C-clinical-11-00515#7,2,2,2,2,2,2,2,2,2,2,2,2,2,2,2,2,2,2,2,1,2,2,2,2,2,2,2,2,2
C-clinical-11-00515#8,2,2,2,2,2,2,2,2,2,0,2,2,2,1,2,0,2,2,2,2,2,2,2,2,2,0,2,2,2
C-clinical-11-00515#9,2,2,2,2,2,2,2,2,2,2,2,0,2,2,2,0,2,2,2,0,2,2,2,2,2,2,2,2,2
C-clinical-11-00516#0,0,2,2,2,2,2,2,2,2,2,2,1,1,2,2,1,1,0,0,2,2,2,2,2,2,2,2,2,2
C-clinical-11-00516#1,1,1,1,1,1,0,1,1,1,0,1,0,1,1,1,1,1,0,1,2,2,0,1,2,2,2,2,2,2
C-clinical-11-00516#2,0,2,2,2,2,2,2,2,2,0,0,2,2,2,2,1,1,2,2,0,0,2,2,2,2,0,0,2,2
C-clinical-11-00516#3,0,2,2,2,2,0,0,2,2,2,2,2,2,2,2,2,2,2,2,2,2,2,2,2,2,2,2,2,2
C-clinical-11-00516#5,2,2,2,2,2,2,2,2,2,2,2,2,2,2,2,2,2,0,2,2,2,2,2,2,2,2,2,2,2
C-clinical-11-00516#6,0,2,2,2,2,2,2,2,2,2,2,0,0,2,2,2,2,2,2,0,0,2,2,2,2,2,2,2,2
C-clinical-11-00516#7,0,2,2,2,2,2,2,2,2,2,2,2,2,2,2,2,2,2,2,2,2,2,2,2,2,2,2,2,2
C-clinical-11-00516#8,0,2,2,2,2,2,2,2,2,2,2,2,2,2,2,2,2,0,0,2,2,2,2,2,2,0,0,2,2
C-clinical-11-00517#0,0,2,2,2,2,2,2,2,2,2,2,0,0,1,1,0,0,2,2,2,2,2,2,2,2,2,2,2,2
C-clinical-11-00517#1,0,2,2,2,2,2,2,2,2,2,2,2,2,0,0,2,2,0,0,2,2,2,2,2,2,2,2,2,2
C-clinical-11-00517#2,0,2,2,2,2,1,1,2,2,1,1,0,0,2,2,2,2,0,0,0,0,2,2,2,2,2,2,2,2
C-clinical-11-00517#3,0,1,1,1,1,1,1,1,1,2,2,0,0,0,0,0,0,2,2,1,1,1,1,1,1,1,1,1,1
C-clinical-11-00517#4,0,2,2,2,2,2,2,1,1,2,2,0,0,0,0,0,0,2,2,0,1,1,1,2,2,2,2,2,2
C-clinical-11-00517#5,0,2,2,2,2,2,2,2,2,2,2,2,2,0,0,0,0,2,2,2,2,2,2,2,2,2,2,2,2
C-clinical-11-00517#6,2,2,2,2,2,2,2,2,2,1,2,0,2,1,2,0,2,2,2,2,2,2,2,2,2,2,2,2,2
C-clinical-11-00517#7,0,2,2,2,2,2,2,2,2,1,1,2,2,2,2,1,1,2,2,1,1,2,2,2,2,2,2,2,2
C-clinical-11-00518#0,2,2,2,2,2,2,2,2,2,2,2,2,2,2,2,1,2,2,2,2,2,2,2,2,2,2,2,2,2
C-clinical-11-00518#1,2,2,2,2,2,2,2,2,2,2,2,2,2,2,2,0,2,2,2,2,2,2,2,2,2,2,2,2,2
C-clinical-11-00518#2,0,2,2,2,2,1,1,1,1,2,2,0,0,2,2,1,1,2,2,1,1,2,2,2,2,2,2,2,2
C-clinical-11-00518#3,0,2,2,2,2,2,2,2,2,2,2,2,2,2,2,2,2,2,2,2,2,2,2,0,0,0,0,2,2
C-clinical-11-00518#4,2,2,2,2,2,2,2,2,2,2,2,2,2,2,2,0,2,0,2,0,2,2,2,2,2,2,2,2,2
C-clinical-11-00523#0,2,2,2,2,2,2,2,2,2,2,2,0,2,2,2,2,2,2,2,2,2,2,2,2,2,2,2,2,2
C-clinical-11-00523#1,2,2,2,2,2,2,2,2,2,2,2,2,2,2,2,0,2,2,2,2,2,2,2,2,2,2,2,2,2
C-clinical-11-00523#2,0,2,2,2,2,2,2,2,2,2,2,0,0,2,2,1,2,2,2,2,2,2,2,2,2,2,2,2,2
C-clinical-11-00523#3,2,2,2,2,2,2,2,2,2,2,2,2,2,2,2,2,2,0,2,2,2,2,2,2,2,2,2,2,2
C-clinical-11-00523#4,0,2,2,2,2,2,2,2,2,2,2,0,0,2,2,2,2,2,2,0,0,2,2,2,2,2,2,2,2
C-clinical-11-00523#5,2,2,2,2,2,2,2,2,2,2,2,2,2,2,2,1,2,2,2,2,2,2,2,2,2,2,2,2,2
C-clinical-11-00523#6,0,2,2,2,2,2,2,2,2,2,2,0,0,2,2,2,2,2,2,2,2,2,2,2,2,2,2,2,2
C-clinical-11-00523#7,0,2,2,2,2,2,2,2,2,2,2,0,0,2,2,2,2,2,2,0,0,2,2,2,2,2,2,2,2
C-clinical-11-00524#0,0,2,2,2,2,2,2,2,2,2,2,2,2,0,0,0,1,2,2,2,2,2,2,1,2,2,2,2,2
C-clinical-11-00524#1,0,2,2,2,2,2,2,2,2,2,2,0,0,0,0,2,2,0,0,2,2,2,2,2,2,2,2,2,2
C-clinical-11-00524#2,0,2,2,2,2,2,2,2,2,2,2,2,2,1,1,1,1,2,2,2,2,2,2,2,2,2,2,2,2
C-clinical-11-00524#3,2,2,2,2,2,2,2,2,2,2,2,0,2,2,2,2,2,2,2,2,2,2,2,2,2,2,2,2,2
C-clinical-11-00524#4,2,2,2,2,2,2,2,2,2,2,2,2,2,2,2,2,2,2,2,2,2,2,2,2,2,2,2,2,2
C-clinical-11-00524#5,0,2,2,2,2,2,2,2,2,2,2,0,0,0,0,0,0,0,0,2,2,2,2,2,2,2,2,0,0
C-clinical-11-00525#0,0,2,2,2,2,2,2,2,2,2,2,2,2,1,1,1,1,2,2,2,2,2,2,2,2,2,2,2,2
C-clinical-11-00525#1,0,2,2,2,2,2,2,2,2,2,2,2,2,0,0,0,2,2,2,2,2,2,2,2,2,0,2,2,2
C-clinical-11-00525#2,1,2,2,1,1,1,1,1,1,0,1,0,1,1,1,1,1,0,1,2,2,1,1,0,1,1,1,2,2
C-clinical-11-00525#3,2,2,2,2,2,2,2,2,2,2,2,2,2,2,2,2,2,2,2,2,2,2,2,2,2,2,2,2,2
C-clinical-11-00525#5,2,2,2,2,2,2,2,2,2,2,2,2,2,0,2,2,2,2,2,2,2,2,2,2,2,2,2,2,2
C-clinical-11-00525#6,0,2,2,2,2,2,2,2,2,2,2,2,2,2,2,2,2,2,2,2,2,2,2,2,2,2,2,2,2
C-clinical-11-00526#0,0,2,2,2,2,2,2,2,2,2,2,0,0,0,0,0,0,2,2,2,2,2,2,2,2,2,2,2,2
C-clinical-11-00526#1,0,2,2,2,2,2,2,2,2,2,2,2,2,2,2,0,0,0,0,2,2,2,2,2,2,2,2,2,2
C-clinical-11-00526#2,0,2,2,2,2,1,1,1,1,1,1,0,0,2,2,1,1,1,1,1,1,1,1,1,1,1,1,2,2
C-clinical-11-00526#3,2,2,2,2,2,2,2,2,2,2,2,0,2,2,2,0,2,2,2,2,2,2,2,2,2,2,2,2,2
C-clinical-11-00526#4,0,2,2,2,2,2,2,2,2,2,2,2,2,2,2,2,2,2,2,2,2,2,2,2,2,2,2,2,2
C-clinical-11-00526#5,2,2,2,2,2,2,2,2,2,2,2,2,2,2,2,1,2,2,2,0,2,2,2,2,2,0,2,2,2
C-clinical-11-00526#6,0,2,2,2,2,1,1,1,1,2,2,0,0,2,2,1,1,1,1,1,1,1,1,1,1,1,1,1,1
C-clinical-11-00531#0,0,2,2,2,2,2,2,2,2,2,2,1,1,2,2,2,2,2,2,2,2,2,2,2,2,2,2,2,2
C-clinical-11-00531#2,0,2,2,2,2,2,2,2,2,2,2,0,2,0,0,1,2,2,2,2,2,2,2,2,2,2,2,2,2
C-clinical-11-00531#3,2,2,2,2,2,0,2,2,2,2,2,2,2,2,2,2,2,2,2,0,2,2,2,2,2,2,2,2,2
C-clinical-11-00531#4,0,2,2,2,2,2,2,2,2,2,2,2,2,0,0,2,2,2,2,2,2,2,2,2,2,2,2,2,2
C-clinical-11-00531#5,1,1,1,1,1,1,1,1,1,0,1,0,1,1,1,1,1,0,1,2,2,1,1,1,1,1,1,1,1
C-clinical-11-00531#6,0,2,2,2,2,2,2,2,2,2,2,2,2,2,2,2,2,2,2,2,2,2,2,2,2,0,0,2,2
C-clinical-11-00531#7,2,2,2,2,2,2,2,2,2,2,2,0,2,0,2,2,2,2,2,2,2,2,2,2,2,2,2,2,2
C-clinical-11-00531#8,0,2,2,2,2,1,1,2,2,2,2,2,2,2,2,2,2,2,2,2,2,2,2,2,2,0,0,2,2
C-clinical-11-00531#9,0,2,2,2,2,2,2,2,2,2,2,2,2,2,2,2,2,2,2,2,2,2,2,2,2,0,0,2,2
C-clinical-11-00534#0,0,2,2,2,2,2,2,2,2,2,2,2,2,0,0,0,0,2,2,2,2,2,2,2,2,2,2,2,2
C-clinical-11-00534#1,0,2,2,2,2,2,2,2,2,2,2,0,0,2,2,2,2,2,2,0,0,2,2,2,2,2,2,2,2
C-clinical-11-00534#2,0,2,2,2,2,1,1,2,2,1,1,0,0,2,2,1,1,2,2,2,2,2,2,2,2,2,2,2,2
C-clinical-11-00534#3,2,2,2,2,2,2,2,2,2,1,2,0,2,1,2,0,2,2,2,2,2,2,2,0,2,2,2,2,2
C-clinical-11-00534#4,2,2,2,2,2,2,2,2,2,2,2,2,2,2,2,2,2,2,2,2,2,2,2,2,2,0,2,2,2
C-clinical-11-00535#0,0,2,2,2,2,2,2,2,2,2,2,1,1,0,0,0,0,2,2,2,2,2,2,2,2,2,2,2,2
C-clinical-11-00535#1,2,2,2,2,2,2,2,2,2,2,2,2,2,2,2,2,2,2,2,2,2,2,2,2,2,2,2,2,2
C-clinical-11-00535#10,0,1,1,1,1,1,1,1,1,2,2,0,0,0,0,0,0,1,1,1,1,1,1,1,1,1,1,0,0
C-clinical-11-00535#2,0,2,2,2,2,2,2,2,2,2,2,2,2,0,0,0,0,2,2,0,0,2,2,2,2,2,2,0,0
C-clinical-11-00535#3,0,2,2,2,2,0,0,2,2,2,2,2,2,2,2,2,2,2,2,2,2,2,2,2,2,2,2,2,2
C-clinical-11-00535#4,0,2,2,2,2,1,1,2,2,1,1,0,0,2,2,2,2,2,2,0,0,2,2,2,2,2,2,2,2
C-clinical-11-00535#5,2,2,2,2,2,1,2,2,2,2,2,2,2,2,2,1,2,2,2,1,2,2,2,2,2,2,2,2,2
C-clinical-11-00535#6,2,2,2,2,2,1,2,2,2,2,2,2,2,2,2,2,2,2,2,1,2,2,2,2,2,2,2,2,2
C-clinical-11-00535#7,2,2,2,2,2,2,2,2,2,1,2,0,2,1,2,1,2,0,2,2,2,0,2,1,2,1,2,1,2
C-clinical-11-00535#8,2,2,2,2,2,2,2,2,2,1,2,0,2,0,2,0,2,2,2,2,2,2,2,2,2,2,2,2,2
C-clinical-11-00535#9,0,2,2,2,2,2,2,2,2,1,1,0,0,1,1,1,1,2,2,0,0,2,2,2,2,2,2,2,2
C-clinical-11-00536#0,0,2,2,2,2,2,2,2,2,2,2,0,0,2,2,2,2,2,2,2,2,2,2,2,2,2,2,2,2
C-clinical-11-00536#1,0,2,2,2,2,2,2,2,2,2,2,0,0,0,0,0,0,0,0,2,2,2,2,2,2,2,2,2,2
C-clinical-11-00536#3,0,2,2,2,2,2,2,2,2,2,2,2,2,2,2,2,2,2,2,2,2,2,2,2,2,2,2,2,2
C-clinical-11-00536#4,0,2,2,2,2,0,2,2,2,0,2,0,0,0,0,0,0,0,0,2,2,2,2,0,2,0,2,2,2
C-clinical-11-00536#5,0,2,2,2,2,2,2,2,2,2,2,0,0,0,0,0,0,0,0,2,2,2,2,2,2,2,2,2,2
C-clinical-11-00537#0,0,2,2,2,2,2,2,2,2,2,2,0,0,2,2,2,2,2,2,0,0,2,2,2,2,2,2,2,2
C-clinical-11-00537#1,0,2,2,2,2,2,2,2,2,2,2,0,0,2,2,2,2,2,2,2,2,2,2,2,2,2,2,2,2
C-clinical-11-00537#10,2,2,2,2,2,2,2,2,2,2,2,0,2,2,2,2,2,2,2,0,2,2,2,2,2,2,2,2,2
C-clinical-11-00537#11,0,2,2,2,2,2,2,2,2,1,1,0,0,2,2,2,2,2,2,2,2,2,2,2,2,2,2,2,2
C-clinical-11-00537#2,0,2,2,2,2,2,2,2,2,2,2,1,1,1,1,2,2,2,2,2,2,2,2,2,2,2,2,2,2
C-clinical-11-00537#3,1,1,1,1,1,1,1,1,1,0,1,0,1,1,1,1,1,0,1,2,2,1,1,1,1,1,1,1,1
C-clinical-11-00537#4,0,2,2,2,2,2,2,2,2,2,2,2,2,2,2,1,1,2,2,1,1,2,2,2,2,2,2,2,2
C-clinical-11-00537#5,0,2,2,2,2,2,2,2,2,2,2,2,2,2,2,0,0,2,2,2,2,2,2,2,2,2,2,2,2
C-clinical-11-00537#6,0,2,2,2,2,2,2,2,2,2,2,2,2,2,2,2,2,2,2,2,2,2,2,2,2,2,2,2,2
C-clinical-11-00537#7,0,2,2,2,2,2,2,2,2,2,2,0,0,2,2,2,2,2,2,2,2,2,2,2,2,0,0,2,2
C-clinical-11-00537#8,2,2,2,2,2,2,2,2,2,2,2,0,2,2,2,2,2,2,2,2,2,2,2,2,2,2,2,2,2
C-clinical-11-00537#9,0,2,2,2,2,2,2,2,2,2,2,2,2,2,2,2,2,0,2,2,2,2,2,2,2,0,2,2,2
C-clinical-11-00544#0,2,2,2,2,2,2,2,2,2,2,2,0,2,2,2,2,2,2,2,2,2,2,2,2,2,2,2,2,2
C-clinical-11-00544#1,2,2,2,2,2,2,2,2,2,2,2,2,2,2,2,2,2,2,2,0,2,2,2,2,2,2,2,2,2
C-clinical-11-00544#2,0,2,2,2,2,2,2,2,2,2,2,0,0,2,2,0,1,2,2,2,2,2,2,0,2,2,2,2,2
C-clinical-11-00544#3,1,1,1,1,1,1,1,1,1,1,1,1,1,1,1,1,1,0,1,1,1,1,1,1,1,1,1,1,1
C-clinical-11-00544#4,0,2,2,2,2,2,2,2,2,2,2,0,0,1,1,1,1,2,2,2,2,2,2,2,2,2,2,2,2
C-clinical-11-00546#0,0,2,2,2,2,2,2,2,2,2,2,0,0,1,1,0,0,2,2,2,2,2,2,2,2,2,2,2,2
C-clinical-11-00546#1,0,2,2,2,2,2,2,2,2,2,2,2,2,2,2,0,0,0,0,2,2,2,2,2,2,2,2,2,2
C-clinical-11-00546#2,0,2,2,2,2,2,2,2,2,2,2,0,0,0,0,0,0,2,2,2,2,2,2,0,2,0,2,2,2
C-clinical-11-00546#3,0,2,2,2,2,2,2,2,2,2,2,0,0,0,0,2,2,2,2,2,2,2,2,2,2,2,2,2,2
C-clinical-11-00546#4,0,2,2,2,2,1,1,2,2,1,1,2,2,2,2,1,1,2,2,1,1,2,2,2,2,2,2,2,2
C-clinical-11-00546#5,0,2,2,2,2,2,2,2,2,2,2,0,0,2,2,0,0,2,2,2,2,2,2,0,2,0,2,2,2
C-clinical-11-00546#6,2,2,2,2,2,2,2,2,2,2,2,0,2,1,2,0,2,2,2,2,2,0,2,2,2,0,2,2,2
C-clinical-11-00546#7,2,2,2,2,2,2,2,2,2,2,2,0,2,2,2,2,2,2,2,0,2,2,2,2,2,2,2,2,2
C-clinical-11-00546#8,0,2,2,2,2,2,2,2,2,2,2,0,0,2,2,2,2,2,2,0,0,2,2,2,2,2,2,2,2
C-clinical-11-00546#9,0,2,2,2,2,1,1,2,2,1,1,0,0,2,2,1,1,2,2,1,1,2,2,2,2,2,2,2,2
C-clinical-11-00547#0,2,2,2,2,2,2,2,2,2,2,2,0,2,2,2,2,2,0,2,2,2,2,2,2,2,2,2,2,2
C-clinical-11-00547#1,0,2,2,2,2,2,2,2,2,2,2,2,2,1,1,2,2,2,2,2,2,2,2,2,2,2,2,2,2
C-clinical-11-00547#10,2,2,2,2,2,0,2,2,2,2,2,2,2,2,2,2,2,2,2,2,2,2,2,2,2,2,2,2,2
C-clinical-11-00547#2,0,2,2,2,2,1,1,2,2,1,1,0,0,2,2,1,1,2,2,1,1,2,2,1,1,2,2,2,2
C-clinical-11-00547#3,0,2,2,2,2,2,2,2,2,2,2,2,2,2,2,2,2,2,2,2,2,2,2,2,2,2,2,2,2
C-clinical-11-00547#4,0,2,2,2,2,2,2,2,2,2,2,2,2,2,2,2,2,2,2,2,2,2,2,2,2,2,2,2,2
C-clinical-11-00547#5,0,2,2,2,2,1,1,2,2,2,2,2,2,2,2,2,2,2,2,2,2,2,2,2,2,0,0,2,2
C-clinical-11-00547#6,0,2,2,2,2,2,2,2,2,2,2,2,2,2,2,2,2,2,2,0,0,0,0,2,2,2,2,2,2
C-clinical-11-00547#7,0,2,2,2,2,2,2,2,2,2,2,0,0,2,2,0,0,2,2,2,2,2,2,2,2,2,2,2,2
C-clinical-11-00547#8,2,2,2,2,2,2,2,2,2,1,2,0,2,1,2,1,2,2,2,2,2,0,2,2,2,1,2,1,2
C-clinical-11-00547#9,2,2,2,2,2,2,2,2,2,1,2,1,2,0,2,0,2,2,2,2,2,2,2,2,2,2,2,2,2
C-clinical-11-00548#0,0,2,2,2,2,2,2,2,2,2,2,2,2,1,1,0,0,2,2,2,2,2,2,2,2,2,2,2,2
C-clinical-11-00548#1,0,2,2,2,2,2,2,2,2,2,2,2,2,2,2,2,2,0,2,2,2,2,2,2,2,1,2,2,2
C-clinical-11-00548#2,0,2,2,2,2,2,2,2,2,2,2,2,2,2,2,2,2,2,2,2,2,2,2,2,2,0,0,2,2
C-clinical-11-00548#3,2,2,2,2,2,2,2,2,2,2,2,1,2,1,2,1,2,2,2,2,2,2,2,2,2,2,2,2,2
C-clinical-11-00549#0,0,2,2,2,2,2,2,2,2,2,2,2,2,0,0,1,1,2,2,2,2,2,2,2,2,2,2,2,2
C-clinical-11-00549#1,0,2,2,2,2,2,2,2,2,2,2,0,0,2,2,2,2,2,2,2,2,2,2,2,2,2,2,2,2
C-clinical-11-00549#2,0,0,0,1,1,0,0,1,1,2,2,0,0,0,0,0,0,1,1,1,1,1,1,0,0,0,0,1,1
C-clinical-11-00549#3,0,2,2,2,2,2,2,2,2,2,2,2,2,1,1,1,1,2,2,2,2,2,2,2,2,2,2,2,2
C-clinical-11-00549#4,0,0,0,1,1,0,0,1,1,2,2,0,0,0,0,0,0,1,1,0,1,1,1,0,0,0,0,1,1
C-clinical-11-00552#0,2,2,2,2,2,2,2,2,2,2,2,0,2,2,2,2,2,2,2,2,2,2,2,2,2,2,2,2,2
C-clinical-11-00552#1,0,2,2,2,2,2,2,2,2,2,2,1,1,2,2,1,1,2,2,2,2,2,2,2,2,2,2,2,2
C-clinical-11-00552#2,1,1,1,1,1,0,1,1,1,0,1,0,1,1,1,1,1,0,1,2,2,2,2,2,2,2,2,2,2
C-clinical-11-00552#3,2,2,2,2,2,2,2,2,2,2,2,2,2,2,2,2,2,2,2,2,2,2,2,2,2,2,2,0,2
C-clinical-11-00552#5,0,2,2,2,2,1,1,1,1,2,2,0,1,0,0,0,0,1,1,2,2,1,1,0,1,2,2,2,2
C-clinical-11-00552#6,0,2,2,1,1,0,0,1,1,2,2,0,0,1,1,0,0,2,2,1,1,1,1,1,1,1,1,0,0
C-clinical-11-00552#7,0,2,2,2,2,2,2,2,2,2,2,2,2,2,2,2,2,2,2,1,1,2,2,2,2,0,0,2,2
C-clinical-11-00552#8,0,2,2,2,2,1,1,2,2,1,1,2,2,2,2,2,2,2,2,0,0,2,2,1,1,2,2,2,2
C-clinical-11-00553#0,0,2,2,2,2,2,2,2,2,2,2,0,0,0,0,1,1,2,2,2,2,2,2,2,2,2,2,2,2
C-clinical-11-00553#1,0,2,2,2,2,2,2,2,2,2,2,2,2,2,2,2,2,2,2,1,1,2,2,2,2,2,2,2,2
C-clinical-11-00553#2,0,2,2,2,2,2,2,2,2,2,2,2,2,2,2,0,0,2,2,2,2,2,2,2,2,2,2,2,2
C-clinical-11-00553#3,2,2,2,2,2,2,2,2,2,2,2,0,2,0,2,1,2,2,2,2,2,2,2,2,2,2,2,2,2
C-clinical-11-00553#4,0,2,2,2,2,2,2,2,2,1,1,1,1,1,1,1,1,2,2,1,1,2,2,2,2,2,2,2,2
C-clinical-11-00553#5,0,2,2,2,2,2,2,2,2,2,2,2,2,2,2,2,2,2,2,2,2,2,2,2,2,2,2,2,2
C-clinical-11-00553#6,2,2,2,2,2,1,2,2,2,1,2,0,2,2,2,1,2,2,2,0,2,2,2,2,2,2,2,2,2
C-clinical-11-00555#0,0,2,2,2,2,2,2,2,2,2,2,0,1,2,2,1,1,2,2,2,2,2,2,1,1,2,2,2,2
C-clinical-11-00555#1,2,2,2,2,2,2,2,2,2,2,2,0,2,2,2,2,2,2,2,2,2,2,2,2,2,2,2,2,2
C-clinical-11-00555#2,0,2,2,2,2,2,2,2,2,2,2,2,2,0,0,0,0,2,2,0,2,2,2,0,0,0,2,2,2
C-clinical-11-00555#3,0,2,2,2,2,1,1,2,2,0,0,0,0,2,2,2,2,2,2,0,0,2,2,2,2,2,2,2,2
C-clinical-11-00555#4,0,2,2,2,2,2,2,2,2,2,2,2,2,2,2,2,2,2,2,0,0,2,2,2,2,2,2,2,2
C-clinical-11-00555#5,2,2,2,2,2,2,2,2,2,1,2,0,2,1,2,1,2,2,2,2,2,0,2,1,2,1,2,1,2
C-clinical-11-00555#6,2,2,2,2,2,1,2,2,2,1,2,1,2,1,2,0,2,2,2,2,2,2,2,2,2,0,2,2,2
C-clinical-11-00555#7,1,1,1,1,1,1,1,1,1,1,1,1,1,1,1,1,1,1,1,1,1,1,1,1,1,1,1,1,1
C-clinical-11-00555#8,0,2,2,2,2,0,0,2,2,0,0,0,0,2,2,2,2,2,2,0,0,2,2,0,0,2,2,2,2
C-clinical-11-00556#0,0,2,2,2,2,2,2,2,2,2,2,0,0,2,2,2,2,2,2,2,2,2,2,2,2,2,2,2,2
C-clinical-11-00556#1,0,2,2,2,2,2,2,2,2,2,2,2,2,2,2,1,1,2,2,2,2,2,2,2,2,2,2,2,2
C-clinical-11-00556#2,2,2,2,2,2,2,2,2,2,2,2,2,2,2,2,2,2,2,2,2,2,2,2,2,2,2,2,2,2
C-clinical-11-00556#3,2,2,2,2,2,2,2,2,2,2,2,0,2,2,2,1,2,2,2,0,2,2,2,2,2,2,2,2,2
C-clinical-11-00556#5,1,0,1,1,1,0,1,1,1,0,1,0,1,1,1,1,1,0,1,2,2,2,2,2,2,2,2,2,2
C-clinical-11-00556#6,0,2,2,2,2,2,2,2,2,2,2,0,0,0,0,1,1,2,2,2,2,2,2,2,2,2,2,2,2
C-clinical-11-00556#7,0,2,2,2,2,2,2,2,2,2,2,2,2,2,2,2,2,2,2,2,2,2,2,2,2,0,0,2,2
C-clinical-11-00556#8,0,1,1,1,1,1,1,1,1,2,2,1,1,0,0,0,0,0,0,1,1,1,1,0,0,1,1,0,0
C-clinical-11-00557#0,0,2,2,2,2,2,2,2,2,2,2,1,1,1,1,1,1,2,2,2,2,2,2,2,2,2,2,2,2
C-clinical-11-00557#1,0,2,2,2,2,2,2,2,2,2,2,0,0,0,0,0,0,2,2,2,2,2,2,2,2,2,2,2,2
C-clinical-11-00557#2,0,2,2,2,2,2,2,2,2,2,2,0,0,2,2,2,2,2,2,2,2,2,2,2,2,2,2,2,2
C-clinical-11-00557#3,0,2,2,2,2,2,2,2,2,2,2,0,0,2,2,2,2,2,2,2,2,2,2,2,2,2,2,2,2
C-clinical-11-00557#4,0,2,2,2,2,2,2,2,2,2,2,0,0,2,2,2,2,2,2,2,2,2,2,2,2,2,2,2,2
C-clinical-11-00558#0,0,2,2,2,2,2,2,2,2,2,2,1,1,2,2,0,0,2,2,2,2,2,2,2,2,2,2,2,2
C-clinical-11-00558#1,0,2,2,2,2,2,2,2,2,2,2,0,0,2,2,2,2,2,2,2,2,2,2,2,2,2,2,2,2
C-clinical-11-00558#2,0,2,2,2,2,2,2,2,2,2,2,2,2,2,2,0,0,2,2,0,2,2,2,2,2,2,2,2,2
C-clinical-11-00558#3,0,2,2,2,2,2,2,2,2,2,2,0,0,2,2,0,2,0,2,2,2,2,2,2,2,2,2,2,2
C-clinical-11-00560#0,0,2,2,2,2,2,2,2,2,2,2,2,2,2,2,2,2,2,2,2,2,2,2,2,2,2,2,2,2
C-clinical-11-00560#1,0,2,2,1,1,1,1,1,1,1,1,0,0,2,2,1,1,1,1,1,1,0,0,2,2,2,2,1,1
C-clinical-11-00560#2,1,2,2,2,2,1,1,2,2,2,2,1,1,1,1,1,1,2,2,0,1,2,2,2,2,2,2,2,2
C-clinical-11-00560#3,2,2,2,2,2,1,2,2,2,2,2,2,2,2,2,2,2,2,2,2,2,2,2,2,2,0,2,2,2
C-clinical-11-00560#4,1,2,2,2,2,1,1,2,2,2,2,1,1,1,1,1,1,2,2,0,1,2,2,2,2,1,1,2,2
C-clinical-11-00560#5,1,2,2,1,1,1,1,2,2,2,2,1,1,1,1,1,1,2,2,0,1,2,2,2,2,1,2,1,1
C-clinical-11-00560#6,2,2,2,2,2,2,2,2,2,1,2,2,2,0,2,1,2,2,2,2,2,2,2,2,2,0,2,2,2
C-clinical-11-00560#7,2,1,2,0,2,0,2,1,2,1,2,0,2,1,2,1,2,2,2,2,2,2,2,2,2,0,2,1,2
C-clinical-11-00560#8,2,2,2,2,2,1,2,2,2,0,2,2,2,1,2,1,2,2,2,2,2,2,2,2,2,2,2,2,2
C-clinical-11-00564#0,2,2,2,2,2,2,2,2,2,2,2,0,2,1,2,1,2,2,2,2,2,2,2,2,2,2,2,2,2
C-clinical-11-00564#1,2,2,2,2,2,2,2,2,2,2,2,2,2,2,2,0,2,2,2,0,2,2,2,2,2,2,2,2,2
C-clinical-11-00564#10,0,2,2,2,2,2,2,2,2,2,2,2,2,2,2,2,2,2,2,2,2,2,2,2,2,2,2,2,2
C-clinical-11-00564#11,2,2,2,2,2,1,2,2,2,2,2,1,2,2,2,2,2,2,2,2,2,2,2,2,2,2,2,2,2
C-clinical-11-00564#12,1,2,2,2,2,0,1,2,2,2,2,2,2,2,2,2,2,2,2,2,2,2,2,2,2,0,1,2,2
C-clinical-11-00564#13,0,2,2,2,2,0,0,2,2,2,2,2,2,2,2,2,2,2,2,2,2,2,2,2,2,2,2,2,2
C-clinical-11-00564#14,2,2,2,2,2,2,2,2,2,1,2,0,2,1,2,1,2,2,2,2,2,0,2,2,2,1,2,1,2
C-clinical-11-00564#15,2,2,2,2,2,2,2,2,2,1,2,2,2,1,2,1,2,2,2,2,2,2,2,2,2,2,2,2,2
C-clinical-11-00564#16,2,2,2,2,2,2,2,2,2,1,2,0,2,1,2,1,2,2,2,2,2,0,2,0,2,0,2,0,2
C-clinical-11-00564#2,0,2,2,2,2,2,2,2,2,2,2,1,1,1,1,0,0,2,2,0,0,2,2,2,2,2,2,2,2
C-clinical-11-00564#3,2,2,2,2,2,1,2,2,2,2,2,1,2,2,2,2,2,2,2,2,2,2,2,2,2,2,2,2,2
C-clinical-11-00564#4,2,2,2,2,2,2,2,2,2,1,2,2,2,1,2,1,2,2,2,2,2,2,2,2,2,2,2,2,2
C-clinical-11-00564#5,2,2,2,2,2,1,2,2,2,1,2,0,2,1,2,1,2,2,2,2,2,0,2,2,2,1,2,1,2
C-clinical-11-00564#6,2,2,2,2,2,2,2,2,2,2,2,2,2,2,2,2,2,2,2,2,2,2,2,2,2,2,2,2,2
C-clinical-11-00564#7,0,2,2,2,2,1,1,1,1,2,2,0,0,2,2,2,2,2,2,1,1,2,2,0,0,0,0,2,2
C-clinical-11-00564#8,2,2,2,2,2,2,2,2,2,1,2,0,2,1,2,1,2,2,2,2,2,0,2,0,2,0,2,0,2
C-clinical-11-00564#9,0,2,2,2,2,0,0,1,1,2,2,0,0,2,2,2,2,2,2,1,1,2,2,0,0,0,0,1,1
C-clinical-11-00566#0,0,2,2,2,2,2,2,2,2,2,2,0,0,2,2,0,0,2,2,2,2,2,2,2,2,2,2,2,2
C-clinical-11-00566#1,1,2,2,2,2,2,2,2,2,1,1,0,1,2,2,1,1,2,2,1,1,2,2,2,2,2,2,2,2
C-clinical-11-00566#2,0,2,2,2,2,2,2,2,2,2,2,0,0,2,2,2,2,2,2,2,2,2,2,2,2,2,2,2,2
C-clinical-11-00566#3,0,2,2,2,2,2,2,2,2,2,2,0,0,2,2,2,2,2,2,2,2,2,2,2,2,2,2,2,2
C-clinical-11-00566#4,0,2,2,2,2,2,2,2,2,2,2,2,2,2,2,2,2,2,2,2,2,2,2,2,2,2,2,2,2
C-clinical-11-00567#0,0,2,2,2,2,2,2,2,2,2,2,2,2,0,0,2,2,2,2,2,2,2,2,2,2,2,2,2,2
C-clinical-11-00567#1,0,2,2,2,2,2,2,2,2,1,1,0,0,2,2,1,1,2,2,0,0,2,2,2,2,2,2,2,2
C-clinical-11-00567#2,0,2,2,2,2,2,2,2,2,2,2,2,2,2,2,1,1,2,2,1,1,2,2,2,2,0,0,2,2
C-clinical-11-00567#3,0,2,2,2,2,2,2,2,2,2,2,2,2,2,2,0,0,2,2,2,2,2,2,2,2,2,2,2,2
C-clinical-11-00567#4,0,2,2,2,2,2,2,2,2,2,2,1,1,2,2,1,1,2,2,1,1,2,2,1,1,2,2,2,2
C-clinical-11-00567#5,2,2,2,1,2,1,2,1,2,1,2,1,2,1,2,1,2,2,2,2,2,1,2,1,2,0,2,1,2
C-clinical-11-00567#6,1,2,2,1,1,1,1,2,2,1,1,1,1,1,1,1,1,2,2,1,1,2,2,1,1,0,1,2,2
C-clinical-11-00567#7,2,2,2,2,2,2,2,2,2,2,2,0,2,2,2,1,2,2,2,0,2,2,2,2,2,2,2,2,2
C-clinical-11-00567#8,2,2,2,2,2,1,2,2,2,2,2,2,2,2,2,2,2,2,2,1,2,2,2,2,2,2,2,2,2
C-clinical-11-00568#0,0,2,2,2,2,2,2,2,2,2,2,1,1,2,2,0,0,2,2,2,2,2,2,2,2,2,2,2,2
C-clinical-11-00568#1,0,2,2,2,2,2,2,2,2,2,2,0,0,2,2,2,2,2,2,2,2,2,2,2,2,2,2,2,2
C-clinical-11-00568#10,2,2,2,2,2,1,2,2,2,2,2,2,2,2,2,2,2,2,2,2,2,2,2,2,2,2,2,2,2
C-clinical-11-00568#11,2,2,2,2,2,1,2,2,2,2,2,2,2,2,2,2,2,2,2,2,2,2,2,2,2,2,2,2,2
C-clinical-11-00568#12,2,2,2,2,2,2,2,2,2,2,2,2,2,2,2,2,2,2,2,2,2,2,2,2,2,2,2,2,2
C-clinical-11-00568#13,0,2,2,2,2,1,1,2,2,0,0,0,0,2,2,2,2,2,2,0,0,2,2,2,2,2,2,2,2
C-clinical-11-00568#2,0,2,2,2,2,2,2,2,2,2,2,1,1,2,2,2,2,2,2,2,2,2,2,2,2,2,2,2,2
C-clinical-11-00568#3,1,2,2,2,2,1,1,2,2,2,2,2,2,2,2,2,2,0,1,2,2,2,2,0,1,2,2,2,2
C-clinical-11-00568#4,2,2,2,2,2,2,2,2,2,2,2,2,2,2,2,2,2,2,2,2,2,2,2,2,2,0,2,2,2
C-clinical-11-00568#5,2,2,2,2,2,2,2,2,2,2,2,2,2,2,2,2,2,2,2,0,2,2,2,2,2,0,2,2,2
C-clinical-11-00568#6,0,2,2,2,2,1,1,2,2,0,0,0,0,2,2,2,2,2,2,0,0,2,2,2,2,2,2,2,2
C-clinical-11-00568#7,1,2,2,2,2,0,1,2,2,2,2,2,2,2,2,2,2,2,2,2,2,2,2,0,1,2,2,2,2
C-clinical-11-00568#8,2,2,2,0,2,0,2,2,2,1,2,0,2,1,2,1,2,0,2,2,2,2,2,2,2,2,2,1,2
C-clinical-11-00568#9,2,2,2,2,2,2,2,2,2,1,2,1,2,1,2,0,2,2,2,2,2,2,2,2,2,0,2,2,2
C-clinical-11-00569#0,0,2,2,2,2,2,2,2,2,2,2,2,2,2,2,2,2,2,2,2,2,2,2,2,2,2,2,2,2
C-clinical-11-00569#1,0,2,2,2,2,2,2,2,2,2,2,2,2,2,2,2,2,2,2,2,2,2,2,0,2,0,2,2,2
C-clinical-11-00569#2,1,1,1,1,1,1,1,1,1,0,1,0,1,1,1,1,1,0,1,2,2,2,2,2,2,2,2,2,2
C-clinical-11-00569#4,0,2,2,2,2,2,2,2,2,2,2,2,2,2,2,2,2,2,2,2,2,2,2,1,1,2,2,1,1
C-clinical-11-00574#0,0,2,2,2,2,2,2,2,2,2,2,2,2,2,2,0,0,2,2,2,2,2,2,2,2,2,2,2,2
C-clinical-11-00574#1,0,2,2,2,2,1,1,1,1,1,1,0,0,2,2,1,1,2,2,1,1,2,2,1,1,2,2,2,2
C-clinical-11-00574#10,2,2,2,2,2,0,2,2,2,1,2,2,2,2,2,2,2,2,2,1,2,2,2,2,2,2,2,2,2
C-clinical-11-00574#11,2,2,2,2,2,0,2,1,2,1,2,2,2,2,2,1,2,2,2,1,2,2,2,2,2,2,2,2,2
C-clinical-11-00574#12,0,2,2,2,2,2,2,2,2,2,2,2,2,2,2,0,0,2,2,2,2,2,2,2,2,2,2,2,2
C-clinical-11-00574#13,2,0,2,0,2,0,2,0,2,1,2,0,2,1,2,1,2,2,2,2,2,2,2,2,2,2,2,1,2
C-clinical-11-00574#14,2,2,2,2,2,2,2,2,2,1,2,1,2,1,2,0,2,2,2,2,2,2,2,2,2,2,2,2,2
C-clinical-11-00574#15,0,2,2,2,2,2,2,2,2,1,1,1,1,1,1,1,1,2,2,1,1,2,2,2,2,2,2,2,2
C-clinical-11-00574#2,1,2,2,2,2,1,1,2,2,1,1,1,1,1,1,1,1,2,2,0,1,2,2,2,2,2,2,1,1
C-clinical-11-00574#3,0,2,2,2,2,1,1,1,1,2,2,2,2,2,2,2,2,2,2,2,2,2,2,2,2,0,0,2,2
C-clinical-11-00574#4,0,2,2,2,2,2,2,2,2,2,2,2,2,2,2,0,0,2,2,2,2,2,2,2,2,2,2,2,2
C-clinical-11-00574#5,0,2,2,2,2,1,1,2,2,1,1,0,0,2,2,2,2,2,2,0,0,2,2,2,2,2,2,2,2
C-clinical-11-00574#6,2,2,2,2,2,2,2,2,2,0,2,0,2,2,2,1,2,2,2,0,2,2,2,2,2,2,2,2,2
C-clinical-11-00574#7,0,2,2,2,2,2,2,2,2,1,1,1,1,1,1,1,1,2,2,1,1,2,2,2,2,2,2,2,2
C-clinical-11-00574#8,2,2,2,2,2,2,2,2,2,2,2,0,2,1,2,1,2,2,2,2,2,0,2,2,2,0,2,0,2
C-clinical-11-00574#9,2,2,2,2,2,1,2,2,2,2,2,0,2,1,2,1,2,2,2,2,2,0,2,2,2,0,2,0,2
C-clinical-11-00575#0,2,2,2,2,2,2,2,2,2,2,2,2,2,1,2,0,2,2,2,2,2,2,2,2,2,2,2,2,2
C-clinical-11-00575#1,2,2,2,2,2,2,2,2,2,2,2,2,2,0,2,0,2,2,2,2,2,2,2,2,2,2,2,2,2
C-clinical-11-00575#2,2,2,2,2,2,2,2,2,2,2,2,2,2,2,2,2,2,2,2,0,2,2,2,2,2,2,2,2,2
C-clinical-11-00575#3,0,2,2,1,1,1,1,1,1,2,2,0,0,0,0,0,0,0,0,0,0,1,1,0,0,1,1,1,1
C-clinical-11-00578#0,0,2,2,2,2,2,2,2,2,2,2,2,2,2,2,2,2,2,2,2,2,2,2,2,2,2,2,2,2
C-clinical-11-00578#1,0,2,2,2,2,2,2,2,2,2,2,2,2,2,2,2,2,2,2,2,2,2,2,2,2,0,2,2,2
C-clinical-11-00578#2,0,2,2,2,2,1,1,1,1,2,2,1,1,0,0,0,1,1,1,2,2,1,1,2,2,2,2,2,2
C-clinical-11-00578#3,0,2,2,2,2,2,2,2,2,2,2,0,0,2,2,2,2,2,2,2,2,2,2,2,2,2,2,2,2
C-clinical-11-00583#0,0,2,2,2,2,2,2,2,2,2,2,2,2,2,2,2,2,2,2,2,2,2,2,2,2,2,2,2,2
C-clinical-11-00583#1,0,2,2,2,2,2,2,2,2,2,2,2,2,2,2,0,2,2,2,2,2,2,2,2,2,2,2,2,2
C-clinical-11-00583#2,0,2,2,2,2,2,2,2,2,2,2,2,2,2,2,2,2,2,2,2,2,2,2,2,2,2,2,2,2
C-clinical-11-00583#3,0,2,2,2,2,1,1,2,2,2,2,2,2,2,2,2,2,2,2,2,2,2,2,2,2,0,0,2,2
C-clinical-11-00583#4,0,2,2,1,1,1,1,1,1,2,2,0,0,0,0,0,0,1,1,1,1,1,1,0,0,1,1,1,1
C-clinical-11-00583#5,0,2,2,2,2,2,2,2,2,2,2,2,2,2,2,2,2,0,2,2,2,2,2,2,2,2,2,2,2
C-clinical-11-00583#6,2,2,2,2,2,1,2,2,2,2,2,2,2,2,2,2,2,2,2,1,2,2,2,2,2,2,2,2,2
C-clinical-11-00583#7,2,2,2,2,2,2,2,2,2,1,2,0,2,1,2,1,2,2,2,2,2,0,2,2,2,1,2,1,2
C-clinical-11-00585#0,0,2,2,2,2,2,2,2,2,2,2,0,0,1,1,1,1,2,2,2,2,2,2,2,2,2,2,2,2
C-clinical-11-00585#1,2,2,2,2,2,2,2,2,2,2,2,0,2,2,2,2,2,2,2,2,2,2,2,2,2,2,2,2,2
C-clinical-11-00585#2,0,2,2,2,2,2,2,2,2,2,2,0,0,2,2,2,2,2,2,0,0,2,2,2,2,0,0,2,2
C-clinical-11-00586#0,0,2,2,2,2,2,2,2,2,2,2,2,2,0,0,1,2,2,2,2,2,2,2,2,2,0,0,2,2
C-clinical-11-00586#1,0,2,2,2,2,2,2,2,2,2,2,2,2,2,2,2,2,2,2,2,2,2,2,2,2,2,2,2,2
C-clinical-11-00586#2,0,2,2,2,2,2,2,2,2,2,2,2,2,1,1,2,2,2,2,2,2,2,2,2,2,0,0,0,2
C-clinical-11-00586#3,0,2,2,2,2,2,2,2,2,2,2,0,0,2,2,0,2,2,2,2,2,2,2,2,2,0,0,2,2
C-clinical-11-00586#4,0,2,2,2,2,2,2,2,2,2,2,2,2,2,2,1,1,2,2,2,2,2,2,2,2,2,2,2,2
C-clinical-11-00590#0,0,2,2,2,2,2,2,2,2,2,2,2,2,0,0,0,1,2,2,2,2,2,2,2,2,2,2,2,2
C-clinical-11-00590#1,0,2,2,2,2,2,2,2,2,1,1,0,0,2,2,2,2,2,2,0,0,2,2,2,2,0,0,2,2
C-clinical-11-00590#2,0,2,2,2,2,2,2,2,2,2,2,0,0,0,0,0,0,2,2,2,2,2,2,2,2,2,2,2,2
C-clinical-11-00590#3,0,2,2,2,2,1,1,2,2,2,2,2,2,2,2,2,2,2,2,2,2,2,2,2,2,0,0,2,2
C-clinical-11-00590#4,2,2,2,2,2,0,2,1,2,2,2,2,2,2,2,2,2,1,2,2,2,2,2,2,2,2,2,2,2
C-clinical-11-00590#5,0,2,2,2,2,2,2,2,2,2,2,2,2,2,2,2,2,2,2,0,2,2,2,2,2,0,2,2,2
C-clinical-11-00596#0,2,2,2,2,2,2,2,2,2,2,2,2,2,1,2,1,2,2,2,2,2,2,2,2,2,2,2,2,2
C-clinical-11-00596#1,2,2,2,2,2,2,2,2,2,2,2,2,2,2,2,2,2,2,2,2,2,2,2,0,2,0,2,2,2
C-clinical-11-00596#2,2,2,2,2,2,2,2,2,2,2,2,2,2,2,2,2,2,2,2,2,2,2,2,2,2,2,2,2,2
C-clinical-11-00596#3,1,2,2,2,2,1,1,2,2,2,2,0,1,2,2,2,2,0,1,0,1,2,2,2,2,2,2,2,2
C-clinical-11-00596#4,2,2,2,2,2,2,2,2,2,2,2,2,2,2,2,1,2,1,2,1,2,2,2,2,2,2,2,2,2
C-clinical-11-00605#0,0,2,2,2,2,2,2,2,2,2,2,0,0,2,2,1,1,2,2,2,2,2,2,2,2,2,2,2,2
C-clinical-11-00605#1,1,2,2,2,2,2,2,2,2,2,2,2,2,2,2,2,2,2,2,0,1,2,2,2,2,2,2,2,2
C-clinical-11-00605#2,1,2,2,2,2,1,1,2,2,1,1,1,1,1,1,1,1,2,2,0,1,2,2,2,2,0,1,2,2
C-clinical-11-00605#3,0,2,2,2,2,2,2,2,2,0,0,0,0,2,2,0,0,0,0,2,2,2,2,2,2,2,2,2,2
C-clinical-11-00605#4,2,2,2,2,2,0,2,2,2,2,2,2,2,2,2,2,2,2,2,2,2,2,2,2,2,2,2,2,2
C-clinical-11-00605#5,2,2,2,2,2,2,2,2,2,1,2,0,2,1,2,1,2,2,2,2,2,0,2,1,2,1,2,1,2
C-clinical-11-00605#6,2,2,2,2,2,2,2,2,2,1,2,1,2,0,2,0,2,2,2,2,2,2,2,2,2,2,2,2,2
C-clinical-11-00606#0,0,2,2,2,2,2,2,2,2,2,2,1,1,1,1,0,0,2,2,2,2,2,2,2,2,2,2,2,2
C-clinical-11-00606#1,2,2,2,2,2,2,2,2,2,2,2,0,2,2,2,2,2,2,2,2,2,2,2,2,2,2,2,2,2
C-clinical-11-00606#2,0,2,2,2,2,2,2,2,2,2,2,2,2,0,0,0,0,2,2,2,2,2,2,0,2,0,2,2,2
C-clinical-11-00606#3,0,2,2,2,2,2,2,2,2,2,2,0,0,0,0,2,2,2,2,2,2,2,2,2,2,2,2,2,2
C-clinical-11-00606#4,0,2,2,2,2,2,2,2,2,2,2,2,2,0,0,0,0,2,2,2,2,2,2,0,0,2,2,2,2
C-clinical-11-00606#5,0,2,2,2,2,2,2,2,2,2,2,2,2,2,2,2,2,2,2,0,0,2,2,2,2,2,2,2,2
C-clinical-11-00606#6,2,2,2,2,2,2,2,2,2,2,2,2,2,2,2,2,2,1,2,2,2,2,2,2,2,2,2,2,2
C-clinical-11-00606#7,2,2,2,2,2,2,2,2,2,2,2,0,2,2,2,2,2,2,2,2,2,2,2,2,2,2,2,2,2
C-clinical-11-00606#8,0,0,0,2,2,0,0,2,2,2,2,0,0,2,2,1,1,0,0,0,0,2,2,2,2,2,2,2,2
C-clinical-11-00607#0,0,2,2,2,2,2,2,2,2,2,2,2,2,0,0,0,0,2,2,2,2,2,2,2,2,2,2,2,2
C-clinical-11-00607#1,2,2,2,2,2,2,2,2,2,2,2,2,2,2,2,1,2,2,2,2,2,2,2,0,2,2,2,2,2
C-clinical-11-00607#3,1,1,1,1,1,1,1,1,1,0,1,0,1,1,1,1,1,0,1,1,1,1,1,1,1,1,1,2,2
C-clinical-11-00607#4,0,2,2,2,2,2,2,2,2,2,2,0,2,0,0,0,0,2,2,2,2,2,2,2,2,2,2,2,2
C-clinical-11-00607#5,0,2,2,2,2,2,2,2,2,2,2,0,0,0,0,0,0,2,2,2,2,2,2,2,2,2,2,2,2
C-clinical-11-00607#6,0,1,1,1,1,0,0,1,1,2,2,0,0,0,0,0,0,0,0,1,1,1,1,1,1,1,1,1,1
C-clinical-11-00607#7,0,2,2,2,2,2,2,2,2,2,2,2,2,0,0,0,0,2,2,2,2,2,2,2,2,2,2,2,2
C-clinical-11-00609#0,0,2,2,2,2,2,2,2,2,2,2,2,2,2,2,0,0,2,2,2,2,2,2,2,2,2,2,2,2
C-clinical-11-00609#1,0,2,2,2,2,2,2,2,2,2,2,2,2,2,2,2,2,2,2,2,2,2,2,2,2,2,2,1,1
C-clinical-11-00609#2,0,2,2,2,2,1,1,2,2,1,1,2,2,2,2,1,1,2,2,1,1,2,2,2,2,2,2,2,2
C-clinical-11-00609#3,2,2,2,2,2,2,2,2,2,2,2,2,2,2,2,2,2,2,2,2,2,2,2,2,2,2,2,2,2
C-clinical-11-00609#4,2,2,2,2,2,2,2,2,2,1,2,0,2,2,2,2,2,2,2,0,2,2,2,2,2,2,2,2,2
C-clinical-11-00609#5,0,2,2,2,2,1,1,1,1,2,2,1,1,0,0,0,0,2,2,2,2,1,1,2,2,2,2,2,2
C-clinical-11-00611#0,0,2,2,2,2,2,2,2,2,2,2,0,0,0,0,1,1,2,2,2,2,2,2,2,2,2,2,2,2
C-clinical-11-00611#1,0,2,2,2,2,2,2,2,2,2,2,0,2,0,0,2,2,2,2,2,2,2,2,2,2,2,2,2,2
C-clinical-11-00611#2,0,2,2,2,2,2,2,2,2,2,2,0,0,2,2,2,2,2,2,2,2,2,2,2,2,2,2,2,2
C-clinical-11-00611#3,0,2,2,2,2,2,2,2,2,2,2,2,2,2,2,2,2,2,2,2,2,2,2,2,2,2,2,2,2
C-clinical-11-00611#4,2,2,2,2,2,2,2,2,2,2,2,2,2,2,2,2,2,2,2,2,2,2,2,2,2,2,2,2,2
C-clinical-11-00611#5,1,2,2,2,2,1,1,2,2,1,1,1,1,1,1,1,1,2,2,1,1,2,2,2,2,0,1,2,2
C-clinical-11-00611#6,2,2,2,2,2,2,2,2,2,1,2,0,2,1,2,1,2,2,2,2,2,0,2,1,2,1,2,1,2
C-clinical-11-00611#7,2,2,2,2,2,2,2,2,2,1,2,1,2,1,2,0,2,2,2,2,2,2,2,2,2,2,2,2,2
C-clinical-11-00611#8,2,2,2,2,2,1,2,2,2,2,2,2,2,2,2,2,2,2,2,2,2,2,2,2,2,2,2,2,2
C-clinical-11-00611#9,0,2,2,2,2,2,2,2,2,2,2,2,2,2,2,2,2,2,2,2,2,2,2,2,2,2,2,2,2
C-clinical-11-00612#0,2,2,2,2,2,2,2,2,2,2,2,0,2,2,2,2,2,2,2,2,2,2,2,2,2,2,2,2,2
C-clinical-11-00612#1,2,2,2,2,2,2,2,2,2,2,2,2,2,1,2,2,2,2,2,2,2,2,2,2,2,2,2,2,2
C-clinical-11-00612#2,2,2,2,2,2,2,2,2,2,2,2,2,2,2,2,2,2,2,2,2,2,2,2,2,2,2,2,2,2
C-clinical-11-00612#3,2,2,2,2,2,2,2,2,2,2,2,2,2,0,2,2,2,2,2,2,2,2,2,2,2,2,2,2,2
C-clinical-11-00612#4,2,2,2,2,2,2,2,2,2,2,2,0,2,2,2,2,2,2,2,2,2,2,2,2,2,2,2,2,2
C-clinical-11-00612#5,0,2,2,2,2,0,0,2,2,1,1,0,0,2,2,2,2,0,0,2,2,2,2,2,2,2,2,2,2
C-clinical-11-00612#6,2,2,2,2,2,2,2,2,2,2,2,2,2,0,2,0,2,2,2,2,2,2,2,2,2,2,2,2,2
C-clinical-11-00612#7,1,1,1,1,1,1,1,1,1,1,1,1,1,1,1,1,1,0,1,1,1,1,1,1,1,1,1,1,1
C-clinical-11-00616#0,0,2,2,2,2,2,2,2,2,2,2,2,2,1,1,2,2,2,2,2,2,2,2,2,2,2,2,2,2
C-clinical-11-00616#1,1,1,1,1,1,1,1,1,1,0,1,0,1,2,2,1,1,0,1,2,2,1,1,0,1,2,2,1,1
C-clinical-11-00616#2,0,2,2,2,2,2,2,2,2,2,2,2,2,2,2,0,2,2,2,2,2,2,2,2,2,2,2,2,2
C-clinical-11-00616#3,0,2,2,2,2,2,2,2,2,2,2,0,0,1,1,1,1,2,2,2,2,2,2,2,2,2,2,2,2
C-clinical-11-00616#4,0,2,2,2,2,2,2,2,2,2,2,2,2,2,2,1,1,1,1,1,1,2,2,1,1,2,2,2,2
C-clinical-11-00616#5,0,2,2,2,2,2,2,2,2,2,2,2,2,2,2,2,2,2,2,2,2,2,2,2,2,2,2,2,2
C-clinical-11-00616#6,0,2,2,2,2,2,2,2,2,2,2,2,2,2,2,2,2,0,0,2,2,2,2,1,1,2,2,1,1
C-clinical-11-00617#0,0,2,2,2,2,2,2,2,2,2,2,2,2,1,1,0,0,2,2,2,2,2,2,2,2,2,2,2,2
C-clinical-11-00617#1,0,2,2,2,2,2,2,2,2,2,2,2,2,2,2,0,0,2,2,2,2,2,2,0,2,0,2,2,2
C-clinical-11-00617#10,2,0,2,0,2,0,2,0,2,2,2,2,2,2,2,2,2,0,2,2,2,2,2,2,2,2,2,2,2
C-clinical-11-00617#2,0,2,2,2,2,2,2,2,2,2,2,1,1,2,2,1,1,2,2,0,0,2,2,2,2,2,2,2,2
C-clinical-11-00617#3,0,2,2,2,2,2,2,2,2,2,2,2,2,0,0,0,0,2,2,2,2,2,2,2,2,2,2,2,2
C-clinical-11-00617#4,0,2,2,2,2,2,2,2,2,2,2,0,0,2,2,2,2,2,2,0,0,2,2,2,2,2,2,2,2
C-clinical-11-00617#5,2,2,2,2,2,2,2,2,2,2,2,0,2,2,2,2,2,2,2,2,2,2,2,2,2,2,2,2,2
C-clinical-11-00617#6,1,2,2,1,1,1,1,1,1,1,1,0,1,1,1,1,1,2,2,1,1,2,2,2,2,0,1,1,1
C-clinical-11-00617#7,2,2,2,2,2,2,2,2,2,2,2,0,2,1,2,1,2,2,2,2,2,0,2,2,2,0,2,2,2
C-clinical-11-00617#8,2,2,2,2,2,2,2,2,2,2,2,2,2,2,2,2,2,2,2,0,2,2,2,2,2,2,2,2,2
C-clinical-11-00617#9,0,2,2,2,2,2,2,2,2,2,2,2,2,2,2,2,2,2,2,0,0,2,2,2,2,2,2,2,2
C-clinical-11-00618#0,2,2,2,2,2,2,2,2,2,2,2,0,2,2,2,2,2,2,2,2,2,2,2,2,2,2,2,2,2
C-clinical-11-00618#1,0,2,2,2,2,2,2,2,2,2,2,2,2,2,2,0,0,2,2,2,2,2,2,2,2,2,2,2,2
C-clinical-11-00618#10,0,2,2,2,2,2,2,2,2,2,2,0,0,2,2,2,2,2,2,0,0,2,2,2,2,2,2,2,2
C-clinical-11-00618#2,0,2,2,2,2,2,2,2,2,2,2,1,1,0,0,0,0,2,2,2,2,1,1,2,2,0,1,2,2
C-clinical-11-00618#3,0,2,2,2,2,2,2,2,2,2,2,0,0,0,0,0,0,0,0,0,0,0,0,2,2,0,0,0,0
C-clinical-11-00618#4,0,2,2,2,2,2,2,2,2,2,2,2,2,2,2,2,2,2,2,2,2,2,2,2,2,0,0,2,2
C-clinical-11-00618#5,2,2,2,2,2,2,2,2,2,1,2,0,2,1,2,1,2,2,2,2,2,0,2,1,2,1,2,1,2
C-clinical-11-00618#6,2,2,2,2,2,1,2,2,2,1,2,1,2,1,2,1,2,2,2,2,2,2,2,2,2,2,2,2,2
C-clinical-11-00618#7,0,2,2,2,2,2,2,2,2,2,2,2,2,2,2,2,2,2,2,0,0,2,2,2,2,0,0,2,2
C-clinical-11-00618#8,2,2,2,2,2,2,2,2,2,2,2,2,2,2,2,2,2,2,2,2,2,2,2,2,2,2,2,2,2
C-clinical-11-00618#9,2,2,2,2,2,2,2,2,2,2,2,2,2,2,2,2,2,2,2,2,2,2,2,2,2,2,2,2,2
C-clinical-11-00621#0,0,2,2,2,2,2,2,2,2,2,2,1,1,0,0,0,1,2,2,2,2,2,2,2,2,2,2,2,2
C-clinical-11-00621#1,0,2,2,2,2,2,2,2,2,2,2,1,1,2,2,1,1,2,2,2,2,2,2,2,2,2,2,2,2
C-clinical-11-00621#2,2,2,2,2,2,2,2,2,2,2,2,2,2,2,2,1,2,2,2,0,2,2,2,2,2,2,2,2,2
C-clinical-11-00621#3,0,2,2,2,2,1,1,2,2,2,2,2,2,2,2,2,2,2,2,2,2,2,2,2,2,0,0,2,2
C-clinical-11-00621#4,0,2,2,2,2,0,0,2,2,2,2,2,2,2,2,2,2,2,2,2,2,2,2,2,2,0,0,2,2
C-clinical-11-00621#5,0,2,2,2,2,2,2,2,2,0,2,2,2,2,2,0,0,2,2,2,2,2,2,2,2,2,2,2,2
C-clinical-11-00622#0,0,2,2,2,2,2,2,2,2,2,2,2,2,1,1,0,1,2,2,2,2,2,2,2,2,2,2,2,2
C-clinical-11-00622#1,0,2,2,2,2,2,2,2,2,2,2,2,2,2,2,2,2,0,0,2,2,2,2,2,2,2,2,2,2
C-clinical-11-00622#10,2,2,2,2,2,2,2,2,2,1,2,0,2,2,2,1,2,2,2,0,2,2,2,2,2,2,2,2,2
C-clinical-11-00622#11,0,2,2,2,2,1,1,2,2,1,1,2,2,1,1,1,1,2,2,1,1,2,2,2,2,2,2,2,2
C-clinical-11-00622#2,0,2,2,2,2,2,2,2,2,2,2,2,2,2,2,2,2,2,2,2,2,2,2,0,2,2,2,2,2
C-clinical-11-00622#3,0,2,2,2,2,1,1,1,1,2,2,0,0,2,2,1,1,1,1,1,1,2,2,2,2,2,2,2,2
C-clinical-11-00622#4,2,2,2,2,2,2,2,2,2,1,2,0,2,2,2,0,2,2,2,2,2,2,2,0,2,0,2,2,2
C-clinical-11-00622#5,2,2,2,2,2,2,2,2,2,2,2,2,2,2,2,2,2,2,2,2,2,2,2,2,2,2,2,2,2
C-clinical-11-00622#6,0,2,2,2,2,0,2,2,2,2,2,2,2,2,2,0,2,2,2,2,2,2,2,2,2,2,2,2,2
C-clinical-11-00622#7,0,2,2,2,2,1,1,1,1,2,2,1,1,0,0,0,1,2,2,2,2,1,1,2,2,1,1,2,2
C-clinical-11-00622#8,1,2,2,2,2,2,2,2,2,2,2,2,2,2,2,2,2,2,2,2,2,2,2,2,2,2,2,2,2
C-clinical-11-00622#9,2,2,2,2,2,0,2,2,2,2,2,2,2,2,2,2,2,2,2,2,2,2,2,2,2,2,2,2,2
C-clinical-11-00623#0,2,2,2,2,2,2,2,2,2,2,2,2,2,2,2,2,2,2,2,2,2,2,2,2,2,2,2,2,2
C-clinical-11-00623#1,0,2,2,2,2,2,2,2,2,2,2,2,2,2,2,2,2,2,2,2,2,2,2,2,2,2,2,2,2
C-clinical-11-00623#2,2,2,2,2,2,2,2,2,2,2,2,2,2,2,2,2,2,2,2,0,2,2,2,2,2,2,2,2,2
C-clinical-11-00623#3,2,2,2,2,2,2,2,2,2,2,2,2,2,2,2,2,2,2,2,2,2,2,2,2,2,0,2,2,2
C-clinical-11-00623#4,2,2,2,2,2,2,2,2,2,1,2,0,2,1,2,1,2,0,2,2,2,0,2,1,2,1,2,1,2
C-clinical-11-00623#5,2,2,2,2,2,2,2,2,2,1,2,1,2,1,2,0,2,2,2,2,2,2,2,2,2,2,2,2,2
C-clinical-11-00623#6,2,2,2,2,2,2,2,2,2,2,2,2,2,2,2,1,2,2,2,1,2,2,2,2,2,2,2,2,2
C-clinical-11-00623#7,0,2,2,2,2,2,2,2,2,2,2,0,0,2,2,1,1,2,2,0,0,2,2,2,2,2,2,2,2
C-clinical-11-00623#8,2,2,2,2,2,1,2,2,2,1,2,2,2,1,2,0,2,2,2,2,2,2,2,2,2,2,2,2,2
C-clinical-11-00624#0,2,2,2,2,2,2,2,2,2,2,2,2,2,2,2,0,2,2,2,2,2,2,2,2,2,2,2,2,2
C-clinical-11-00624#1,2,2,2,2,2,2,2,2,2,2,2,0,2,2,2,1,2,0,2,0,2,2,2,2,2,2,2,2,2
C-clinical-11-00624#10,0,2,2,2,2,2,2,2,2,2,2,0,0,0,0,0,0,2,2,2,2,2,2,2,2,2,2,2,2
C-clinical-11-00624#11,2,2,2,2,2,2,2,2,2,2,2,0,2,2,2,2,2,2,2,2,2,2,2,2,2,2,2,2,2
C-clinical-11-00624#12,2,2,2,2,2,2,2,2,2,2,2,2,2,2,2,2,2,2,2,2,2,2,2,2,2,2,2,2,2
C-clinical-11-00624#13,2,2,2,2,2,2,2,2,2,2,2,2,2,0,2,0,2,2,2,2,2,2,2,2,2,0,2,2,2
C-clinical-11-00624#2,2,2,2,2,2,2,2,2,2,2,2,2,2,2,2,2,2,2,2,2,2,2,2,2,2,2,2,2,2
C-clinical-11-00624#3,2,2,2,2,2,2,2,2,2,2,2,2,2,2,2,2,2,2,2,2,2,2,2,2,2,2,2,2,2
C-clinical-11-00624#4,1,1,1,1,1,1,1,1,1,0,1,0,1,1,1,0,1,0,1,2,2,1,1,1,1,1,1,2,2
C-clinical-11-00624#5,0,2,2,2,2,2,2,2,2,2,2,2,2,1,1,1,1,2,2,1,1,2,2,2,2,2,2,2,2
C-clinical-11-00624#6,0,2,2,2,2,1,1,2,2,2,2,2,2,2,2,1,1,0,0,2,2,2,2,2,2,0,0,2,2
C-clinical-11-00624#7,2,2,2,2,2,2,2,2,2,2,2,0,2,2,2,2,2,2,2,2,2,2,2,2,2,2,2,2,2
C-clinical-11-00624#9,2,2,2,2,2,2,2,2,2,2,2,2,2,0,2,0,2,2,2,2,2,2,2,2,2,0,2,2,2
C-clinical-11-00628#0,0,2,2,2,2,2,2,2,2,2,2,2,2,2,2,2,2,2,2,2,2,2,2,2,2,2,2,2,2
C-clinical-11-00628#1,0,2,2,2,2,2,2,2,2,2,2,0,0,2,2,0,0,2,2,2,2,2,2,2,2,0,0,0,0
C-clinical-11-00628#2,2,2,2,2,2,2,2,2,2,1,2,0,2,1,2,0,2,0,2,2,2,0,2,0,2,1,2,1,2
C-clinical-11-00628#3,2,2,2,2,2,2,2,2,2,1,2,1,2,0,2,0,2,2,2,2,2,2,2,2,2,2,2,2,2
C-clinical-11-00628#4,0,2,2,1,1,1,1,1,1,2,2,0,0,0,0,0,0,1,1,1,1,1,1,1,1,1,1,1,1
C-clinical-11-00637#0,0,2,2,2,2,2,2,2,2,2,2,0,0,0,0,0,0,2,2,2,2,2,2,2,2,2,2,2,2
C-clinical-11-00637#1,2,2,2,2,2,2,2,2,2,1,2,0,2,2,2,1,2,2,2,0,2,2,2,2,2,2,2,2,2
C-clinical-11-00637#2,2,2,2,2,2,2,2,2,2,2,2,2,2,2,2,2,2,2,2,2,2,2,2,2,2,2,2,2,2
C-clinical-11-00637#3,0,2,2,2,2,2,2,2,2,2,2,1,1,2,2,1,1,2,2,0,0,2,2,2,2,0,0,2,2
C-clinical-11-00637#4,0,2,2,2,2,2,2,2,2,2,2,2,2,2,2,0,0,2,2,2,2,2,2,0,0,2,2,2,2
C-clinical-11-00637#5,0,2,2,2,2,1,1,2,2,1,1,2,2,2,2,1,1,2,2,1,1,2,2,2,2,2,2,2,2
C-clinical-11-00637#6,0,2,2,2,2,1,1,2,2,2,2,0,0,2,2,1,1,2,2,0,0,2,2,2,2,2,2,2,2
C-clinical-11-00637#7,1,2,2,2,2,1,1,2,2,2,2,2,2,2,2,2,2,2,2,1,1,2,2,1,1,2,2,2,2
C-clinical-11-00638#0,2,2,2,2,2,2,2,2,2,2,2,2,2,2,2,2,2,2,2,2,2,2,2,2,2,2,2,2,2
C-clinical-11-00638#1,2,2,2,2,2,2,2,2,2,2,2,2,2,2,2,2,2,2,2,2,2,2,2,2,2,2,2,2,2
C-clinical-11-00638#2,2,2,2,2,2,2,2,2,2,2,2,0,2,2,2,0,2,2,2,2,2,2,2,2,2,2,2,2,2
C-clinical-11-00638#3,0,1,1,1,1,0,0,1,1,2,2,0,0,0,0,0,0,1,1,1,1,1,1,0,0,0,0,0,0
C-clinical-11-00638#4,2,2,2,2,2,2,2,2,2,2,2,2,2,2,2,2,2,2,2,2,2,2,2,2,2,2,2,2,2
C-clinical-11-00638#5,0,1,1,1,1,0,0,1,1,2,2,0,0,0,0,0,0,0,1,1,1,1,1,0,0,0,0,0,0
C-clinical-11-00644#0,0,2,2,2,2,2,2,2,2,2,2,2,2,0,0,0,0,0,0,2,2,2,2,2,2,2,2,2,2
C-clinical-11-00644#1,0,1,1,1,1,1,1,1,1,2,2,0,0,1,1,0,0,1,1,1,1,1,1,1,1,1,1,1,1
C-clinical-11-00644#2,0,2,2,2,2,2,2,2,2,2,2,2,2,2,2,2,2,2,2,2,2,2,2,2,2,2,2,2,2
C-clinical-11-00644#3,2,2,2,2,2,0,2,2,2,2,2,2,2,2,2,2,2,2,2,2,2,2,2,2,2,2,2,2,2
C-clinical-11-00644#4,0,2,2,2,2,2,2,2,2,2,2,2,2,2,2,2,2,2,2,2,2,2,2,2,2,0,0,2,2
C-clinical-11-00645#0,0,2,2,2,2,2,2,2,2,2,2,2,2,0,0,0,0,2,2,2,2,2,2,2,2,2,2,2,2
C-clinical-11-00645#1,0,2,2,2,2,2,2,2,2,2,2,0,2,0,0,0,0,2,2,2,2,2,2,2,2,2,2,2,2
C-clinical-11-00645#2,0,2,2,2,2,2,2,2,2,2,2,2,2,0,0,0,0,0,0,2,2,2,2,2,2,2,2,0,0
C-clinical-11-00648#0,0,2,2,2,2,2,2,2,2,2,2,2,2,2,2,2,2,2,2,2,2,2,2,2,2,2,2,2,2
C-clinical-11-00648#1,1,1,1,1,1,1,1,1,1,0,1,0,1,1,1,1,1,0,1,2,2,1,1,1,1,1,1,2,2
C-clinical-11-00648#2,0,2,2,2,2,2,2,2,2,2,2,2,2,2,2,2,2,2,2,2,2,2,2,2,2,0,0,2,2
C-clinical-11-00648#3,0,2,2,2,2,2,2,2,2,2,2,1,1,1,1,0,0,2,2,2,2,2,2,2,2,2,2,2,2
C-clinical-11-00648#4,0,2,2,2,2,2,2,2,2,2,2,2,2,2,2,0,2,2,2,0,2,2,2,2,2,0,2,2,2
C-clinical-11-00648#5,1,2,2,2,2,1,1,2,2,1,1,0,1,2,2,1,1,2,2,1,1,2,2,1,1,2,2,2,2
C-clinical-11-00648#6,2,2,2,2,2,2,2,2,2,2,2,2,2,2,2,2,2,2,2,2,2,2,2,2,2,2,2,2,2
C-clinical-11-00649#0,0,2,2,2,2,2,2,2,2,2,2,0,0,0,0,0,0,2,2,2,2,2,2,2,2,2,2,2,2
C-clinical-11-00649#1,0,2,2,2,2,2,2,2,2,2,2,2,2,0,0,0,0,2,2,2,2,2,2,2,2,2,2,2,2
C-clinical-11-00649#2,0,2,2,2,2,2,2,2,2,2,2,2,2,1,1,1,1,2,2,0,0,2,2,2,2,2,2,2,2
C-clinical-11-00649#3,0,2,2,2,2,2,2,2,2,2,2,0,0,0,0,0,0,0,0,0,0,2,2,2,2,0,0,0,0
C-clinical-11-00653#0,0,2,2,2,2,0,0,2,2,2,2,2,2,2,2,2,2,0,0,2,2,2,2,2,2,2,2,0,0
C-clinical-11-00653#1,0,2,2,2,2,2,2,2,2,2,2,0,2,0,0,1,1,2,2,2,2,2,2,2,2,2,2,2,2
C-clinical-11-00653#10,1,2,2,2,2,2,2,2,2,2,2,0,1,2,2,2,2,2,2,0,1,2,2,2,2,2,2,2,2
C-clinical-11-00653#11,1,1,1,1,1,1,1,1,1,1,1,1,1,1,1,1,1,2,2,1,1,1,1,1,1,1,1,1,1
C-clinical-11-00653#2,0,2,2,2,2,2,2,2,2,2,2,2,2,1,1,1,1,2,2,2,2,2,2,2,2,2,2,2,2
C-clinical-11-00653#3,2,2,2,2,2,2,2,2,2,2,2,0,2,2,2,1,2,2,2,2,2,2,2,2,2,2,2,2,2
C-clinical-11-00653#4,1,1,1,1,1,1,1,1,1,0,1,0,1,1,1,1,1,0,1,2,2,1,1,1,1,1,1,2,2
C-clinical-11-00653#5,0,2,2,2,2,2,2,2,2,2,2,2,2,2,2,2,2,2,2,2,2,2,2,2,2,2,2,2,2
C-clinical-11-00653#6,0,2,2,2,2,2,2,2,2,2,2,2,2,2,2,2,2,2,2,0,0,2,2,2,2,2,2,2,2
C-clinical-11-00653#8,0,2,2,2,2,0,0,2,2,2,2,2,2,2,2,2,2,2,2,2,2,2,2,2,2,0,0,2,2
C-clinical-11-00653#9,0,2,2,2,2,2,2,2,2,2,2,1,1,2,2,2,2,2,2,2,2,2,2,2,2,2,2,2,2
C-clinical-11-00657#0,2,2,2,2,2,2,2,2,2,2,2,2,2,1,2,1,2,2,2,2,2,2,2,2,2,2,2,2,2
C-clinical-11-00657#1,2,2,2,2,2,2,2,2,2,2,2,2,2,2,2,0,2,2,2,2,2,2,2,2,2,2,2,2,2
C-clinical-11-00657#2,2,2,2,2,2,2,2,2,2,2,2,0,2,2,2,2,2,2,2,2,2,2,2,2,2,2,2,2,2
C-clinical-11-00657#3,0,2,2,2,2,2,2,2,2,2,2,0,0,1,1,1,1,2,2,2,2,2,2,2,2,2,2,2,2
C-clinical-11-00657#4,0,2,2,2,2,2,2,2,2,1,1,0,0,2,2,1,1,2,2,0,0,2,2,2,2,2,2,2,2
C-clinical-11-00659#0,0,2,2,2,2,2,2,2,2,2,2,1,1,0,0,0,0,2,2,2,2,2,2,2,2,2,2,2,2
C-clinical-11-00659#1,0,1,1,1,1,1,1,1,1,2,2,0,0,0,0,0,0,0,0,1,1,1,1,1,1,1,1,1,1
C-clinical-11-00659#2,1,2,2,2,2,2,2,2,2,1,1,0,1,2,2,1,1,1,1,1,1,2,2,2,2,2,2,2,2
C-clinical-11-00659#3,0,2,2,2,2,2,2,2,2,2,2,0,2,0,0,0,0,0,2,2,2,2,2,2,2,2,2,2,2
C-clinical-11-00659#4,0,2,2,2,2,2,2,2,2,2,2,2,2,2,2,2,2,2,2,2,2,2,2,2,2,0,0,2,2
C-clinical-11-00660#0,0,2,2,2,2,2,2,2,2,2,2,0,2,0,0,0,0,2,2,0,0,2,2,2,2,1,1,2,2
C-clinical-11-00660#1,0,2,2,2,2,2,2,2,2,2,2,2,2,2,2,0,0,2,2,2,2,2,2,0,0,0,0,0,0
C-clinical-11-00660#2,0,2,2,2,2,2,2,2,2,2,2,2,2,2,2,0,0,2,2,0,0,2,2,0,2,2,2,2,2
C-clinical-11-00660#3,0,2,2,2,2,2,2,2,2,2,2,2,2,2,2,1,1,2,2,0,0,2,2,2,2,2,2,2,2
C-clinical-11-00660#4,0,2,2,2,2,2,2,2,2,2,2,2,2,2,2,2,2,2,2,2,2,2,2,2,2,2,2,2,2
C-clinical-11-00666#0,0,2,2,2,2,2,2,2,2,2,2,0,0,0,0,0,0,2,2,2,2,2,2,2,2,2,2,2,2
C-clinical-11-00666#1,0,2,2,2,2,2,2,2,2,2,2,0,0,0,0,0,0,2,2,2,2,2,2,2,2,0,2,2,2
C-clinical-11-00666#2,2,2,2,2,2,2,2,2,2,2,2,2,2,2,2,2,2,2,2,2,2,2,2,2,2,2,2,2,2
C-clinical-11-00666#3,0,2,2,2,2,1,1,1,1,2,2,0,0,0,0,0,0,1,1,2,2,1,1,0,1,1,1,2,2
C-clinical-11-00666#4,0,2,2,2,2,2,2,2,2,2,2,0,0,0,0,0,2,2,2,2,2,2,2,0,0,2,2,2,2
C-clinical-11-00666#5,0,2,2,2,2,2,2,2,2,2,2,0,0,0,0,0,0,2,2,2,2,2,2,2,2,2,2,2,2
C-clinical-11-00666#6,0,2,2,2,2,2,2,2,2,2,2,0,0,2,2,2,2,2,2,2,2,2,2,0,0,2,2,2,2
C-clinical-11-00668#0,0,2,2,2,2,2,2,2,2,2,2,2,2,2,2,0,0,2,2,0,0,2,2,2,2,2,2,0,0
C-clinical-11-00668#1,0,2,2,2,2,2,2,2,2,2,2,1,2,0,0,0,0,2,2,2,2,2,2,2,2,2,2,2,2
C-clinical-11-00668#2,0,2,2,2,2,1,1,1,1,2,2,1,1,0,0,0,0,2,2,0,1,1,1,2,2,0,1,2,2
C-clinical-11-00668#3,2,2,2,2,2,2,2,2,2,2,2,2,2,2,2,1,2,2,2,0,2,2,2,2,2,2,2,2,2
C-clinical-11-00668#4,0,2,2,2,2,2,2,2,2,2,2,2,2,2,2,0,0,2,2,2,2,2,2,2,2,2,2,2,2
C-clinical-11-00668#5,2,2,2,2,2,2,2,2,2,1,2,0,2,2,2,2,2,2,2,0,2,2,2,2,2,2,2,2,2
C-clinical-11-00668#6,0,2,2,2,2,1,1,2,2,1,1,2,2,2,2,1,1,2,2,1,1,2,2,1,1,2,2,2,2
C-clinical-11-00668#7,2,2,2,2,2,2,2,2,2,1,2,0,2,2,2,0,2,2,2,2,2,2,2,0,2,0,2,2,2
C-clinical-11-00669#0,0,1,1,1,1,1,1,1,1,2,2,0,0,0,0,0,0,0,0,1,1,1,1,1,1,1,1,1,1
C-clinical-11-00669#1,0,2,2,2,2,2,2,2,2,2,2,2,2,1,1,2,2,2,2,2,2,2,2,2,2,2,2,2,2
C-clinical-11-00669#10,1,1,1,1,1,1,1,1,1,1,1,0,1,1,1,1,1,0,1,1,1,1,1,1,1,1,1,1,1
C-clinical-11-00669#11,0,2,2,2,2,2,2,2,2,2,2,2,2,2,2,2,2,2,2,0,0,2,2,2,2,2,2,2,2
C-clinical-11-00669#2,2,2,2,2,2,2,2,2,2,2,2,0,2,2,2,2,2,2,2,2,2,2,2,2,2,2,2,2,2
C-clinical-11-00669#3,0,2,2,2,2,2,2,2,2,2,2,2,2,1,1,0,2,2,2,2,2,2,2,2,2,2,2,2,2
C-clinical-11-00669#4,0,2,2,2,2,1,1,1,1,1,1,0,0,1,1,1,1,2,2,1,1,2,2,2,2,2,2,2,2
C-clinical-11-00669#5,1,2,2,2,2,1,1,2,2,2,2,1,1,1,1,1,1,2,2,0,1,2,2,2,2,1,1,1,1
C-clinical-11-00669#6,2,0,2,0,2,0,2,0,2,2,2,0,2,2,2,2,2,0,2,2,2,2,2,2,2,2,2,2,2
C-clinical-11-00669#7,2,2,2,2,2,1,2,2,2,1,2,1,2,1,2,0,2,2,2,2,2,2,2,2,2,2,2,2,2
C-clinical-11-00669#8,2,2,2,2,2,2,2,2,2,1,2,0,2,1,2,1,2,2,2,2,2,0,2,1,2,1,2,1,2
C-clinical-11-00669#9,2,2,2,2,2,2,2,2,2,2,2,2,2,2,2,2,2,2,2,2,2,2,2,2,2,2,2,2,2
C-clinical-11-00670#1,0,2,2,2,2,2,2,2,2,2,2,2,2,0,0,0,0,2,2,2,2,2,2,2,2,2,2,2,2
C-clinical-11-00670#10,0,1,1,2,2,1,1,1,1,2,2,0,0,2,2,1,1,0,0,0,0,2,2,2,2,2,2,1,1
C-clinical-11-00670#11,0,2,2,2,2,2,2,2,2,2,2,2,2,2,2,2,2,2,2,2,2,2,2,0,0,0,0,2,2
C-clinical-11-00670#2,0,2,2,2,2,2,2,2,2,2,2,2,2,2,2,2,2,2,2,2,2,2,2,2,2,2,2,2,2
C-clinical-11-00670#3,1,2,2,1,1,1,1,1,1,0,1,0,1,1,1,1,1,0,1,2,2,1,1,1,1,1,1,2,2
C-clinical-11-00670#4,2,2,2,2,2,0,2,2,2,2,2,0,2,2,2,2,2,0,2,0,2,2,2,2,2,2,2,2,2
C-clinical-11-00670#5,2,2,2,2,2,2,2,2,2,2,2,2,2,2,2,2,2,0,2,2,2,2,2,2,2,2,2,2,2
C-clinical-11-00670#7,2,2,2,2,2,2,2,2,2,2,2,0,2,1,2,0,2,0,2,2,2,2,2,2,2,2,2,2,2
C-clinical-11-00670#8,0,1,1,1,1,1,1,1,1,2,2,0,0,0,0,0,0,1,1,1,1,1,1,1,1,1,1,1,1
C-clinical-11-00670#9,0,2,2,2,2,2,2,2,2,2,2,2,2,2,2,2,2,0,0,2,2,2,2,0,0,0,0,2,2
C-clinical-11-00672#0,0,2,2,2,2,2,2,2,2,2,2,1,1,1,1,0,0,2,2,2,2,2,2,2,2,2,2,2,2
C-clinical-11-00672#1,2,2,2,2,2,2,2,2,2,2,2,0,2,2,2,2,2,2,2,2,2,2,2,2,2,2,2,2,2
C-clinical-11-00672#10,2,2,2,2,2,1,2,2,2,1,2,1,2,0,2,0,2,2,2,2,2,2,2,2,2,2,2,2,2
C-clinical-11-00672#2,0,2,2,2,2,2,2,2,2,2,2,0,0,2,2,2,2,2,2,2,2,2,2,2,2,2,2,2,2
C-clinical-11-00672#3,2,2,2,2,2,2,2,2,2,2,2,1,2,2,2,2,2,2,2,2,2,2,2,2,2,2,2,2,2
C-clinical-11-00672#4,0,2,2,2,2,2,2,2,2,2,2,0,0,2,2,0,0,2,2,0,2,2,2,2,2,0,2,2,2
C-clinical-11-00672#5,0,2,2,2,2,2,2,2,2,2,2,2,2,2,2,2,2,2,2,2,2,2,2,2,2,0,0,2,2
C-clinical-11-00672#6,0,2,2,2,2,2,2,2,2,2,2,2,2,2,2,2,2,2,2,0,0,2,2,2,2,0,0,2,2
C-clinical-11-00672#7,2,2,2,2,2,0,2,2,2,2,2,2,2,2,2,2,2,2,2,2,2,2,2,2,2,2,2,2,2
C-clinical-11-00672#8,2,2,2,2,2,0,2,2,2,2,2,2,2,2,2,1,2,2,2,1,2,2,2,2,2,2,2,2,2
C-clinical-11-00672#9,2,2,2,2,2,2,2,2,2,1,2,0,2,1,2,1,2,0,2,2,2,0,2,1,2,1,2,1,2
C-clinical-11-00673#0,0,2,2,2,2,2,2,2,2,2,2,2,2,2,2,2,2,2,2,0,0,2,2,2,2,2,2,2,2
C-clinical-11-00673#1,2,2,2,2,2,2,2,2,2,2,2,0,2,2,2,2,2,2,2,2,2,2,2,2,2,2,2,2,2
C-clinical-11-00673#2,1,1,1,1,1,1,1,1,1,0,1,0,1,1,1,1,1,0,1,2,2,2,2,2,2,2,2,2,2
C-clinical-11-00673#4,0,2,2,2,2,2,2,2,2,2,2,2,2,2,2,2,2,2,2,2,2,2,2,2,2,2,2,2,2
C-clinical-11-00673#5,0,2,2,2,2,2,2,2,2,0,0,0,0,2,2,2,2,2,2,0,0,2,2,2,2,2,2,2,2
C-clinical-11-00675#0,0,2,2,2,2,2,2,2,2,2,2,0,0,2,2,2,2,2,2,2,2,2,2,2,2,2,2,2,2
C-clinical-11-00675#1,0,2,2,2,2,2,2,2,2,2,2,0,0,2,2,0,0,2,2,2,2,2,2,2,2,2,2,2,2
C-clinical-11-00675#10,0,2,2,2,2,2,2,2,2,2,2,0,0,2,2,2,2,0,2,2,2,2,2,0,2,0,2,2,2
C-clinical-11-00675#2,2,2,2,2,2,2,2,2,2,2,2,0,2,2,2,1,2,2,2,0,2,2,2,2,2,2,2,2,2
C-clinical-11-00675#3,0,2,2,2,2,2,2,2,2,2,2,0,0,2,2,2,2,0,2,2,2,2,2,0,2,0,2,2,2
C-clinical-11-00675#4,0,2,2,2,2,2,2,2,2,2,2,0,0,2,2,2,2,2,2,0,0,2,2,2,2,2,2,2,2
C-clinical-11-00675#5,1,2,2,2,2,1,1,2,2,2,2,1,1,2,2,2,2,2,2,1,1,2,2,1,1,0,1,2,2
C-clinical-11-00675#6,1,2,2,2,2,2,2,2,2,1,1,1,1,1,1,1,1,2,2,1,1,2,2,2,2,2,2,2,2
C-clinical-11-00675#7,1,2,2,2,2,1,1,2,2,2,2,2,2,2,2,2,2,2,2,2,2,2,2,2,2,0,1,2,2
C-clinical-11-00675#8,2,0,2,0,2,0,2,0,2,2,2,2,2,2,2,2,2,2,2,2,2,2,2,2,2,2,2,2,2
C-clinical-11-00675#9,2,2,2,2,2,2,2,2,2,2,2,0,2,2,2,2,2,2,2,0,2,2,2,2,2,2,2,2,2
C-clinical-11-00678#0,0,2,2,2,2,2,2,2,2,2,2,0,0,2,2,1,1,2,2,2,2,2,2,2,2,2,2,2,2
C-clinical-11-00678#1,0,2,2,2,2,2,2,2,2,2,2,1,1,1,1,0,0,2,2,2,2,2,2,2,2,2,2,2,2
C-clinical-11-00678#2,0,2,2,2,2,2,2,2,2,2,2,2,2,2,2,2,2,2,2,2,2,2,2,2,2,2,2,2,2
C-clinical-11-00678#3,0,2,2,2,2,2,2,2,2,2,2,2,2,2,2,2,2,2,2,0,0,2,2,2,2,0,0,2,2
C-clinical-11-00679#0,0,2,2,2,2,2,2,2,2,2,2,1,1,2,2,0,0,2,2,2,2,2,2,2,2,2,2,2,2
C-clinical-11-00679#1,0,2,2,2,2,2,2,2,2,2,2,2,2,2,2,0,0,0,0,2,2,2,2,2,2,2,2,2,2
C-clinical-11-00679#10,0,2,2,2,2,2,2,2,2,2,2,0,0,2,2,0,0,2,2,2,2,2,2,0,2,0,2,2,2
C-clinical-11-00679#11,2,2,2,2,2,0,2,2,2,2,2,2,2,2,2,2,2,0,2,2,2,2,2,2,2,2,2,2,2
C-clinical-11-00679#12,2,2,2,2,2,2,2,2,2,2,2,0,2,2,2,2,2,2,2,0,2,2,2,2,2,2,2,2,2
C-clinical-11-00679#13,2,2,2,2,2,2,2,2,2,2,2,2,2,2,2,2,2,2,2,0,2,2,2,2,2,2,2,2,2
C-clinical-11-00679#2,0,2,2,2,2,1,1,2,2,1,1,0,0,2,2,1,1,2,2,1,1,2,2,2,2,2,2,2,2
C-clinical-11-00679#3,0,2,2,2,2,2,2,2,2,2,2,0,0,2,2,0,0,2,2,2,2,2,2,0,2,0,2,2,2
C-clinical-11-00679#4,0,2,2,1,1,0,0,1,1,2,2,0,0,0,0,0,0,2,2,1,1,1,1,1,1,1,1,1,1
C-clinical-11-00679#5,0,2,2,2,2,1,1,2,2,1,1,0,0,2,2,1,1,2,2,1,1,2,2,2,2,2,2,2,2
C-clinical-11-00679#6,2,2,2,2,2,2,2,2,2,2,2,1,2,2,2,1,2,2,2,2,2,2,2,2,2,2,2,2,2
C-clinical-11-00679#7,2,2,2,2,2,2,2,2,2,2,2,2,2,2,2,2,2,2,2,2,2,2,2,2,2,2,2,2,2
C-clinical-11-00679#8,2,2,2,1,2,1,2,1,2,1,2,1,2,1,2,1,2,0,2,2,2,1,2,0,2,1,2,1,2
C-clinical-11-00679#9,2,2,2,2,2,2,2,2,2,2,2,2,2,2,2,2,2,2,2,0,2,2,2,2,2,2,2,2,2
C-clinical-11-00680#0,2,2,2,2,2,2,2,2,2,2,2,2,2,0,2,0,2,2,2,2,2,2,2,2,2,2,2,2,2
C-clinical-11-00680#1,2,2,2,2,2,2,2,2,2,2,2,2,2,0,2,0,2,2,2,2,2,2,2,2,2,2,2,2,2
C-clinical-11-00680#2,2,2,2,2,2,2,2,2,2,2,2,0,2,2,2,0,2,2,2,2,2,2,2,2,2,2,2,2,2
C-clinical-11-00680#3,2,2,2,2,2,2,2,2,2,2,2,0,2,2,2,0,2,2,2,2,2,2,2,2,2,2,2,2,2
C-clinical-11-00680#4,1,2,2,2,2,2,2,2,2,2,2,1,1,1,1,1,1,2,2,1,1,2,2,2,2,0,1,2,2
C-clinical-11-00680#5,2,2,2,2,2,2,2,2,2,1,2,0,2,1,2,1,2,2,2,2,2,0,2,1,2,1,2,1,2
C-clinical-11-00681#1,2,2,2,2,2,2,2,2,2,2,2,2,2,2,2,1,2,2,2,2,2,2,2,2,2,1,2,2,2
C-clinical-11-00681#10,2,2,2,2,2,2,2,2,2,2,2,2,2,1,2,0,2,2,2,2,2,2,2,2,2,2,2,2,2
C-clinical-11-00681#11,2,2,2,2,2,2,2,2,2,2,2,0,2,0,2,2,2,2,2,2,2,2,2,0,2,0,2,2,2
C-clinical-11-00681#12,2,2,2,2,2,2,2,2,2,2,2,0,2,2,2,2,2,2,2,2,2,2,2,2,2,2,2,2,2
C-clinical-11-00681#2,2,2,2,2,2,2,2,2,2,2,2,0,2,2,2,0,2,2,2,2,2,2,2,2,2,2,2,2,2
C-clinical-11-00681#3,2,2,2,2,2,2,2,2,2,2,2,2,2,2,2,2,2,2,2,2,2,2,2,0,2,2,2,2,2
C-clinical-11-00681#4,2,2,2,2,2,2,2,2,2,2,2,0,2,2,2,2,2,2,2,2,2,2,2,2,2,2,2,2,2
C-clinical-11-00681#5,2,2,2,2,2,2,2,2,2,2,2,2,2,2,2,2,2,2,2,2,2,2,2,2,2,0,2,2,2
C-clinical-11-00681#6,2,2,2,2,2,2,2,2,2,1,2,1,2,1,2,1,2,2,2,2,2,2,2,2,2,2,2,2,2
C-clinical-11-00681#7,2,2,2,2,2,2,2,2,2,2,2,2,2,2,2,2,2,2,2,0,2,2,2,2,2,2,2,2,2
C-clinical-11-00681#8,2,2,2,2,2,2,2,2,2,2,2,0,2,2,2,2,2,2,2,0,2,2,2,1,2,2,2,2,2
C-clinical-11-00681#9,0,2,2,2,2,1,1,2,2,2,2,0,0,2,2,1,1,2,2,0,0,2,2,2,2,2,2,1,1
C-clinical-11-00682#0,0,2,2,2,2,2,2,2,2,2,2,2,2,2,2,2,2,2,2,2,2,2,2,2,2,2,2,2,2
C-clinical-11-00682#1,1,1,1,1,1,1,1,1,1,0,1,0,1,2,2,1,1,0,1,2,2,1,1,1,1,2,2,1,1
C-clinical-11-00682#2,0,2,2,2,2,2,2,2,2,2,2,2,2,2,2,2,2,2,2,2,2,2,2,2,2,0,2,2,2
C-clinical-11-00682#3,0,2,2,2,2,2,2,2,2,2,2,2,2,2,2,2,2,2,2,2,2,2,2,0,0,0,0,2,2
C-clinical-11-00682#4,0,2,2,2,2,2,2,2,2,1,1,2,2,2,2,2,2,0,0,0,0,2,2,2,2,2,2,2,2
C-clinical-11-00682#5,2,2,2,2,2,2,2,2,2,2,2,2,2,2,2,2,2,2,2,2,2,2,2,2,2,2,2,2,2
C-clinical-11-00682#6,0,2,2,2,2,2,2,2,2,2,2,2,2,2,2,2,2,2,2,2,2,2,2,0,0,0,0,2,2
C-clinical-11-00682#7,2,2,2,2,2,2,2,2,2,2,2,2,2,2,2,2,2,2,2,2,2,2,2,2,2,2,2,2,2
C-clinical-11-00682#8,0,2,2,2,2,2,2,2,2,1,1,0,0,2,2,2,2,2,2,0,0,2,2,2,2,2,2,2,2
C-clinical-11-00683#0,0,2,2,2,2,2,2,2,2,2,2,2,2,0,0,2,2,2,2,2,2,2,2,2,2,2,2,2,2
C-clinical-11-00683#1,0,2,2,2,2,2,2,2,2,2,2,0,2,0,0,0,2,2,2,2,2,2,2,2,2,2,2,2,2
C-clinical-11-00683#2,0,2,2,1,1,1,1,1,1,2,2,0,0,0,0,0,0,1,1,1,1,1,1,1,1,1,1,0,0
C-clinical-11-00685#0,0,2,2,2,2,2,2,2,2,2,2,0,1,1,1,0,1,2,2,2,2,2,2,2,2,2,2,2,2
C-clinical-11-00685#1,0,2,2,2,2,2,2,2,2,2,2,2,2,0,0,2,2,2,2,2,2,2,2,2,2,2,2,2,2
C-clinical-11-00685#2,0,2,2,2,2,2,2,2,2,2,2,0,0,0,0,0,0,2,2,2,2,2,2,2,2,2,2,2,2
C-clinical-11-00687#0,0,2,2,2,2,2,2,2,2,2,2,2,2,0,0,2,2,2,2,2,2,2,2,2,2,2,2,2,2
C-clinical-11-00687#1,0,2,2,2,2,2,2,2,2,2,2,2,2,2,2,2,2,2,2,2,2,2,2,2,2,0,2,2,2
C-clinical-11-00687#2,0,2,2,2,2,1,1,1,1,2,2,0,1,0,0,0,1,2,2,2,2,1,1,2,2,1,1,2,2
C-clinical-11-00687#3,2,2,2,2,2,2,2,2,2,2,2,1,2,2,2,1,2,2,2,2,2,2,2,2,2,2,2,2,2
C-clinical-11-00688#0,0,2,2,2,2,2,2,2,2,2,2,2,2,0,0,2,2,2,2,2,2,2,2,2,2,2,2,2,2
C-clinical-11-00688#1,0,2,2,2,2,2,2,2,2,2,2,2,2,2,2,2,2,2,2,2,2,2,2,2,2,2,2,2,2
C-clinical-11-00688#10,0,2,2,2,2,0,0,2,2,2,2,0,0,2,2,2,2,0,0,0,0,2,2,2,2,2,2,2,2
C-clinical-11-00688#12,2,2,2,2,2,2,2,2,2,2,2,2,2,2,2,2,2,2,2,2,2,2,2,2,2,0,2,2,2
C-clinical-11-00688#2,0,2,2,2,2,2,2,2,2,2,2,0,0,2,2,2,2,2,2,2,2,2,2,2,2,2,2,2,2
C-clinical-11-00688#3,2,2,2,2,2,2,2,2,2,2,2,2,2,2,2,2,2,2,2,2,2,2,2,2,2,2,2,2,2
C-clinical-11-00688#4,0,2,2,2,2,2,2,2,2,2,2,2,2,2,2,0,2,2,2,2,2,2,2,2,2,0,2,2,2
C-clinical-11-00688#5,0,2,2,2,2,0,0,2,2,2,2,0,0,2,2,2,2,2,2,0,0,2,2,2,2,2,2,2,2
C-clinical-11-00688#6,0,2,2,2,2,2,2,2,2,2,2,0,0,2,2,2,2,2,2,2,2,2,2,2,2,2,2,2,2
C-clinical-11-00688#7,1,1,1,1,1,1,1,1,1,1,1,1,1,1,1,1,1,0,1,0,1,1,1,1,1,1,1,1,1
C-clinical-11-00688#8,2,2,2,2,2,2,2,2,2,2,2,0,2,0,2,0,2,2,2,2,2,2,2,2,2,2,2,2,2
C-clinical-11-00688#9,0,2,2,2,2,2,2,2,2,2,2,0,2,0,0,0,2,0,2,2,2,2,2,2,2,2,2,2,2
C-clinical-11-00690#0,0,2,2,2,2,2,2,2,2,2,2,1,1,2,2,1,1,2,2,2,2,2,2,2,2,2,2,2,2
C-clinical-11-00690#1,0,2,2,1,1,1,1,1,1,2,2,0,0,2,2,1,1,1,1,1,1,2,2,2,2,2,2,2,2
C-clinical-11-00690#2,1,2,2,2,2,1,1,2,2,1,1,0,1,1,1,1,1,2,2,0,1,2,2,2,2,2,2,2,2
C-clinical-11-00690#3,2,2,2,2,2,2,2,2,2,2,2,2,2,2,2,2,2,2,2,2,2,2,2,2,2,2,2,2,2
C-clinical-11-00690#4,0,2,2,2,2,2,2,2,2,2,2,2,2,2,2,0,0,2,2,2,2,0,0,2,2,2,2,0,0
C-clinical-11-00690#5,2,2,2,2,2,2,2,2,2,2,2,2,2,2,2,2,2,2,2,2,2,2,2,2,2,2,2,2,2
C-clinical-11-00690#6,1,2,2,2,2,1,1,2,2,1,1,0,1,1,1,1,1,2,2,1,1,2,2,2,2,0,1,2,2
C-clinical-11-00690#7,2,2,2,2,2,2,2,2,2,2,2,2,2,0,2,0,2,2,2,2,2,2,2,2,2,2,2,2,2
C-clinical-11-00690#8,2,2,2,2,2,2,2,2,2,1,2,0,2,1,2,1,2,2,2,2,2,0,2,1,2,1,2,1,2
C-clinical-11-00690#9,0,2,2,2,2,2,2,2,2,2,2,2,2,2,2,2,2,2,2,1,1,2,2,0,0,0,0,2,2
C-clinical-11-00692#1,2,2,2,2,2,2,2,2,2,2,2,0,2,2,2,2,2,2,2,2,2,2,2,2,2,2,2,2,2
C-clinical-11-00692#10,1,2,2,2,2,2,2,2,2,2,2,2,2,2,2,2,2,2,2,2,2,2,2,2,2,2,2,2,2
C-clinical-11-00692#11,2,2,2,2,2,2,2,2,2,2,2,2,2,2,2,2,2,0,2,1,2,2,2,2,2,2,2,2,2
C-clinical-11-00692#12,0,2,2,2,2,2,2,2,2,2,2,0,0,0,0,2,2,2,2,0,0,2,2,2,2,2,2,2,2
C-clinical-11-00692#13,2,2,2,2,2,2,2,2,2,2,2,0,2,2,2,2,2,2,2,2,2,2,2,0,2,0,2,2,2
C-clinical-11-00692#14,1,2,2,2,2,2,2,2,2,2,2,2,2,2,2,2,2,2,2,2,2,2,2,2,2,2,2,2,2
C-clinical-11-00692#2,2,2,2,2,2,2,2,2,2,2,2,0,2,2,2,0,2,2,2,2,2,2,2,2,2,1,2,2,2
C-clinical-11-00692#3,2,2,2,2,2,2,2,2,2,2,2,0,2,2,2,0,2,2,2,2,2,2,2,0,2,2,2,2,2
C-clinical-11-00692#4,2,2,2,2,2,2,2,2,2,2,2,2,2,2,2,2,2,2,2,2,2,2,2,2,2,2,2,2,2
C-clinical-11-00692#5,1,1,1,1,1,0,1,1,1,0,1,0,1,1,1,1,1,0,1,2,2,2,2,2,2,2,2,2,2
C-clinical-11-00692#6,2,2,2,2,2,1,2,2,2,2,2,0,2,2,2,2,2,2,2,0,2,2,2,2,2,2,2,2,2
C-clinical-11-00692#7,0,2,2,2,2,1,1,2,2,2,2,2,2,2,2,2,2,2,2,0,0,2,2,2,2,0,0,2,2
C-clinical-11-00692#8,2,2,2,2,2,2,2,2,2,2,2,1,2,2,2,1,2,2,2,2,2,2,2,2,2,2,2,2,2
C-clinical-11-00695#0,0,2,2,2,2,2,2,2,2,2,2,0,2,1,1,0,2,2,2,2,2,2,2,2,2,2,2,2,2
C-clinical-11-00695#1,0,2,2,2,2,2,2,2,2,2,2,2,2,2,2,2,2,0,2,2,2,2,2,2,2,0,2,2,2
C-clinical-11-00695#2,2,2,2,2,2,2,2,2,2,2,2,2,2,2,2,2,2,2,2,2,2,2,2,2,2,2,2,2,2
C-clinical-11-00695#3,0,2,2,2,2,2,2,2,2,2,2,2,2,2,2,0,0,2,2,2,2,2,2,0,2,0,2,2,2
C-clinical-11-00695#4,2,2,2,2,2,2,2,2,2,1,2,0,2,1,2,1,2,0,2,2,2,0,2,1,2,1,2,1,2
C-clinical-11-00695#5,2,2,2,2,2,2,2,2,2,1,2,1,2,1,2,0,2,0,2,2,2,2,2,2,2,2,2,2,2
C-clinical-11-00696#0,0,2,2,2,2,2,2,2,2,2,2,2,2,1,1,0,0,2,2,2,2,2,2,2,2,2,2,2,2
C-clinical-11-00696#1,1,1,1,1,1,1,1,1,1,0,1,0,1,1,1,1,1,0,1,2,2,1,1,1,1,1,1,1,1
C-clinical-11-00696#10,0,2,2,2,2,2,2,2,2,2,2,0,0,2,2,2,2,2,2,0,0,2,2,2,2,2,2,2,2
C-clinical-11-00696#2,2,2,2,2,2,2,2,2,2,2,2,2,2,2,2,1,2,2,2,2,2,2,2,2,2,2,2,0,2
C-clinical-11-00696#4,2,2,2,2,2,2,2,2,2,2,2,0,2,2,2,2,2,2,2,2,2,2,2,2,2,2,2,2,2
C-clinical-11-00696#5,1,1,1,1,1,1,1,1,1,2,2,0,1,0,1,0,1,1,1,1,1,1,1,1,1,1,1,1,1
C-clinical-11-00696#6,2,2,2,2,2,2,2,2,2,2,2,1,2,2,2,2,2,2,2,2,2,2,2,2,2,2,2,2,2
C-clinical-11-00696#7,0,2,2,2,2,2,2,2,2,2,2,0,2,2,2,0,0,2,2,2,2,2,2,0,2,0,2,2,2
C-clinical-11-00696#8,2,2,2,2,2,2,2,2,2,2,2,2,2,2,2,2,2,2,2,2,2,2,2,2,2,2,2,2,2
C-clinical-11-00696#9,0,2,2,2,2,2,2,2,2,2,2,2,2,2,2,2,2,2,2,0,0,2,2,2,2,2,2,2,2
C-clinical-11-00700#1,2,2,2,2,2,2,2,2,2,2,2,0,2,2,2,2,2,2,2,2,2,2,2,2,2,2,2,2,2
C-clinical-11-00700#10,0,2,2,2,2,1,1,2,2,2,2,2,2,2,2,2,2,2,2,0,0,2,2,0,0,0,0,2,2
C-clinical-11-00700#11,2,2,2,2,2,2,2,2,2,2,2,2,2,2,2,0,2,2,2,2,2,2,2,2,2,2,2,2,2
C-clinical-11-00700#2,2,2,2,2,2,2,2,2,2,2,2,2,2,2,2,2,2,2,2,2,2,2,2,2,2,2,2,2,2
C-clinical-11-00700#3,2,2,2,2,2,2,2,2,2,2,2,2,2,2,2,2,2,2,2,2,2,2,2,2,2,2,2,2,2
C-clinical-11-00700#4,0,2,2,2,2,2,2,2,2,2,2,2,2,2,2,2,2,2,2,2,2,2,2,2,2,2,2,2,2
C-clinical-11-00700#5,0,2,2,2,2,1,1,2,2,2,2,2,2,2,2,2,2,2,2,0,0,2,2,0,0,2,2,2,2
C-clinical-11-00700#6,2,2,2,2,2,2,2,2,2,2,2,2,2,2,2,2,2,2,2,2,2,2,2,2,2,2,2,2,2
C-clinical-11-00700#7,0,2,2,2,2,0,0,2,2,0,0,0,0,2,2,2,2,2,2,0,0,2,2,2,2,2,2,2,2
C-clinical-11-00700#8,0,2,2,1,1,0,0,2,2,1,1,0,0,2,2,2,2,2,2,0,0,2,2,2,2,2,2,2,2
C-clinical-11-00700#9,2,2,2,2,2,1,2,2,2,2,2,2,2,2,2,2,2,2,2,2,2,2,2,2,2,2,2,2,2
C-clinical-11-00703#0,0,2,2,2,2,2,2,2,2,2,2,1,1,0,0,2,2,2,2,2,2,2,2,2,2,2,2,2,2
C-clinical-11-00703#1,0,2,2,2,2,2,2,2,2,2,2,0,0,0,0,0,2,2,2,2,2,2,2,0,2,0,2,2,2
C-clinical-11-00703#2,0,2,2,1,1,1,1,1,1,2,2,0,0,0,0,0,0,0,0,1,1,1,1,0,0,0,0,1,1
C-clinical-11-00703#3,0,2,2,2,2,2,2,2,2,2,2,2,2,2,2,2,2,2,2,2,2,2,2,0,2,0,2,0,2
C-clinical-11-00710#0,0,2,2,2,2,2,2,2,2,2,2,0,0,0,0,0,0,2,2,2,2,2,2,2,2,2,2,2,2
C-clinical-11-00710#1,0,2,2,2,2,2,2,2,2,2,2,0,0,0,0,0,0,2,2,2,2,2,2,2,2,0,2,2,2
C-clinical-11-00710#2,0,2,2,2,2,2,2,2,2,2,2,0,0,2,2,2,2,2,2,2,2,2,2,2,2,2,2,2,2
C-clinical-11-00710#3,1,2,2,2,2,1,1,1,1,2,2,2,2,2,2,2,2,2,2,2,2,2,2,2,2,0,1,2,2
C-clinical-11-00710#4,2,2,2,2,2,2,2,2,2,1,2,0,2,1,2,1,2,2,2,2,2,0,2,1,2,0,2,1,2
C-clinical-11-00710#5,2,2,2,2,2,2,2,2,2,1,2,0,2,0,2,0,2,2,2,2,2,2,2,2,2,2,2,2,2
C-clinical-11-00710#6,2,2,2,2,2,2,2,2,2,2,2,2,2,2,2,2,2,2,2,2,2,2,2,2,2,2,2,2,2
C-clinical-11-00710#7,2,2,2,2,2,2,2,2,2,2,2,2,2,2,2,2,2,2,2,2,2,2,2,2,2,2,2,2,2
C-clinical-11-00710#8,0,2,2,2,2,2,2,2,2,2,2,2,2,2,2,2,2,2,2,2,2,2,2,2,2,0,0,2,2
C-clinical-11-00712#0,0,2,2,2,2,2,2,2,2,2,2,1,2,0,0,1,1,2,2,2,2,2,2,2,2,2,2,2,2
C-clinical-11-00712#1,0,2,2,2,2,2,2,2,2,2,2,0,0,2,2,2,2,2,2,2,2,2,2,2,2,0,0,0,0
C-clinical-11-00712#2,0,2,2,2,2,2,2,2,2,2,2,2,2,0,0,0,2,0,2,2,2,2,2,0,2,2,2,2,2
C-clinical-11-00712#3,0,2,2,2,2,2,2,2,2,2,2,2,2,2,2,1,1,2,2,0,0,2,2,2,2,2,2,2,2
C-clinical-11-00712#4,2,2,2,2,2,2,2,2,2,2,2,2,2,2,2,2,2,2,2,2,2,2,2,2,2,2,2,2,2
C-clinical-11-00713#0,2,2,2,2,2,2,2,2,2,2,2,2,2,2,2,2,2,2,2,2,2,2,2,2,2,2,2,2,2
C-clinical-11-00713#1,2,2,2,2,2,2,2,2,2,2,2,2,2,2,2,0,2,2,2,2,2,2,2,2,2,2,2,0,2
C-clinical-11-00713#2,0,2,2,2,2,0,0,2,2,2,2,2,2,2,2,2,2,2,2,0,0,2,2,2,2,2,2,0,0
C-clinical-11-00713#3,0,2,2,2,2,2,2,2,2,2,2,2,2,2,2,0,0,2,2,0,0,2,2,2,2,2,2,0,0
C-clinical-11-00713#4,0,2,2,2,2,2,2,2,2,2,2,0,0,2,2,1,1,2,2,0,0,2,2,2,2,2,2,2,2
C-clinical-11-00713#5,1,2,2,2,2,1,1,2,2,2,2,2,2,2,2,1,1,2,2,1,1,2,2,1,1,2,2,1,1
C-clinical-11-00713#6,2,2,2,2,2,2,2,2,2,2,2,0,2,2,2,1,2,2,2,2,2,0,2,0,2,0,2,0,2
C-clinical-11-00713#7,2,2,2,2,2,2,2,2,2,2,2,0,2,2,2,2,2,2,2,0,2,2,2,2,2,2,2,2,2
C-clinical-11-00713#8,0,2,2,2,2,1,1,2,2,2,2,0,0,2,2,1,1,2,2,1,1,2,2,2,2,2,2,2,2
C-clinical-11-00713#9,0,2,2,2,2,1,1,2,2,2,2,2,2,2,2,2,2,2,2,1,1,2,2,2,2,2,2,2,2
C-clinical-11-00714#0,0,2,2,2,2,2,2,2,2,2,2,2,2,0,0,0,0,2,2,2,2,2,2,2,2,2,2,2,2
C-clinical-11-00714#1,0,2,2,2,2,2,2,2,2,2,2,0,0,2,2,2,2,2,2,0,0,2,2,2,2,2,2,2,2
C-clinical-11-00714#10,2,2,2,2,2,0,2,2,2,2,2,2,2,2,2,2,2,2,2,2,2,2,2,2,2,2,2,2,2
C-clinical-11-00714#11,0,2,2,2,2,0,0,2,2,1,1,0,0,2,2,1,1,2,2,1,1,2,2,2,2,2,2,2,2
C-clinical-11-00714#12,2,2,2,2,2,0,2,2,2,2,2,2,2,2,2,1,2,2,2,2,2,2,2,2,2,2,2,2,2
C-clinical-11-00714#2,0,2,2,2,2,2,2,2,2,2,2,0,2,0,0,0,0,2,2,2,2,2,2,0,2,0,2,2,2
C-clinical-11-00714#3,2,2,2,2,2,2,2,2,2,2,2,2,2,2,2,2,2,2,2,0,2,2,2,2,2,2,2,2,2
C-clinical-11-00714#4,1,2,2,2,2,1,1,2,2,1,1,1,1,1,1,1,1,2,2,1,1,2,2,1,1,0,1,2,2
C-clinical-11-00714#5,0,2,2,2,2,2,2,2,2,0,2,0,2,0,0,0,0,2,2,2,2,2,2,0,2,0,2,2,2
C-clinical-11-00714#6,2,2,2,2,2,2,2,2,2,2,2,0,2,2,2,1,2,2,2,2,2,2,2,2,2,2,2,2,2
C-clinical-11-00714#7,2,2,2,2,2,2,2,2,2,1,2,0,2,1,2,1,2,2,2,2,2,0,2,1,2,1,2,1,2
C-clinical-11-00714#8,2,1,2,1,2,0,2,1,2,2,2,0,2,2,2,2,2,2,2,2,2,2,2,2,2,2,2,2,2
C-clinical-11-00714#9,2,2,2,2,2,2,2,2,2,1,2,0,2,0,2,0,2,2,2,2,2,2,2,2,2,2,2,2,2
C-clinical-11-00718#0,0,2,2,2,2,2,2,2,2,2,2,1,2,0,0,1,1,2,2,2,2,2,2,2,2,2,2,2,2
C-clinical-11-00718#1,0,2,2,2,2,2,2,2,2,2,2,2,2,0,0,2,2,2,2,2,2,2,2,2,2,2,2,2,2
C-clinical-11-00718#2,0,2,2,2,2,2,2,2,2,2,2,2,2,0,0,0,0,2,2,2,2,2,2,2,2,2,2,2,2
C-clinical-11-00718#3,0,2,2,2,2,2,2,2,2,2,2,2,2,2,2,0,0,2,2,2,2,2,2,2,2,2,2,2,2
C-clinical-11-00718#4,1,2,2,2,2,2,2,2,2,2,2,1,1,1,1,1,1,2,2,0,1,2,2,2,2,0,1,2,2
C-clinical-11-00718#5,0,2,2,2,2,2,2,2,2,2,2,2,2,2,2,2,2,2,2,2,2,2,2,2,2,0,0,2,2
C-clinical-11-00718#6,2,0,2,0,2,0,2,0,2,2,2,0,2,2,2,2,2,0,2,2,2,2,2,2,2,2,2,2,2
C-clinical-11-00718#7,0,2,2,2,2,2,2,2,2,2,2,2,2,2,2,0,0,2,2,2,2,2,2,2,2,2,2,2,2
C-clinical-11-00720#0,0,2,2,2,2,2,2,2,2,2,2,2,2,0,0,1,2,2,2,2,2,2,2,2,2,2,2,2,2
C-clinical-11-00720#1,0,2,2,2,2,2,2,2,2,2,2,2,2,0,0,2,2,2,2,2,2,2,2,2,2,2,2,2,2
C-clinical-11-00720#3,2,2,2,2,2,2,2,2,2,2,2,0,2,2,2,2,2,2,2,2,2,2,2,2,2,2,2,2,2
C-clinical-11-00720#4,1,1,1,1,1,0,1,1,1,0,1,0,1,1,1,0,1,0,1,2,2,2,2,2,2,2,2,2,2
C-clinical-11-00720#5,2,2,2,2,2,2,2,2,2,2,2,2,2,2,2,1,2,2,2,2,2,2,2,2,2,2,2,2,2
C-clinical-11-00720#6,0,2,2,2,2,2,2,2,2,0,2,2,2,2,2,0,2,2,2,2,2,2,2,2,2,0,2,2,2
C-clinical-11-00720#7,0,2,2,2,2,0,0,2,2,2,2,0,0,2,2,2,2,2,2,0,0,2,2,2,2,2,2,2,2
C-clinical-11-00720#8,0,2,2,2,2,2,2,2,2,2,2,0,0,2,2,2,2,2,2,2,2,2,2,2,2,0,0,2,2
C-clinical-11-00722#0,0,2,2,2,2,2,2,2,2,2,2,2,2,2,2,0,0,2,2,2,2,2,2,2,2,2,2,2,2
C-clinical-11-00722#1,0,2,2,2,2,2,2,2,2,2,2,2,2,2,2,0,0,0,0,2,2,2,2,2,2,2,2,2,2
C-clinical-11-00722#10,0,2,2,2,2,2,2,2,2,2,2,0,0,2,2,2,2,2,2,0,0,2,2,2,2,2,2,2,2
C-clinical-11-00722#11,2,2,2,2,2,2,2,2,2,2,2,0,2,2,2,2,2,2,2,0,2,2,2,2,2,2,2,2,2
C-clinical-11-00722#12,2,2,2,2,2,0,2,2,2,2,2,2,2,2,2,2,2,2,2,0,2,2,2,2,2,2,2,2,2
C-clinical-11-00722#2,0,2,2,2,2,2,2,2,2,2,2,2,2,2,2,0,0,0,0,2,2,2,2,2,2,2,2,2,2
C-clinical-11-00722#3,2,2,2,2,2,1,2,2,2,2,2,2,2,2,2,2,2,2,2,2,2,2,2,2,2,2,2,2,2
C-clinical-11-00722#4,0,2,2,2,2,2,2,2,2,2,2,2,2,2,2,2,2,2,2,0,0,2,2,2,2,2,2,2,2
C-clinical-11-00722#5,0,2,2,2,2,2,2,2,2,2,2,2,2,2,2,2,2,2,2,2,2,2,2,0,0,2,2,2,2
C-clinical-11-00722#6,2,2,2,1,2,2,2,2,2,1,2,0,2,1,2,0,2,0,2,2,2,2,2,0,2,2,2,2,2
C-clinical-11-00722#7,0,2,2,2,2,1,1,2,2,1,1,2,2,2,2,1,1,2,2,1,1,2,2,2,2,2,2,2,2
C-clinical-11-00722#8,0,1,1,1,1,1,1,1,1,1,1,0,0,1,1,1,1,1,1,1,1,2,2,2,2,0,0,1,1
C-clinical-11-00722#9,0,1,1,1,1,1,1,1,1,1,1,0,0,1,1,1,1,2,2,1,1,2,2,2,2,0,0,1,1
C-clinical-11-00723#0,0,2,2,2,2,2,2,2,2,2,2,2,2,2,2,2,2,2,2,2,2,2,2,2,2,2,2,2,2
C-clinical-11-00723#1,2,2,2,2,2,2,2,2,2,2,2,2,2,2,2,2,2,2,2,2,2,2,2,2,2,2,2,2,2
C-clinical-11-00723#10,1,1,1,1,1,1,1,1,1,1,1,0,1,1,1,1,1,0,1,1,1,1,1,1,1,1,1,1,1
C-clinical-11-00723#11,2,2,2,2,2,2,2,2,2,1,2,2,2,0,2,1,2,2,2,2,2,2,2,2,2,2,2,2,2
C-clinical-11-00723#2,0,2,2,2,2,2,2,2,2,2,2,2,2,2,2,0,2,2,2,2,2,2,2,2,2,0,2,2,2
C-clinical-11-00723#3,0,2,2,2,2,2,2,2,2,2,2,0,0,2,2,2,2,2,2,2,2,2,2,2,2,2,2,2,2
C-clinical-11-00723#4,0,2,2,2,2,2,2,2,2,2,2,0,0,2,2,2,2,2,2,2,2,2,2,2,2,2,2,2,2
C-clinical-11-00723#5,0,2,2,2,2,2,2,2,2,2,2,0,0,2,2,2,2,2,2,2,2,2,2,2,2,2,2,2,2
C-clinical-11-00723#6,2,2,2,2,2,2,2,2,2,1,2,0,2,1,2,1,2,0,2,2,2,0,2,2,2,1,2,1,2
C-clinical-11-00723#7,2,2,2,2,2,2,2,2,2,1,2,2,2,0,2,0,2,2,2,2,2,2,2,2,2,2,2,2,2
C-clinical-11-00723#8,0,2,2,2,2,2,2,2,2,2,2,2,2,2,2,2,2,2,2,0,0,2,2,2,2,2,2,2,2
C-clinical-11-00723#9,0,2,2,2,2,0,0,2,2,2,2,0,0,2,2,2,2,2,2,0,0,2,2,2,2,2,2,2,2
C-clinical-11-00725#0,0,2,2,2,2,2,2,2,2,2,2,2,2,1,1,1,1,2,2,2,2,2,2,2,2,2,2,2,2
C-clinical-11-00725#1,0,2,2,2,2,2,2,2,2,2,2,2,2,2,2,0,0,2,2,2,2,2,2,0,2,2,2,2,2
C-clinical-11-00725#10,0,1,1,1,1,0,0,1,1,2,2,0,0,0,0,0,0,0,0,1,1,1,1,1,1,1,1,0,0
C-clinical-11-00725#11,0,2,2,2,2,2,2,2,2,1,1,1,1,2,2,1,1,2,2,1,1,2,2,1,1,2,2,2,2
C-clinical-11-00725#12,0,2,2,2,2,2,2,2,2,2,2,2,2,2,2,2,2,0,0,2,2,2,2,2,2,2,2,2,2
C-clinical-11-00725#2,0,2,2,2,2,2,2,2,2,2,2,2,2,2,2,2,2,2,2,1,1,2,2,2,2,0,0,2,2
C-clinical-11-00725#3,0,2,2,2,2,2,2,2,2,2,2,2,2,2,2,2,2,2,2,2,2,2,2,2,2,2,2,2,2
C-clinical-11-00725#4,0,2,2,2,2,1,1,1,1,2,2,1,1,0,0,0,0,2,2,2,2,1,1,0,1,1,1,2,2
C-clinical-11-00725#5,0,2,2,2,2,2,2,2,2,2,2,2,2,2,2,2,2,2,2,0,0,2,2,2,2,2,2,2,2
C-clinical-11-00725#6,2,2,2,2,2,2,2,2,2,2,2,2,2,2,2,2,2,2,2,2,2,2,2,2,2,2,2,2,2
C-clinical-11-00725#7,2,2,2,2,2,2,2,2,2,2,2,2,2,2,2,2,2,2,2,2,2,2,2,2,2,2,2,2,2
C-clinical-11-00725#8,0,2,2,2,2,2,2,2,2,2,2,0,2,0,0,0,0,2,2,2,2,2,2,0,2,2,2,2,2
C-clinical-11-00725#9,0,2,2,2,2,2,2,2,2,2,2,2,2,2,2,2,2,2,2,0,0,2,2,2,2,0,0,2,2
C-clinical-11-00726#0,0,2,2,2,2,2,2,2,2,2,2,2,2,1,1,0,0,2,2,2,2,2,2,1,1,2,2,2,2
C-clinical-11-00726#1,1,1,1,2,2,1,1,1,1,1,1,0,1,1,1,1,1,2,2,1,1,2,2,2,2,2,2,2,2
C-clinical-11-00726#10,0,2,2,2,2,2,2,2,2,2,2,0,0,2,2,2,2,2,2,0,0,2,2,2,2,2,2,2,2
C-clinical-11-00726#11,2,2,2,1,2,0,2,1,2,1,2,0,2,1,2,1,2,0,2,2,2,0,2,1,2,1,2,1,2
C-clinical-11-00726#2,1,2,2,1,1,1,1,1,1,2,2,0,1,0,1,0,1,2,2,1,1,1,1,1,1,1,1,1,1
C-clinical-11-00726#3,0,2,2,2,2,2,2,2,2,2,2,2,2,2,2,2,2,2,2,0,0,2,2,2,2,2,2,2,2
C-clinical-11-00726#4,0,2,2,2,2,2,2,2,2,2,2,2,2,2,2,2,2,2,2,0,0,2,2,2,2,2,2,2,2
C-clinical-11-00726#5,1,2,2,2,2,2,2,2,2,2,2,2,2,2,2,2,2,2,2,0,1,2,2,2,2,2,2,2,2
C-clinical-11-00726#6,0,2,2,2,2,2,2,2,2,2,2,2,2,2,2,0,0,2,2,2,2,2,2,0,0,0,2,2,2
C-clinical-11-00726#7,2,2,2,2,2,2,2,2,2,1,2,0,2,1,2,1,2,0,2,2,2,0,2,2,2,1,2,1,2
C-clinical-11-00726#8,2,2,2,2,2,2,2,2,2,1,2,1,2,0,2,0,2,2,2,2,2,2,2,2,2,2,2,2,2
C-clinical-11-00726#9,2,2,2,2,2,0,2,2,2,2,2,2,2,2,2,2,2,2,2,2,2,2,2,2,2,2,2,2,2
C-clinical-11-00731#0,0,2,2,2,2,2,2,2,2,2,2,1,1,2,2,0,0,2,2,2,2,2,2,2,2,2,2,2,2
C-clinical-11-00731#1,2,2,2,2,2,2,2,2,2,2,2,0,2,2,2,2,2,2,2,2,2,2,2,2,2,2,2,2,2
C-clinical-11-00731#2,0,2,2,2,2,2,2,2,2,2,2,2,2,0,0,0,0,0,2,2,2,2,2,2,2,0,2,2,2
C-clinical-11-00731#3,0,2,2,2,2,2,2,2,2,2,2,0,0,1,1,0,0,2,2,2,2,2,2,2,2,2,2,2,2
C-clinical-11-00731#4,0,2,2,2,2,2,2,2,2,2,2,0,0,1,1,0,0,2,2,2,2,2,2,1,1,2,2,2,2
C-clinical-11-00731#5,0,2,2,2,2,2,2,2,2,2,2,2,2,2,2,2,2,2,2,0,0,2,2,2,2,2,2,2,2
C-clinical-11-00731#6,2,2,2,2,2,2,2,2,2,2,2,2,2,2,2,2,2,2,2,2,2,2,2,2,2,2,2,2,2
C-clinical-11-00731#7,2,2,2,2,2,1,2,2,2,2,2,2,2,2,2,2,2,2,2,2,2,2,2,2,2,2,2,2,2
C-clinical-11-00731#8,0,2,2,2,2,2,2,2,2,2,2,0,0,2,2,2,2,2,2,0,0,2,2,2,2,2,2,2,2
C-clinical-11-00731#9,2,2,2,2,2,2,2,2,2,2,2,2,2,2,2,2,2,2,2,0,2,2,2,2,2,2,2,2,2
C-clinical-11-00733#0,2,2,2,2,2,2,2,2,2,2,2,2,2,1,2,0,2,2,2,2,2,2,2,2,2,2,2,2,2
C-clinical-11-00733#1,2,2,2,2,2,2,2,2,2,2,2,2,2,0,2,0,2,2,2,2,2,2,2,2,2,2,2,2,2
C-clinical-11-00733#2,2,2,2,2,2,2,2,2,2,2,2,2,2,2,2,2,2,2,2,2,2,2,2,2,2,2,2,2,2
C-clinical-11-00733#3,1,2,2,1,1,1,1,0,1,2,2,0,1,1,1,1,1,2,2,1,1,2,2,2,2,0,1,1,1
C-clinical-11-00733#4,0,2,2,2,2,1,1,1,1,2,2,0,0,2,2,1,1,1,1,2,2,2,2,0,0,0,0,1,1
C-clinical-11-00733#5,0,2,2,2,2,1,1,1,1,1,1,0,0,2,2,1,1,1,1,2,2,2,2,0,0,0,0,2,2
C-clinical-11-00733#6,1,2,2,2,2,1,1,2,2,2,2,2,2,1,1,2,2,2,2,1,1,2,2,1,1,2,2,2,2
C-clinical-11-00733#7,2,2,2,2,2,2,2,2,2,2,2,0,2,2,2,2,2,2,2,0,2,2,2,2,2,2,2,2,2
C-clinical-11-00735#0,0,2,2,2,2,2,2,2,2,2,2,2,2,1,1,1,1,2,2,2,2,2,2,1,2,2,2,2,2
C-clinical-11-00735#1,0,2,2,2,2,2,2,2,2,2,2,2,2,2,2,0,2,2,2,2,2,2,2,2,2,0,2,2,2
C-clinical-11-00735#2,2,2,2,2,2,2,2,2,2,2,2,2,2,2,2,2,2,2,2,2,2,2,2,2,2,2,2,2,2
C-clinical-11-00735#3,2,2,2,2,2,2,2,2,2,2,2,2,2,2,2,2,2,0,2,2,2,2,2,2,2,0,2,2,2
C-clinical-11-00735#4,0,2,2,2,2,2,2,2,2,2,2,2,2,2,2,2,2,2,2,2,2,2,2,2,2,0,2,2,2
C-clinical-11-00735#5,2,2,2,2,2,2,2,2,2,2,2,2,2,2,2,2,2,2,2,0,2,2,2,2,2,2,2,2,2
C-clinical-11-00735#6,2,2,2,2,2,2,2,2,2,1,2,0,2,1,2,1,2,0,2,2,2,0,2,1,2,1,2,1,2
C-clinical-11-00735#7,2,2,2,2,2,2,2,2,2,1,2,0,2,0,2,1,2,2,2,2,2,2,2,2,2,2,2,2,2
C-clinical-11-00735#8,0,2,2,2,2,2,2,2,2,2,2,0,0,0,0,0,0,2,2,2,2,2,2,2,2,2,2,2,2
C-clinical-11-00737#0,0,2,2,2,2,2,2,2,2,2,2,2,2,1,1,1,1,2,2,2,2,2,2,2,2,2,2,2,2
C-clinical-11-00737#10,0,2,2,2,2,2,2,2,2,2,2,2,2,2,2,0,0,2,2,2,2,2,2,0,2,2,2,2,2
C-clinical-11-00737#12,0,2,2,2,2,2,2,2,2,0,0,0,0,2,2,2,2,2,2,0,0,2,2,2,2,2,2,2,2
C-clinical-11-00737#13,0,2,2,2,2,1,1,2,2,2,2,0,0,2,2,1,1,2,2,1,1,2,2,2,2,1,1,2,2
C-clinical-11-00737#14,1,2,2,2,2,2,2,2,2,2,2,2,2,2,2,2,2,0,1,2,2,2,2,1,1,2,2,2,2
C-clinical-11-00737#2,2,2,2,2,2,2,2,2,2,2,2,2,2,2,2,2,2,2,2,2,2,2,2,2,2,2,2,2,2
C-clinical-11-00737#3,0,2,2,2,2,2,2,2,2,2,2,2,2,2,2,0,0,2,2,2,2,2,2,0,2,2,2,2,2
C-clinical-11-00737#4,1,1,1,1,1,0,1,1,1,0,1,0,1,1,1,1,1,0,1,2,2,2,2,2,2,2,2,2,2
C-clinical-11-00737#5,2,2,2,2,2,2,2,2,2,2,2,2,2,2,2,2,2,2,2,2,2,2,2,2,2,2,2,2,2
C-clinical-11-00737#6,0,2,2,2,2,2,2,2,2,2,2,2,2,2,2,0,0,2,2,2,2,2,2,2,2,2,2,2,2
C-clinical-11-00737#7,0,2,2,2,2,1,1,2,2,2,2,0,0,2,2,1,1,1,1,1,1,2,2,2,2,2,2,2,2
C-clinical-11-00737#8,0,2,2,2,2,1,1,2,2,2,2,2,2,2,2,2,2,2,2,0,0,2,2,2,2,0,0,2,2
C-clinical-11-00737#9,2,2,2,2,2,0,2,0,2,2,2,2,2,2,2,2,2,1,2,0,2,2,2,2,2,2,2,2,2
C-clinical-11-00744#0,0,2,2,2,2,2,2,2,2,2,2,2,2,2,2,0,2,2,2,2,2,2,2,2,2,2,2,2,2
C-clinical-11-00744#1,0,2,2,2,2,2,2,2,2,2,2,2,2,2,2,2,2,0,2,2,2,2,2,0,2,2,2,2,2
C-clinical-11-00744#2,0,2,2,2,2,2,2,2,2,1,1,1,1,2,2,1,1,2,2,1,1,2,2,2,2,2,2,2,2
C-clinical-11-00744#3,0,2,2,2,2,2,2,2,2,0,0,2,2,2,2,0,0,2,2,0,0,2,2,2,2,2,2,2,2
C-clinical-11-00744#4,2,2,2,2,2,2,2,2,2,2,2,0,2,0,2,0,2,2,2,2,2,2,2,0,2,2,2,2,2
C-clinical-11-00744#5,2,2,2,2,2,2,2,2,2,1,2,0,2,2,2,2,2,2,2,0,2,2,2,2,2,2,2,2,2
C-clinical-11-00744#6,0,2,2,2,2,2,2,2,2,2,2,0,0,2,2,1,1,2,2,0,0,2,2,2,2,2,2,2,2
C-clinical-11-00744#7,2,2,2,2,2,2,2,2,2,2,2,0,2,0,2,0,2,2,2,2,2,2,2,0,2,2,2,2,2
C-clinical-11-00750#0,0,2,2,2,2,2,2,2,2,2,2,0,0,0,0,0,0,2,2,2,2,2,2,2,2,2,2,2,2
C-clinical-11-00750#1,0,2,2,2,2,2,2,2,2,2,2,2,2,1,1,0,0,2,2,2,2,2,2,2,2,2,2,2,2
C-clinical-11-00750#2,0,2,2,2,2,2,2,2,2,2,2,0,0,2,2,2,2,2,2,0,0,2,2,2,2,2,2,2,2
C-clinical-11-00750#3,0,2,2,2,2,2,2,2,2,0,0,0,0,2,2,2,2,2,2,2,2,2,2,2,2,2,2,2,2
C-clinical-11-00750#4,0,2,2,2,2,2,2,2,2,2,2,2,2,1,1,1,1,2,2,0,0,2,2,2,2,2,2,2,2
C-clinical-11-00750#5,0,2,2,2,2,2,2,2,2,2,2,2,2,2,2,2,2,2,2,0,0,2,2,2,2,2,2,2,2
C-clinical-11-00750#6,0,2,2,2,2,2,2,2,2,1,1,1,1,1,1,1,1,2,2,1,1,2,2,2,2,2,2,2,2
C-clinical-11-00750#7,0,2,2,2,2,2,2,2,2,2,2,0,0,0,0,0,0,2,2,0,0,2,2,2,2,2,2,2,2
C-clinical-11-00750#8,2,2,2,2,2,2,2,2,2,1,2,0,2,1,2,1,2,2,2,2,2,0,2,2,2,1,2,0,2
C-clinical-11-00751#0,0,2,2,2,2,2,2,2,2,2,2,0,0,0,0,0,0,0,2,2,2,2,2,2,2,2,2,2,2
C-clinical-11-00751#1,0,2,2,2,2,2,2,2,2,2,2,2,2,2,2,1,1,2,2,2,2,2,2,2,2,2,2,2,2
C-clinical-11-00751#2,0,2,2,2,2,2,2,2,2,2,2,0,0,0,0,0,0,2,2,2,2,2,2,2,2,2,2,2,2
C-clinical-11-00751#3,0,2,2,2,2,2,2,2,2,2,2,0,0,2,2,0,0,2,2,0,2,2,2,2,2,0,2,2,2
C-clinical-11-00752#0,0,2,2,2,2,2,2,2,2,2,2,2,2,0,0,1,1,2,2,2,2,2,2,2,2,2,2,2,2
C-clinical-11-00752#1,0,2,2,2,2,2,2,2,2,1,1,0,0,2,2,2,2,2,2,1,1,2,2,2,2,0,0,2,2
C-clinical-11-00752#2,0,2,2,2,2,2,2,2,2,2,2,0,2,0,0,0,0,2,2,2,2,2,2,0,2,0,2,2,2
C-clinical-11-00752#3,0,2,2,2,2,2,2,2,2,2,2,0,0,2,2,2,2,2,2,2,2,2,2,2,2,2,2,2,2
C-clinical-11-00752#4,1,2,2,1,1,1,1,2,2,1,1,2,2,1,1,1,1,2,2,1,1,2,2,1,1,0,1,2,2
C-clinical-11-00752#5,2,2,2,2,2,0,2,2,2,2,2,2,2,2,2,2,2,2,2,2,2,2,2,2,2,2,2,2,2
C-clinical-11-00752#6,0,2,2,2,2,2,2,2,2,2,2,0,2,0,0,0,0,2,2,2,2,2,2,2,2,0,2,2,2
C-clinical-11-00755#1,2,2,2,2,2,2,2,2,2,2,2,2,2,2,2,2,2,2,2,2,2,2,2,2,2,2,2,2,2
C-clinical-11-00755#10,2,2,2,2,2,2,2,2,2,2,2,0,2,2,2,2,2,2,2,2,2,2,2,2,2,2,2,2,2
C-clinical-11-00755#11,2,2,2,2,2,2,2,2,2,2,2,2,2,2,2,2,2,2,2,2,2,2,2,0,2,0,2,2,2
C-clinical-11-00755#12,2,2,2,2,2,2,2,2,2,2,2,2,2,2,2,2,2,2,2,0,2,2,2,0,2,2,2,2,2
C-clinical-11-00755#13,0,2,2,2,2,2,2,2,2,2,2,2,2,2,2,2,2,2,2,2,2,2,2,2,2,2,2,2,2
C-clinical-11-00755#2,2,2,2,2,2,2,2,2,2,2,2,2,2,2,2,2,2,2,2,2,2,2,2,2,2,2,2,2,2
C-clinical-11-00755#3,1,1,1,1,1,1,1,1,1,0,1,0,1,1,1,1,1,0,1,2,2,2,2,2,2,2,2,2,2
C-clinical-11-00755#4,2,2,2,2,2,2,2,2,2,2,2,0,2,2,2,1,2,2,2,0,2,2,2,2,2,2,2,2,2
C-clinical-11-00755#5,2,2,2,2,2,2,2,2,2,2,2,2,2,2,2,2,2,2,2,2,2,2,2,2,2,2,2,2,2
C-clinical-11-00755#6,2,2,2,2,2,2,2,2,2,2,2,2,2,2,2,2,2,2,2,2,2,2,2,2,2,2,2,2,2
C-clinical-11-00755#7,2,2,2,2,2,2,2,2,2,2,2,0,2,2,2,2,2,2,2,2,2,2,2,2,2,2,2,2,2
C-clinical-11-00755#8,2,2,2,2,2,2,2,2,2,2,2,0,2,1,2,1,2,2,2,2,2,2,2,2,2,2,2,2,2
C-clinical-11-00755#9,2,2,2,2,2,2,2,2,2,2,2,2,2,0,2,1,2,2,2,2,2,2,2,2,2,2,2,2,2
C-clinical-11-00756#0,0,2,2,2,2,2,2,2,2,2,2,0,2,2,2,0,0,2,2,2,2,2,2,2,2,2,2,2,2
C-clinical-11-00756#1,0,2,2,2,2,2,2,2,2,2,2,2,2,2,2,2,2,0,0,2,2,2,2,2,2,2,2,2,2
C-clinical-11-00756#10,0,2,2,2,2,2,2,2,2,2,2,0,0,2,2,1,1,2,2,1,1,2,2,2,2,2,2,2,2
C-clinical-11-00756#2,0,2,2,2,2,2,2,2,2,1,1,0,0,2,2,1,1,2,2,0,0,2,2,2,2,2,2,2,2
C-clinical-11-00756#3,0,2,2,2,2,2,2,2,2,2,2,0,0,0,0,0,0,2,2,0,0,2,2,2,2,2,2,2,2
C-clinical-11-00756#4,2,2,2,1,2,1,2,1,2,1,2,1,2,1,2,1,2,0,2,2,2,2,2,1,2,1,2,1,2
C-clinical-11-00756#5,0,2,2,2,2,2,2,2,2,2,2,2,2,0,0,0,0,0,2,0,2,2,2,0,2,0,2,2,2
C-clinical-11-00756#6,0,2,2,2,2,2,2,2,2,2,2,0,0,2,2,0,0,0,0,0,0,2,2,2,2,2,2,2,2
C-clinical-11-00756#7,2,2,2,2,2,2,2,2,2,2,2,2,2,1,2,1,2,0,2,0,2,2,2,2,2,0,2,2,2
C-clinical-11-00756#8,0,2,2,2,2,2,2,2,2,2,2,2,2,2,2,1,1,2,2,1,1,2,2,2,2,2,2,2,2
C-clinical-11-00756#9,0,2,2,2,2,2,2,2,2,2,2,2,2,2,2,0,0,0,0,2,2,2,2,2,2,2,2,2,2
C-clinical-11-00757#0,0,2,2,2,2,2,2,2,2,2,2,1,1,0,0,0,0,2,2,2,2,2,2,2,2,2,2,2,2
C-clinical-11-00757#1,0,2,2,2,2,2,2,2,2,2,2,0,0,0,0,0,0,2,2,2,2,2,2,2,2,2,2,2,2
C-clinical-11-00757#2,1,1,1,1,1,1,1,2,2,1,1,1,1,1,1,1,1,2,2,1,1,2,2,2,2,1,2,1,1
C-clinical-11-00757#3,0,2,2,2,2,2,2,2,2,2,2,0,0,0,0,0,0,2,2,2,2,2,2,2,2,2,2,2,2
C-clinical-11-00758#0,0,2,2,2,2,2,2,2,2,2,2,2,2,1,1,2,2,2,2,2,2,2,2,2,2,2,2,2,2
C-clinical-11-00758#1,0,2,2,2,2,2,2,2,2,2,2,0,0,2,2,2,2,2,2,2,2,2,2,2,2,2,2,2,2
C-clinical-11-00758#10,2,2,2,2,2,2,2,2,2,2,2,2,2,2,2,2,2,2,2,2,2,2,2,2,2,2,2,2,2
C-clinical-11-00758#11,2,2,2,2,2,2,2,2,2,2,2,1,2,2,2,2,2,2,2,0,2,2,2,2,2,2,2,2,2
C-clinical-11-00758#12,2,2,2,2,2,2,2,2,2,2,2,0,2,2,2,2,2,2,2,2,2,2,2,2,2,2,2,2,2
C-clinical-11-00758#2,0,2,2,2,2,2,2,1,1,2,2,1,1,0,0,0,1,2,2,0,1,1,1,0,1,0,1,2,2
C-clinical-11-00758#3,0,2,2,2,2,2,2,2,2,2,2,0,0,2,2,0,0,2,2,2,2,2,2,2,2,2,2,2,2
C-clinical-11-00758#4,1,2,2,2,2,1,1,2,2,2,2,2,2,2,2,2,2,2,2,2,2,2,2,2,2,2,2,2,2
C-clinical-11-00758#5,0,2,2,2,2,2,2,2,2,1,1,0,0,2,2,2,2,2,2,0,0,2,2,2,2,2,2,2,2
C-clinical-11-00758#6,0,2,2,2,2,1,1,2,2,2,2,0,0,2,2,2,2,2,2,2,2,2,2,2,2,0,0,2,2
C-clinical-11-00758#7,2,1,2,0,2,0,2,1,2,1,2,0,2,1,2,1,2,2,2,2,2,2,2,2,2,2,2,1,2
C-clinical-11-00758#8,2,2,2,2,2,1,2,2,2,1,2,1,2,1,2,0,2,2,2,2,2,2,2,2,2,0,2,2,2
C-clinical-11-00758#9,2,0,2,0,2,1,2,1,2,2,2,2,2,2,2,2,2,2,2,2,2,2,2,2,2,2,2,2,2
C-clinical-11-00759#0,0,2,2,1,1,1,1,2,2,2,2,0,0,2,2,1,1,0,0,1,1,1,1,1,1,0,0,1,1
C-clinical-11-00759#1,0,2,2,2,2,2,2,2,2,2,2,2,2,1,1,2,2,2,2,2,2,2,2,2,2,2,2,2,2
C-clinical-11-00759#2,2,2,2,2,2,2,2,2,2,2,2,2,2,2,2,2,2,2,2,2,2,2,2,2,2,2,2,2,2
C-clinical-11-00759#3,1,1,1,1,1,1,1,1,1,0,1,0,1,1,1,1,1,0,1,2,2,1,1,1,1,1,1,1,1
C-clinical-11-00759#5,0,2,2,2,2,2,2,2,2,2,2,2,2,2,2,2,2,2,2,2,2,2,2,0,0,0,0,2,2
C-clinical-11-00759#6,0,2,2,2,2,2,2,2,2,2,2,2,2,2,2,2,2,2,2,2,2,2,2,0,0,2,2,2,2
C-clinical-11-00760#0,2,2,2,2,2,2,2,2,2,2,2,2,2,0,2,0,2,2,2,2,2,2,2,2,2,2,2,2,2
C-clinical-11-00760#1,2,2,2,2,2,2,2,2,2,2,2,2,2,2,2,2,2,2,2,2,2,2,2,2,2,2,2,2,2
C-clinical-11-00760#2,0,2,2,2,2,2,2,2,2,2,2,2,2,1,1,0,0,1,1,1,1,2,2,2,2,0,0,2,2
C-clinical-11-00760#3,2,2,2,2,2,2,2,2,2,2,2,2,2,0,2,0,2,2,2,2,2,2,2,2,2,0,2,2,2
C-clinical-11-00764#0,0,2,2,2,2,2,2,2,2,2,2,2,2,0,0,1,1,2,2,2,2,2,2,2,2,2,2,2,2
C-clinical-11-00764#1,1,1,1,1,1,1,1,2,2,1,1,0,1,2,2,1,1,2,2,1,1,2,2,1,1,1,1,2,2
C-clinical-11-00764#2,0,2,2,2,2,2,2,2,2,2,2,2,2,2,2,2,2,2,2,2,2,2,2,2,2,2,2,2,2
C-clinical-11-00764#3,0,2,2,2,2,2,2,2,2,2,2,2,2,2,2,2,2,2,2,0,0,2,2,2,2,0,0,2,2
C-clinical-11-00764#4,0,2,2,2,2,2,2,2,2,2,2,2,2,2,2,2,2,2,2,2,2,2,2,2,2,2,2,2,2
C-clinical-11-00764#5,0,2,2,2,2,1,1,2,2,2,2,2,2,2,2,2,2,2,2,2,2,2,2,2,2,2,2,2,2
C-clinical-11-00764#6,2,2,2,2,2,2,2,2,2,2,2,2,2,2,2,2,2,2,2,2,2,2,2,2,2,2,2,2,2
C-clinical-11-00764#7,0,2,2,2,2,2,2,2,2,2,2,0,0,2,2,2,2,2,2,0,0,2,2,2,2,2,2,2,2
C-clinical-11-00764#8,2,2,2,2,2,2,2,2,2,2,2,2,2,2,2,2,2,2,2,2,2,2,2,2,2,2,2,2,2
C-clinical-11-00764#9,0,2,2,2,2,2,2,2,2,2,2,0,0,2,2,2,2,2,2,2,2,2,2,2,2,2,2,2,2
C-clinical-11-00766#0,0,2,2,2,2,2,2,2,2,2,2,0,0,2,2,0,0,2,2,2,2,2,2,2,2,2,2,2,2
C-clinical-11-00766#10,0,2,2,2,2,1,1,2,2,2,2,0,0,1,1,2,2,2,2,0,0,2,2,2,2,2,2,2,2
C-clinical-11-00766#12,2,2,2,2,2,2,2,2,2,2,2,0,2,2,2,2,2,2,2,2,2,2,2,2,2,2,2,2,2
C-clinical-11-00766#2,2,2,2,2,2,2,2,2,2,2,2,2,2,2,2,2,2,2,2,2,2,2,2,2,2,2,2,2,2
C-clinical-11-00766#3,0,2,2,2,2,2,2,2,2,2,2,2,2,2,2,0,0,2,2,2,2,2,2,2,2,2,2,2,2
C-clinical-11-00766#4,0,1,1,1,1,0,0,1,1,2,2,0,0,0,0,0,0,0,0,1,1,1,1,1,1,1,1,0,0
C-clinical-11-00766#5,2,2,2,2,2,2,2,2,2,2,2,0,2,1,2,0,2,2,2,2,2,2,2,2,2,2,2,2,2
C-clinical-11-00766#6,2,2,2,2,2,2,2,2,2,2,2,2,2,2,2,2,2,2,2,2,2,2,2,2,2,2,2,2,2
C-clinical-11-00766#7,2,2,2,2,2,2,2,2,2,1,2,1,2,0,2,0,2,2,2,2,2,2,2,2,2,2,2,1,2
C-clinical-11-00766#8,2,2,2,2,2,0,2,2,2,1,2,2,2,2,2,1,2,2,2,1,2,2,2,2,2,2,2,2,2
C-clinical-11-00766#9,0,2,2,2,2,2,2,2,2,2,2,2,2,2,2,2,2,2,2,2,2,2,2,2,2,0,0,2,2
C-clinical-11-00767#0,0,2,2,2,2,2,2,2,2,2,2,0,2,0,0,2,2,2,2,2,2,2,2,2,2,2,2,2,2
C-clinical-11-00767#1,0,2,2,2,2,2,2,2,2,2,2,2,2,2,2,2,2,2,2,2,2,2,2,2,2,2,2,2,2
C-clinical-11-00767#2,0,2,2,2,2,2,2,2,2,2,2,0,2,0,0,2,2,2,2,2,2,2,2,2,2,2,2,2,2
C-clinical-11-00767#3,1,1,1,1,1,1,1,1,1,0,1,0,1,1,1,1,1,0,1,2,2,1,1,2,2,1,1,1,1
C-clinical-11-00767#4,2,2,2,2,2,2,2,2,2,2,2,0,2,2,2,2,2,2,2,2,2,2,2,2,2,2,2,2,2
C-clinical-11-00767#5,0,2,2,2,2,2,2,2,2,2,2,2,2,2,2,2,2,0,2,2,2,2,2,2,2,0,2,2,2
C-clinical-11-00770#0,2,2,2,2,2,2,2,2,2,2,2,2,2,2,2,2,2,2,2,2,2,2,2,2,2,2,2,2,2
C-clinical-11-00770#1,2,2,2,2,2,2,2,2,2,2,2,0,2,2,2,2,2,2,2,2,2,2,2,2,2,2,2,2,2
C-clinical-11-00770#2,0,2,2,2,2,0,0,2,2,2,2,0,0,2,2,0,0,2,2,2,2,2,2,0,0,0,0,0,0
C-clinical-11-00770#3,2,2,2,2,2,2,2,2,2,2,2,2,2,2,2,2,2,2,2,0,2,2,2,2,2,2,2,2,2
C-clinical-11-00770#4,0,2,2,2,2,0,0,2,2,2,2,0,0,0,0,0,0,2,2,2,2,2,2,0,0,0,0,0,0
C-clinical-11-00770#5,2,2,2,2,2,2,2,2,2,2,2,2,2,2,2,2,2,2,2,0,2,2,2,2,2,2,2,2,2
C-clinical-11-00781#0,2,2,2,2,2,2,2,2,2,2,2,1,2,1,2,0,2,2,2,2,2,2,2,2,2,2,2,2,2
C-clinical-11-00781#1,2,2,2,2,2,2,2,2,2,2,2,2,2,2,2,2,2,2,2,2,2,2,2,2,2,2,2,2,2
C-clinical-11-00781#2,1,1,1,1,1,1,1,1,1,0,1,0,1,1,1,1,1,0,1,2,2,1,1,1,1,1,1,2,2
C-clinical-11-00781#4,1,2,2,2,2,0,1,1,1,2,2,2,2,2,2,2,2,0,1,0,1,2,2,1,1,2,2,2,2
C-clinical-11-00781#5,2,2,2,2,2,2,2,2,2,2,2,2,2,0,2,2,2,2,2,2,2,2,2,2,2,2,2,2,2
C-clinical-11-00781#6,0,2,2,2,2,2,2,2,2,2,2,0,0,2,2,0,0,2,2,2,2,2,2,2,2,2,2,0,0
C-clinical-11-00781#7,2,2,2,2,2,2,2,2,2,2,2,2,2,0,2,2,2,2,2,2,2,2,2,2,2,2,2,2,2
C-clinical-11-00782#0,2,2,2,2,2,2,2,2,2,2,2,2,2,2,2,0,2,2,2,2,2,2,2,2,2,2,2,2,2
C-clinical-11-00782#1,2,2,2,2,2,2,2,2,2,2,2,0,2,2,2,1,2,2,2,0,2,2,2,2,2,2,2,2,2
C-clinical-11-00782#2,2,2,2,2,2,2,2,2,2,2,2,2,2,2,2,2,2,2,2,2,2,2,2,2,2,2,2,2,2
C-clinical-11-00782#3,0,2,2,2,2,2,2,2,2,2,2,2,2,2,2,1,1,2,2,0,0,2,2,2,2,2,2,2,2
C-clinical-11-00782#4,2,2,2,2,2,2,2,2,2,2,2,2,2,1,2,0,2,2,2,2,2,2,2,2,2,2,2,2,2
C-clinical-11-00782#5,2,2,2,2,2,2,2,2,2,2,2,2,2,2,2,0,2,2,2,2,2,2,2,0,2,0,2,2,2
C-clinical-11-00782#6,2,2,2,2,2,2,2,2,2,2,2,2,2,2,2,2,2,2,2,2,2,2,2,2,2,2,2,2,2
C-clinical-11-00782#7,2,2,2,2,2,2,2,2,2,2,2,2,2,2,2,2,2,2,2,2,2,2,2,0,2,0,2,2,2
C-clinical-11-00782#8,2,2,2,2,2,2,2,2,2,2,2,2,2,2,2,0,2,2,2,2,2,2,2,2,2,2,2,2,2
C-clinical-11-00782#9,0,2,2,2,2,2,2,2,2,2,2,0,0,2,2,2,2,2,2,2,2,2,2,2,2,2,2,0,0
C-clinical-11-00784#0,0,2,2,2,2,2,2,2,2,2,2,2,2,2,2,2,2,2,2,2,2,2,2,2,2,2,2,0,0
C-clinical-11-00784#1,0,2,2,2,2,2,2,2,2,2,2,0,0,1,1,0,0,2,2,2,2,2,2,2,2,2,2,2,2
C-clinical-11-00784#2,0,2,2,2,2,2,2,2,2,2,2,0,0,2,2,0,0,2,2,2,2,2,2,2,2,2,2,2,2
C-clinical-11-00784#3,1,2,2,2,2,1,1,2,2,1,1,0,1,1,1,1,1,2,2,0,1,2,2,2,2,0,1,2,2
C-clinical-11-00784#4,2,2,2,2,2,1,2,2,2,1,2,0,2,1,2,1,2,0,2,2,2,0,2,2,2,1,2,1,2
C-clinical-11-00784#5,0,2,2,2,2,2,2,2,2,2,2,0,0,2,2,0,0,0,2,2,2,2,2,2,2,2,2,2,2
C-clinical-11-00784#6,2,2,2,2,2,2,2,2,2,1,2,0,2,1,2,1,2,0,2,2,2,0,2,2,2,1,2,1,2
C-clinical-11-00784#7,2,2,2,2,2,2,2,2,2,1,2,1,2,1,2,0,2,2,2,2,2,2,2,2,2,2,2,2,2
C-clinical-11-00786#0,2,2,2,2,2,2,2,2,2,2,2,2,2,1,2,1,2,2,2,2,2,2,2,2,2,2,2,2,2
C-clinical-11-00786#1,0,2,2,2,2,2,2,2,2,2,2,2,2,2,2,2,2,2,2,2,2,2,2,2,2,2,2,2,2
C-clinical-11-00786#3,2,2,2,2,2,2,2,2,2,2,2,2,2,0,2,0,2,0,2,2,2,2,2,2,2,2,2,2,2
C-clinical-11-00786#4,0,2,2,2,2,2,2,2,2,2,2,0,0,0,0,0,0,0,0,2,2,2,2,2,2,2,2,2,2
C-clinical-11-00787#0,0,2,2,2,2,2,2,2,2,2,2,0,0,1,1,2,2,2,2,2,2,2,2,2,2,2,2,2,2
C-clinical-11-00787#1,1,1,1,1,1,1,1,1,1,0,1,0,1,2,2,1,1,0,1,2,2,1,1,0,1,1,1,1,1
C-clinical-11-00787#10,0,2,2,2,2,2,2,2,2,2,2,2,2,2,2,1,1,2,2,2,2,2,2,2,2,2,2,2,2
C-clinical-11-00787#11,2,2,2,2,2,2,2,2,2,2,2,0,2,2,2,2,2,2,2,0,2,2,2,2,2,2,2,2,2
C-clinical-11-00787#2,0,2,2,2,2,2,2,2,2,2,2,0,0,0,0,0,2,2,2,2,2,2,2,0,2,0,2,0,2
C-clinical-11-00787#3,0,2,2,2,2,2,2,2,2,2,2,2,2,2,2,1,1,2,2,0,0,2,2,2,2,0,0,2,2
C-clinical-11-00787#4,0,2,2,2,2,2,2,2,2,2,2,2,2,2,2,2,2,2,2,2,2,2,2,2,2,2,2,2,2
C-clinical-11-00787#5,0,2,2,2,2,2,2,2,2,2,2,2,2,2,2,2,2,2,2,2,2,2,2,2,2,0,0,2,2
C-clinical-11-00787#6,1,2,2,2,2,2,2,2,2,1,1,0,1,2,2,2,2,2,2,1,1,2,2,2,2,2,2,2,2
C-clinical-11-00787#7,0,2,2,2,2,2,2,2,2,2,2,2,2,2,2,2,2,2,2,2,2,2,2,2,2,2,2,2,2
C-clinical-11-00787#8,0,2,2,2,2,2,2,2,2,0,0,2,2,2,2,2,2,2,2,2,2,2,2,2,2,2,2,2,2
C-clinical-11-00787#9,0,2,2,2,2,2,2,2,2,2,2,0,0,2,2,2,2,2,2,2,2,2,2,2,2,2,2,2,2
C-clinical-11-00795#0,0,2,2,2,2,2,2,2,2,2,2,2,2,0,0,0,0,0,0,2,2,2,2,2,2,2,2,0,0
C-clinical-11-00795#1,0,2,2,2,2,2,2,2,2,2,2,1,1,1,1,0,0,2,2,2,2,2,2,2,2,2,2,2,2
C-clinical-11-00795#10,2,1,2,0,2,0,2,1,2,1,2,0,2,1,2,1,2,2,2,2,2,2,2,2,2,2,2,1,2
C-clinical-11-00795#11,2,0,2,0,2,0,2,0,2,2,2,2,2,2,2,2,2,2,2,2,2,2,2,2,2,2,2,2,2
C-clinical-11-00795#12,0,2,2,2,2,2,2,2,2,2,2,0,0,2,2,2,2,2,2,0,0,2,2,2,2,2,2,2,2
C-clinical-11-00795#2,2,2,2,2,2,2,2,2,2,2,2,0,2,2,2,0,2,2,2,2,2,2,2,2,2,2,2,2,2
C-clinical-11-00795#3,1,1,1,1,1,1,1,1,1,1,1,0,1,1,1,1,1,2,2,1,1,1,1,2,2,0,1,1,1
C-clinical-11-00795#4,1,1,1,1,1,1,1,1,1,1,1,0,1,1,1,1,1,2,2,1,1,1,1,1,1,0,1,1,1
C-clinical-11-00795#5,0,2,2,2,2,2,2,2,2,2,2,0,0,2,2,2,2,2,2,0,0,2,2,2,2,2,2,2,2
C-clinical-11-00795#6,1,2,2,2,2,2,2,2,2,2,2,2,2,2,2,2,2,2,2,0,1,2,2,2,2,2,2,2,2
C-clinical-11-00795#7,0,2,2,2,2,1,1,2,2,1,1,2,2,2,2,1,1,2,2,1,1,2,2,2,2,2,2,2,2
C-clinical-11-00795#8,2,2,2,2,2,2,2,2,2,2,2,0,2,1,2,1,2,2,2,2,2,0,2,0,2,0,2,2,2
C-clinical-11-00795#9,2,2,2,2,2,2,2,2,2,2,2,2,2,2,2,2,2,2,2,2,2,2,2,2,2,0,2,2,2
C-clinical-11-00796#0,0,2,2,2,2,2,2,2,2,2,2,0,0,2,2,2,2,2,2,2,2,2,2,2,2,1,1,2,2
C-clinical-11-00796#1,2,2,2,2,2,2,2,2,2,2,2,0,2,2,2,2,2,2,2,2,2,2,2,2,2,2,2,2,2
C-clinical-11-00796#2,0,2,2,2,2,2,2,2,2,2,2,0,0,2,2,0,2,2,2,2,2,2,2,0,2,0,2,2,2
C-clinical-11-00796#3,0,2,2,2,2,2,2,2,2,2,2,2,2,2,2,2,2,2,2,2,2,2,2,2,2,2,2,2,2
C-clinical-11-00796#4,0,2,2,2,2,2,2,2,2,2,2,0,0,2,2,2,2,2,2,2,2,2,2,0,2,0,2,2,2
C-clinical-11-00796#5,2,2,2,2,2,0,2,2,2,2,2,2,2,2,2,2,2,2,2,2,2,2,2,2,2,2,2,2,2
C-clinical-11-00796#6,2,2,2,2,2,2,2,2,2,1,2,0,2,2,2,1,2,2,2,2,2,2,2,2,2,2,2,2,2
C-clinical-11-00796#7,0,2,2,2,2,2,2,2,2,2,2,0,0,2,2,2,2,2,2,2,2,2,2,2,2,1,1,2,2
C-clinical-11-00797#0,0,2,2,2,2,2,2,2,2,2,2,2,2,2,2,2,2,2,2,2,2,2,2,2,2,2,2,2,2
C-clinical-11-00797#1,0,2,2,2,2,2,2,2,2,2,2,2,2,1,1,2,2,2,2,2,2,2,2,2,2,2,2,2,2
C-clinical-11-00797#2,0,2,2,2,2,0,0,2,2,2,2,0,0,2,2,1,1,2,2,0,0,2,2,2,2,2,2,2,2
C-clinical-11-00797#3,0,2,2,2,2,2,2,2,2,2,2,0,0,1,1,2,2,2,2,2,2,2,2,2,2,2,2,2,2
C-clinical-11-00799#0,2,2,2,2,2,2,2,2,2,2,2,2,2,2,2,0,2,2,2,2,2,2,2,2,2,2,2,2,2
C-clinical-11-00799#1,2,2,2,2,2,2,2,2,2,2,2,2,2,2,2,0,2,2,2,2,2,2,2,2,2,2,2,2,2
C-clinical-11-00799#2,2,2,2,2,2,2,2,2,2,2,2,2,2,2,2,2,2,2,2,2,2,2,2,2,2,2,2,2,2
C-clinical-11-00799#3,0,2,2,2,2,2,2,2,2,2,2,2,2,1,1,1,1,2,2,1,1,2,2,2,2,0,0,2,2
C-clinical-11-00799#4,0,2,2,2,2,2,2,2,2,2,2,2,2,2,2,0,0,2,2,2,2,2,2,2,2,2,2,2,2
C-clinical-11-00799#5,0,2,2,2,2,2,2,2,2,2,2,0,0,2,2,2,2,2,2,0,0,2,2,2,2,2,2,2,2
C-clinical-11-00804#1,2,2,2,2,2,2,2,2,2,2,2,1,2,2,2,0,2,2,2,2,2,2,2,2,2,2,2,2,2
C-clinical-11-00804#10,0,2,2,2,2,2,2,2,2,2,2,0,0,2,2,1,1,2,2,0,0,2,2,2,2,2,2,2,2
C-clinical-11-00804#11,0,2,2,2,2,2,2,2,2,2,2,2,2,2,2,1,1,2,2,0,0,2,2,2,2,0,0,2,2
C-clinical-11-00804#12,0,2,2,2,2,2,2,2,2,2,2,0,0,2,2,2,2,2,2,2,2,2,2,2,2,2,2,2,2
C-clinical-11-00804#2,1,1,1,1,1,1,1,1,1,0,1,0,1,1,1,0,1,0,1,2,2,1,1,1,1,1,1,1,1
C-clinical-11-00804#3,2,2,2,2,2,1,2,2,2,2,2,0,2,2,2,2,2,2,2,0,2,2,2,2,2,2,2,2,2
C-clinical-11-00804#4,2,2,2,2,2,2,2,2,2,2,2,2,2,2,2,2,2,2,2,2,2,2,2,2,2,2,2,2,2
C-clinical-11-00804#5,0,2,2,2,2,2,2,2,2,2,2,2,2,2,2,1,1,2,2,0,0,2,2,2,2,0,0,2,2
C-clinical-11-00804#6,0,2,2,2,2,2,2,2,2,2,2,2,2,2,2,0,0,0,0,0,0,2,2,2,2,2,2,2,2
C-clinical-11-00804#7,0,2,2,2,2,2,2,2,2,2,2,0,0,2,2,2,2,2,2,2,2,2,2,2,2,2,2,2,2
C-clinical-11-00804#8,0,2,2,2,2,2,2,2,2,2,2,0,0,2,2,2,2,2,2,0,0,2,2,2,2,2,2,2,2
C-clinical-11-00804#9,2,2,2,1,2,1,2,1,2,1,2,1,2,1,2,1,2,1,2,2,2,1,2,1,2,1,2,1,2
C-clinical-11-00805#0,0,2,2,2,2,2,2,2,2,2,2,2,2,0,0,0,0,2,2,2,2,2,2,2,2,2,2,2,2
C-clinical-11-00805#1,2,2,2,2,2,2,2,2,2,2,2,0,2,2,2,2,2,2,2,2,2,2,2,2,2,2,2,2,2
C-clinical-11-00805#10,2,2,2,2,2,2,2,2,2,1,2,2,2,1,2,0,2,2,2,2,2,2,2,2,2,2,2,2,2
C-clinical-11-00805#2,0,2,2,2,2,1,1,1,1,2,2,0,0,2,2,1,1,2,2,1,1,0,0,2,2,2,2,2,2
C-clinical-11-00805#3,0,2,2,2,2,2,2,2,2,2,2,2,2,0,0,0,0,2,2,2,2,2,2,0,2,0,2,2,2
C-clinical-11-00805#4,0,2,2,2,2,2,2,2,2,2,2,2,2,2,2,2,2,2,2,0,0,2,2,2,2,2,2,2,2
C-clinical-11-00805#5,2,2,2,2,2,0,2,2,2,2,2,2,2,2,2,2,2,2,2,1,2,2,2,2,2,2,2,2,2
C-clinical-11-00805#6,2,2,2,2,2,2,2,2,2,1,2,2,2,1,2,0,2,2,2,2,2,2,2,2,2,2,2,2,2
C-clinical-11-00805#7,2,2,2,2,2,2,2,2,2,1,2,0,2,1,2,1,2,2,2,2,2,0,2,1,2,1,2,1,2
C-clinical-11-00805#8,0,2,2,2,2,2,2,2,2,2,2,2,2,2,2,2,2,2,2,0,0,2,2,2,2,2,2,2,2
C-clinical-11-00805#9,0,2,2,2,2,2,2,2,2,2,2,2,2,2,2,2,2,2,2,0,0,0,0,2,2,0,0,2,2
C-clinical-11-00807#1,2,2,2,2,2,2,2,2,2,2,2,2,2,2,2,1,2,2,2,2,2,2,2,2,2,2,2,2,2
C-clinical-11-00807#10,0,2,2,2,2,2,2,2,2,2,2,0,0,2,2,2,2,2,2,2,2,2,2,2,2,2,2,2,2
C-clinical-11-00807#11,0,2,2,2,2,2,2,2,2,2,2,0,0,2,2,2,2,2,2,0,0,2,2,2,2,2,2,2,2
C-clinical-11-00807#2,2,2,2,2,2,2,2,2,2,2,2,2,2,2,2,0,2,2,2,2,2,2,2,2,2,2,2,2,2
C-clinical-11-00807#3,2,2,2,2,2,2,2,2,2,2,2,2,2,2,2,2,2,2,2,2,2,2,2,0,2,2,2,2,2
C-clinical-11-00807#4,1,1,1,1,1,0,1,1,1,0,1,0,1,1,1,0,1,0,1,2,2,2,2,2,2,2,2,2,2
C-clinical-11-00807#5,1,2,2,2,2,2,2,2,2,1,1,0,1,2,2,1,1,2,2,1,1,1,1,2,2,2,2,2,2
C-clinical-11-00807#6,0,2,2,2,2,2,2,2,2,2,2,2,2,2,2,2,2,2,2,2,2,2,2,2,2,2,2,2,2
C-clinical-11-00807#7,0,2,2,2,2,2,2,2,2,2,2,2,2,2,2,1,1,2,2,0,0,2,2,2,2,2,2,2,2
C-clinical-11-00807#8,0,2,2,2,2,2,2,2,2,2,2,2,2,2,2,0,0,2,2,0,0,2,2,2,2,2,2,2,2
C-clinical-11-00807#9,0,2,2,2,2,2,2,2,2,2,2,2,2,2,2,1,1,2,2,2,2,2,2,2,2,0,0,2,2
C-clinical-11-00808#0,0,2,2,2,2,2,2,2,2,2,2,0,0,2,2,2,2,2,2,2,2,2,2,2,2,2,2,2,2
C-clinical-11-00808#1,0,1,1,2,2,1,1,1,1,1,1,2,2,2,2,1,1,2,2,1,1,2,2,2,2,0,0,2,2
C-clinical-11-00808#10,0,2,2,2,2,0,0,2,2,2,2,0,0,1,1,1,1,2,2,0,0,2,2,2,2,2,2,2,2
C-clinical-11-00808#2,2,2,2,2,2,2,2,2,2,1,2,0,2,1,2,0,2,2,2,2,2,2,2,0,2,2,2,2,2
C-clinical-11-00808#3,0,2,2,2,2,1,1,2,2,2,2,2,2,2,2,2,2,2,2,2,2,0,0,2,2,0,0,2,2
C-clinical-11-00808#4,2,2,2,2,2,2,2,2,2,1,2,0,2,1,2,1,2,2,2,2,2,0,2,1,2,1,2,1,2
C-clinical-11-00808#5,0,2,2,2,2,1,1,1,1,1,1,1,1,2,2,2,2,2,2,1,1,2,2,2,2,0,0,2,2
C-clinical-11-00808#6,2,2,2,2,2,1,2,2,2,2,2,2,2,1,2,2,2,2,2,2,2,2,2,2,2,0,2,2,2
C-clinical-11-00808#7,2,2,2,2,2,2,2,2,2,1,2,1,2,0,2,0,2,2,2,2,2,2,2,2,2,2,2,2,2
C-clinical-11-00808#8,0,2,2,2,2,2,2,2,2,2,2,2,2,2,2,2,2,2,2,2,2,2,2,2,2,2,2,2,2
C-clinical-11-00808#9,0,2,2,2,2,2,2,2,2,1,1,0,0,1,1,1,1,2,2,1,1,2,2,1,1,0,0,2,2
C-clinical-11-00809#0,0,2,2,2,2,2,2,2,2,2,2,2,2,0,0,1,2,2,2,2,2,2,2,2,2,1,2,2,2
C-clinical-11-00809#1,0,2,2,2,2,2,2,2,2,2,2,2,2,0,0,2,2,2,2,2,2,2,2,2,2,2,2,2,2
C-clinical-11-00809#2,2,2,2,2,2,2,2,2,2,2,2,0,2,2,2,2,2,2,2,2,2,2,2,2,2,2,2,2,2
C-clinical-11-00809#3,0,2,2,2,2,2,2,2,2,2,2,2,2,2,2,2,2,2,2,2,2,2,2,0,2,2,2,2,2
C-clinical-11-00809#4,2,2,2,2,2,2,2,2,2,2,2,2,2,2,2,2,2,2,2,2,2,2,2,2,2,2,2,2,2
C-clinical-11-00809#5,2,2,2,2,2,2,2,2,2,2,2,2,2,2,2,2,2,2,2,2,2,2,2,2,2,2,2,2,2
C-clinical-11-00809#6,0,2,2,2,2,2,2,2,2,2,2,0,0,2,2,2,2,2,2,0,0,2,2,2,2,2,2,2,2
C-clinical-11-00809#7,2,2,2,2,2,2,2,2,2,2,2,0,2,2,2,2,2,2,2,2,2,2,2,2,2,2,2,2,2
C-clinical-11-00810#1,2,2,2,2,2,2,2,2,2,2,2,0,2,2,2,1,2,0,2,0,2,2,2,2,2,2,2,2,2
C-clinical-11-00810#10,0,1,1,1,1,0,0,1,1,2,2,0,0,0,0,0,0,2,2,0,0,1,1,0,0,2,2,1,1
C-clinical-11-00810#11,2,2,2,2,2,2,2,2,2,2,2,2,2,2,2,2,2,2,2,2,2,2,2,2,2,2,2,2,2
C-clinical-11-00810#12,0,2,2,2,2,2,2,2,2,2,2,2,2,2,2,2,2,2,2,2,2,2,2,2,2,2,2,2,2
C-clinical-11-00810#13,0,1,1,1,1,0,0,1,1,2,2,0,0,0,0,0,0,0,1,0,0,1,1,0,0,1,1,1,1
C-clinical-11-00810#2,0,2,2,2,2,2,2,2,2,2,2,2,2,2,2,2,2,2,2,2,2,2,2,2,2,2,2,2,2
C-clinical-11-00810#3,2,2,2,2,2,2,2,2,2,2,2,2,2,2,2,2,2,2,2,2,2,2,2,0,2,2,2,0,2
C-clinical-11-00810#4,2,2,2,2,2,0,2,2,2,2,2,2,2,2,2,2,2,2,2,2,2,2,2,2,2,2,2,0,2
C-clinical-11-00810#5,2,2,2,2,2,2,2,2,2,2,2,2,2,2,2,2,2,2,2,2,2,2,2,2,2,2,2,2,2
C-clinical-11-00810#6,1,1,1,1,1,1,1,1,1,0,1,0,1,1,1,1,1,0,1,0,1,1,1,1,1,1,1,1,1
C-clinical-11-00810#7,2,2,2,2,2,2,2,2,2,2,2,2,2,2,2,1,2,2,2,0,2,2,2,2,2,0,2,2,2
C-clinical-11-00810#8,0,2,2,2,2,1,1,2,2,2,2,2,2,2,2,2,2,2,2,2,2,2,2,2,2,2,2,1,1
C-clinical-11-00810#9,2,2,2,2,2,2,2,2,2,2,2,2,2,2,2,2,2,2,2,2,2,2,2,2,2,2,2,2,2
C-clinical-11-00812#0,0,2,2,2,2,2,2,2,2,2,2,0,0,2,2,2,2,2,2,0,0,2,2,2,2,2,2,2,2
C-clinical-11-00812#1,0,2,2,2,2,2,2,2,2,2,2,2,2,2,2,2,2,2,2,2,2,2,2,2,2,2,2,2,2
C-clinical-11-00812#10,0,2,2,2,2,0,0,2,2,2,2,0,0,2,2,2,2,2,2,1,1,2,2,2,2,2,2,2,2
C-clinical-11-00812#11,2,2,2,2,2,2,2,2,2,2,2,0,2,2,2,2,2,2,2,2,2,2,2,2,2,2,2,2,2
C-clinical-11-00812#12,2,2,2,2,2,2,2,2,2,1,2,0,2,1,2,1,2,2,2,2,2,0,2,0,2,1,2,1,2
C-clinical-11-00812#13,2,2,2,2,2,0,2,2,2,2,2,2,2,2,2,1,2,2,2,1,2,2,2,2,2,2,2,2,2
C-clinical-11-00812#2,0,2,2,2,2,2,2,2,2,2,2,2,2,0,0,2,2,2,2,2,2,2,2,2,2,2,2,2,2
C-clinical-11-00812#3,0,2,2,2,2,2,2,2,2,2,2,0,0,2,2,2,2,2,2,0,0,2,2,2,2,2,2,2,2
C-clinical-11-00812#4,2,2,2,2,2,2,2,2,2,2,2,2,2,2,2,2,2,2,2,1,2,2,2,2,2,0,2,2,2
C-clinical-11-00812#5,2,2,2,2,2,2,2,2,2,2,2,0,2,2,2,2,2,2,2,2,2,2,2,2,2,2,2,2,2
C-clinical-11-00812#6,0,2,2,2,2,2,2,2,2,2,2,0,0,2,2,2,2,2,2,0,0,2,2,2,2,0,0,2,2
C-clinical-11-00812#7,2,2,2,2,2,2,2,2,2,1,2,0,2,1,2,1,2,2,2,2,2,0,2,0,2,1,2,1,2
C-clinical-11-00812#8,2,2,2,2,2,1,2,2,2,2,2,2,2,2,2,2,2,2,2,2,2,2,2,2,2,2,2,2,2
C-clinical-11-00812#9,2,2,2,2,2,2,2,2,2,1,2,1,2,0,2,0,2,2,2,2,2,2,2,2,2,0,2,2,2
C-clinical-11-00813#0,0,2,2,2,2,2,2,2,2,2,2,1,1,2,2,0,0,2,2,2,2,2,2,2,2,2,2,2,2
C-clinical-11-00813#1,1,1,1,1,1,0,1,1,1,0,1,0,1,1,1,1,1,0,1,2,2,2,2,2,2,2,2,2,2
C-clinical-11-00813#11,0,2,2,2,2,2,2,2,2,2,2,2,2,2,2,2,2,0,0,2,2,2,2,2,2,2,2,2,2
C-clinical-11-00813#2,0,2,2,2,2,2,2,2,2,2,2,2,2,2,2,1,1,2,2,0,0,2,2,2,2,2,2,2,2
C-clinical-11-00813#3,0,2,2,2,2,2,2,2,2,2,2,2,2,2,2,2,2,2,2,0,0,2,2,2,2,2,2,2,2
C-clinical-11-00813#4,0,2,2,2,2,2,2,2,2,2,2,2,2,2,2,2,2,2,2,2,2,2,2,0,0,0,0,2,2
C-clinical-11-00813#6,2,2,2,2,2,2,2,2,2,2,2,2,2,2,2,2,2,2,2,0,2,2,2,2,2,2,2,2,2
C-clinical-11-00813#7,2,2,2,2,2,2,2,2,2,2,2,2,2,2,2,2,2,2,2,2,2,2,2,2,2,2,2,2,2
C-clinical-11-00813#8,0,2,2,2,2,2,2,2,2,2,2,2,2,2,2,2,2,2,2,2,2,2,2,2,2,2,2,2,2
C-clinical-11-00813#9,0,2,2,2,2,2,2,2,2,2,2,0,0,0,0,2,2,0,0,2,2,2,2,2,2,2,2,2,2
C-clinical-11-00816#0,0,2,2,2,2,2,2,2,2,2,2,1,1,0,0,0,0,2,2,2,2,2,2,2,2,2,2,2,2
C-clinical-11-00816#1,0,1,1,1,1,1,1,1,1,1,1,0,0,1,1,1,1,1,1,1,1,2,2,2,2,0,0,1,1
C-clinical-11-00816#2,0,1,1,1,1,1,1,1,1,2,2,0,0,0,0,0,0,2,2,1,1,1,1,1,1,1,1,1,1
C-clinical-11-00816#3,2,2,2,2,2,1,2,1,2,1,2,1,2,1,2,1,2,0,2,2,2,1,2,1,2,1,2,1,2
C-clinical-11-00818#0,0,2,2,2,2,2,2,2,2,2,2,0,0,0,0,0,0,2,2,2,2,2,2,2,2,2,2,2,2
C-clinical-11-00818#1,0,2,2,2,2,2,2,2,2,2,2,0,0,2,2,2,2,2,2,2,2,2,2,2,2,2,2,2,2
C-clinical-11-00818#10,0,2,2,2,2,2,2,2,2,2,2,2,2,2,2,2,2,2,2,0,0,2,2,2,2,2,2,2,2
C-clinical-11-00818#11,0,2,2,2,2,2,2,2,2,2,2,0,0,2,2,2,2,2,2,0,0,0,0,0,0,2,2,2,2
C-clinical-11-00818#12,0,2,2,2,2,0,0,2,2,2,2,0,0,0,0,2,2,2,2,0,0,2,2,0,0,2,2,2,2
C-clinical-11-00818#13,0,0,2,2,2,0,0,2,2,2,2,2,2,0,0,0,0,0,0,2,2,2,2,2,2,2,2,2,2
C-clinical-11-00818#2,0,2,2,2,2,0,0,2,2,2,2,2,2,0,0,0,0,0,0,2,2,2,2,2,2,2,2,2,2
C-clinical-11-00818#3,1,2,2,2,2,0,1,2,2,1,1,1,1,1,1,1,1,2,2,0,1,2,2,2,2,0,1,2,2
C-clinical-11-00818#4,0,2,2,2,2,2,2,2,2,2,2,2,2,2,2,2,2,2,2,1,1,2,2,2,2,2,2,2,2
C-clinical-11-00818#5,2,2,2,2,2,2,2,2,2,1,2,0,2,1,2,1,2,0,2,2,2,0,2,1,2,1,2,1,2
C-clinical-11-00818#6,2,2,2,2,2,1,2,2,2,1,2,0,2,1,2,1,2,0,2,2,2,0,2,1,2,1,2,1,2
C-clinical-11-00818#7,2,2,2,2,2,2,2,2,2,1,2,1,2,1,2,0,2,2,2,2,2,2,2,2,2,2,2,2,2
C-clinical-11-00818#8,2,2,2,2,2,0,2,2,2,2,2,2,2,2,2,1,2,2,2,2,2,2,2,2,2,2,2,2,2
C-clinical-11-00818#9,1,1,1,1,1,1,1,1,1,1,1,1,1,1,1,1,1,1,1,1,1,1,1,1,1,1,1,1,1
C-clinical-11-00819#0,0,2,2,2,2,2,2,2,2,2,2,1,1,0,0,0,1,2,2,2,2,2,2,2,2,2,2,2,2
C-clinical-11-00819#1,1,2,2,2,2,2,2,2,2,1,1,0,1,2,2,1,1,2,2,2,2,1,1,1,1,2,2,2,2
C-clinical-11-00819#10,0,2,2,2,2,2,2,2,2,2,2,2,2,2,2,2,2,2,2,2,2,2,2,2,2,2,2,2,2
C-clinical-11-00819#12,0,2,2,2,2,2,2,2,2,2,2,2,2,2,2,2,2,2,2,2,2,2,2,2,2,2,2,2,2
C-clinical-11-00819#2,0,1,1,1,1,1,1,1,1,2,2,0,0,1,1,0,0,2,2,0,0,1,1,1,1,1,1,1,1
C-clinical-11-00819#3,0,2,2,2,2,2,2,2,2,2,2,1,1,1,1,1,1,2,2,2,2,2,2,2,2,2,2,2,2
C-clinical-11-00819#4,0,2,2,2,2,2,2,2,2,2,2,2,2,2,2,2,2,2,2,2,2,2,2,2,2,2,2,2,2
C-clinical-11-00819#5,1,1,1,1,1,1,1,1,1,0,1,0,1,1,1,1,1,0,1,2,2,2,2,2,2,2,2,2,2
C-clinical-11-00819#6,0,2,2,2,2,2,2,2,2,2,2,2,2,2,2,2,2,2,2,2,2,2,2,2,2,2,2,2,2
C-clinical-11-00819#7,0,2,2,2,2,2,2,2,2,2,2,2,2,2,2,2,2,2,2,0,0,2,2,2,2,2,2,2,2
C-clinical-11-00819#8,0,2,2,2,2,2,2,2,2,2,2,2,2,2,2,2,2,2,2,2,2,2,2,2,2,0,0,2,2
C-clinical-11-00819#9,0,2,2,2,2,2,2,2,2,2,2,2,2,2,2,2,2,2,2,2,2,2,2,2,2,0,0,2,2
C-clinical-11-00820#0,0,2,2,2,2,2,2,2,2,2,2,2,2,1,1,2,2,2,2,2,2,2,2,2,2,2,2,2,2
C-clinical-11-00820#1,0,2,2,2,2,2,2,2,2,2,2,2,2,2,2,2,2,0,0,0,0,2,2,2,2,0,0,0,0
C-clinical-11-00820#2,2,2,2,2,2,2,2,2,2,2,2,2,2,2,2,2,2,2,2,2,2,2,2,2,2,2,2,2,2
C-clinical-11-00820#3,0,2,2,1,1,1,1,1,1,2,2,0,0,0,0,0,0,0,0,1,1,1,1,1,1,1,1,1,1
C-clinical-11-00820#4,0,2,2,2,2,2,2,2,2,1,1,2,2,2,2,2,2,0,0,1,1,2,2,2,2,2,2,2,2
C-clinical-11-00825#0,0,2,2,2,2,2,2,2,2,2,2,2,2,0,0,0,0,2,2,2,2,2,2,2,2,2,2,2,2
C-clinical-11-00825#1,0,2,2,2,2,2,2,2,2,2,2,2,2,0,0,0,0,0,2,2,2,2,2,0,2,0,2,2,2
C-clinical-11-00825#2,0,2,2,2,2,2,2,2,2,2,2,2,2,0,0,0,0,0,2,2,2,2,2,2,2,0,2,2,2
C-clinical-11-00825#3,0,2,2,2,2,2,2,2,2,2,2,0,0,1,1,2,2,2,2,2,2,2,2,2,2,2,2,2,2
C-clinical-11-00825#4,0,2,2,2,2,2,2,2,2,2,2,0,0,1,1,0,0,2,2,2,2,2,2,2,2,2,2,2,2
C-clinical-11-00825#5,1,1,1,0,1,0,1,1,1,0,1,0,1,0,1,0,1,0,1,0,1,1,1,2,2,2,2,0,1
C-clinical-11-00826#0,0,2,2,2,2,2,2,2,2,1,1,0,0,2,2,1,1,0,0,0,0,2,2,2,2,2,2,2,2
C-clinical-11-00826#1,0,2,2,2,2,2,2,2,2,2,2,2,2,2,2,2,2,2,2,2,2,2,2,2,2,2,2,2,2
C-clinical-11-00826#2,0,2,2,2,2,2,2,2,2,2,2,0,0,2,2,0,0,2,2,2,2,2,2,0,0,2,2,2,2
C-clinical-11-00826#3,0,2,2,2,2,1,1,2,2,2,2,2,2,2,2,2,2,2,2,2,2,2,2,2,2,1,1,1,1
C-clinical-11-00826#4,0,2,2,2,2,2,2,2,2,2,2,0,0,2,2,0,0,2,2,0,2,2,2,0,0,2,2,2,2
C-clinical-11-00827#0,0,2,2,2,2,2,2,2,2,2,2,2,2,1,1,0,2,2,2,2,2,2,2,2,2,2,2,2,2
C-clinical-11-00827#1,0,2,2,2,2,2,2,2,2,2,2,2,2,2,2,2,2,2,2,2,2,2,2,0,2,2,2,2,2
C-clinical-11-00827#2,0,2,2,2,2,1,1,1,1,2,2,1,1,1,1,0,1,2,2,2,2,1,1,0,1,2,2,2,2
C-clinical-11-00827#3,0,2,2,2,2,2,2,2,2,2,2,2,2,1,1,1,1,2,2,0,0,2,2,2,2,2,2,2,2
C-clinical-11-00827#4,0,2,2,2,2,2,2,2,2,2,2,2,2,2,2,0,0,2,2,2,2,2,2,2,2,2,2,2,2
C-clinical-11-00827#5,2,2,2,2,2,2,2,2,2,2,2,2,2,2,2,2,2,2,2,2,2,2,2,2,2,2,2,2,2
C-clinical-11-00827#6,0,2,2,2,2,2,2,2,2,2,2,0,0,2,2,2,2,2,2,2,2,2,2,2,2,2,2,2,2
C-clinical-11-00827#7,0,2,2,2,2,2,2,2,2,2,2,2,2,2,2,2,2,0,0,2,2,2,2,2,2,2,2,2,2
C-clinical-11-00828#0,0,2,2,2,2,2,2,2,2,2,2,0,1,2,2,1,1,2,2,2,2,2,2,2,2,2,2,2,2
C-clinical-11-00828#1,0,2,2,2,2,2,2,2,2,2,2,2,2,2,2,2,2,2,2,2,2,2,2,2,2,2,2,2,2
C-clinical-11-00828#2,0,2,2,2,2,2,2,2,2,1,1,1,1,1,1,1,1,2,2,1,1,2,2,2,2,2,2,2,2
C-clinical-11-00828#3,2,2,2,2,2,1,2,2,2,1,2,0,2,0,2,0,2,2,2,2,2,2,2,0,2,2,2,2,2
C-clinical-11-00828#4,2,2,2,2,2,2,2,2,2,2,2,0,2,2,2,2,2,2,2,0,2,2,2,2,2,2,2,2,2
C-clinical-11-00830#0,0,2,2,2,2,2,2,2,2,2,2,2,2,1,1,2,2,2,2,2,2,2,2,2,2,2,2,2,2
C-clinical-11-00830#1,2,2,2,2,2,2,2,2,2,2,2,0,2,2,2,2,2,2,2,2,2,2,2,2,2,2,2,2,2
C-clinical-11-00830#2,0,2,2,2,2,2,2,2,2,2,2,2,2,2,2,2,2,2,2,2,2,2,2,2,2,0,2,2,2
C-clinical-11-00830#3,0,2,2,2,2,2,2,2,2,2,2,2,2,2,2,2,2,2,2,2,2,2,2,2,2,2,2,2,2
C-clinical-11-00830#4,2,2,2,2,2,2,2,2,2,2,2,2,2,2,2,2,2,2,2,2,2,2,2,2,2,2,2,2,2
C-clinical-11-00830#5,2,2,2,2,2,2,2,2,2,2,2,2,2,2,2,2,2,2,2,0,2,2,2,2,2,2,2,2,2
C-clinical-11-00830#6,1,1,1,1,1,1,1,1,1,1,1,1,1,1,1,1,1,1,1,1,1,2,2,2,2,1,1,1,1
C-clinical-11-00830#7,1,2,2,2,2,2,2,2,2,1,1,0,1,2,2,2,2,2,2,0,1,2,2,2,2,2,2,2,2
C-clinical-11-00831#1,2,2,2,2,2,2,2,2,2,2,2,0,2,2,2,2,2,2,2,2,2,2,2,2,2,1,2,2,2
C-clinical-11-00831#2,0,2,2,2,2,2,2,2,2,2,2,2,2,2,2,2,2,2,2,2,2,2,2,2,2,2,2,2,2
C-clinical-11-00831#3,2,2,2,2,2,2,2,2,2,2,2,0,2,2,2,2,2,2,2,2,2,2,2,2,2,1,2,2,2
C-clinical-11-00831#4,0,2,2,2,2,2,2,2,2,2,2,2,2,2,2,0,2,0,2,2,2,2,2,2,2,2,2,2,2
C-clinical-11-00832#0,0,2,2,2,2,2,2,2,2,2,2,1,1,0,0,0,0,2,2,2,2,2,2,2,2,2,2,2,2
C-clinical-11-00832#1,1,1,1,1,1,1,1,1,1,0,1,0,1,1,1,1,1,0,1,2,2,1,1,1,1,1,1,2,2
C-clinical-11-00832#10,0,2,2,2,2,2,2,2,2,1,1,0,0,2,2,1,1,1,1,1,1,2,2,2,2,2,2,2,2
C-clinical-11-00832#11,0,2,2,2,2,2,2,2,2,2,2,2,2,1,1,1,1,2,2,0,0,2,2,2,2,1,1,2,2
C-clinical-11-00832#2,1,2,2,2,2,2,2,2,2,1,1,0,1,2,2,1,1,2,2,1,1,2,2,2,2,2,2,1,1
C-clinical-11-00832#3,2,2,2,2,2,2,2,2,2,2,2,2,2,2,2,2,2,2,2,2,2,2,2,2,2,2,2,2,2
C-clinical-11-00832#4,0,2,2,2,2,2,2,2,2,2,2,2,2,0,0,1,1,2,2,0,0,2,2,2,2,0,0,2,2
C-clinical-11-00832#5,0,2,2,2,2,2,2,2,2,2,2,2,2,0,0,0,0,2,2,2,2,2,2,2,2,2,2,2,2
C-clinical-11-00832#6,0,2,2,2,2,2,2,2,2,1,1,0,0,2,2,2,2,2,2,0,0,2,2,2,2,0,0,2,2
C-clinical-11-00832#7,0,2,2,2,2,2,2,2,2,2,2,0,2,0,0,0,0,0,2,2,2,2,2,0,2,0,2,0,2
C-clinical-11-00832#8,2,2,2,2,2,2,2,2,2,2,2,0,2,0,2,0,2,2,2,2,2,2,2,2,2,2,2,2,2
C-clinical-11-00832#9,2,2,2,2,2,2,2,2,2,2,2,0,2,0,2,0,2,2,2,2,2,2,2,2,2,2,2,2,2
C-clinical-11-00833#0,0,2,2,2,2,2,2,2,2,2,2,2,2,1,1,0,0,2,2,2,2,2,2,1,1,2,2,2,2
C-clinical-11-00833#1,0,2,2,2,2,2,2,2,2,2,2,0,2,0,0,0,0,2,2,2,2,2,2,0,0,0,2,2,2
C-clinical-11-00833#10,0,2,2,2,2,2,2,2,2,2,2,2,2,2,2,2,2,2,2,2,2,2,2,0,0,2,2,2,2
C-clinical-11-00833#2,0,2,2,2,2,2,2,2,2,2,2,0,0,2,2,1,1,2,2,2,2,2,2,2,2,2,2,2,2
C-clinical-11-00833#3,1,2,2,2,2,1,1,2,2,1,1,2,2,2,2,2,2,2,2,1,1,2,2,1,1,2,2,2,2
C-clinical-11-00833#4,2,2,2,2,2,1,2,2,2,2,2,2,2,2,2,2,2,2,2,1,2,2,2,2,2,2,2,2,2
C-clinical-11-00833#5,2,2,2,2,2,2,2,2,2,1,2,0,2,1,2,1,2,0,2,2,2,0,2,2,2,1,2,1,2
C-clinical-11-00833#6,1,2,2,2,2,1,1,2,2,2,2,2,2,2,2,2,2,2,2,1,2,2,2,0,1,0,1,2,2
C-clinical-11-00833#7,0,2,2,2,2,2,2,2,2,2,2,2,2,2,2,2,2,2,2,2,2,2,2,0,0,2,2,2,2
C-clinical-11-00833#8,2,2,2,2,2,0,2,2,2,1,2,0,2,2,2,2,2,2,2,0,2,2,2,2,2,2,2,2,2
C-clinical-11-00833#9,0,2,2,2,2,2,2,2,2,2,2,2,2,2,2,2,2,2,2,1,1,2,2,0,0,0,0,2,2
C-clinical-11-00834#0,0,2,2,2,2,2,2,2,2,2,2,0,0,1,1,0,0,2,2,2,2,2,2,2,2,1,2,2,2
C-clinical-11-00834#1,0,2,2,2,2,2,2,2,2,2,2,0,0,2,2,0,0,2,2,2,2,2,2,2,2,2,2,2,2
C-clinical-11-00834#2,2,2,2,2,2,2,2,2,2,2,2,0,2,2,2,2,2,2,2,2,2,2,2,2,2,2,2,2,2
C-clinical-11-00834#3,2,2,2,2,2,2,2,2,2,2,2,2,2,2,2,2,2,2,2,0,2,2,2,2,2,2,2,2,2
C-clinical-11-00834#4,2,2,2,2,2,2,2,2,2,1,2,0,2,1,2,1,2,2,2,2,2,2,2,2,2,2,2,2,2
C-clinical-11-00834#5,1,1,1,1,1,1,1,1,1,1,1,1,1,1,1,1,1,0,1,1,1,1,1,2,2,1,1,1,1
C-clinical-11-00834#6,0,2,2,2,2,1,1,2,2,1,1,0,0,2,2,2,2,2,2,1,1,2,2,2,2,2,2,2,2
C-clinical-11-00834#7,2,2,2,2,2,2,2,2,2,2,2,2,2,2,2,2,2,2,2,2,2,2,2,2,2,2,2,2,2
C-clinical-11-00840#0,0,2,2,2,2,2,2,2,2,2,2,2,2,2,2,2,2,2,2,2,2,2,2,2,2,2,2,2,2
C-clinical-11-00840#1,0,2,2,2,2,2,2,2,2,2,2,2,2,2,2,2,2,2,2,2,2,2,2,2,2,0,0,2,2
C-clinical-11-00840#10,2,2,2,2,2,2,2,2,2,1,2,1,2,0,2,0,2,2,2,2,2,2,2,2,2,2,2,2,2
C-clinical-11-00840#2,2,2,2,2,2,2,2,2,2,2,2,0,2,2,2,2,2,2,2,2,2,2,2,2,2,2,2,2,2
C-clinical-11-00840#3,0,2,2,2,2,2,2,2,2,2,2,2,2,2,2,2,2,2,2,2,2,2,2,2,2,0,2,2,2
C-clinical-11-00840#4,0,2,2,2,2,2,2,2,2,2,2,0,2,2,2,0,0,2,2,2,2,2,2,0,0,0,2,2,2
C-clinical-11-00840#5,2,2,2,2,2,2,2,2,2,2,2,2,2,2,2,2,2,2,2,0,2,2,2,2,2,0,2,2,2
C-clinical-11-00840#6,2,2,2,2,2,2,2,2,2,1,2,0,2,1,2,1,2,2,2,2,2,0,2,2,2,1,2,1,2
C-clinical-11-00840#7,1,1,1,1,1,1,1,1,1,1,1,1,1,1,1,1,1,2,2,1,1,1,1,1,1,1,1,1,1
C-clinical-11-00840#8,0,2,2,2,2,1,1,2,2,2,2,0,0,2,2,2,2,2,2,0,0,2,2,2,2,2,2,2,2
C-clinical-11-00840#9,0,2,2,2,2,2,2,2,2,2,2,2,2,0,0,0,0,2,2,2,2,2,2,0,0,2,2,2,2
C-clinical-11-00841#1,2,2,2,2,2,2,2,2,2,2,2,2,2,2,2,2,2,2,2,2,2,2,2,2,2,2,2,2,2
C-clinical-11-00841#2,2,2,2,2,2,2,2,2,2,2,2,2,2,2,2,2,2,2,2,2,2,2,2,2,2,2,2,2,2
C-clinical-11-00841#3,2,2,2,2,2,2,2,2,2,2,2,0,2,2,2,2,2,2,2,2,2,2,2,2,2,2,2,2,2
C-clinical-11-00841#5,2,2,2,2,2,2,2,2,2,2,2,2,2,1,2,2,2,2,2,2,2,2,2,2,2,2,2,2,2
C-clinical-11-00842#0,0,2,2,2,2,2,2,2,2,2,2,1,1,0,0,0,0,2,2,2,2,2,2,2,2,2,2,2,2
C-clinical-11-00842#1,0,1,1,1,1,1,1,1,1,0,0,2,2,0,0,0,0,2,2,0,0,1,1,1,1,1,1,2,2
C-clinical-11-00842#2,0,2,2,2,2,2,2,2,2,2,2,0,0,0,0,0,0,2,2,2,2,2,2,2,2,2,2,2,2
C-clinical-11-00842#3,0,2,2,2,2,2,2,2,2,2,2,2,2,0,0,2,2,2,2,2,2,2,2,2,2,2,2,2,2
C-clinical-11-00842#4,0,2,2,2,2,2,2,2,2,2,2,2,2,2,2,2,2,2,2,0,0,2,2,2,2,2,2,2,2
C-clinical-11-00844#0,0,2,2,2,2,2,2,2,2,2,2,2,2,0,0,1,2,2,2,2,2,2,2,2,2,2,2,2,2
C-clinical-11-00844#1,0,2,2,2,2,0,0,2,2,2,2,2,2,2,2,2,2,2,2,2,2,2,2,2,2,2,2,2,2
C-clinical-11-00844#2,0,2,2,2,2,2,2,2,2,2,2,2,2,1,1,1,2,2,2,2,2,2,2,2,2,2,2,2,2
C-clinical-11-00844#3,0,2,2,2,2,2,2,2,2,2,2,0,0,2,2,2,2,2,2,0,0,2,2,2,2,2,2,2,2
C-clinical-11-00844#4,1,2,2,2,2,1,1,2,2,1,1,1,1,2,2,2,2,2,2,1,1,2,2,1,1,2,2,2,2
C-clinical-11-00847#0,2,2,2,2,2,2,2,2,2,2,2,0,2,0,2,2,2,2,2,2,2,2,2,2,2,2,2,2,2
C-clinical-11-00847#1,2,2,2,2,2,2,2,2,2,2,2,0,2,0,2,2,2,2,2,2,2,2,2,2,2,2,2,2,2
C-clinical-11-00847#2,2,2,2,2,2,2,2,2,2,2,2,2,2,2,2,2,2,2,2,2,2,2,2,2,2,2,2,2,2
C-clinical-11-00847#3,2,2,2,2,2,2,2,2,2,2,2,0,2,0,2,0,2,2,2,2,2,2,2,2,2,2,2,2,2
C-clinical-11-00847#4,2,2,2,2,2,2,2,2,2,2,2,2,2,2,2,0,2,2,2,2,2,2,2,2,2,2,2,2,2
C-clinical-11-00847#5,2,2,2,2,2,2,2,2,2,2,2,0,2,2,2,2,2,2,2,2,2,2,2,2,2,2,2,2,2
C-clinical-11-00847#6,2,2,2,2,2,2,2,2,2,2,2,0,2,2,2,2,2,2,2,2,2,2,2,2,2,2,2,2,2
C-clinical-11-00847#7,2,2,2,2,2,2,2,2,2,2,2,2,2,2,2,2,2,2,2,2,2,2,2,2,2,2,2,2,2
C-clinical-11-00847#8,2,2,2,2,2,2,2,2,2,2,2,2,2,2,2,0,2,2,2,2,2,2,2,0,2,2,2,2,2
C-clinical-11-00847#9,2,2,2,2,2,2,2,2,2,2,2,0,2,0,2,2,2,2,2,0,2,2,2,0,2,0,2,2,2
C-clinical-11-00849#0,0,2,2,2,2,2,2,2,2,2,2,2,2,1,1,1,1,2,2,2,2,2,2,2,2,2,2,2,2
C-clinical-11-00849#1,2,2,2,2,2,2,2,2,2,2,2,2,2,2,2,2,2,2,2,0,2,2,2,2,2,2,2,2,2
C-clinical-11-00849#2,1,2,2,2,2,1,1,2,2,1,1,1,1,1,1,1,1,2,2,0,1,2,2,2,2,1,1,2,2
C-clinical-11-00849#3,0,2,2,2,2,2,2,2,2,2,2,2,2,0,0,0,0,2,2,2,2,2,2,2,2,2,2,2,2
C-clinical-11-00849#4,2,2,2,2,2,2,2,2,2,2,2,2,2,2,2,2,2,2,2,2,2,2,2,2,2,2,2,2,2
C-clinical-11-00849#5,0,2,2,2,2,2,2,2,2,2,2,0,2,0,0,0,0,2,2,2,2,2,2,0,0,2,2,2,2
C-clinical-11-00849#6,2,2,2,2,2,1,2,2,2,2,2,2,2,2,2,2,2,2,2,1,2,2,2,2,2,2,2,2,2
C-clinical-11-00849#7,0,2,2,2,2,2,2,2,2,2,2,2,2,0,0,0,0,2,2,2,2,2,2,0,0,2,2,2,2
C-clinical-11-00849#8,2,2,2,2,2,1,2,2,2,2,2,2,2,2,2,2,2,2,2,1,2,2,2,2,2,2,2,2,2
C-clinical-11-00851#1,2,2,2,2,2,2,2,2,2,2,2,2,2,1,2,2,2,2,2,2,2,2,2,2,2,2,2,2,2
C-clinical-11-00851#10,2,2,2,2,2,2,2,2,2,2,2,0,2,2,2,2,2,2,2,2,2,2,2,0,2,0,2,2,2
C-clinical-11-00851#2,2,2,2,2,2,2,2,2,2,2,2,0,2,2,2,2,2,0,2,0,2,2,2,2,2,2,2,2,2
C-clinical-11-00851#3,2,2,2,2,2,2,2,2,2,2,2,2,2,2,2,2,2,2,2,2,2,2,2,2,2,2,2,2,2
C-clinical-11-00851#4,2,2,2,2,2,2,2,2,2,2,2,2,2,2,2,2,2,2,2,2,2,2,2,2,2,2,2,2,2
C-clinical-11-00851#5,1,1,1,1,1,1,1,1,1,0,1,0,1,1,1,1,1,0,1,2,2,2,2,2,2,2,2,2,2
C-clinical-11-00851#6,0,2,2,2,2,2,2,2,2,2,2,2,2,2,2,2,2,2,2,0,0,2,2,2,2,0,0,1,1
C-clinical-11-00851#7,2,2,2,2,2,2,2,2,2,2,2,2,2,0,2,2,2,2,2,2,2,2,2,2,2,2,2,2,2
C-clinical-11-00851#8,2,2,2,2,2,2,2,2,2,2,2,2,2,0,2,2,2,2,2,2,2,2,2,0,2,0,2,2,2
C-clinical-11-00851#9,1,2,2,2,2,1,1,1,1,2,2,1,1,0,1,0,1,2,2,2,2,1,1,0,1,2,2,2,2
C-clinical-11-00853#0,0,2,2,2,2,2,2,2,2,2,2,0,0,2,2,1,1,2,2,2,2,2,2,2,2,2,2,2,2
C-clinical-11-00853#1,0,2,2,2,2,2,2,2,2,2,2,0,0,2,2,0,2,2,2,2,2,2,2,2,2,2,2,2,2
C-clinical-11-00853#2,0,2,2,2,2,2,2,2,2,2,2,0,0,2,2,2,2,2,2,2,2,2,2,2,2,2,2,2,2
C-clinical-11-00853#3,1,2,2,2,2,2,2,2,2,1,1,1,1,2,2,1,1,2,2,1,1,2,2,2,2,2,2,2,2
C-clinical-11-00855#0,0,2,2,2,2,2,2,2,2,2,2,2,2,1,1,0,0,2,2,2,2,2,2,2,2,2,2,2,2
C-clinical-11-00855#10,0,2,2,2,2,2,2,2,2,2,2,2,2,0,0,0,0,0,2,2,2,2,2,0,2,0,2,2,2
C-clinical-11-00855#2,0,2,2,2,2,2,2,2,2,2,2,0,0,2,2,2,2,2,2,2,2,2,2,2,2,2,2,2,2
C-clinical-11-00855#3,1,1,1,1,1,1,1,1,1,0,1,0,1,1,1,1,1,0,1,2,2,1,1,1,1,1,1,2,2
C-clinical-11-00855#4,2,2,2,2,2,2,2,2,2,2,2,0,2,2,2,2,2,2,2,2,2,2,2,2,2,2,2,2,2
C-clinical-11-00855#5,0,2,2,2,2,2,2,2,2,2,2,2,2,2,2,0,0,0,2,2,2,2,2,0,2,0,2,0,2
C-clinical-11-00855#6,0,2,2,2,2,2,2,2,2,2,2,2,2,2,2,2,2,2,2,2,2,2,2,2,2,2,2,2,2
C-clinical-11-00855#7,0,2,2,2,2,0,0,2,2,0,0,0,0,2,2,2,2,2,2,0,0,2,2,2,2,2,2,2,2
C-clinical-11-00855#8,2,2,2,2,2,2,2,2,2,1,2,2,2,2,2,2,2,2,2,2,2,2,2,2,2,2,2,2,2
C-clinical-11-00855#9,2,2,2,2,2,2,2,2,2,2,2,2,2,2,2,2,2,2,2,2,2,2,2,2,2,2,2,0,2
C-clinical-11-00856#0,0,2,2,2,2,2,2,2,2,2,2,1,1,0,0,1,1,2,2,2,2,2,2,2,2,2,2,2,2
C-clinical-11-00856#1,0,2,2,2,2,2,2,2,2,2,2,0,0,2,2,2,2,2,2,2,2,2,2,2,2,2,2,2,2
C-clinical-11-00856#2,0,2,2,2,2,2,2,2,2,2,2,2,2,2,2,0,2,2,2,2,2,2,2,2,2,2,2,0,2
C-clinical-11-00856#3,0,2,2,2,2,2,2,2,2,2,2,0,0,2,2,2,2,2,2,0,0,2,2,2,2,1,1,2,2
C-clinical-11-00858#0,1,2,2,2,2,1,1,2,2,2,2,0,1,2,2,1,1,2,2,1,1,2,2,2,2,0,1,1,1
C-clinical-11-00858#1,0,2,2,2,2,2,2,2,2,2,2,1,2,2,2,2,2,2,2,2,2,2,2,2,2,2,2,2,2
C-clinical-11-00858#2,0,2,2,2,2,2,2,2,2,2,2,2,2,2,2,2,2,0,2,2,2,2,2,2,2,0,2,2,2
C-clinical-11-00858#3,0,2,2,2,2,2,2,2,2,2,2,0,0,2,2,0,0,2,2,2,2,2,2,2,2,2,2,2,2
C-clinical-11-00858#4,0,2,2,1,1,0,0,1,1,2,2,0,0,0,0,0,0,0,0,1,1,1,1,1,1,1,1,1,1
C-clinical-11-00858#5,1,2,2,2,2,1,1,2,2,1,1,0,1,1,1,1,1,2,2,0,1,2,2,2,2,0,1,2,2
C-clinical-11-00858#6,1,2,2,1,1,1,1,2,2,1,1,0,1,1,1,1,1,2,2,0,1,2,2,2,2,2,2,1,1
C-clinical-11-00864#1,0,2,2,2,2,2,2,2,2,2,2,0,0,2,2,2,2,2,2,2,2,2,2,2,2,2,2,2,2
C-clinical-11-00864#10,0,2,2,2,2,0,0,2,2,1,1,0,0,2,2,2,2,2,2,0,0,2,2,2,2,2,2,2,2
C-clinical-11-00864#11,2,2,2,2,2,2,2,2,2,2,2,2,2,2,2,1,2,2,2,2,2,2,2,2,2,2,2,2,2
C-clinical-11-00864#2,2,2,2,2,2,2,2,2,2,2,2,2,2,1,2,1,2,2,2,0,2,2,2,2,2,2,2,2,2
C-clinical-11-00864#3,2,2,2,2,2,2,2,2,2,2,2,2,2,0,2,0,2,2,2,0,2,2,2,2,2,2,2,2,2
C-clinical-11-00864#4,2,2,2,2,2,2,2,2,2,2,2,2,2,2,2,2,2,2,2,2,2,2,2,2,2,2,2,2,2
C-clinical-11-00864#5,1,1,1,1,1,1,1,1,1,0,1,0,1,1,1,1,1,0,1,0,1,1,1,1,1,1,1,2,2
C-clinical-11-00864#6,1,2,2,2,2,2,2,1,1,2,2,0,1,2,2,1,1,2,2,1,1,1,1,2,2,2,2,2,2
C-clinical-11-00864#7,1,2,2,2,2,0,1,2,2,2,2,2,2,2,2,1,1,2,2,0,1,2,2,1,1,2,2,2,2
C-clinical-11-00864#8,2,2,2,2,2,2,2,2,2,2,2,2,2,1,2,1,2,2,2,2,2,2,2,2,2,2,2,2,2
C-clinical-11-00864#9,2,2,2,2,2,2,2,2,2,2,2,0,2,2,2,2,2,2,2,2,2,2,2,2,2,2,2,2,2
C-clinical-11-00866#0,2,2,2,2,2,2,2,2,2,2,2,2,2,0,2,0,2,2,2,2,2,2,2,2,2,2,2,2,2
C-clinical-11-00866#1,2,2,2,2,2,2,2,2,2,2,2,2,2,0,2,0,2,2,2,2,2,2,2,0,2,0,2,2,2
C-clinical-11-00866#2,1,2,2,2,2,1,1,1,1,2,2,0,1,0,1,0,1,1,1,2,2,1,1,0,1,1,1,2,2
C-clinical-11-00866#3,2,2,2,2,2,2,2,2,2,2,2,2,2,2,2,2,2,2,2,2,2,2,2,2,2,2,2,2,2
C-clinical-11-00866#4,0,2,2,2,2,2,2,2,2,2,2,2,2,1,1,1,1,2,2,0,0,2,2,2,2,0,0,2,2
C-clinical-11-00866#5,0,2,2,2,2,2,2,2,2,2,2,2,2,0,0,0,0,2,2,2,2,2,2,2,2,2,2,2,2
C-clinical-11-00866#6,0,2,2,2,2,2,2,2,2,2,2,0,0,0,0,0,0,2,2,2,2,2,2,2,2,2,2,2,2
C-clinical-11-00870#0,2,2,2,2,2,2,2,2,2,2,2,2,2,1,2,1,2,2,2,2,2,2,2,2,2,2,2,2,2
C-clinical-11-00870#1,1,2,2,2,2,2,2,1,1,2,2,1,1,0,1,0,1,2,2,2,2,1,1,0,1,1,1,2,2
C-clinical-11-00870#2,2,2,2,2,2,2,2,2,2,2,2,2,2,2,2,0,2,2,2,2,2,2,2,2,2,2,2,0,2
C-clinical-11-00870#3,0,1,1,1,1,0,0,1,1,2,2,0,0,0,0,0,0,2,2,1,1,1,1,1,1,1,1,1,1
C-clinical-11-00870#4,0,2,2,2,2,2,2,2,2,2,2,0,0,2,2,2,2,2,2,2,2,2,2,2,2,2,2,2,2
C-clinical-11-00870#5,2,2,2,2,2,2,2,2,2,2,2,2,2,2,2,1,2,0,2,2,2,2,2,2,2,2,2,2,2
C-clinical-11-00871#0,0,2,2,2,2,2,2,2,2,2,2,2,2,2,2,0,0,2,2,2,2,2,2,2,2,2,2,2,2
C-clinical-11-00871#1,1,1,1,1,1,1,1,1,1,0,1,0,1,1,1,1,1,0,1,2,2,1,1,1,1,2,2,2,2
C-clinical-11-00871#10,0,2,2,2,2,2,2,2,2,1,1,2,2,2,2,2,2,2,2,2,2,2,2,2,2,2,2,2,2
C-clinical-11-00871#11,0,2,2,2,2,2,2,2,2,2,2,2,2,0,0,0,0,2,2,0,2,2,2,0,2,2,2,2,2
C-clinical-11-00871#3,0,2,2,2,2,2,2,2,2,2,2,0,0,2,2,2,2,2,2,2,2,2,2,2,2,2,2,2,2
C-clinical-11-00871#4,2,2,2,2,2,2,2,2,2,1,2,0,2,2,2,2,2,2,2,0,2,2,2,2,2,2,2,2,2
C-clinical-11-00871#5,2,2,2,2,2,2,2,2,2,2,2,2,2,2,2,2,2,2,2,2,2,2,2,2,2,2,2,2,2
C-clinical-11-00871#6,0,2,2,2,2,2,2,2,2,2,2,2,2,2,2,0,0,2,2,0,2,2,2,0,2,0,2,0,2
C-clinical-11-00871#7,2,2,2,2,2,2,2,2,2,2,2,2,2,2,2,2,2,2,2,2,2,2,2,2,2,2,2,2,2
C-clinical-11-00871#8,0,2,2,2,2,2,2,2,2,2,2,2,2,2,2,2,2,2,2,1,1,2,2,2,2,2,2,2,2
C-clinical-11-00871#9,0,2,2,2,2,2,2,2,2,2,2,2,2,2,2,2,2,2,2,2,2,2,2,2,2,2,2,2,2
C-clinical-11-00872#0,0,2,2,2,2,2,2,2,2,2,2,2,2,2,2,1,1,2,2,2,2,2,2,2,2,2,2,2,2
C-clinical-11-00872#1,0,2,2,2,2,2,2,2,2,2,2,2,2,2,2,0,0,0,2,2,2,2,2,2,2,2,2,2,2
C-clinical-11-00872#2,2,2,2,2,2,2,2,2,2,2,2,2,2,2,2,2,2,2,2,2,2,2,2,2,2,2,2,2,2
C-clinical-11-00872#3,2,2,2,2,2,1,2,2,2,1,2,0,2,2,2,2,2,2,2,2,2,2,2,2,2,2,2,2,2
C-clinical-11-00872#4,0,2,2,2,2,2,2,2,2,1,1,1,1,2,2,1,1,2,2,1,1,2,2,1,1,2,2,2,2
C-clinical-11-00874#0,2,2,2,2,2,2,2,2,2,2,2,2,2,2,2,2,2,2,2,2,2,2,2,2,2,2,2,2,2
C-clinical-11-00874#1,0,2,2,2,2,2,2,2,2,2,2,0,0,0,0,1,1,2,2,2,2,2,2,2,2,2,2,2,2
C-clinical-11-00874#10,2,2,2,2,2,2,2,2,2,1,2,1,2,1,2,0,2,2,2,2,2,2,2,2,2,2,2,2,2
C-clinical-11-00874#11,0,2,2,2,2,2,2,2,2,2,2,2,2,2,2,2,2,2,2,2,2,2,2,0,0,0,0,2,2
C-clinical-11-00874#12,2,2,2,2,2,2,2,2,2,1,2,0,2,1,2,0,2,2,2,2,2,2,2,2,2,2,2,1,2
C-clinical-11-00874#13,2,2,2,2,2,2,2,2,2,1,2,0,2,1,2,1,2,2,2,2,2,0,2,1,2,1,2,1,2
C-clinical-11-00874#14,2,1,2,0,2,0,2,2,2,2,2,1,2,2,2,2,2,2,2,2,2,2,2,2,2,2,2,2,2
C-clinical-11-00874#2,0,1,1,2,2,1,1,2,2,1,1,1,1,2,2,1,1,2,2,1,1,2,2,1,1,2,2,2,2
C-clinical-11-00874#3,2,2,2,2,2,2,2,2,2,2,2,0,2,2,2,2,2,2,2,2,2,2,2,2,2,2,2,2,2
C-clinical-11-00874#4,0,2,2,2,2,2,2,2,2,2,2,0,0,2,2,2,2,2,2,2,2,2,2,2,2,0,2,2,2
C-clinical-11-00874#5,2,2,2,2,2,2,2,2,2,1,2,0,2,1,2,0,2,2,2,2,2,2,2,2,2,2,2,2,2
C-clinical-11-00874#6,2,2,2,2,2,2,2,2,2,1,2,0,2,1,2,1,2,2,2,2,2,0,2,1,2,1,2,1,2
C-clinical-11-00874#7,1,2,2,2,2,1,1,2,2,1,1,1,1,1,1,1,1,2,2,0,1,2,2,2,2,2,2,1,1
C-clinical-11-00874#8,0,2,2,2,2,2,2,2,2,2,2,2,2,2,2,2,2,2,2,0,0,2,2,2,2,0,0,2,2
C-clinical-11-00874#9,2,0,2,0,2,0,2,2,2,2,2,0,2,2,2,2,2,2,2,2,2,2,2,2,2,2,2,2,2
C-clinical-11-00875#0,0,2,2,2,2,2,2,2,2,2,2,0,1,2,2,1,1,2,2,2,2,2,2,2,2,2,2,2,2
C-clinical-11-00875#1,0,2,2,2,2,2,2,2,2,2,2,2,2,2,2,0,0,2,2,2,2,2,2,2,2,0,2,2,2
C-clinical-11-00875#2,0,2,2,2,2,2,2,2,2,2,2,0,0,2,2,1,1,2,2,2,2,2,2,2,2,2,2,2,2
C-clinical-11-00875#3,0,2,2,2,2,2,2,2,2,2,2,0,0,1,1,0,0,2,2,2,2,2,2,2,2,2,2,2,2
C-clinical-11-00875#4,1,1,1,1,1,1,1,1,1,1,1,1,1,1,1,1,1,0,1,1,1,1,1,1,1,1,1,1,1
C-clinical-11-00875#5,0,2,2,2,2,1,1,2,2,2,2,0,0,2,2,2,2,2,2,0,0,2,2,2,2,2,2,2,2
C-clinical-11-00875#6,1,1,1,1,1,1,1,1,1,1,1,0,1,1,1,1,1,0,1,1,1,1,1,1,1,1,1,1,1
C-clinical-11-00876#1,2,2,2,2,2,2,2,2,2,2,2,2,2,2,2,2,2,2,2,2,2,2,2,2,2,2,2,2,2
C-clinical-11-00876#2,2,2,2,2,2,2,2,2,2,2,2,2,2,2,2,2,2,2,2,2,2,2,2,2,2,2,2,2,2
C-clinical-11-00876#3,2,2,2,2,2,2,2,2,2,2,2,2,2,2,2,2,2,2,2,2,2,2,2,2,2,2,2,2,2
C-clinical-11-00876#4,2,2,2,2,2,2,2,2,2,2,2,2,2,1,2,2,2,2,2,2,2,2,2,2,2,2,2,2,2
C-clinical-11-00876#5,2,2,2,2,2,2,2,2,2,2,2,0,2,2,2,0,2,2,2,2,2,2,2,0,2,2,2,2,2
C-clinical-11-00876#6,2,2,2,2,2,2,2,2,2,2,2,2,2,2,2,2,2,2,2,2,2,2,2,2,2,2,2,2,2
C-clinical-11-00876#7,2,2,2,2,2,2,2,2,2,2,2,2,2,2,2,2,2,2,2,2,2,2,2,0,2,2,2,2,2
C-clinical-11-00876#8,0,2,2,2,2,2,2,2,2,2,2,0,0,1,1,1,1,2,2,2,2,2,2,2,2,2,2,2,2
C-clinical-11-00876#9,2,2,2,2,2,2,2,2,2,2,2,2,2,0,2,2,2,2,2,2,2,2,2,2,2,2,2,2,2
C-clinical-11-00880#0,0,2,2,2,2,2,2,2,2,2,2,1,1,1,1,2,2,2,2,2,2,2,2,2,2,2,2,2,2
C-clinical-11-00880#1,0,2,2,2,2,2,2,2,2,2,2,0,0,0,0,0,2,2,2,2,2,2,2,2,2,0,2,2,2
C-clinical-11-00880#2,0,2,2,2,2,1,1,1,1,2,2,0,0,2,2,1,1,2,2,1,1,2,2,2,2,0,0,2,2
C-clinical-11-00880#3,2,2,2,2,2,2,2,2,2,2,2,0,2,1,2,1,2,2,2,2,2,0,2,2,2,0,2,2,2
C-clinical-11-00880#4,1,2,2,2,2,2,2,2,2,2,2,2,2,2,2,2,2,2,2,2,2,2,2,2,2,2,2,2,2
C-clinical-11-00880#5,2,2,2,2,2,2,2,2,2,2,2,2,2,2,2,2,2,0,2,2,2,2,2,2,2,0,2,2,2
C-clinical-11-00880#6,2,1,2,0,2,1,2,2,2,1,2,0,2,1,2,1,2,2,2,2,2,2,2,0,2,0,2,1,2
C-clinical-11-00880#7,2,2,2,2,2,0,2,2,2,2,2,2,2,2,2,2,2,2,2,2,2,2,2,2,2,2,2,2,2
C-clinical-11-00880#8,2,2,2,2,2,1,2,2,2,1,2,1,2,1,2,1,2,2,2,2,2,2,2,2,2,2,2,2,2
C-clinical-11-00881#0,0,2,2,2,2,2,2,2,2,2,2,2,2,1,1,0,0,2,2,2,2,2,2,2,2,2,2,2,2
C-clinical-11-00881#1,0,2,2,2,2,2,2,2,2,2,2,0,2,0,0,0,0,2,2,2,2,2,2,2,2,0,2,2,2
C-clinical-11-00881#2,0,2,2,2,2,2,2,2,2,2,2,0,0,0,0,0,0,2,2,0,0,2,2,2,2,2,2,2,2
C-clinical-11-00881#3,0,2,2,2,2,2,2,2,2,2,2,0,0,1,1,0,0,2,2,2,2,2,2,2,2,2,2,2,2
C-clinical-11-00881#4,0,2,2,2,2,2,2,2,2,2,2,0,0,2,2,2,2,2,2,2,2,2,2,2,2,2,2,2,2
C-clinical-11-00881#5,0,2,2,2,2,2,2,2,2,2,2,2,2,2,2,2,2,2,2,0,0,2,2,2,2,0,0,2,2
C-clinical-11-00881#6,0,2,2,2,2,2,2,2,2,2,2,2,2,0,0,0,0,2,2,2,2,2,2,0,2,2,2,2,2
C-clinical-11-00884#0,0,2,2,2,2,2,2,2,2,2,2,2,2,2,2,2,2,2,2,2,2,2,2,2,2,2,2,2,2
C-clinical-11-00884#1,0,2,2,2,2,2,2,2,2,2,2,1,1,2,2,1,1,2,2,0,0,2,2,2,2,2,2,2,2
C-clinical-11-00884#2,0,2,2,2,2,2,2,2,2,2,2,2,2,2,2,0,0,2,2,2,2,2,2,2,2,2,2,2,2
C-clinical-11-00884#3,2,2,2,2,2,1,2,2,2,2,2,0,2,2,2,2,2,2,2,0,2,2,2,2,2,2,2,2,2
C-clinical-11-00884#4,0,1,1,1,1,1,1,1,1,2,2,0,0,0,0,0,0,2,2,0,0,1,1,1,1,1,1,1,1
C-clinical-11-00884#5,0,2,2,2,2,1,1,2,2,1,1,2,2,2,2,1,1,2,2,1,1,2,2,2,2,2,2,2,2
C-clinical-11-00886#0,2,2,2,2,2,2,2,2,2,2,2,0,2,2,2,2,2,2,2,2,2,2,2,2,2,2,2,2,2
C-clinical-11-00886#1,2,2,2,2,2,2,2,2,2,2,2,2,2,2,2,2,2,2,2,2,2,2,2,2,2,2,2,2,2
C-clinical-11-00886#2,2,2,2,2,2,2,2,2,2,2,2,2,2,2,2,2,2,2,2,2,2,2,2,0,2,2,2,2,2
C-clinical-11-00886#3,2,2,2,2,2,2,2,2,2,2,2,2,2,2,2,2,2,2,2,2,2,2,2,2,2,2,2,2,2
C-clinical-11-00886#4,0,2,2,2,2,2,2,2,2,2,2,0,0,2,2,1,2,2,2,2,2,2,2,0,2,2,2,2,2
C-clinical-11-00886#5,2,2,2,2,2,2,2,2,2,1,2,1,2,1,2,1,2,2,2,2,2,2,2,2,2,2,2,2,2
C-clinical-11-00886#6,1,1,1,1,1,1,1,1,1,1,1,0,1,1,1,1,1,0,1,1,1,1,1,1,1,1,1,1,1
C-clinical-11-00886#7,2,2,2,2,2,2,2,2,2,2,2,2,2,2,2,2,2,2,2,2,2,2,2,0,2,2,2,2,2
C-clinical-11-00886#8,0,2,2,2,2,2,2,2,2,2,2,0,0,1,1,2,2,2,2,2,2,2,2,2,2,2,2,1,2
C-clinical-11-00887#0,0,2,2,2,2,2,2,2,2,2,2,2,2,1,1,2,2,2,2,2,2,2,2,2,2,2,2,2,2
C-clinical-11-00887#1,0,2,2,2,2,2,2,2,2,2,2,0,0,2,2,2,2,2,2,2,2,2,2,2,2,2,2,2,2
C-clinical-11-00887#2,0,2,2,2,2,2,2,2,2,2,2,2,2,0,0,0,2,2,2,2,2,2,2,0,2,2,2,2,2
C-clinical-11-00887#3,0,2,2,2,2,2,2,2,2,2,2,2,2,2,2,1,2,2,2,2,2,2,2,2,2,2,2,2,2
C-clinical-11-00887#4,0,2,2,2,2,2,2,2,2,2,2,0,2,0,0,0,2,2,2,2,2,2,2,2,2,2,2,2,2
C-clinical-11-00897#0,0,2,2,2,2,2,2,2,2,2,2,2,2,1,1,2,2,2,2,2,2,2,2,2,2,2,2,2,2
C-clinical-11-00897#1,0,2,2,2,2,2,2,2,2,2,2,2,2,2,2,2,2,2,2,2,2,2,2,0,2,2,2,2,2
C-clinical-11-00897#2,0,2,2,2,2,2,2,1,1,2,2,0,1,2,2,0,1,2,2,2,2,1,1,0,1,1,1,2,2
C-clinical-11-00897#3,0,2,2,1,1,1,1,1,1,2,2,0,0,0,0,0,0,0,0,1,1,1,1,1,1,1,1,1,1
C-clinical-11-00897#4,2,2,2,2,2,2,2,2,2,2,2,2,2,2,2,2,2,2,2,2,2,2,2,2,2,2,2,2,2
C-clinical-11-00897#5,0,2,2,2,2,2,2,2,2,2,2,0,2,2,2,2,2,2,2,2,2,2,2,0,2,2,2,2,2
C-clinical-11-00897#6,2,2,2,2,2,1,2,2,2,2,2,1,2,2,2,2,2,2,2,2,2,2,2,2,2,0,2,2,2
C-clinical-11-00900#0,0,2,2,2,2,2,2,2,2,2,2,1,1,2,2,0,0,2,2,2,2,2,2,2,2,2,2,2,2
C-clinical-11-00900#1,1,1,1,1,1,1,1,1,1,0,1,0,1,1,1,1,1,0,1,2,2,1,1,1,1,2,2,2,2
C-clinical-11-00900#10,0,2,2,2,2,2,2,2,2,2,2,2,2,0,0,0,0,2,2,2,2,2,2,0,0,2,2,2,2
C-clinical-11-00900#11,1,2,2,2,2,2,2,2,2,1,1,2,2,2,2,1,1,2,2,1,1,2,2,2,2,2,2,2,2
C-clinical-11-00900#12,0,2,2,2,2,1,1,2,2,2,2,2,2,2,2,2,2,2,2,2,2,2,2,0,0,0,0,2,2
C-clinical-11-00900#3,0,2,2,2,2,2,2,2,2,2,2,2,2,2,2,0,0,2,2,2,2,2,2,0,2,0,2,2,2
C-clinical-11-00900#4,1,2,2,2,2,2,2,2,2,1,1,2,2,2,2,1,1,2,2,1,1,2,2,2,2,2,2,2,2
C-clinical-11-00900#5,0,2,2,2,2,2,2,2,2,2,2,2,2,0,0,0,0,2,2,2,2,2,2,0,0,2,2,2,2
C-clinical-11-00900#6,0,2,2,2,2,2,2,2,2,2,2,2,2,1,1,2,2,0,0,0,0,2,2,2,2,0,0,2,2
C-clinical-11-00900#7,0,2,2,2,2,2,2,2,2,2,2,2,2,2,2,2,2,0,0,2,2,2,2,2,2,2,2,2,2
C-clinical-11-00900#8,2,2,2,2,2,2,2,2,2,2,2,2,2,2,2,2,2,2,2,2,2,2,2,2,2,2,2,2,2
C-clinical-11-00900#9,0,2,2,2,2,2,2,2,2,2,2,2,2,0,0,0,0,2,2,0,0,2,2,0,0,2,2,0,0
C-clinical-11-00903#0,0,2,2,2,2,2,2,2,2,2,2,2,2,2,2,2,2,2,2,2,2,2,2,2,2,1,1,2,2
C-clinical-11-00903#1,0,2,2,2,2,2,2,2,2,2,2,2,2,2,2,2,2,2,2,2,2,2,2,2,2,2,2,2,2
C-clinical-11-00903#2,1,2,2,2,2,1,1,2,2,2,2,0,1,2,2,1,1,1,1,1,1,1,1,1,1,1,1,2,2
C-clinical-11-00903#3,2,2,2,2,2,2,2,2,2,2,2,2,2,2,2,2,2,2,2,2,2,2,2,2,2,2,2,2,2
C-clinical-11-00903#4,0,2,2,2,2,2,2,2,2,2,2,2,2,2,2,2,2,2,2,1,1,2,2,2,2,0,0,2,2
C-clinical-11-00903#5,0,2,2,2,2,2,2,2,2,2,2,2,2,2,2,2,2,2,2,2,2,2,2,2,2,2,2,2,2
C-clinical-11-00903#6,0,2,2,2,2,2,2,2,2,2,2,2,2,2,2,2,2,2,2,2,2,2,2,2,2,2,2,2,2
C-clinical-11-00903#7,0,2,2,2,2,2,2,2,2,2,2,2,2,2,2,2,2,2,2,2,2,2,2,1,2,1,1,2,2
C-clinical-11-00905#0,0,2,2,2,2,2,2,2,2,2,2,1,1,2,2,0,0,2,2,2,2,2,2,2,2,2,2,2,2
C-clinical-11-00905#1,2,2,2,2,2,2,2,2,2,2,2,0,2,2,2,2,2,2,2,2,2,2,2,2,2,2,2,2,2
C-clinical-11-00905#2,0,2,2,2,2,2,2,2,2,2,2,0,0,2,2,2,2,2,2,0,2,2,2,2,2,2,2,2,2
C-clinical-11-00905#3,0,2,2,1,1,1,1,1,1,2,2,0,0,0,0,0,0,2,2,1,1,1,1,1,1,1,1,1,1
C-clinical-11-00905#4,1,2,2,2,2,1,1,2,2,1,1,1,1,1,1,1,1,2,2,0,1,2,2,2,2,0,1,2,2
C-clinical-11-00905#5,0,2,2,2,2,0,0,2,2,0,0,0,0,2,2,2,2,2,2,0,0,2,2,2,2,0,0,2,2
C-clinical-11-00905#6,2,2,2,2,2,2,2,2,2,1,2,0,2,1,2,1,2,2,2,2,2,0,2,1,2,1,2,1,2
C-clinical-11-00905#7,2,2,2,2,2,2,2,2,2,1,2,1,2,1,2,0,2,2,2,2,2,2,2,2,2,2,2,2,2
C-clinical-11-00906#0,0,2,2,2,2,2,2,2,2,2,2,0,0,0,0,0,0,2,2,2,2,2,2,2,2,2,2,2,2
C-clinical-11-00906#1,2,2,2,2,2,2,2,2,2,2,2,2,2,2,2,2,2,2,2,2,2,2,2,2,2,2,2,0,2
C-clinical-11-00906#2,2,2,2,2,2,2,2,2,2,2,2,0,2,2,2,2,2,2,2,2,2,2,2,2,2,2,2,2,2
C-clinical-11-00906#3,2,2,2,2,2,2,2,2,2,2,2,2,2,2,2,2,2,2,2,2,2,2,2,2,2,2,2,2,2
C-clinical-11-00906#4,0,2,2,0,0,0,0,2,2,2,2,0,0,2,2,1,1,0,0,2,2,2,2,2,2,2,2,2,2
C-clinical-11-00906#5,2,2,2,2,2,2,2,2,2,2,2,0,2,2,2,2,2,2,2,2,2,2,2,2,2,2,2,2,2
C-clinical-11-00909#0,0,2,2,2,2,2,2,2,2,2,2,0,1,2,2,1,2,2,2,2,2,2,2,2,2,2,2,2,2
C-clinical-11-00909#1,0,2,2,2,2,2,2,2,2,2,2,2,2,2,2,2,2,2,2,2,2,2,2,2,2,2,2,2,2
C-clinical-11-00909#2,2,2,2,2,2,2,2,2,2,2,2,2,2,2,2,2,2,2,2,2,2,2,2,2,2,2,2,2,2
C-clinical-11-00909#3,0,2,2,2,2,2,2,2,2,2,2,0,0,2,2,2,2,2,2,2,2,2,2,2,2,2,2,2,2
C-clinical-11-00909#4,0,2,2,2,2,2,2,2,2,2,2,0,2,2,2,2,2,2,2,2,2,2,2,2,2,2,2,2,2
C-clinical-11-00914#0,2,2,2,2,2,2,2,2,2,2,2,2,2,2,2,2,2,2,2,2,2,2,2,2,2,2,2,2,2
C-clinical-11-00914#1,2,2,2,2,2,2,2,2,2,2,2,0,2,2,2,2,2,2,2,2,2,2,2,2,2,2,2,2,2
C-clinical-11-00914#2,0,2,2,2,2,2,2,2,2,2,2,0,0,2,2,2,2,2,2,2,2,2,2,2,2,2,2,2,2
C-clinical-11-00914#3,2,2,2,2,2,2,2,2,2,1,2,0,2,1,2,1,2,0,2,2,2,0,2,2,2,1,2,1,2
C-clinical-11-00914#4,2,2,2,2,2,2,2,2,2,1,2,1,2,1,2,0,2,0,2,2,2,2,2,2,2,2,2,2,2
C-clinical-11-00917#0,0,2,2,2,2,2,2,2,2,2,2,0,2,1,1,2,2,2,2,2,2,2,2,2,2,2,2,2,2
C-clinical-11-00917#1,0,2,2,2,2,2,2,2,2,2,2,0,2,1,1,2,2,2,2,2,2,2,2,2,2,2,2,2,2
C-clinical-11-00917#2,2,2,2,2,2,2,2,2,2,2,2,0,2,2,2,2,2,2,2,2,2,2,2,2,2,2,2,2,2
C-clinical-11-00917#3,2,2,2,2,2,1,2,2,2,2,2,2,2,2,2,2,2,2,2,1,2,2,2,2,2,2,2,2,2
C-clinical-11-00917#4,0,2,2,2,2,2,2,2,2,2,2,0,0,2,2,2,2,2,2,0,0,2,2,2,2,2,2,2,2
C-clinical-11-00917#5,0,2,2,2,2,2,2,2,2,2,2,2,2,2,2,2,2,2,2,2,2,2,2,2,2,0,2,2,2
C-clinical-11-00920#0,0,2,2,2,2,2,2,2,2,2,2,1,1,2,2,0,0,2,2,2,2,2,2,2,2,2,2,2,2
C-clinical-11-00920#1,0,1,1,2,2,1,1,1,1,1,1,0,0,1,1,1,1,1,1,1,1,0,0,2,2,0,0,1,1
C-clinical-11-00920#10,1,2,2,2,2,1,1,2,2,1,1,1,1,1,1,1,1,2,2,1,1,2,2,2,2,2,2,2,2
C-clinical-11-00920#11,0,2,2,2,2,2,2,2,2,2,2,0,0,2,2,1,1,2,2,0,0,2,2,2,2,2,2,2,2
C-clinical-11-00920#2,2,2,2,2,2,2,2,2,2,2,2,2,2,0,2,2,2,2,2,2,2,2,2,2,2,2,2,2,2
C-clinical-11-00920#3,0,2,2,2,2,2,2,2,2,2,2,2,2,1,1,1,1,2,2,2,2,2,2,2,2,2,2,2,2
C-clinical-11-00920#4,0,2,2,2,2,2,2,2,2,2,2,2,2,2,2,0,0,2,2,2,2,2,2,2,2,2,2,2,2
C-clinical-11-00920#5,0,2,2,2,2,2,2,2,2,2,2,0,0,2,2,2,2,2,2,0,0,2,2,2,2,2,2,2,2
C-clinical-11-00920#6,2,2,2,2,2,2,2,2,2,1,2,0,2,1,2,1,2,2,2,2,2,0,2,2,2,0,2,2,2
C-clinical-11-00920#7,0,2,2,2,2,2,2,2,2,2,2,2,2,2,2,2,2,2,2,2,2,2,2,2,2,0,0,2,2
C-clinical-11-00920#8,2,2,2,2,2,2,2,2,2,1,2,0,2,1,2,1,2,0,2,2,2,0,2,0,2,1,2,1,2
C-clinical-11-00920#9,2,2,2,2,2,1,2,2,2,2,2,2,2,2,2,2,2,0,2,1,2,2,2,2,2,2,2,2,2
C-clinical-11-00922#1,2,2,2,2,2,2,2,2,2,2,2,0,2,2,2,1,2,2,2,2,2,2,2,2,2,2,2,2,2
C-clinical-11-00922#2,2,2,2,2,2,2,2,2,2,2,2,2,2,2,2,0,2,2,2,2,2,2,2,2,2,2,2,2,2
C-clinical-11-00922#3,2,2,2,2,2,2,2,2,2,2,2,2,2,2,2,2,2,2,2,2,2,2,2,0,2,2,2,2,2
C-clinical-11-00922#4,1,1,1,1,1,1,1,1,1,0,1,0,1,1,1,0,1,0,1,2,2,2,2,2,2,2,2,2,2
C-clinical-11-00922#5,0,1,1,1,1,0,1,1,1,2,2,0,0,1,1,0,0,2,2,1,1,1,1,0,0,1,1,0,0
C-clinical-11-00922#6,2,2,2,2,2,2,2,2,2,2,2,0,2,2,2,2,2,2,2,2,2,2,2,2,2,2,2,2,2
C-clinical-11-00922#7,2,2,2,2,2,2,2,2,2,2,2,0,2,2,2,2,2,2,2,2,2,2,2,1,2,2,2,2,2
C-clinical-11-00922#8,0,1,1,1,1,1,1,1,1,2,2,0,0,2,2,0,0,2,2,1,1,1,1,0,0,1,1,0,0
C-clinical-11-00922#9,2,2,2,2,2,2,2,2,2,2,2,0,2,2,2,2,2,2,2,2,2,2,2,2,2,2,2,2,2
C-clinical-11-00925#0,0,2,2,2,2,2,2,2,2,2,2,0,0,2,2,1,1,2,2,2,2,2,2,2,2,2,2,2,2
C-clinical-11-00925#1,0,2,2,2,2,2,2,2,2,2,2,0,0,0,0,1,2,2,2,2,2,2,2,2,2,2,2,2,2
C-clinical-11-00925#2,0,2,2,2,2,2,2,2,2,2,2,0,0,1,1,2,2,2,2,2,2,2,2,2,2,2,2,2,2
C-clinical-11-00925#3,0,2,2,2,2,2,2,2,2,2,2,2,2,2,2,2,2,2,2,2,2,2,2,2,2,2,2,2,2
C-clinical-11-00925#4,0,2,2,2,2,1,1,1,1,1,1,0,0,1,1,1,1,2,2,1,1,1,1,1,1,1,1,1,1
C-clinical-11-00925#5,2,2,2,2,2,1,2,1,2,1,2,1,2,1,2,1,2,1,2,2,2,1,2,1,2,1,2,1,2
C-clinical-11-00925#6,0,2,2,2,2,1,1,2,2,2,2,2,2,2,2,2,2,2,2,2,2,2,2,2,2,0,0,2,2
C-clinical-11-00925#7,2,0,2,0,2,0,2,0,2,2,2,0,2,2,2,2,2,2,2,2,2,2,2,2,2,2,2,2,2
C-clinical-11-00925#8,0,2,2,2,2,2,2,2,2,2,2,0,0,2,2,2,2,2,2,2,2,2,2,0,2,0,2,2,2
C-clinical-11-00926#0,2,2,2,2,2,2,2,2,2,2,2,2,2,2,2,2,2,2,2,2,2,2,2,2,2,2,2,2,2
C-clinical-11-00926#1,0,2,2,2,2,2,2,2,2,2,2,2,2,0,0,2,2,2,2,2,2,2,2,2,2,2,2,2,2
C-clinical-11-00926#2,0,2,2,2,2,2,2,2,2,2,2,2,2,2,2,2,2,2,2,2,2,2,2,0,2,0,2,2,2
C-clinical-11-00926#3,0,2,2,2,2,2,2,2,2,2,2,0,0,2,2,2,2,0,0,2,2,2,2,0,0,2,2,2,2
C-clinical-11-00926#4,0,2,2,2,2,2,2,2,2,2,2,0,0,2,2,2,2,0,0,2,2,2,2,0,0,2,2,2,2
C-clinical-11-00926#5,2,2,2,1,2,2,2,2,2,1,2,0,2,1,2,1,2,1,2,2,2,2,2,2,2,2,2,1,2
C-clinical-11-00926#6,2,2,2,2,2,2,2,2,2,1,2,1,2,1,2,0,2,2,2,2,2,2,2,2,2,0,2,2,2
C-clinical-11-00927#1,2,2,2,2,2,2,2,2,2,2,2,2,2,1,2,2,2,2,2,2,2,2,2,2,2,2,2,2,2
C-clinical-11-00927#2,1,1,1,1,1,1,1,1,1,0,1,0,1,1,1,1,1,0,1,0,1,1,1,1,1,1,1,2,2
C-clinical-11-00927#3,2,2,2,2,2,2,2,2,2,2,2,2,2,2,2,2,2,2,2,2,2,2,2,2,2,2,2,2,2
C-clinical-11-00927#4,2,2,2,2,2,2,2,2,2,2,2,0,2,2,2,2,2,2,2,2,2,2,2,2,2,2,2,2,2
C-clinical-11-00927#5,2,2,2,2,2,2,2,2,2,2,2,2,2,2,2,2,2,2,2,0,2,2,2,2,2,0,2,2,2
C-clinical-11-00927#6,2,2,2,2,2,1,2,2,2,2,2,2,2,2,2,2,2,2,2,2,2,2,2,2,2,2,2,2,2
C-clinical-11-00927#7,0,2,2,2,2,2,2,2,2,2,2,0,0,2,2,2,2,0,0,0,0,2,2,0,0,2,2,0,0
C-clinical-11-00927#8,0,2,2,2,2,0,0,2,2,2,2,0,0,2,2,1,1,2,2,0,0,2,2,2,2,2,2,2,2
C-clinical-11-00927#9,0,2,2,2,2,2,2,2,2,2,2,0,0,2,2,2,2,0,0,0,0,2,2,0,0,2,2,0,0
C-clinical-11-00929#0,0,2,2,2,2,2,2,2,2,2,2,1,2,0,0,1,1,2,2,2,2,2,2,2,2,2,2,2,2
C-clinical-11-00929#1,0,2,2,2,2,2,2,2,2,2,2,2,2,0,0,1,1,2,2,2,2,2,2,2,2,2,2,2,2
C-clinical-11-00929#10,2,2,2,2,2,1,2,2,2,1,2,0,2,1,2,1,2,0,2,2,2,2,2,0,2,0,2,1,2
C-clinical-11-00929#2,0,2,2,2,2,2,2,2,2,0,2,2,2,0,0,0,0,2,2,2,2,2,2,2,2,0,2,2,2
C-clinical-11-00929#3,2,2,2,2,2,2,2,2,2,2,2,0,2,2,2,2,2,2,2,2,2,2,2,2,2,2,2,2,2
C-clinical-11-00929#4,0,2,2,2,2,2,2,2,2,1,1,1,1,2,2,1,1,2,2,1,1,2,2,2,2,2,2,2,2
C-clinical-11-00929#5,0,2,2,2,2,2,2,2,2,2,2,2,2,2,2,0,0,2,2,0,0,2,2,2,2,2,2,2,2
C-clinical-11-00929#6,0,2,2,2,2,2,2,2,2,2,2,2,2,2,2,2,2,2,2,2,2,2,2,2,2,2,2,2,2
C-clinical-11-00929#7,0,2,2,2,2,1,1,2,2,1,1,0,0,2,2,1,1,2,2,1,1,2,2,2,2,2,2,2,2
C-clinical-11-00929#8,0,2,2,2,2,2,2,2,2,2,2,0,0,2,2,2,2,2,2,2,2,2,2,2,2,2,2,2,2
C-clinical-11-00929#9,2,2,2,2,2,1,2,2,2,1,2,0,2,1,2,1,2,0,2,2,2,2,2,0,2,0,2,2,2
C-clinical-11-00931#0,2,2,2,2,2,2,2,2,2,2,2,2,2,1,2,2,2,2,2,2,2,2,2,2,2,2,2,2,2
C-clinical-11-00931#1,2,2,2,2,2,2,2,2,2,2,2,2,2,2,2,0,2,2,2,2,2,2,2,2,2,2,2,2,2
C-clinical-11-00931#10,2,2,2,2,2,2,2,2,2,1,2,1,2,1,2,1,2,2,2,2,2,2,2,2,2,0,2,2,2
C-clinical-11-00931#2,1,2,2,2,2,1,1,1,1,2,2,1,1,1,1,0,1,2,2,2,2,1,1,1,1,1,1,2,2
C-clinical-11-00931#3,2,2,2,2,2,2,2,2,2,2,2,2,2,2,2,2,2,2,2,2,2,2,2,2,2,2,2,2,2
C-clinical-11-00931#4,2,2,2,2,2,2,2,2,2,2,2,2,2,2,2,2,2,2,2,2,2,2,2,2,2,0,2,2,2
C-clinical-11-00931#5,0,2,2,2,2,2,2,2,2,2,2,0,0,2,2,0,0,2,2,2,2,2,2,2,2,2,2,2,2
C-clinical-11-00931#6,2,2,2,2,2,0,2,2,2,2,2,0,2,2,2,0,2,2,2,0,2,2,2,2,2,2,2,2,2
C-clinical-11-00931#7,2,2,2,2,2,2,2,2,2,2,2,2,2,2,2,2,2,2,2,2,2,2,2,2,2,2,2,2,2
C-clinical-11-00931#8,2,2,2,2,2,2,2,2,2,2,2,2,2,2,2,2,2,2,2,2,2,2,2,0,2,0,2,2,2
C-clinical-11-00931#9,2,2,2,2,2,2,2,2,2,1,2,0,2,1,2,1,2,2,2,2,2,0,2,2,2,0,2,1,2
C-clinical-11-00932#0,0,2,2,2,2,2,2,2,2,2,2,0,0,2,2,2,2,0,0,2,2,2,2,2,2,2,2,2,2
C-clinical-11-00932#1,2,2,2,2,2,2,2,2,2,2,2,2,2,2,2,2,2,2,2,2,2,2,2,2,2,2,2,2,2
C-clinical-11-00932#2,0,2,2,2,2,2,2,2,2,2,2,0,0,2,2,2,2,2,2,0,0,2,2,2,2,0,0,2,2
C-clinical-11-00932#3,2,2,2,2,2,1,2,2,2,2,2,2,2,2,2,2,2,2,2,2,2,2,2,2,2,2,2,2,2
C-clinical-11-00934#0,0,2,2,2,2,2,2,2,2,2,2,2,2,2,2,2,2,2,2,2,2,2,2,2,2,2,2,2,2
C-clinical-11-00934#1,0,2,2,2,2,2,2,2,2,2,2,2,2,2,2,2,2,2,2,2,2,2,2,2,2,2,2,2,2
C-clinical-11-00934#10,0,2,2,2,2,1,1,2,2,1,1,2,2,2,2,1,1,2,2,1,1,2,2,2,2,2,2,2,2
C-clinical-11-00934#2,0,2,2,2,2,2,2,2,2,2,2,2,2,2,2,2,2,2,2,2,2,2,2,2,2,2,2,2,2
C-clinical-11-00934#3,0,2,2,2,2,1,1,2,2,1,1,2,2,2,2,1,1,2,2,1,1,2,2,2,2,1,1,1,1
C-clinical-11-00934#4,0,2,2,2,2,2,2,2,2,2,2,0,0,2,2,2,2,2,2,0,0,2,2,2,2,2,2,2,2
C-clinical-11-00934#5,2,2,2,2,2,2,2,2,2,1,2,0,2,1,2,1,2,2,2,2,2,0,2,2,2,0,2,0,2
C-clinical-11-00934#6,2,2,2,2,2,0,2,2,2,2,2,2,2,2,2,2,2,2,2,1,2,2,2,2,2,2,2,2,2
C-clinical-11-00934#7,0,2,2,2,2,2,2,2,2,2,2,2,2,2,2,2,2,2,2,2,2,2,2,2,2,0,0,2,2
C-clinical-11-00934#8,0,2,2,2,2,2,2,2,2,2,2,2,2,2,2,2,2,2,2,2,2,2,2,2,2,1,2,2,2
C-clinical-11-00934#9,2,2,2,2,2,2,2,2,2,1,2,0,2,1,2,1,2,2,2,2,2,0,2,0,2,0,2,0,2
C-clinical-11-00935#0,0,2,2,2,2,2,2,2,2,2,2,2,2,2,2,0,0,2,2,2,2,2,2,2,2,2,2,2,2
C-clinical-11-00935#1,2,2,2,2,2,2,2,2,2,2,2,2,2,2,2,2,2,2,2,2,2,2,2,2,2,2,2,2,2
C-clinical-11-00935#2,0,2,2,2,2,2,2,2,2,2,2,0,0,2,2,2,2,2,2,2,2,0,0,0,0,0,0,2,2
C-clinical-11-00935#3,0,2,2,2,2,2,2,0,2,2,2,0,0,2,2,2,2,0,2,2,2,0,0,0,0,0,0,2,2
C-clinical-11-00935#4,2,2,2,2,2,2,2,2,2,1,2,0,2,1,2,1,2,0,2,2,2,0,2,1,2,1,2,1,2
C-clinical-11-00935#5,2,2,2,2,2,2,2,2,2,1,2,1,2,1,2,0,2,2,2,2,2,2,2,2,2,0,2,2,2
C-clinical-11-00939#0,0,2,2,2,2,2,2,2,2,2,2,0,0,0,0,0,0,2,2,2,2,2,2,2,2,2,2,2,2
C-clinical-11-00939#1,0,2,2,2,2,2,2,2,2,2,2,0,0,0,0,2,2,2,2,2,2,2,2,2,2,2,2,2,2
C-clinical-11-00939#2,0,2,2,2,2,2,2,2,2,2,2,0,0,0,0,1,1,2,2,2,2,2,2,2,2,2,2,2,2
C-clinical-11-00939#3,1,2,2,2,2,2,2,2,2,1,1,1,1,1,1,1,1,2,2,1,1,2,2,2,2,0,1,2,2
C-clinical-11-00939#4,2,2,2,2,2,2,2,2,2,1,2,0,2,1,2,1,2,0,2,2,2,0,2,2,2,1,2,1,2
C-clinical-11-00939#5,2,2,2,2,2,2,2,2,2,2,2,2,2,2,2,2,2,2,2,2,2,2,2,2,2,2,2,2,2
C-clinical-11-00940#0,2,2,2,2,2,2,2,2,2,2,2,0,2,2,2,2,2,2,2,2,2,2,2,2,2,2,2,2,2
C-clinical-11-00940#1,0,2,2,2,2,2,2,2,2,2,2,0,0,1,1,2,2,2,2,2,2,2,2,2,2,2,2,2,2
C-clinical-11-00940#10,2,2,2,2,2,2,2,2,2,1,2,1,2,1,2,1,2,2,2,2,2,2,2,2,2,2,2,2,2
C-clinical-11-00940#2,2,2,2,2,2,2,2,2,2,2,2,0,2,2,2,2,2,2,2,2,2,2,2,0,2,2,2,2,2
C-clinical-11-00940#3,0,2,2,2,2,2,2,2,2,2,2,0,0,2,2,2,2,2,2,2,2,2,2,0,2,0,2,2,2
C-clinical-11-00940#4,0,2,2,2,2,2,2,2,2,2,2,0,0,2,2,1,1,2,2,2,2,2,2,2,2,2,2,2,2
C-clinical-11-00940#5,2,2,2,2,2,2,2,2,2,2,2,2,2,2,2,2,2,2,2,2,2,2,2,2,2,2,2,2,2
C-clinical-11-00940#6,0,2,2,2,2,2,2,2,2,2,2,0,0,2,2,2,2,2,2,2,2,2,2,2,2,2,2,2,2
C-clinical-11-00940#7,0,2,2,2,2,0,0,2,2,2,2,0,0,2,2,2,2,2,2,0,0,2,2,2,2,2,2,2,2
C-clinical-11-00940#8,1,1,1,1,1,1,1,1,1,1,1,1,1,1,1,1,1,0,1,0,1,1,1,1,1,1,1,1,1
C-clinical-11-00940#9,0,2,2,2,2,2,2,2,2,2,2,0,0,2,2,2,2,2,2,2,2,2,2,0,2,0,2,2,2
C-clinical-11-00943#0,0,2,2,2,2,2,2,2,2,2,2,1,1,1,1,0,0,2,2,2,2,2,2,2,2,2,2,2,2
C-clinical-11-00943#1,2,2,2,2,2,2,2,2,2,2,2,0,2,2,2,2,2,2,2,2,2,2,2,2,2,2,2,2,2
C-clinical-11-00943#10,0,2,2,2,2,2,2,2,2,2,2,2,2,2,2,1,1,2,2,0,0,2,2,2,2,2,2,2,2
C-clinical-11-00943#11,0,2,2,2,2,2,2,2,2,2,2,0,0,2,2,2,2,2,2,0,0,2,2,2,2,2,2,2,2
C-clinical-11-00943#2,0,2,2,2,2,2,2,2,2,2,2,0,0,0,0,0,0,2,2,2,2,2,2,2,2,2,2,0,0
C-clinical-11-00943#3,0,2,2,2,2,2,2,2,2,2,2,2,2,2,2,2,2,2,2,0,0,2,2,0,0,0,0,2,2
C-clinical-11-00943#4,0,1,1,1,1,1,1,1,1,1,1,2,2,2,2,1,1,1,1,1,1,0,0,1,1,1,1,2,2
C-clinical-11-00943#5,2,2,2,1,2,1,2,1,2,1,2,1,2,1,2,1,2,1,2,2,2,1,2,1,2,1,2,1,2
C-clinical-11-00943#6,2,2,2,2,2,2,2,2,2,1,2,0,2,1,2,1,2,2,2,2,2,0,2,1,2,1,2,1,2
C-clinical-11-00943#7,2,2,2,2,2,2,2,2,2,1,2,1,2,1,2,0,2,2,2,2,2,2,2,2,2,2,2,2,2
C-clinical-11-00943#8,0,2,2,2,2,2,2,2,2,2,2,1,1,2,2,2,2,2,2,0,0,2,2,2,2,2,2,2,2
C-clinical-11-00943#9,2,2,2,2,2,0,2,2,2,2,2,2,2,2,2,1,2,2,2,1,2,2,2,2,2,2,2,2,2
C-clinical-11-00944#0,2,2,2,2,2,2,2,2,2,2,2,0,2,1,2,2,2,2,2,2,2,2,2,2,2,2,2,2,2
C-clinical-11-00944#1,2,2,2,2,2,2,2,2,2,2,2,2,2,2,2,2,2,2,2,2,2,2,2,2,2,2,2,2,2
C-clinical-11-00944#2,2,2,2,2,2,2,2,2,2,2,2,0,2,2,2,0,2,2,2,2,2,2,2,2,2,2,2,2,2
C-clinical-11-00944#3,2,2,2,2,2,2,2,2,2,2,2,2,2,2,2,2,2,2,2,2,2,2,2,2,2,2,2,2,2
C-clinical-11-00944#4,0,2,2,2,2,2,2,2,2,2,2,2,2,2,2,2,2,2,2,2,2,2,2,2,2,2,2,2,2
C-clinical-11-00945#0,0,2,2,2,2,2,2,2,2,2,2,0,0,0,0,0,0,2,2,2,2,2,2,2,2,2,2,2,2
C-clinical-11-00945#1,0,2,2,2,2,2,2,2,2,2,2,0,0,0,0,2,2,2,2,2,2,2,2,2,2,2,2,2,2
C-clinical-11-00945#2,2,2,2,2,2,1,2,2,2,2,2,2,2,2,2,2,2,2,2,1,2,2,2,2,2,2,2,2,2
C-clinical-11-00946#0,0,2,2,2,2,2,2,2,2,2,2,0,0,2,2,2,2,2,2,2,2,2,2,2,2,2,2,2,2
C-clinical-11-00946#1,0,2,2,2,2,2,2,2,2,2,2,0,0,2,2,2,2,2,2,2,2,2,2,2,2,2,2,2,2
C-clinical-11-00946#2,0,2,2,2,2,2,2,2,2,1,1,0,0,2,2,2,2,2,2,0,0,2,2,2,2,2,2,2,2
C-clinical-11-00946#3,0,1,1,1,1,1,1,1,1,2,2,0,0,0,0,0,0,2,2,1,1,1,1,1,1,1,1,1,1
C-clinical-11-00948#0,0,2,2,2,2,2,2,2,2,2,2,0,0,0,0,0,2,2,2,2,2,2,2,2,2,2,2,2,2
C-clinical-11-00948#1,0,2,2,2,2,2,2,2,2,2,2,0,0,0,0,0,2,2,2,2,2,2,2,2,2,2,2,2,2
C-clinical-11-00948#3,1,1,1,1,1,1,1,1,1,0,1,0,1,1,1,1,1,0,1,2,2,1,1,1,1,1,1,2,2
C-clinical-11-00948#4,2,2,2,2,2,2,2,2,2,2,2,2,2,2,2,2,2,2,2,2,2,2,2,2,2,0,2,2,2
C-clinical-11-00948#5,0,2,2,2,2,2,2,2,2,2,2,2,2,2,2,2,2,0,0,2,2,2,2,2,2,2,2,2,2
C-clinical-11-00948#6,0,2,2,2,2,2,2,2,2,2,2,0,0,0,0,2,2,2,2,0,2,2,2,0,2,0,2,2,2
C-clinical-11-00948#7,1,1,1,1,1,1,1,1,1,2,2,0,1,0,1,0,1,0,1,1,1,1,1,1,1,1,1,1,1
C-clinical-11-00950#0,0,2,2,2,2,2,2,2,2,2,2,2,2,1,1,0,0,2,2,2,2,2,2,2,2,2,2,2,2
C-clinical-11-00950#1,1,2,2,2,2,1,1,2,2,2,2,2,2,2,2,2,2,2,2,2,2,2,2,2,2,0,1,2,2
C-clinical-11-00950#2,1,2,2,2,2,0,1,2,2,2,2,2,2,2,2,2,2,2,2,1,1,2,2,1,1,2,2,2,2
C-clinical-11-00950#3,0,2,2,2,2,1,1,2,2,1,1,0,0,2,2,1,1,2,2,1,1,2,2,1,1,2,2,2,2
C-clinical-11-00950#4,2,2,2,2,2,1,2,2,2,2,2,2,2,2,2,2,2,2,2,1,2,2,2,2,2,2,2,2,2
C-clinical-11-00952#0,2,2,2,2,2,2,2,2,2,2,2,0,2,2,2,2,2,2,2,2,2,2,2,2,2,2,2,2,2
C-clinical-11-00952#1,2,2,2,2,2,2,2,2,2,2,2,2,2,2,2,2,2,2,2,2,2,2,2,2,2,2,2,2,2
C-clinical-11-00952#10,2,2,2,2,2,2,2,2,2,1,2,2,2,0,2,1,2,2,2,2,2,2,2,2,2,2,2,2,2
C-clinical-11-00952#11,1,1,1,1,1,1,1,1,1,1,1,1,1,1,1,1,1,1,1,1,1,1,1,1,1,1,1,1,1
C-clinical-11-00952#2,0,2,2,2,2,2,2,2,2,2,2,0,0,2,2,2,2,2,2,0,0,2,2,2,2,2,2,2,2
C-clinical-11-00952#3,2,2,2,2,2,2,2,2,2,2,2,2,2,2,2,2,2,2,2,0,2,2,2,2,2,2,2,2,2
C-clinical-11-00952#4,2,2,2,2,2,2,2,2,2,1,2,2,2,1,2,1,2,2,2,2,2,2,2,2,2,2,2,2,2
C-clinical-11-00952#5,2,2,2,2,2,2,2,2,2,1,2,0,2,1,2,1,2,2,2,2,2,0,2,1,2,1,2,1,2
C-clinical-11-00952#6,1,1,1,1,1,1,1,1,1,1,1,0,1,1,1,1,1,1,1,1,1,1,1,1,1,1,1,1,1
C-clinical-11-00952#7,2,2,2,2,2,2,2,2,2,2,2,0,2,2,2,2,2,2,2,0,2,0,2,2,2,2,2,2,2
C-clinical-11-00952#8,2,2,2,2,2,2,2,2,2,2,2,1,2,2,2,2,2,2,2,0,2,2,2,2,2,2,2,2,2
C-clinical-11-00952#9,2,2,2,2,2,2,2,2,2,1,2,0,2,1,2,1,2,2,2,2,2,0,2,0,2,1,2,1,2
C-clinical-11-00955#0,0,2,2,2,2,2,2,2,2,2,2,1,1,0,0,1,1,2,2,2,2,2,2,2,2,2,2,2,2
C-clinical-11-00955#1,0,2,2,2,2,2,2,2,2,2,2,2,2,0,0,0,0,0,0,2,2,2,2,2,2,2,2,2,2
C-clinical-11-00955#2,0,2,2,2,2,2,2,2,2,2,2,0,0,2,2,0,2,0,2,2,2,2,2,2,2,2,2,2,2
C-clinical-11-00955#3,2,2,2,2,2,2,2,2,2,2,2,2,2,0,2,0,2,2,2,2,2,2,2,2,2,2,2,2,2
C-clinical-11-00955#4,0,1,1,1,1,1,1,1,1,2,2,0,0,0,0,0,0,2,2,1,1,1,1,1,1,1,1,1,1
C-clinical-11-00955#5,0,2,2,2,2,2,2,2,2,2,2,0,0,2,2,2,2,2,2,0,0,2,2,2,2,2,2,2,2
C-clinical-11-00956#0,0,2,2,2,2,2,2,2,2,2,2,2,2,2,2,1,1,2,2,2,2,2,2,2,2,2,2,2,2
C-clinical-11-00956#1,0,2,2,2,2,2,2,2,2,1,1,0,0,2,2,1,1,2,2,0,0,2,2,2,2,2,2,2,2
C-clinical-11-00956#2,0,1,1,1,1,1,1,1,1,2,2,0,0,0,0,0,0,2,2,1,1,1,1,1,1,1,1,1,1
C-clinical-11-00956#3,2,2,2,2,2,2,2,2,2,1,2,0,2,1,2,1,2,2,2,2,2,0,2,2,2,0,2,2,2
C-clinical-11-00956#4,0,2,2,2,2,2,2,1,1,2,2,1,1,0,0,0,1,2,2,2,2,1,1,0,1,2,2,1,1
C-clinical-11-00956#5,2,2,2,2,2,2,2,2,2,0,2,0,2,2,2,1,2,2,2,0,2,2,2,2,2,2,2,2,2
C-clinical-11-00956#6,0,2,2,2,2,0,0,2,2,0,0,0,0,2,2,1,1,2,2,0,0,2,2,2,2,2,2,0,0
C-clinical-11-00956#7,0,2,2,2,2,2,2,2,2,2,2,0,0,2,2,1,1,2,2,0,0,2,2,2,2,2,2,2,2
C-clinical-11-00957#0,0,2,2,2,2,2,2,2,2,2,2,2,2,2,2,0,0,2,2,2,2,2,2,2,2,2,2,2,2
C-clinical-11-00957#1,2,2,2,2,2,2,2,2,2,2,2,0,2,2,2,2,2,2,2,2,2,2,2,2,2,2,2,2,2
C-clinical-11-00957#2,0,2,2,2,2,2,2,2,2,2,2,2,2,2,2,0,0,2,2,2,2,2,2,0,2,0,2,2,2
C-clinical-11-00957#3,1,2,2,2,2,2,2,2,2,2,2,2,2,2,2,2,2,2,2,2,2,2,2,2,2,0,1,2,2
C-clinical-11-00957#4,0,2,2,2,2,0,0,2,2,1,1,0,0,2,2,2,2,2,2,0,0,0,0,2,2,0,0,2,2
C-clinical-11-00957#5,2,1,2,0,2,0,2,1,2,1,2,0,2,1,2,1,2,2,2,2,2,2,2,2,2,2,2,1,2
C-clinical-11-00957#6,2,2,2,2,2,2,2,2,2,1,2,2,2,0,2,0,2,2,2,2,2,2,2,2,2,2,2,2,2
C-clinical-11-00957#7,1,2,2,2,2,2,2,2,2,2,2,2,2,2,2,2,2,2,2,2,2,2,2,2,2,2,2,2,2
C-clinical-11-00957#8,2,2,2,2,2,2,2,2,2,2,2,2,2,2,2,2,2,2,2,2,2,2,2,2,2,0,2,2,2
C-clinical-11-00957#9,2,2,2,2,2,2,2,2,2,1,2,2,2,1,2,0,2,2,2,2,2,2,2,2,2,2,2,2,2
C-clinical-11-00958#0,0,2,2,2,2,2,2,2,2,2,2,0,0,2,2,0,0,2,2,2,2,2,2,2,2,2,2,2,2
C-clinical-11-00958#1,0,2,2,2,2,2,2,2,2,2,2,2,2,0,0,0,0,0,0,2,2,2,2,2,2,2,2,0,0
C-clinical-11-00958#2,0,2,2,2,2,2,2,2,2,2,2,0,0,2,2,2,2,2,2,0,0,2,2,2,2,2,2,2,2
C-clinical-11-00958#3,0,2,2,2,2,2,2,2,2,2,2,0,0,2,2,0,0,0,0,0,0,2,2,0,0,2,2,2,2
C-clinical-11-00958#4,2,2,2,2,2,1,2,2,2,2,2,2,2,2,2,2,2,2,2,2,2,2,2,2,2,2,2,2,2
C-clinical-11-00962#0,0,2,2,2,2,2,2,2,2,2,2,0,0,2,2,0,0,2,2,2,2,2,2,2,2,2,2,2,2
C-clinical-11-00962#1,0,2,2,2,2,2,2,2,2,2,2,0,0,0,0,0,0,2,2,2,2,2,2,2,2,2,2,2,2
C-clinical-11-00962#10,2,2,2,2,2,1,2,2,2,1,2,1,2,1,2,0,2,2,2,2,2,2,2,2,2,2,2,2,2
C-clinical-11-00962#11,1,2,2,2,2,0,1,2,2,1,1,1,1,2,2,2,2,0,1,2,2,2,2,1,1,2,2,2,2
C-clinical-11-00962#12,1,1,1,1,1,1,1,1,1,1,1,1,1,1,1,1,1,0,1,1,1,1,1,1,1,1,1,1,1
C-clinical-11-00962#13,2,2,2,2,2,2,2,2,2,2,2,2,2,2,2,2,2,2,2,2,2,2,2,2,2,2,2,2,2
C-clinical-11-00962#2,0,2,2,2,2,1,1,2,2,2,2,2,2,2,2,2,2,2,2,2,2,0,0,2,2,2,2,2,2
C-clinical-11-00962#3,2,2,2,2,2,2,2,2,2,2,2,0,2,2,2,2,2,2,2,2,2,2,2,2,2,2,2,2,2
C-clinical-11-00962#4,0,2,2,2,2,1,1,1,1,1,1,0,0,1,1,1,1,2,2,1,1,2,2,2,2,2,2,2,2
C-clinical-11-00962#5,0,1,1,2,2,1,1,1,1,0,0,0,0,2,2,1,1,1,1,1,1,2,2,2,2,2,2,2,2
C-clinical-11-00962#6,1,2,2,2,2,1,1,2,2,1,1,1,1,1,1,1,1,2,2,0,1,2,2,2,2,0,1,1,1
C-clinical-11-00962#7,0,2,2,2,2,2,2,2,2,2,2,2,2,2,2,2,2,2,2,0,0,2,2,2,2,2,2,2,2
C-clinical-11-00962#8,2,0,2,0,2,0,2,0,2,2,2,2,2,2,2,2,2,2,2,2,2,2,2,2,2,2,2,2,2
C-clinical-11-00962#9,2,2,2,2,2,2,2,2,2,1,2,0,2,1,2,1,2,0,2,2,2,0,2,0,2,1,2,1,2
C-clinical-11-00963#0,2,2,2,2,2,2,2,2,2,2,2,0,2,2,2,2,2,2,2,2,2,2,2,2,2,2,2,2,2
C-clinical-11-00963#1,0,2,2,2,2,2,2,2,2,2,2,1,1,2,2,0,0,2,2,2,2,2,2,2,2,2,2,2,2
C-clinical-11-00963#2,0,2,2,2,2,2,2,2,2,2,2,2,2,2,2,0,0,2,2,0,2,2,2,0,2,0,2,2,2
C-clinical-11-00963#3,0,2,2,2,2,2,2,2,2,2,2,0,0,2,2,1,1,2,2,1,1,2,2,2,2,2,2,2,2
C-clinical-11-00964#0,0,2,2,2,2,2,2,2,2,2,2,0,0,0,0,0,1,2,2,2,2,2,2,2,2,2,2,2,2
C-clinical-11-00964#1,2,2,2,2,2,2,2,2,2,2,2,2,2,2,2,2,2,2,2,2,2,2,2,0,2,2,2,2,2
C-clinical-11-00964#3,0,2,2,2,2,2,2,2,2,2,2,0,0,0,0,2,2,0,2,2,2,2,2,2,2,0,2,2,2
C-clinical-11-00965#0,0,2,2,2,2,2,2,2,2,2,2,0,0,0,0,2,2,2,2,2,2,2,2,2,2,2,2,2,2
C-clinical-11-00965#1,1,1,1,1,1,1,1,1,1,0,1,0,1,0,1,1,1,0,1,2,2,1,1,1,1,1,1,2,2
C-clinical-11-00965#10,0,2,2,2,2,2,2,2,2,2,2,0,0,0,0,0,2,0,2,2,2,2,2,2,2,2,2,0,2
C-clinical-11-00965#2,2,2,2,2,2,2,2,2,2,2,2,0,2,2,2,2,2,0,2,0,2,2,2,2,2,2,2,2,2
C-clinical-11-00965#3,0,2,2,2,2,2,2,2,2,2,2,2,2,2,2,2,2,2,2,2,2,2,2,2,2,2,2,2,2
C-clinical-11-00965#4,2,2,2,2,2,2,2,2,2,2,2,2,2,1,2,1,2,2,2,0,2,2,2,2,2,2,2,2,2
C-clinical-11-00965#5,0,2,2,2,2,2,2,2,2,2,2,2,2,2,2,0,0,0,0,2,2,2,2,2,2,2,2,2,2
C-clinical-11-00965#6,0,2,2,2,2,2,2,2,2,2,2,1,1,2,2,2,2,2,2,2,2,2,2,2,2,0,0,2,2
C-clinical-11-00965#7,0,2,2,2,2,2,2,2,2,2,2,0,0,0,0,0,2,0,2,2,2,2,2,0,2,0,2,0,2
C-clinical-11-00965#8,2,2,2,2,2,2,2,2,2,2,2,2,2,0,2,2,2,2,2,2,2,2,2,2,2,2,2,2,2
C-clinical-11-00965#9,2,2,2,2,2,2,2,2,2,0,2,2,2,0,2,0,2,2,2,2,2,2,2,2,2,2,2,2,2
C-clinical-11-00966#0,0,2,2,2,2,2,2,2,2,2,2,0,0,2,2,1,1,2,2,2,2,2,2,2,2,2,2,2,2
C-clinical-11-00966#1,0,2,2,2,2,1,1,1,1,1,1,0,0,2,2,1,1,1,1,1,1,2,2,2,2,2,2,2,2
C-clinical-11-00966#2,1,2,2,2,2,1,1,1,1,1,1,1,1,2,2,2,2,2,2,1,1,2,2,1,1,2,2,2,2
C-clinical-11-00966#3,0,2,2,2,2,1,1,2,2,1,1,0,0,2,2,1,1,2,2,1,1,2,2,2,2,2,2,2,2
C-clinical-11-00966#4,2,2,2,2,2,1,2,2,2,1,2,0,2,2,2,1,2,2,2,0,2,2,2,2,2,2,2,2,2
C-clinical-11-00970#0,0,2,2,2,2,2,2,2,2,2,2,0,0,1,1,2,2,2,2,2,2,2,2,2,2,2,2,2,2
C-clinical-11-00970#1,0,2,2,2,2,1,1,1,1,2,2,0,0,2,2,1,1,1,1,1,1,2,2,2,2,2,2,2,2
C-clinical-11-00970#2,1,2,2,2,2,1,1,1,1,1,1,2,2,1,1,1,1,2,2,0,1,2,2,2,2,0,1,1,1
C-clinical-11-00970#3,1,1,1,1,1,1,1,1,1,1,1,2,2,1,1,1,1,2,2,0,1,2,2,2,2,0,1,1,1
C-clinical-11-00970#4,2,1,2,0,2,0,2,2,2,1,2,0,2,1,2,1,2,0,2,2,2,2,2,2,2,2,2,1,2
C-clinical-11-00970#5,2,2,2,2,2,1,2,2,2,1,2,1,2,1,2,0,2,2,2,2,2,2,2,2,2,0,2,2,2
C-clinical-11-00970#6,2,2,2,2,2,2,2,2,2,2,2,2,2,2,2,2,2,2,2,2,2,2,2,2,2,2,2,2,2
C-clinical-11-00970#7,0,2,2,2,2,0,0,2,2,2,2,2,2,2,2,2,2,2,2,2,2,2,2,2,2,2,2,2,2
C-clinical-11-00970#8,2,2,2,2,2,2,2,2,2,2,2,0,2,1,2,1,2,2,2,2,2,0,2,2,2,0,2,0,2
C-clinical-11-00970#9,2,2,2,2,2,1,2,2,2,1,2,0,2,2,2,1,2,2,2,0,2,2,2,2,2,2,2,2,2
C-clinical-11-00971#0,0,2,2,2,2,2,2,2,2,2,2,0,0,1,1,2,2,2,2,2,2,2,2,2,2,2,2,2,2
C-clinical-11-00971#1,0,2,2,2,2,2,2,2,2,2,2,0,0,2,2,2,2,2,2,2,2,2,2,2,2,2,2,2,2
C-clinical-11-00971#2,0,2,2,2,2,2,2,2,2,2,2,0,0,2,2,0,0,2,2,2,2,2,2,2,2,2,2,2,2
C-clinical-11-00971#3,0,2,2,2,2,2,2,2,2,2,2,0,0,2,2,0,2,0,2,2,2,2,2,2,2,0,2,2,2
C-clinical-11-00971#4,0,2,2,2,2,2,2,2,2,2,2,0,0,2,2,2,2,0,2,0,2,2,2,0,2,0,2,2,2
C-clinical-11-00971#5,0,2,2,2,2,2,2,2,2,2,2,2,2,2,2,2,2,2,2,0,0,2,2,2,2,2,2,2,2
C-clinical-11-00971#6,1,1,1,1,1,1,1,1,1,1,1,1,1,1,1,1,1,2,2,1,1,1,1,2,2,1,1,1,1
C-clinical-11-00971#7,0,2,2,2,2,1,1,2,2,2,2,0,0,2,2,2,2,2,2,0,0,2,2,2,2,2,2,2,2
C-clinical-11-00972#0,0,2,2,2,2,2,2,2,2,2,2,2,2,1,1,1,1,2,2,2,2,2,2,2,2,2,2,2,2
C-clinical-11-00972#1,2,2,2,2,2,2,2,2,2,2,2,2,2,2,2,2,2,2,2,2,2,2,2,2,2,2,2,2,2
C-clinical-11-00972#3,2,2,2,2,2,2,2,2,2,2,2,0,2,2,2,2,2,2,2,2,2,2,2,2,2,2,2,2,2
C-clinical-11-00972#4,0,2,2,1,1,1,1,1,1,2,2,0,0,0,0,0,0,2,2,1,1,1,1,1,1,1,1,1,1
C-clinical-11-00972#5,0,2,2,2,2,2,2,2,2,2,2,2,2,0,0,0,0,0,2,2,2,2,2,2,2,2,2,2,2
C-clinical-11-00973#0,0,2,2,2,2,2,2,2,2,2,2,2,2,0,0,0,0,2,2,2,2,2,2,2,2,2,2,2,2
C-clinical-11-00973#1,1,1,1,1,1,1,1,1,1,0,1,0,1,1,1,1,1,0,1,2,2,1,1,2,2,1,1,2,2
C-clinical-11-00973#2,0,2,2,2,2,2,2,2,2,2,2,2,2,2,2,2,2,2,2,2,2,2,2,2,2,2,2,2,2
C-clinical-11-00975#0,2,2,2,2,2,2,2,2,2,2,2,2,2,2,2,2,2,2,2,2,2,2,2,2,2,2,2,2,2
C-clinical-11-00975#1,2,2,2,2,2,2,2,2,2,2,2,2,2,2,2,2,2,2,2,2,2,2,2,2,2,2,2,2,2
C-clinical-11-00975#2,1,2,2,2,2,2,2,1,1,2,2,1,1,2,2,0,1,2,2,2,2,1,1,2,2,2,2,2,2
C-clinical-11-00975#3,0,2,2,2,2,2,2,2,2,2,2,2,2,2,2,2,2,2,2,1,1,2,2,2,2,2,2,2,2
C-clinical-11-00975#4,0,2,2,2,2,2,2,2,2,2,2,2,2,2,2,2,2,2,2,2,2,2,2,2,2,2,2,2,2
C-clinical-11-00975#5,2,2,2,2,2,2,2,2,2,2,2,0,2,2,2,0,2,2,2,2,2,2,2,2,2,2,2,2,2
C-clinical-11-00975#6,0,2,2,2,2,2,2,2,2,2,2,0,0,2,2,2,2,2,2,0,0,2,2,2,2,2,2,2,2
C-clinical-11-00977#0,0,2,2,2,2,2,2,2,2,2,2,0,0,0,0,2,2,2,2,2,2,2,2,2,2,2,2,2,2
C-clinical-11-00977#1,0,2,2,2,2,2,2,2,2,2,2,0,0,0,0,2,2,2,2,2,2,2,2,2,2,2,2,2,2
C-clinical-11-00977#2,0,2,2,2,2,2,2,2,2,2,2,0,0,2,2,2,2,2,2,2,2,2,2,2,2,0,2,2,2
C-clinical-11-00977#3,0,2,2,2,2,2,2,2,2,2,2,0,0,2,2,2,2,2,2,0,2,2,2,2,2,0,2,2,2
C-clinical-11-00977#4,2,2,2,1,2,1,2,1,2,1,2,2,2,1,2,1,2,0,2,2,2,1,2,1,2,1,2,1,2
C-clinical-11-00979#0,2,2,2,2,2,2,2,2,2,2,2,1,2,0,2,0,2,2,2,2,2,2,2,2,2,2,2,2,2
C-clinical-11-00979#1,2,2,2,2,2,2,2,2,2,2,2,2,2,2,2,0,2,2,2,2,2,2,2,2,2,2,2,2,2
C-clinical-11-00979#10,2,2,2,2,2,2,2,2,2,2,2,0,2,2,2,2,2,2,2,2,2,2,2,2,2,2,2,2,2
C-clinical-11-00979#11,2,2,2,2,2,2,2,2,2,2,2,2,2,0,2,0,2,2,2,2,2,2,2,2,2,0,2,2,2
C-clinical-11-00979#12,0,2,2,2,2,2,2,2,2,2,2,2,2,2,2,2,2,2,2,2,2,2,2,2,2,2,2,2,2
C-clinical-11-00979#13,2,2,2,2,2,2,2,2,2,2,2,0,2,2,2,2,2,2,2,2,2,2,2,2,2,2,2,2,2
C-clinical-11-00979#14,1,1,1,1,1,1,1,1,1,1,1,1,1,1,1,1,1,0,1,1,1,1,1,1,1,1,1,1,1
C-clinical-11-00979#2,2,2,2,2,2,2,2,2,2,2,2,2,2,0,2,0,2,2,2,0,2,2,2,2,2,2,2,2,2
C-clinical-11-00979#3,0,2,2,2,2,2,2,2,2,2,2,2,2,2,2,2,2,2,2,2,2,2,2,2,2,2,2,2,2
C-clinical-11-00979#4,2,2,2,2,2,2,2,2,2,2,2,0,2,2,2,1,2,2,2,2,2,2,2,2,2,2,2,2,2
C-clinical-11-00979#5,2,2,2,2,2,2,2,2,2,2,2,2,2,2,2,2,2,2,2,0,2,2,2,2,2,2,2,2,2
C-clinical-11-00979#6,1,1,1,1,1,1,1,1,1,1,1,0,1,1,1,1,1,1,1,1,1,1,1,1,1,1,1,1,1
C-clinical-11-00979#7,1,2,2,2,2,0,1,2,2,2,2,0,1,2,2,1,1,2,2,0,1,2,2,2,2,2,2,1,1
C-clinical-11-00979#8,2,2,2,2,2,2,2,2,2,2,2,0,2,2,2,0,2,2,2,2,2,2,2,2,2,2,2,2,2
C-clinical-11-00979#9,2,2,2,2,2,2,2,2,2,2,2,1,2,1,2,1,2,2,2,2,2,2,2,2,2,2,2,2,2
C-clinical-11-00980#0,0,2,2,2,2,2,2,2,2,2,2,2,2,2,2,2,2,2,2,2,2,2,2,2,2,2,2,2,2
C-clinical-11-00980#1,1,1,1,1,1,1,1,1,1,0,1,0,1,1,1,0,1,0,1,2,2,0,1,2,2,2,2,2,2
C-clinical-11-00980#10,0,2,2,2,2,2,2,2,2,2,2,2,2,2,2,0,0,0,0,2,2,2,2,2,2,2,2,2,2
C-clinical-11-00980#11,0,2,2,2,2,1,1,2,2,1,1,2,2,2,2,1,1,2,2,1,1,2,2,2,2,2,2,2,2
C-clinical-11-00980#2,2,2,2,2,2,2,2,2,2,1,2,1,2,2,2,1,2,2,2,1,2,2,2,2,2,2,2,2,2
C-clinical-11-00980#3,0,2,2,2,2,2,2,2,2,2,2,2,2,2,2,0,0,2,2,2,2,2,2,2,2,2,2,2,2
C-clinical-11-00980#4,0,2,2,2,2,2,2,2,2,2,2,2,2,2,2,2,2,2,2,2,2,2,2,0,0,0,0,2,2
C-clinical-11-00980#5,0,2,2,2,2,1,1,1,1,2,2,1,1,0,0,0,1,1,1,2,2,1,1,0,1,2,2,2,2
C-clinical-11-00980#6,2,2,2,2,2,2,2,2,2,1,2,0,2,2,2,2,2,2,2,0,2,2,2,2,2,2,2,2,2
C-clinical-11-00980#7,2,2,2,2,2,2,2,2,2,2,2,2,2,2,2,2,2,2,2,2,2,2,2,2,2,2,2,2,2
C-clinical-11-00980#8,0,2,2,2,2,2,2,2,2,2,2,1,1,0,0,0,0,2,2,2,2,2,2,2,2,2,2,2,2
C-clinical-11-00981#0,0,2,2,2,2,2,2,2,2,2,2,2,2,1,1,0,2,2,2,2,2,2,2,2,2,2,2,2,2
C-clinical-11-00981#1,0,2,2,2,2,1,1,2,2,2,2,0,0,2,2,1,1,1,1,1,1,2,2,2,2,2,2,1,1
C-clinical-11-00981#2,1,2,2,2,2,2,2,2,2,2,2,2,2,2,2,2,2,2,2,2,2,2,2,2,2,0,1,2,2
C-clinical-11-00981#3,2,2,2,2,2,1,2,2,2,1,2,0,2,2,2,1,2,2,2,2,2,2,2,0,2,2,2,2,2
C-clinical-11-00981#4,0,2,2,2,2,2,2,2,2,2,2,2,2,2,2,2,2,2,2,0,0,2,2,2,2,2,2,2,2
C-clinical-11-00981#5,0,2,2,2,2,2,2,2,2,2,2,2,2,2,2,2,2,2,2,2,2,2,2,2,2,2,2,2,2
C-clinical-11-00981#6,0,2,2,2,2,2,2,2,2,2,2,2,2,2,2,2,2,2,2,0,0,2,2,2,2,2,2,2,2
C-clinical-11-00981#7,2,2,2,2,2,2,2,2,2,2,2,0,2,2,2,2,2,2,2,0,2,2,2,2,2,2,2,2,2
C-clinical-11-00981#8,2,2,2,2,2,1,2,2,2,1,2,0,2,2,2,1,2,2,2,2,2,2,2,0,2,2,2,2,2
C-clinical-11-00983#0,0,2,2,2,2,2,2,2,2,2,2,2,2,2,2,0,0,2,2,2,2,2,2,2,2,2,2,2,2
C-clinical-11-00983#1,2,2,2,2,2,2,2,2,2,2,2,2,2,2,2,2,2,2,2,2,2,2,2,2,2,2,2,2,2
C-clinical-11-00983#10,0,2,2,2,2,2,2,2,2,2,2,0,0,0,0,0,0,2,2,2,2,2,2,2,2,2,2,2,2
C-clinical-11-00983#11,0,2,2,2,2,0,0,2,2,1,1,0,0,2,2,1,1,2,2,0,0,2,2,2,2,2,2,2,2
C-clinical-11-00983#3,2,2,2,2,2,2,2,2,2,2,2,0,2,2,2,2,2,2,2,2,2,2,2,2,2,2,2,2,2
C-clinical-11-00983#4,0,2,2,2,2,2,2,2,2,2,2,2,2,0,0,0,0,0,2,2,2,2,2,2,2,0,2,2,2
C-clinical-11-00983#5,2,2,2,2,2,2,2,2,2,2,2,0,2,2,2,1,2,2,2,2,2,2,2,2,2,2,2,2,2
C-clinical-11-00983#6,2,2,2,2,2,2,2,2,2,2,2,0,2,2,2,2,2,2,2,2,2,2,2,2,2,2,2,2,2
C-clinical-11-00983#7,1,1,1,1,1,1,1,1,1,0,1,0,1,1,1,0,1,0,1,2,2,1,1,1,1,1,1,1,1
C-clinical-11-00983#8,0,2,2,2,2,2,2,2,2,2,2,2,2,2,2,2,2,2,2,0,0,2,2,2,2,2,2,2,2
C-clinical-11-00983#9,2,2,2,2,2,2,2,2,2,2,2,0,2,0,2,0,2,2,2,2,2,2,2,2,2,2,2,2,2
C-clinical-11-00984#0,0,2,2,2,2,2,2,2,2,2,2,0,0,2,2,2,2,2,2,2,2,2,2,2,2,2,2,2,2
C-clinical-11-00984#1,0,1,1,1,1,1,1,1,1,2,2,0,0,0,0,0,0,2,2,1,1,1,1,0,0,1,1,1,1
C-clinical-11-00984#2,0,2,2,2,2,2,2,2,2,2,2,2,2,2,2,1,1,2,2,0,0,2,2,2,2,2,2,2,2
C-clinical-11-00984#3,2,2,2,2,2,0,2,2,2,1,2,0,2,2,2,1,2,2,2,0,2,2,2,2,2,2,2,2,2
C-clinical-11-00984#4,2,2,2,2,2,1,2,2,2,1,2,0,2,1,2,0,2,2,2,2,2,2,2,2,2,0,2,2,2
C-clinical-11-00984#5,0,2,2,2,2,2,2,2,2,2,2,0,0,2,2,0,0,2,2,0,0,2,2,2,2,2,2,2,2
C-clinical-11-00984#6,0,2,2,2,2,2,2,2,2,2,2,2,2,2,2,1,1,2,2,0,0,2,2,2,2,2,2,2,2
C-clinical-11-00984#7,0,2,2,2,2,2,2,2,2,2,2,2,2,2,2,0,0,2,2,2,2,2,2,2,2,2,2,2,2
C-clinical-11-00986#0,2,2,2,2,2,2,2,2,2,1,2,1,2,1,2,0,2,0,2,2,2,2,2,2,2,2,2,2,2
C-clinical-11-00986#1,0,2,2,2,2,2,2,2,2,2,2,0,1,1,1,0,0,2,2,2,2,2,2,2,2,2,2,2,2
C-clinical-11-00986#2,0,2,2,2,2,2,2,2,2,2,2,1,1,1,1,0,0,2,2,2,2,2,2,2,2,2,2,2,2
C-clinical-11-00986#3,2,2,2,2,2,2,2,2,2,2,2,0,2,2,2,2,2,2,2,2,2,2,2,2,2,2,2,2,2
C-clinical-11-00986#4,2,2,2,2,2,2,2,2,2,2,2,0,2,2,2,0,2,2,2,2,2,2,2,2,2,2,2,2,2
C-clinical-11-00989#0,1,2,2,2,2,1,1,2,2,2,2,2,2,2,2,2,2,2,2,2,2,2,2,2,2,2,2,2,2
C-clinical-11-00989#1,0,2,2,2,2,2,2,2,2,2,2,2,2,1,1,2,2,2,2,2,2,2,2,2,2,2,2,2,2
C-clinical-11-00989#2,0,2,2,2,2,2,2,2,2,2,2,2,2,2,2,0,2,2,2,0,2,2,2,2,2,0,2,2,2
C-clinical-11-00989#3,0,2,2,2,2,2,2,2,2,1,1,0,0,2,2,1,1,2,2,1,1,2,2,2,2,2,2,2,2
C-clinical-11-00989#4,0,2,2,1,1,0,0,1,1,2,2,0,0,0,0,0,0,1,1,1,1,1,1,0,0,1,1,0,0
C-clinical-11-00989#5,0,2,2,2,2,1,1,2,2,1,1,2,2,2,2,1,1,2,2,1,1,2,2,2,2,2,2,2,2
C-clinical-11-00989#6,2,2,2,2,2,1,2,1,2,1,2,1,2,1,2,1,2,1,2,2,2,1,2,1,2,1,2,1,2
C-clinical-11-00989#7,2,2,2,2,2,1,2,2,2,2,2,2,2,2,2,2,2,2,2,2,2,2,2,2,2,2,2,2,2
C-clinical-11-00989#8,2,2,2,2,2,2,2,2,2,2,2,0,2,2,2,2,2,2,2,0,2,2,2,2,2,2,2,2,2
C-clinical-11-00990#0,2,2,2,2,2,2,2,2,2,2,2,2,2,2,2,0,2,2,2,2,2,2,2,2,2,2,2,2,2
C-clinical-11-00990#1,2,2,2,2,2,2,2,2,2,2,2,0,2,2,2,0,2,2,2,2,2,2,2,2,2,2,2,2,2
C-clinical-11-00990#2,0,2,2,1,1,1,1,1,1,2,2,0,0,0,0,0,0,0,0,1,1,1,1,1,1,1,1,1,1
C-clinical-11-00990#3,2,2,2,2,2,2,2,2,2,2,2,2,2,2,2,2,2,2,2,2,2,2,2,2,2,0,2,2,2
C-clinical-11-00992#0,0,2,2,2,2,2,2,2,2,2,2,2,2,2,2,0,0,2,2,2,2,2,2,2,2,2,2,2,2
C-clinical-11-00992#1,1,1,1,1,1,1,1,1,1,0,1,0,1,1,1,0,1,0,1,2,2,1,1,2,2,2,2,2,2
C-clinical-11-00992#3,1,2,2,2,2,2,2,2,2,1,1,0,1,1,1,1,1,1,1,1,1,2,2,1,1,1,1,2,2
C-clinical-11-00992#4,0,2,2,2,2,2,2,2,2,2,2,2,2,0,0,0,0,2,2,2,2,2,2,0,2,0,2,2,2
C-clinical-11-00992#5,1,2,2,2,2,2,2,2,2,2,2,2,2,2,2,2,2,2,2,2,2,2,2,2,2,2,2,2,2
C-clinical-11-00994#0,0,2,2,2,2,2,2,2,2,2,2,0,0,0,0,1,2,2,2,2,2,2,2,2,2,2,2,2,2
C-clinical-11-00994#1,0,2,2,2,2,2,2,2,2,2,2,0,0,1,1,2,2,2,2,2,2,2,2,2,2,2,2,2,2
C-clinical-11-00994#2,0,2,2,2,2,2,2,2,2,2,2,0,0,2,2,2,2,2,2,2,2,2,2,2,2,0,2,2,2
C-clinical-11-00994#3,0,2,2,2,2,2,2,2,2,2,2,0,0,2,2,2,2,2,2,2,2,2,2,2,2,2,2,2,2
C-clinical-11-00994#4,0,2,2,2,2,2,2,1,1,2,2,0,0,0,0,0,1,2,2,2,2,1,1,2,2,1,1,2,2
C-clinical-11-00994#5,0,2,2,1,1,1,1,1,1,2,2,1,1,0,0,0,0,2,2,1,1,0,0,1,1,1,1,0,0
C-clinical-11-00998#0,0,2,2,2,2,2,2,2,2,2,2,2,2,0,0,0,0,2,2,2,2,2,2,2,2,2,2,2,2
C-clinical-11-00998#1,0,2,2,2,2,2,2,2,2,2,2,2,2,1,1,1,1,2,2,0,0,2,2,2,2,0,0,2,2
C-clinical-11-00998#2,0,2,2,2,2,2,2,2,2,2,2,2,2,2,2,0,0,2,2,2,2,2,2,2,2,2,2,2,2
C-clinical-11-00998#3,0,2,2,2,2,2,2,2,2,2,2,2,2,2,2,2,2,2,2,2,2,2,2,2,2,2,2,2,2
C-clinical-11-00998#4,0,2,2,1,1,1,1,1,1,2,2,0,0,0,0,0,0,1,1,1,1,1,1,1,1,1,1,0,0
C-clinical-11-00998#5,0,2,2,2,2,1,1,2,2,1,1,2,2,2,2,1,1,2,2,1,1,2,2,1,1,2,2,2,2
C-clinical-11-00998#6,0,2,2,2,2,2,2,2,2,2,2,0,0,2,2,2,2,2,2,2,2,2,2,2,2,2,2,2,2
C-clinical-11-00998#7,1,2,2,2,2,1,1,2,2,1,1,2,2,2,2,2,2,2,2,1,1,2,2,1,1,0,1,2,2
C-clinical-11-00998#8,0,2,2,2,2,1,1,2,2,1,1,2,2,2,2,1,1,2,2,1,1,2,2,1,1,2,2,2,2
C-clinical-11-00999#0,0,2,2,2,2,2,2,2,2,2,2,0,0,1,1,0,0,2,2,2,2,2,2,2,2,2,2,2,2
C-clinical-11-00999#1,0,2,2,2,2,1,1,2,2,1,1,0,0,2,2,1,1,2,2,1,1,2,2,2,2,1,1,2,2
C-clinical-11-00999#2,0,1,1,1,1,1,1,1,1,2,2,1,1,0,0,0,0,2,2,1,1,1,1,1,1,1,1,1,1
C-clinical-11-00999#3,0,2,2,2,2,2,2,2,2,2,2,2,2,2,2,2,2,2,2,2,2,2,2,0,0,0,0,2,2
C-clinical-11-01001#0,0,2,2,2,2,2,2,2,2,2,2,2,2,2,2,1,1,2,2,2,2,2,2,2,2,2,2,2,2
C-clinical-11-01001#1,1,2,2,2,2,1,1,2,2,1,1,0,1,2,2,2,2,2,2,1,1,2,2,2,2,2,2,2,2
C-clinical-11-01001#10,0,2,2,2,2,2,2,2,2,2,2,0,0,2,2,2,2,2,2,2,2,2,2,0,0,2,2,2,2
C-clinical-11-01001#11,0,2,2,2,2,2,2,2,2,2,2,0,0,0,0,0,0,2,2,2,2,2,2,0,0,2,2,2,2
C-clinical-11-01001#12,0,2,2,2,2,2,2,2,2,2,2,2,2,2,2,2,2,2,2,1,1,2,2,0,0,2,2,2,2
C-clinical-11-01001#13,2,2,2,2,2,2,2,2,2,2,2,2,2,2,2,2,2,2,2,1,2,2,2,2,2,2,2,2,2
C-clinical-11-01001#2,0,2,2,2,2,2,2,2,2,2,2,0,0,2,2,2,2,2,2,2,2,2,2,2,2,2,2,2,2
C-clinical-11-01001#4,2,2,2,2,2,1,2,2,2,2,2,2,2,2,2,2,2,2,2,1,2,2,2,2,2,2,2,2,2
C-clinical-11-01001#5,0,2,2,2,2,2,2,2,2,2,2,0,0,0,0,2,2,2,2,2,2,2,2,0,0,2,2,2,2
C-clinical-11-01001#6,1,1,1,1,1,1,1,1,1,0,1,0,1,1,1,1,1,0,1,2,2,1,1,1,1,2,2,1,1
C-clinical-11-01001#7,0,2,2,2,2,2,2,2,2,2,2,0,0,0,0,0,0,2,2,2,2,2,2,0,0,2,2,2,2
C-clinical-11-01001#8,0,2,2,2,2,2,2,2,2,2,2,0,0,2,2,2,2,2,2,0,0,2,2,2,2,2,2,2,2
C-clinical-11-01001#9,2,2,2,2,2,2,2,2,2,2,2,2,2,2,2,2,2,2,2,2,2,2,2,2,2,2,2,2,2
C-clinical-11-01003#0,0,2,2,2,2,2,2,2,2,2,2,2,2,0,0,0,0,2,2,2,2,2,2,2,2,2,2,2,2
C-clinical-11-01003#1,0,2,2,2,2,2,2,2,2,2,2,2,2,2,2,0,0,2,2,0,2,2,2,2,2,2,2,2,2
C-clinical-11-01003#2,0,2,2,2,2,2,2,2,2,2,2,0,0,0,0,0,0,2,2,2,2,2,2,2,2,2,2,2,2
C-clinical-11-01003#3,2,2,2,2,2,1,2,2,2,2,2,2,2,2,2,2,2,2,2,2,2,2,2,2,2,0,2,2,2
C-clinical-11-01003#4,0,2,2,2,2,2,2,2,2,2,2,2,2,0,0,0,0,2,2,0,2,2,2,2,2,2,2,2,2
C-clinical-11-01004#1,2,2,2,2,2,2,2,2,2,2,2,2,2,2,2,2,2,2,2,2,2,2,2,2,2,2,2,2,2
C-clinical-11-01004#10,0,2,2,2,2,2,2,2,2,2,2,0,0,2,2,2,2,0,0,0,0,2,2,2,2,2,2,2,2
C-clinical-11-01004#11,0,2,2,2,2,0,0,2,2,1,1,0,0,2,2,1,1,2,2,0,0,2,2,2,2,2,2,2,2
C-clinical-11-01004#12,1,1,1,1,1,1,1,1,1,1,1,1,1,1,1,1,1,0,1,1,1,1,1,1,1,1,1,1,1
C-clinical-11-01004#2,2,2,2,2,2,2,2,2,2,2,2,2,2,2,2,1,2,2,2,2,2,2,2,2,2,2,2,2,2
C-clinical-11-01004#3,1,0,1,0,1,0,1,1,1,0,1,0,1,0,1,0,1,0,1,2,2,1,1,1,1,2,2,1,1
C-clinical-11-01004#4,0,2,2,2,2,2,2,2,2,2,2,0,0,0,0,0,0,0,0,2,2,2,2,2,2,2,2,2,2
C-clinical-11-01004#5,0,2,2,2,2,0,0,2,2,2,2,2,2,2,2,2,2,0,0,2,2,2,2,2,2,0,0,2,2
C-clinical-11-01004#6,2,2,2,2,2,2,2,2,2,1,2,0,2,1,2,1,2,0,2,2,2,0,2,0,2,1,2,1,2
C-clinical-11-01004#7,0,2,2,2,2,0,0,2,2,2,2,2,2,2,2,2,2,0,0,0,0,2,2,2,2,2,2,2,2
C-clinical-11-01004#8,2,2,2,2,2,2,2,2,2,1,2,1,2,1,2,1,2,2,2,2,2,2,2,2,2,0,2,2,2
C-clinical-11-01004#9,2,2,2,2,2,2,2,2,2,1,2,0,2,1,2,1,2,0,2,2,2,0,2,1,2,1,2,1,2
C-clinical-11-01010#0,0,2,2,2,2,2,2,2,2,2,2,2,2,0,0,1,1,2,2,2,2,2,2,2,2,2,2,2,2
C-clinical-11-01010#1,0,2,2,2,2,2,2,2,2,2,2,0,0,2,2,2,2,2,2,2,2,2,2,2,2,2,2,2,2
C-clinical-11-01010#10,2,2,2,2,2,2,2,2,2,1,2,1,2,0,2,0,2,2,2,2,2,2,2,2,2,0,2,2,2
C-clinical-11-01010#11,0,2,2,1,1,2,2,2,2,1,1,0,0,2,2,2,2,2,2,0,0,2,2,2,2,2,2,2,2
C-clinical-11-01010#12,0,2,2,2,2,2,2,2,2,2,2,2,2,2,2,2,2,2,2,0,0,2,2,2,2,2,2,2,2
C-clinical-11-01010#13,2,2,2,2,2,1,2,2,2,2,2,2,2,2,2,2,2,2,2,1,2,2,2,2,2,2,2,2,2
C-clinical-11-01010#2,0,2,2,2,2,2,2,2,2,2,2,2,2,0,0,0,0,0,2,2,2,2,2,0,2,0,2,2,2
C-clinical-11-01010#3,0,2,2,2,2,2,2,2,2,2,2,0,0,2,2,2,2,2,2,2,2,2,2,2,2,2,2,2,2
C-clinical-11-01010#4,2,2,2,2,2,2,2,2,2,2,2,1,2,0,2,2,2,2,2,2,2,2,2,2,2,2,2,2,2
C-clinical-11-01010#5,0,2,2,2,2,2,2,2,2,2,2,2,2,2,2,2,2,2,2,2,2,2,2,0,0,0,0,2,2
C-clinical-11-01010#6,2,2,2,2,2,2,2,2,2,2,2,2,2,2,2,2,2,2,2,2,2,2,2,2,2,0,2,2,2
C-clinical-11-01010#7,2,2,2,2,2,2,2,2,2,1,2,0,2,1,2,1,2,0,2,2,2,0,2,0,2,1,2,1,2
C-clinical-11-01010#8,2,2,2,2,2,2,2,2,2,2,2,2,2,2,2,2,2,2,2,0,2,2,2,2,2,2,2,2,2
C-clinical-11-01010#9,2,2,2,2,2,1,2,2,2,2,2,2,2,2,2,2,2,2,2,1,2,2,2,2,2,2,2,2,2
C-clinical-11-01011#1,2,2,2,2,2,2,2,2,2,2,2,1,2,2,2,2,2,2,2,2,2,2,2,2,2,2,2,2,2
C-clinical-11-01011#2,2,2,2,2,2,2,2,2,2,2,2,0,2,2,2,0,2,2,2,0,2,2,2,2,2,2,2,0,2
C-clinical-11-01011#3,1,2,2,2,2,1,1,1,1,2,2,0,1,0,1,0,1,2,2,2,2,1,1,1,1,1,1,1,1
C-clinical-11-01011#4,1,1,1,1,1,1,1,1,1,0,1,0,1,1,1,1,1,0,1,2,2,2,2,2,2,2,2,2,2
C-clinical-11-01011#5,0,2,2,2,2,2,2,2,2,2,2,1,1,2,2,1,2,2,2,2,2,2,2,2,2,2,2,2,2
C-clinical-11-01011#6,0,2,2,2,2,2,2,2,2,2,2,1,1,2,2,2,2,2,2,2,2,2,2,2,2,2,2,2,2
C-clinical-11-01012#0,0,2,2,2,2,2,2,2,2,2,2,2,2,0,0,0,0,2,2,2,2,2,2,1,1,2,2,2,2
C-clinical-11-01012#1,0,2,2,2,2,2,2,2,2,2,2,2,2,0,0,0,0,2,2,2,2,2,2,0,0,0,2,0,2
C-clinical-11-01012#2,2,2,2,2,2,2,2,2,2,2,2,0,2,2,2,2,2,2,2,1,2,2,2,2,2,2,2,2,2
C-clinical-11-01012#3,0,2,2,2,2,2,2,2,2,2,2,0,0,2,2,2,2,2,2,2,2,2,2,2,2,0,0,2,2
C-clinical-11-01012#4,0,2,2,2,2,2,2,2,2,2,2,1,1,2,2,1,1,2,2,1,1,2,2,2,2,0,0,2,2
C-clinical-11-01012#5,0,2,2,2,2,2,2,2,2,2,2,2,2,2,2,2,2,0,0,2,2,2,2,2,2,2,2,2,2
C-clinical-11-01012#6,0,2,2,2,2,2,2,2,2,2,2,2,2,2,2,2,2,2,2,0,0,2,2,2,2,2,2,1,1
C-clinical-11-01012#7,0,2,2,1,1,1,1,1,1,2,2,0,0,0,0,0,0,2,2,1,1,1,1,1,1,1,1,1,1
C-clinical-11-01012#8,0,2,2,2,2,1,1,2,2,1,1,2,2,2,2,1,1,2,2,1,1,2,2,2,2,2,2,2,2
C-clinical-11-01018#0,0,2,2,2,2,2,2,2,2,2,2,2,2,1,1,0,0,2,2,2,2,2,2,2,2,2,2,2,2
C-clinical-11-01018#1,2,2,2,2,2,2,2,2,2,2,2,2,2,2,2,2,2,2,2,2,2,2,2,2,2,2,2,2,2
C-clinical-11-01018#10,0,2,2,2,2,2,2,2,2,2,2,2,2,2,2,2,2,2,2,0,0,2,2,2,2,0,0,2,2
C-clinical-11-01018#11,2,2,2,2,2,2,2,2,2,1,2,1,2,1,2,0,2,2,2,2,2,2,2,2,2,2,2,2,2
C-clinical-11-01018#2,0,2,2,2,2,2,2,2,2,2,2,2,2,0,0,0,0,2,2,2,2,2,2,0,2,0,2,2,2
C-clinical-11-01018#3,0,2,2,2,2,2,2,2,2,2,2,2,2,0,0,0,0,2,2,2,2,2,2,0,2,0,2,2,2
C-clinical-11-01018#4,0,2,2,2,2,2,2,2,2,2,2,2,2,2,2,0,0,2,2,2,2,2,2,2,2,2,2,2,2
C-clinical-11-01018#5,0,2,2,2,2,2,2,2,2,2,2,0,0,2,2,0,0,2,2,2,2,2,2,2,2,2,2,2,2
C-clinical-11-01018#6,0,2,2,2,2,2,2,2,2,2,2,2,2,2,2,2,2,2,2,0,0,2,2,2,2,0,0,2,2
C-clinical-11-01018#7,2,2,2,0,2,2,2,2,2,1,2,0,2,1,2,1,2,2,2,2,2,2,2,2,2,2,2,1,2
C-clinical-11-01018#8,2,2,2,2,2,0,2,1,2,2,2,2,2,2,2,2,2,2,2,0,2,2,2,2,2,2,2,2,2
C-clinical-11-01018#9,0,2,2,2,2,2,2,2,2,2,2,2,2,2,2,2,2,2,2,0,0,2,2,2,2,2,2,2,2
C-clinical-11-01022#0,0,2,2,2,2,2,2,2,2,2,2,1,1,1,1,2,2,2,2,2,2,2,2,2,2,2,2,2,2
C-clinical-11-01022#1,1,1,1,1,1,1,1,1,1,0,1,0,1,1,1,1,1,0,1,2,2,1,1,1,1,1,1,1,1
C-clinical-11-01022#10,2,2,2,2,2,2,2,2,2,2,2,2,2,2,2,2,2,2,2,0,2,2,2,2,2,0,2,2,2
C-clinical-11-01022#11,2,2,2,2,2,2,2,2,2,2,2,2,2,2,2,2,2,2,2,2,2,2,2,2,2,2,2,2,2
C-clinical-11-01022#2,2,2,2,2,2,2,2,2,2,2,2,2,2,2,2,2,2,2,2,2,2,2,2,2,2,2,2,2,2
C-clinical-11-01022#4,0,2,2,2,2,2,2,2,2,2,2,0,0,2,2,2,2,2,2,2,2,2,2,2,2,2,2,2,2
C-clinical-11-01022#5,0,1,1,1,1,1,1,1,1,2,2,0,0,0,0,0,0,2,2,1,1,1,1,1,1,1,1,1,1
C-clinical-11-01022#6,0,2,2,2,2,2,2,2,2,2,2,2,2,2,2,2,2,0,0,2,2,2,2,2,2,2,2,2,2
C-clinical-11-01022#7,0,2,2,2,2,2,2,2,2,2,2,0,0,0,0,2,2,2,2,0,0,2,2,2,2,2,2,2,2
C-clinical-11-01022#8,2,2,2,2,2,2,2,2,2,1,2,1,2,0,2,0,2,2,2,2,2,2,2,2,2,0,2,2,2
C-clinical-11-01022#9,2,2,2,2,2,2,2,2,2,2,2,2,2,2,2,2,2,2,2,0,2,2,2,2,2,2,2,2,2
C-clinical-11-01024#0,0,2,2,2,2,2,2,2,2,2,2,2,2,0,0,1,1,2,2,2,2,2,2,2,2,2,2,2,2
C-clinical-11-01024#1,0,2,2,2,2,2,2,2,2,2,2,2,2,0,0,0,0,0,0,0,0,2,2,2,2,2,2,2,2
C-clinical-11-01024#2,0,2,2,2,2,2,2,2,2,2,2,0,0,0,0,0,0,2,2,2,2,2,2,2,2,2,2,2,2
C-clinical-11-01024#3,0,2,2,2,2,2,2,2,2,2,2,0,0,1,1,0,0,2,2,2,2,2,2,2,2,2,2,2,2
C-clinical-11-01025#0,2,2,2,2,2,2,2,2,2,2,2,2,2,0,2,0,2,2,2,2,2,2,2,2,2,2,2,2,2
C-clinical-11-01025#1,2,2,2,2,2,2,2,2,2,2,2,2,2,0,2,0,2,2,2,0,2,2,2,2,2,2,2,2,2
C-clinical-11-01025#2,2,2,2,2,2,2,2,2,2,2,2,2,2,2,2,2,2,2,2,2,2,2,2,2,2,2,2,2,2
C-clinical-11-01025#3,0,2,2,2,2,2,2,2,2,2,2,2,2,2,2,1,1,2,2,1,1,2,2,2,2,2,2,2,2
C-clinical-11-01025#4,0,2,2,2,2,2,2,2,2,2,2,2,2,2,2,0,0,2,2,2,2,2,2,2,2,2,2,2,2
C-clinical-11-01025#5,0,2,2,2,2,2,2,2,2,2,2,1,1,2,2,1,1,2,2,1,1,2,2,2,2,2,2,2,2
C-clinical-11-01025#6,2,2,2,2,2,2,2,2,2,2,2,0,2,2,2,1,2,2,2,0,2,2,2,2,2,2,2,2,2
C-clinical-11-01027#0,0,2,2,2,2,2,2,2,2,2,2,2,2,1,1,1,1,2,2,2,2,2,2,2,2,2,2,2,2
C-clinical-11-01027#1,0,2,2,2,2,2,2,2,2,2,2,2,2,0,0,0,0,2,2,2,2,2,2,2,2,0,2,2,2
C-clinical-11-01027#2,1,2,2,2,2,2,2,2,2,1,1,0,1,1,1,1,1,1,1,0,1,2,2,2,2,2,2,1,1
C-clinical-11-01027#3,2,2,2,2,2,1,2,2,2,2,2,2,2,2,2,2,2,1,2,2,2,2,2,2,2,2,2,2,2
C-clinical-11-01027#4,1,2,2,2,2,1,1,2,2,1,1,0,1,1,1,1,1,2,2,0,1,2,2,2,2,2,2,2,2
C-clinical-11-01032#0,0,2,2,2,2,2,2,2,2,2,2,1,1,1,1,0,2,2,2,2,2,2,2,2,2,2,2,2,2
C-clinical-11-01032#1,0,1,1,1,1,1,1,1,1,2,2,0,0,0,0,0,0,0,0,1,1,1,1,1,1,1,1,0,0
C-clinical-11-01032#2,0,2,2,2,2,2,2,2,2,2,2,2,2,2,2,2,2,0,2,2,2,2,2,2,2,2,2,2,2
C-clinical-11-01033#0,2,2,2,2,2,2,2,2,2,2,2,2,2,1,2,2,2,2,2,2,2,2,2,2,2,2,2,2,2
C-clinical-11-01033#1,2,2,2,2,2,2,2,2,2,2,2,2,2,0,2,0,2,2,2,0,2,2,2,2,2,2,2,2,2
C-clinical-11-01033#2,2,2,2,2,2,2,2,2,2,2,2,2,2,2,2,2,2,2,2,2,2,2,2,2,2,2,2,2,2
C-clinical-11-01033#3,2,2,2,2,2,2,2,2,2,0,2,0,2,2,2,2,2,2,2,2,2,2,2,2,2,2,2,0,2
C-clinical-11-01036#0,0,2,2,2,2,2,2,2,2,2,2,0,1,0,0,1,1,2,2,2,2,2,2,2,2,2,2,2,2
C-clinical-11-01036#1,0,2,2,2,2,2,2,2,2,2,2,1,1,0,0,0,0,2,2,2,2,2,2,2,2,2,2,2,2
C-clinical-11-01036#2,0,2,2,2,2,2,2,2,2,2,2,0,0,2,2,2,2,2,2,0,0,2,2,2,2,0,0,2,2
C-clinical-11-01036#3,0,2,2,2,2,2,2,2,2,2,2,2,2,2,2,2,2,2,2,2,2,2,2,2,2,0,2,2,2
C-clinical-11-01036#4,0,2,2,2,2,2,2,2,2,2,2,2,2,2,2,2,2,2,2,0,0,2,2,2,2,1,1,2,2
C-clinical-11-01039#0,0,2,2,1,1,1,1,2,2,2,2,0,0,2,2,1,1,0,0,1,1,1,1,2,2,2,2,1,1
C-clinical-11-01039#1,0,2,2,2,2,2,2,2,2,2,2,2,2,2,2,0,0,2,2,2,2,2,2,2,2,2,2,2,2
C-clinical-11-01039#10,2,2,2,2,2,2,2,2,2,2,2,2,2,2,2,2,2,2,2,0,2,2,2,2,2,2,2,2,2
C-clinical-11-01039#2,0,2,2,2,2,2,2,2,2,2,2,0,2,2,2,0,2,2,2,2,2,2,2,2,2,2,2,2,2
C-clinical-11-01039#3,1,1,1,1,1,1,1,1,1,0,1,0,1,1,1,1,1,0,1,2,2,1,1,1,1,1,1,2,2
C-clinical-11-01039#4,0,2,2,2,2,2,2,2,2,2,2,2,2,2,2,2,2,2,2,0,0,2,2,2,2,0,0,2,2
C-clinical-11-01039#5,0,2,2,2,2,2,2,2,2,2,2,2,2,2,2,2,2,2,2,2,2,2,2,2,2,2,2,2,2
C-clinical-11-01039#6,0,2,2,2,2,2,2,2,2,2,2,2,2,2,2,2,2,2,2,2,2,2,2,0,0,0,0,2,2
C-clinical-11-01039#7,0,2,2,2,2,2,2,2,2,2,2,0,0,2,2,2,2,2,2,2,2,2,2,0,0,2,2,2,2
C-clinical-11-01039#8,0,2,2,1,1,1,1,2,2,2,2,0,0,2,2,1,1,1,1,1,1,1,1,2,2,2,2,1,1
C-clinical-11-01039#9,0,2,2,2,2,2,2,2,2,2,2,2,2,2,2,2,2,2,2,0,2,2,2,2,2,2,2,2,2
C-clinical-11-01041#0,0,2,2,2,2,2,2,2,2,2,2,2,2,2,2,1,1,2,2,2,2,2,2,2,2,2,2,2,2
C-clinical-11-01041#1,0,2,2,2,2,2,2,2,2,1,1,0,0,2,2,1,1,2,2,0,0,2,2,2,2,2,2,2,2
C-clinical-11-01041#2,2,2,2,2,2,1,2,1,2,1,2,1,2,1,2,1,2,2,2,2,2,1,2,1,2,1,2,1,2
C-clinical-11-01041#3,0,2,2,2,2,2,2,2,2,1,1,0,0,2,2,1,1,2,2,0,0,2,2,2,2,2,2,2,2
C-clinical-11-01041#4,1,2,2,2,2,1,1,2,2,1,1,0,1,1,1,1,1,2,2,1,1,2,2,2,2,2,2,2,2
C-clinical-11-01041#5,2,2,2,2,2,1,2,2,2,2,2,2,2,2,2,2,2,2,2,2,2,2,2,2,2,2,2,2,2
C-clinical-11-01041#6,2,1,2,0,2,2,2,2,2,1,2,0,2,1,2,1,2,2,2,2,2,2,2,2,2,2,2,1,2
C-clinical-11-01041#7,2,2,2,2,2,2,2,2,2,2,2,2,2,2,2,2,2,2,2,2,2,2,2,2,2,2,2,2,2
C-clinical-11-01045#0,0,2,2,2,2,2,2,2,2,2,2,0,0,2,2,2,2,2,2,2,2,2,2,2,2,2,2,2,2
C-clinical-11-01045#1,0,2,2,2,2,2,2,2,2,2,2,0,0,2,2,2,2,2,2,2,2,2,2,2,2,2,2,2,2
C-clinical-11-01045#2,0,2,2,2,2,2,2,2,2,2,2,0,0,0,0,0,2,2,2,2,2,2,2,0,2,0,2,2,2
C-clinical-11-01045#3,0,2,2,2,2,2,2,2,2,2,2,0,0,0,0,1,1,2,2,2,2,2,2,2,2,2,2,2,2
C-clinical-11-01045#4,1,2,2,2,2,1,1,2,2,2,2,2,2,2,2,2,2,2,2,2,2,2,2,2,2,0,1,2,2
C-clinical-11-01045#5,0,2,2,2,2,2,2,2,2,2,2,0,0,2,2,2,2,2,2,2,2,2,2,0,2,0,2,2,2
C-clinical-11-01045#6,2,2,2,2,2,2,2,2,2,1,2,0,2,1,2,1,2,2,2,2,2,0,2,1,2,1,2,1,2
C-clinical-11-01045#7,2,2,2,2,2,2,2,2,2,1,2,1,2,1,2,0,2,2,2,2,2,2,2,2,2,2,2,2,2
C-clinical-11-01045#8,2,2,2,2,2,2,2,2,2,2,2,2,2,2,2,2,2,2,2,0,2,2,2,2,2,0,2,2,2
C-clinical-11-01046#0,0,2,2,2,2,2,2,2,2,2,2,0,0,0,0,0,0,2,2,2,2,2,2,2,2,2,2,2,2
C-clinical-11-01046#10,1,1,1,1,1,1,1,1,1,1,1,1,1,1,1,1,1,2,2,1,1,1,1,1,1,1,1,1,1
C-clinical-11-01046#11,0,2,2,2,2,2,2,2,2,2,2,0,0,2,2,2,2,2,2,0,0,2,2,2,2,2,2,2,2
C-clinical-11-01046#12,0,2,2,2,2,1,1,1,1,2,2,0,0,2,2,2,2,2,2,0,0,2,2,0,0,0,0,2,2
C-clinical-11-01046#2,2,2,2,2,2,2,2,2,2,2,2,2,2,2,2,2,2,2,2,2,2,2,2,2,2,2,2,2,2
C-clinical-11-01046#3,1,2,2,2,2,1,1,2,2,1,1,0,1,2,2,2,2,2,2,1,1,2,2,1,1,1,1,2,2
C-clinical-11-01046#4,0,2,2,2,2,2,2,2,2,2,2,0,0,2,2,2,2,2,2,2,2,2,2,2,2,2,2,2,2
C-clinical-11-01046#5,0,2,2,2,2,2,2,2,2,2,2,2,2,0,0,0,0,2,2,2,2,2,2,2,2,2,2,2,2
C-clinical-11-01046#6,1,1,1,1,1,1,1,1,1,0,1,0,1,1,1,1,1,0,1,0,1,1,1,2,2,1,1,1,1
C-clinical-11-01046#7,2,2,2,2,2,2,2,2,2,2,2,0,2,2,2,2,2,2,2,2,2,2,2,2,2,2,2,2,2
C-clinical-11-01046#8,0,2,2,2,2,0,0,1,1,2,2,0,0,0,0,0,0,0,0,1,1,1,1,1,1,1,1,1,1
C-clinical-11-01049#0,0,2,2,2,2,2,2,2,2,2,2,2,2,0,0,1,1,2,2,2,2,2,2,2,2,2,2,2,2
C-clinical-11-01049#1,0,2,2,2,2,2,2,2,2,2,2,0,2,0,0,0,0,2,2,2,2,2,2,0,2,0,2,2,2
C-clinical-11-01049#2,2,2,2,2,2,2,2,2,2,2,2,2,2,2,2,2,2,2,2,2,2,2,2,2,2,2,2,2,2
C-clinical-11-01049#3,0,2,2,2,2,2,2,2,2,2,2,0,0,0,0,0,0,2,2,2,2,2,2,2,2,2,2,2,2
C-clinical-11-01049#4,2,2,2,2,2,2,2,2,2,2,2,2,2,2,2,2,2,0,2,1,2,2,2,2,2,0,2,2,2
C-clinical-11-01049#5,2,2,2,2,2,2,2,2,2,1,2,0,2,1,2,1,2,0,2,2,2,0,2,2,2,1,2,1,2
C-clinical-11-01050#0,0,2,2,2,2,2,2,2,2,2,2,2,2,2,2,0,0,2,2,2,2,2,2,2,2,2,2,2,2
C-clinical-11-01050#1,0,2,2,2,2,2,2,2,2,2,2,1,1,1,1,2,2,2,2,2,2,2,2,2,2,2,2,2,2
C-clinical-11-01050#2,0,2,2,2,2,2,2,2,2,2,2,0,0,0,0,1,1,2,2,2,2,2,2,2,2,2,2,2,2
C-clinical-11-01056#0,0,2,2,2,2,2,2,2,2,2,2,0,0,1,1,2,2,2,2,2,2,2,2,2,2,2,2,2,2
C-clinical-11-01056#1,0,2,2,2,2,2,2,2,2,2,2,2,2,2,2,2,2,0,2,2,2,1,1,2,2,0,2,0,2
C-clinical-11-01056#10,0,2,2,2,2,2,2,2,2,2,2,2,2,2,2,2,2,1,1,1,1,2,2,2,2,2,2,2,2
C-clinical-11-01056#2,0,2,2,2,2,1,1,2,2,2,2,2,2,2,2,1,1,1,1,1,1,2,2,2,2,2,2,2,2
C-clinical-11-01056#3,0,2,2,2,2,2,2,2,2,2,2,2,2,2,2,2,2,2,2,2,2,2,2,2,2,2,2,0,0
C-clinical-11-01056#4,0,2,2,2,2,2,2,2,2,2,2,0,0,0,0,1,1,2,2,2,2,2,2,2,2,2,2,2,2
C-clinical-11-01056#5,0,2,2,2,2,2,2,2,2,2,2,2,2,2,2,2,2,2,2,0,0,2,2,2,2,2,2,2,2
C-clinical-11-01056#6,0,2,2,2,2,0,0,2,2,2,2,2,2,2,2,2,2,2,2,2,2,2,2,2,2,2,2,2,2
C-clinical-11-01056#7,2,2,2,2,2,1,2,2,2,2,2,2,2,2,2,2,2,0,2,2,2,2,2,2,2,2,2,2,2
C-clinical-11-01056#8,2,2,2,2,2,1,2,1,2,1,2,0,2,1,2,1,2,0,2,2,2,1,2,0,2,1,2,1,2
C-clinical-11-01056#9,2,2,2,2,2,0,2,1,2,1,2,0,2,1,2,1,2,0,2,2,2,1,2,0,2,1,2,1,2
C-clinical-11-01057#0,0,2,2,2,2,2,2,2,2,2,2,0,0,0,0,1,1,2,2,2,2,2,2,2,2,2,2,2,2
C-clinical-11-01057#1,2,2,2,2,2,2,2,2,2,2,2,2,2,2,2,2,2,2,2,2,2,2,2,2,2,2,2,2,2
C-clinical-11-01057#2,0,2,2,2,2,2,2,2,2,2,2,0,0,1,1,2,2,2,2,2,2,2,2,2,2,2,2,2,2
C-clinical-11-01057#3,1,2,2,2,2,1,1,2,2,2,2,1,1,1,1,1,1,2,2,0,1,2,2,2,2,0,1,1,1
C-clinical-11-01057#4,2,2,2,2,2,2,2,2,2,2,2,2,2,2,2,2,2,2,2,0,2,2,2,0,2,2,2,2,2
C-clinical-11-01057#5,2,2,2,2,2,2,2,2,2,1,2,0,2,1,2,1,2,2,2,2,2,0,2,2,2,1,2,1,2
C-clinical-11-01057#6,2,2,2,2,2,2,2,2,2,1,2,1,2,1,2,0,2,2,2,2,2,2,2,2,2,0,2,2,2
C-clinical-11-01057#7,0,2,2,2,2,2,2,2,2,2,2,2,2,2,2,2,2,2,2,0,0,2,2,0,0,2,2,2,2
C-clinical-11-01057#8,1,1,1,1,1,1,1,1,1,1,1,1,1,1,1,1,1,1,1,1,1,1,1,1,1,1,1,1,1
C-clinical-11-01060#0,0,2,2,2,2,2,2,2,2,2,2,0,0,1,1,0,0,2,2,2,2,2,2,2,2,2,2,2,2
C-clinical-11-01060#1,2,2,2,2,2,2,2,2,2,2,2,2,2,2,2,2,2,2,2,2,2,2,2,2,2,2,2,2,2
C-clinical-11-01060#2,2,2,2,2,2,2,2,2,2,2,2,0,2,2,2,2,2,2,2,0,2,2,2,2,2,2,2,2,2
C-clinical-11-01060#3,0,2,2,2,2,1,1,2,2,2,2,2,2,2,2,1,1,2,2,1,1,2,2,2,2,2,2,2,2
C-clinical-11-01060#4,1,2,2,2,2,1,1,2,2,1,1,1,1,2,2,2,2,2,2,1,1,2,2,1,1,2,2,2,2
C-clinical-11-01060#5,1,2,2,1,1,1,1,2,2,1,1,1,1,1,1,1,1,2,2,0,1,2,2,2,2,0,1,2,2
C-clinical-11-01060#6,0,2,2,2,2,1,1,2,2,1,1,2,2,2,2,1,1,2,2,1,1,2,2,2,2,1,1,2,2
C-clinical-11-01060#7,2,0,2,0,2,0,2,0,2,2,2,0,2,2,2,2,2,2,2,2,2,2,2,2,2,2,2,2,2
C-clinical-11-01060#8,0,2,2,2,2,0,0,2,2,2,2,0,0,2,2,2,2,2,2,0,0,2,2,2,2,2,2,2,2
C-clinical-11-01061#0,0,2,2,2,2,2,2,2,2,2,2,0,0,2,2,2,2,2,2,2,2,2,2,2,2,2,2,2,2
C-clinical-11-01061#1,0,2,2,2,2,2,2,2,2,2,2,2,2,1,1,0,0,2,2,2,2,2,2,2,2,2,2,2,2
C-clinical-11-01061#10,2,2,2,2,2,2,2,2,2,1,2,0,2,1,2,1,2,0,2,2,2,0,2,0,2,1,2,1,2
C-clinical-11-01061#11,2,2,2,2,2,2,2,2,2,2,2,2,2,2,2,2,2,2,2,0,2,2,2,2,2,2,2,2,2
C-clinical-11-01061#2,0,2,2,2,2,2,2,2,2,2,2,2,2,0,0,0,0,2,2,2,2,2,2,0,2,0,2,2,2
C-clinical-11-01061#3,2,2,2,2,2,2,2,2,2,1,2,0,2,1,2,1,2,0,2,2,2,0,2,0,2,1,2,1,2
C-clinical-11-01061#4,1,2,2,2,2,1,1,2,2,2,2,0,1,2,2,2,2,0,1,2,2,2,2,2,2,2,2,2,2
C-clinical-11-01061#5,0,2,2,2,2,2,2,2,2,2,2,0,2,0,0,0,0,2,2,2,2,2,2,0,2,0,2,2,2
C-clinical-11-01061#6,0,2,2,2,2,2,2,2,2,2,2,2,2,2,2,2,2,2,2,0,0,2,2,2,2,2,2,2,2
C-clinical-11-01061#7,2,2,2,2,2,2,2,2,2,1,2,1,2,0,2,0,2,2,2,2,2,2,2,2,2,2,2,2,2
C-clinical-11-01061#8,2,2,2,2,2,0,2,2,2,2,2,2,2,2,2,2,2,2,2,2,2,2,2,2,2,2,2,2,2
C-clinical-11-01061#9,0,2,2,2,2,1,1,2,2,2,2,0,0,2,2,2,2,2,2,2,2,2,2,2,2,0,0,2,2
C-clinical-11-01062#0,0,2,2,2,2,2,2,2,2,2,2,2,2,2,2,2,2,2,2,2,2,2,2,2,2,2,2,2,2
C-clinical-11-01062#2,0,2,2,2,2,2,2,2,2,2,2,0,0,2,2,2,2,2,2,2,2,2,2,2,2,2,2,2,2
C-clinical-11-01062#3,0,2,2,2,2,2,2,2,2,2,2,2,2,0,0,0,2,2,2,2,2,2,2,0,2,0,2,2,2
C-clinical-11-01062#4,0,2,2,2,2,2,2,1,1,2,2,0,1,0,0,0,1,2,2,2,2,1,1,0,1,1,1,2,2
C-clinical-11-01062#5,0,2,2,2,2,1,1,2,2,0,0,0,0,2,2,1,1,0,0,1,1,2,2,2,2,2,2,2,2
C-clinical-11-01062#6,0,2,2,2,2,2,2,2,2,2,2,0,0,2,2,2,2,2,2,2,2,2,2,2,2,0,0,2,2
C-clinical-11-01066#0,0,2,2,2,2,2,2,2,2,2,2,2,2,1,1,1,1,0,0,2,2,2,2,1,2,2,2,2,2
C-clinical-11-01066#1,0,2,2,2,2,2,2,2,2,2,2,0,2,0,0,0,0,0,0,2,2,2,2,0,2,0,2,2,2
C-clinical-11-01066#10,2,2,2,2,2,2,2,2,2,2,2,0,2,2,2,1,2,2,2,2,2,0,2,2,2,0,2,2,2
C-clinical-11-01066#11,0,2,2,2,2,1,1,2,2,2,2,0,0,2,2,1,1,2,2,1,1,2,2,2,2,2,2,2,2
C-clinical-11-01066#2,0,2,2,2,2,1,1,1,1,2,2,0,1,0,0,0,0,0,0,2,2,1,1,2,2,1,1,2,2
C-clinical-11-01066#3,0,2,2,2,2,1,1,2,2,2,2,2,2,2,2,1,1,0,0,1,1,2,2,2,2,2,2,2,2
C-clinical-11-01066#4,0,2,2,2,2,2,2,2,2,2,2,0,0,2,2,0,0,0,0,2,2,2,2,2,2,2,2,0,0
C-clinical-11-01066#5,0,2,2,2,2,2,2,2,2,2,2,2,2,2,2,1,1,2,2,0,0,2,2,2,2,0,0,2,2
C-clinical-11-01066#6,0,2,2,2,2,2,2,2,2,2,2,2,2,2,2,2,2,2,2,0,0,2,2,2,2,2,2,2,2
C-clinical-11-01066#7,0,2,2,2,2,2,2,2,2,2,2,2,2,2,2,2,2,2,2,2,2,2,2,2,2,2,2,2,2
C-clinical-11-01066#8,0,2,2,2,2,2,2,2,2,2,2,1,1,2,2,1,1,2,2,1,1,2,2,2,2,2,2,2,2
C-clinical-11-01066#9,0,2,2,2,2,2,2,2,2,2,2,0,0,2,2,2,2,2,2,0,0,2,2,2,2,2,2,2,2
C-clinical-11-01067#0,0,2,2,2,2,2,2,2,2,2,2,0,0,2,2,2,2,2,2,2,2,2,2,2,2,2,2,2,2
C-clinical-11-01067#1,1,2,2,2,2,1,1,2,2,1,1,1,1,1,1,1,1,2,2,1,1,2,2,2,2,0,1,2,2
C-clinical-11-01067#10,2,2,2,2,2,2,2,2,2,1,2,0,2,1,2,1,2,2,2,2,2,0,2,0,2,1,2,1,2
C-clinical-11-01067#2,0,2,2,2,2,2,2,2,2,2,2,2,2,2,2,2,2,2,2,2,2,2,2,0,0,0,0,2,2
C-clinical-11-01067#3,2,2,2,2,2,2,2,2,2,2,2,0,2,2,2,2,2,2,2,2,2,2,2,2,2,2,2,2,2
C-clinical-11-01067#4,0,2,2,2,2,2,2,2,2,2,2,0,0,2,2,2,2,2,2,2,2,2,2,2,2,2,2,2,2
C-clinical-11-01067#5,0,2,2,2,2,2,2,2,2,2,2,0,0,2,2,2,2,2,2,2,2,2,2,2,2,2,2,2,2
C-clinical-11-01067#6,2,2,2,2,2,1,2,2,2,2,2,2,2,2,2,2,2,2,2,2,2,2,2,2,2,2,2,2,2
C-clinical-11-01067#7,2,2,2,2,2,2,2,2,2,1,2,0,2,1,2,1,2,0,2,2,2,0,2,2,2,1,2,1,2
C-clinical-11-01067#8,2,2,2,2,2,2,2,2,2,1,2,1,2,1,2,1,2,2,2,2,2,2,2,2,2,2,2,2,2
C-clinical-11-01067#9,2,2,2,2,2,0,2,2,2,2,2,2,2,2,2,2,2,2,2,2,2,2,2,2,2,2,2,2,2
C-clinical-11-01068#0,0,2,2,2,2,2,2,2,2,2,2,0,0,0,0,0,0,2,2,2,2,2,2,2,2,2,2,2,2
C-clinical-11-01068#1,1,1,1,1,1,1,1,1,1,0,1,0,1,1,1,1,1,0,1,2,2,1,1,1,1,1,1,2,2
C-clinical-11-01068#2,2,2,2,2,2,2,2,2,2,2,2,2,2,2,2,2,2,2,2,2,2,2,2,2,2,2,2,0,2
C-clinical-11-01068#4,2,2,2,2,2,2,2,2,2,2,2,0,2,2,2,2,2,2,2,2,2,2,2,2,2,2,2,2,2
C-clinical-11-01068#5,0,2,2,2,2,2,2,2,2,2,2,2,2,2,2,2,2,2,2,0,0,2,2,2,2,2,2,2,2
C-clinical-11-01068#6,2,2,2,2,2,2,2,2,2,2,2,0,2,2,2,2,2,2,2,2,2,2,2,2,2,2,2,2,2
C-clinical-11-01068#7,2,2,2,2,2,1,2,2,2,2,2,2,2,2,2,2,2,2,2,1,2,2,2,2,2,2,2,2,2
C-clinical-11-01068#8,0,2,2,2,2,2,2,2,2,2,2,0,0,2,2,2,2,2,2,0,0,2,2,2,2,2,2,2,2
C-clinical-11-01069#0,0,2,2,2,2,2,2,2,2,2,2,2,2,2,2,1,1,2,2,2,2,2,2,2,2,2,2,2,2
C-clinical-11-01069#1,0,2,2,2,2,1,1,1,1,2,2,0,0,2,2,1,1,1,1,1,1,1,1,1,1,0,0,1,1
C-clinical-11-01069#10,0,2,2,2,2,2,2,2,2,2,2,2,2,2,2,2,2,2,2,0,0,2,2,2,2,2,2,2,2
C-clinical-11-01069#11,0,2,2,2,2,0,0,2,2,2,2,2,2,2,2,1,1,2,2,0,0,2,2,2,2,2,2,1,1
C-clinical-11-01069#12,0,2,2,2,2,2,2,2,2,2,2,0,0,0,0,0,0,2,2,2,2,2,2,2,2,2,2,2,2
C-clinical-11-01069#2,0,2,2,2,2,2,2,2,2,2,2,1,1,2,2,0,0,2,2,2,2,2,2,2,2,2,2,2,2
C-clinical-11-01069#3,0,2,2,2,2,2,2,2,2,2,2,2,2,2,2,2,2,2,2,0,0,2,2,2,2,0,0,2,2
C-clinical-11-01069#4,0,2,2,2,2,2,2,2,2,2,2,2,2,2,2,0,0,2,2,0,0,2,2,2,2,2,2,2,2
C-clinical-11-01069#5,0,2,2,2,2,2,2,2,2,2,2,2,2,2,2,1,1,2,2,2,2,2,2,2,2,1,1,1,1
C-clinical-11-01069#6,0,2,2,2,2,2,2,2,2,2,2,2,2,2,2,0,0,2,2,2,2,2,2,0,2,0,2,0,2
C-clinical-11-01069#7,0,2,2,2,2,2,2,2,2,2,2,0,0,2,2,1,1,2,2,2,2,2,2,2,2,2,2,2,2
C-clinical-11-01069#8,0,2,2,2,2,2,2,2,2,2,2,0,0,2,2,0,0,2,2,2,2,2,2,2,2,0,2,0,2
C-clinical-11-01069#9,0,2,2,2,2,2,2,2,2,2,2,0,0,2,2,2,2,2,2,2,2,2,2,2,2,0,0,2,2
C-clinical-11-01071#0,0,2,2,2,2,2,2,2,2,2,2,2,2,0,0,0,0,2,2,2,2,2,2,2,2,2,2,2,2
C-clinical-11-01071#1,0,2,2,2,2,2,2,2,2,2,2,2,2,0,0,0,0,2,2,2,2,2,2,2,2,0,2,2,2
C-clinical-11-01071#2,0,2,2,2,2,2,2,2,2,2,2,0,0,2,2,2,2,2,2,0,0,2,2,2,2,2,2,2,2
C-clinical-11-01071#3,0,1,1,1,1,1,1,1,1,2,2,0,0,0,0,0,0,1,1,1,1,1,1,1,1,1,1,0,0
C-clinical-11-01071#4,0,2,2,2,2,2,2,2,2,2,2,2,2,2,2,2,2,2,2,2,2,2,2,2,2,0,0,2,2
C-clinical-11-01071#5,0,2,2,0,0,2,2,2,2,2,2,0,0,2,2,2,2,2,2,0,0,2,2,2,2,2,2,2,2
C-clinical-11-01071#6,2,2,2,2,2,1,2,2,2,2,2,2,2,2,2,2,2,1,2,2,2,2,2,2,2,2,2,2,2
C-clinical-11-01071#7,2,2,2,2,2,1,2,2,2,2,2,2,2,2,2,2,2,2,2,2,2,2,2,2,2,2,2,2,2
C-clinical-11-01071#8,2,2,2,2,2,2,2,2,2,2,2,0,2,2,2,2,2,2,2,2,2,2,2,2,2,2,2,2,2
C-clinical-11-01072#0,0,2,2,2,2,2,2,2,2,2,2,2,2,1,1,2,2,2,2,2,2,2,2,2,2,2,2,2,2
C-clinical-11-01072#1,1,1,1,1,1,1,1,1,1,0,1,0,1,1,1,1,1,0,1,2,2,2,2,2,2,2,2,2,2
C-clinical-11-01072#2,2,2,2,2,2,2,2,2,2,2,2,2,2,2,2,2,2,2,2,2,2,2,2,2,2,2,2,0,2
C-clinical-11-01072#4,0,2,2,2,2,2,2,2,2,2,2,0,0,2,2,2,2,2,2,2,2,2,2,2,2,2,2,2,2
C-clinical-11-01072#5,0,2,2,2,2,2,2,2,2,2,2,0,2,2,2,0,2,0,2,0,2,2,2,2,2,0,2,2,2
C-clinical-11-01072#6,0,2,2,2,2,2,2,2,2,2,2,0,2,2,2,0,2,0,2,2,2,2,2,2,2,0,2,2,2
C-clinical-11-01074#0,0,2,2,2,2,2,2,2,2,2,2,2,2,0,0,0,0,2,2,2,2,2,2,2,2,2,2,2,2
C-clinical-11-01074#1,0,2,2,2,2,2,2,2,2,2,2,2,2,2,2,0,0,0,0,0,0,2,2,2,2,2,2,2,2
C-clinical-11-01074#2,0,2,2,2,2,0,0,2,2,1,1,0,0,1,1,1,1,2,2,0,0,2,2,2,2,0,0,2,2
C-clinical-11-01074#3,0,2,2,2,2,2,2,2,2,2,2,2,2,2,2,0,0,2,2,2,2,2,2,0,2,0,2,2,2
C-clinical-11-01074#4,2,2,2,2,2,2,2,2,2,2,2,0,2,2,2,2,2,2,2,0,2,2,2,2,2,2,2,2,2
C-clinical-11-01074#5,2,2,2,2,2,2,2,2,2,2,2,0,2,1,2,1,2,2,2,2,2,0,2,2,2,0,2,2,2
C-clinical-11-01074#6,0,2,2,2,2,2,2,1,1,2,2,1,1,0,0,0,0,2,2,2,2,1,1,0,1,2,2,2,2
C-clinical-11-01074#7,1,2,2,2,2,2,2,2,2,2,2,2,2,2,2,2,2,2,2,2,2,2,2,2,2,0,1,2,2
C-clinical-11-01074#8,0,2,2,2,2,2,2,2,2,1,1,1,1,2,2,1,1,2,2,1,1,2,2,2,2,2,2,2,2
C-clinical-11-01074#9,0,2,2,2,2,2,2,2,2,2,2,2,2,2,2,0,0,0,2,2,2,2,2,0,2,2,2,2,2
C-clinical-11-01076#0,2,2,2,2,2,2,2,2,2,2,2,1,2,2,2,2,2,2,2,2,2,2,2,2,2,2,2,2,2
C-clinical-11-01076#1,2,2,2,2,2,2,2,2,2,2,2,2,2,2,2,2,2,2,2,2,2,2,2,2,2,2,2,2,2
C-clinical-11-01076#10,2,2,2,2,2,2,2,2,2,2,2,2,2,2,2,2,2,2,2,2,2,2,2,0,2,0,2,0,2
C-clinical-11-01076#11,0,2,2,2,2,2,2,2,2,2,2,2,2,0,0,0,0,2,2,2,2,2,2,2,2,2,2,2,2
C-clinical-11-01076#12,2,2,2,2,2,2,2,2,2,1,2,0,2,1,2,1,2,0,2,2,2,0,2,0,2,1,2,1,2
C-clinical-11-01076#13,2,2,2,2,2,2,2,2,2,1,2,2,2,0,2,0,2,2,2,2,2,2,2,2,2,2,2,2,2
C-clinical-11-01076#14,0,2,2,2,2,2,2,2,2,2,2,2,2,2,2,2,2,2,2,0,0,2,2,2,2,2,2,2,2
C-clinical-11-01076#15,1,1,1,1,1,1,1,1,1,1,1,1,1,1,1,1,1,0,1,1,1,1,1,1,1,1,1,1,1
C-clinical-11-01076#16,0,2,2,2,2,2,2,2,2,2,2,0,0,0,0,2,2,2,2,0,0,2,2,2,2,2,2,2,2
C-clinical-11-01076#17,2,2,2,2,2,2,2,2,2,2,2,2,2,2,2,2,2,2,2,2,2,2,2,2,2,2,2,2,2
C-clinical-11-01076#2,2,2,2,2,2,2,2,2,2,2,2,0,2,2,2,2,2,2,2,2,2,2,2,2,2,2,2,2,2
C-clinical-11-01076#3,2,2,2,2,2,2,2,2,2,2,2,2,2,2,2,2,2,2,2,0,2,2,2,2,2,2,2,2,2
C-clinical-11-01076#4,0,2,2,2,2,2,2,2,2,2,2,0,2,2,2,0,0,2,2,2,2,2,2,2,2,2,2,2,2
C-clinical-11-01076#5,2,2,2,2,2,2,2,2,2,1,2,0,2,1,2,1,2,0,2,2,2,0,2,0,2,1,2,1,2
C-clinical-11-01076#6,2,2,2,2,2,2,2,2,2,1,2,2,2,0,2,1,2,2,2,2,2,2,2,2,2,2,2,2,2
C-clinical-11-01076#7,1,1,1,1,1,1,1,1,1,1,1,0,1,1,1,1,1,0,1,1,1,1,1,1,1,1,1,1,1
C-clinical-11-01076#8,0,2,2,2,2,2,2,2,2,2,2,0,0,2,2,2,2,2,2,0,0,2,2,2,2,2,2,2,2
C-clinical-11-01076#9,2,2,2,2,2,2,2,2,2,2,2,0,2,2,2,2,2,2,2,2,2,2,2,2,2,2,2,2,2
C-clinical-11-01077#0,0,2,2,2,2,2,2,2,2,2,2,2,2,2,2,2,2,2,2,2,2,2,2,2,2,2,2,2,2
C-clinical-11-01077#1,1,1,1,1,1,0,1,1,1,0,1,0,1,1,1,1,1,0,1,2,2,2,2,2,2,2,2,2,2
C-clinical-11-01077#2,0,2,2,2,2,2,2,2,2,2,2,2,2,2,2,2,2,2,2,2,2,2,2,2,2,2,2,2,2
C-clinical-11-01077#3,1,2,2,2,2,2,2,2,2,1,1,0,1,2,2,1,1,1,1,1,1,2,2,2,2,2,2,2,2
C-clinical-11-01077#4,2,2,2,2,2,2,2,2,2,2,2,2,2,2,2,2,2,2,2,2,2,2,2,2,2,2,2,2,2
C-clinical-11-01077#5,2,2,2,2,2,2,2,2,2,2,2,2,2,2,2,2,2,2,2,2,2,2,2,2,2,2,2,2,2
C-clinical-11-01077#7,0,1,1,1,1,1,1,1,1,2,2,0,0,1,1,0,0,0,0,1,1,1,1,1,1,1,1,1,1
C-clinical-11-01077#8,2,2,2,2,2,2,2,2,2,2,2,2,2,2,2,2,2,2,2,2,2,2,2,2,2,2,2,2,2
C-clinical-11-01079#0,0,2,2,2,2,2,2,2,2,2,2,0,0,1,1,0,0,2,2,2,2,2,2,2,2,2,2,2,2
C-clinical-11-01079#1,0,2,2,2,2,1,1,1,1,2,2,0,0,0,0,0,0,0,1,2,2,1,1,0,1,2,2,2,2
C-clinical-11-01079#10,2,2,2,2,2,2,2,2,2,1,2,1,2,1,2,0,2,2,2,2,2,2,2,2,2,2,2,2,2
C-clinical-11-01079#11,2,2,2,2,2,2,2,2,2,2,2,0,2,2,2,1,2,2,2,0,2,2,2,2,2,2,2,2,2
C-clinical-11-01079#2,2,2,2,2,2,2,2,2,2,2,2,2,2,2,2,0,2,2,2,2,2,2,2,2,2,2,2,2,2
C-clinical-11-01079#3,1,2,2,2,2,1,1,2,2,1,1,1,1,2,2,2,2,2,2,1,1,2,2,1,1,2,2,2,2
C-clinical-11-01079#4,0,2,2,2,2,1,1,1,1,1,1,0,0,1,1,1,1,2,2,1,1,2,2,2,2,0,0,2,2
C-clinical-11-01079#5,1,2,2,2,2,2,2,2,2,2,2,2,2,2,2,2,2,2,2,2,2,2,2,2,2,2,2,2,2
C-clinical-11-01079#6,0,2,2,1,1,1,1,1,1,2,2,0,0,0,0,0,0,0,0,1,1,1,1,0,0,1,1,1,1
C-clinical-11-01079#7,0,2,2,2,2,2,2,2,2,2,2,2,2,2,2,2,2,2,2,2,2,2,2,2,2,0,0,2,2
C-clinical-11-01079#8,2,2,2,2,2,2,2,2,2,1,2,0,2,1,2,1,2,2,2,2,2,0,2,1,2,1,2,1,2
C-clinical-11-01079#9,2,2,2,2,2,1,2,2,2,2,2,2,2,2,2,2,2,2,2,2,2,2,2,2,2,2,2,2,2
C-clinical-11-01080#0,0,2,2,2,2,2,2,2,2,2,2,2,2,1,1,1,1,2,2,2,2,2,2,2,2,2,2,2,2
C-clinical-11-01080#1,0,2,2,2,2,2,2,2,2,2,2,0,0,2,2,2,2,2,2,2,2,2,2,2,2,2,2,2,2
C-clinical-11-01080#2,0,2,2,2,2,2,2,2,2,2,2,0,2,0,0,0,2,0,2,0,2,2,2,2,2,2,2,2,2
C-clinical-11-01080#3,0,2,2,2,2,2,2,2,2,2,2,2,2,2,2,2,2,2,2,2,2,2,2,0,0,0,0,2,2
C-clinical-11-01080#4,0,2,2,2,2,2,2,2,2,2,2,2,2,2,2,2,2,0,2,0,2,2,2,2,2,2,2,2,2
C-clinical-11-01081#0,2,2,2,2,2,2,2,2,2,2,2,0,2,2,2,0,2,0,2,2,2,2,2,2,2,2,2,2,2
C-clinical-11-01081#1,0,2,2,2,2,2,2,2,2,2,2,2,2,0,0,1,1,2,2,2,2,2,2,2,2,2,2,2,2
C-clinical-11-01081#2,0,1,1,1,1,1,1,1,1,2,2,0,0,0,0,0,0,0,0,1,1,1,1,1,1,1,1,0,0
C-clinical-11-01081#3,0,2,2,2,2,2,2,2,2,2,2,2,2,0,0,2,2,2,2,2,2,2,2,2,2,2,2,2,2
C-clinical-11-01081#4,0,2,2,2,2,2,2,2,2,1,1,0,0,2,2,2,2,0,0,0,0,2,2,2,2,2,2,2,2
C-clinical-11-01081#5,2,2,2,2,2,2,2,2,2,2,2,2,2,2,2,2,2,2,2,2,2,2,2,2,2,2,2,2,2
C-clinical-11-01084#0,0,2,2,2,2,2,2,2,2,2,2,2,2,0,0,0,0,2,2,2,2,2,2,2,2,2,2,2,2
C-clinical-11-01084#1,0,1,1,1,1,1,1,1,1,1,1,0,0,0,0,0,0,0,0,1,1,0,0,1,1,1,1,1,1
C-clinical-11-01084#2,0,2,2,2,2,2,2,2,2,2,2,0,2,0,0,0,0,2,2,2,2,2,2,2,2,0,2,2,2
C-clinical-11-01084#3,1,0,1,0,1,0,1,1,1,0,1,0,1,0,1,0,1,0,1,2,2,2,2,2,2,2,2,2,2
C-clinical-11-01084#4,0,2,2,2,2,1,1,1,1,2,2,1,1,0,0,0,0,2,2,2,2,1,1,1,1,1,1,2,2
C-clinical-11-01084#5,0,2,2,2,2,2,2,2,2,2,2,0,0,2,2,2,2,2,2,2,2,2,2,2,2,0,0,2,2
C-clinical-11-01086#0,2,2,2,2,2,2,2,2,2,2,2,2,2,2,2,2,2,2,2,2,2,2,2,2,2,2,2,2,2
C-clinical-11-01086#1,2,2,2,2,2,2,2,2,2,2,2,2,2,2,2,2,2,2,2,2,2,2,2,2,2,2,2,2,2
C-clinical-11-01086#2,2,2,2,2,2,2,2,2,2,2,2,2,2,2,2,2,2,2,2,2,2,2,2,2,2,2,2,2,2
C-clinical-11-01086#3,0,2,2,2,2,2,2,2,2,2,2,2,2,2,2,0,0,2,2,2,2,2,2,0,0,2,2,2,2
C-clinical-11-01086#4,2,2,2,2,2,2,2,2,2,2,2,2,2,2,2,2,2,2,2,2,2,2,2,2,2,2,2,2,2
C-clinical-11-01086#5,2,2,2,2,2,2,2,2,2,2,2,2,2,2,2,2,2,2,2,2,2,2,2,2,2,2,2,2,2
C-clinical-11-01086#6,2,2,2,2,2,2,2,2,2,2,2,2,2,2,2,2,2,2,2,2,2,2,2,2,2,2,2,2,2
C-clinical-11-01086#7,0,2,2,2,2,2,2,2,2,2,2,2,2,2,2,0,0,2,2,0,2,2,2,0,0,2,2,2,2
C-clinical-11-01086#8,2,2,2,2,2,2,2,2,2,2,2,2,2,2,2,0,2,2,2,2,2,2,2,2,2,2,2,2,2
C-clinical-11-01088#0,2,2,2,2,2,2,2,2,2,2,2,2,2,2,2,2,2,2,2,2,2,2,2,2,2,2,2,2,2
C-clinical-11-01088#1,2,2,2,2,2,2,2,2,2,2,2,2,2,2,2,2,2,2,2,2,2,2,2,2,2,2,2,2,2
C-clinical-11-01088#2,2,2,2,2,2,2,2,2,2,2,2,2,2,2,2,2,2,2,2,2,2,2,2,2,2,2,2,2,2
C-clinical-11-01088#3,0,2,2,2,2,2,2,2,2,2,2,0,1,2,2,0,0,2,2,2,2,2,2,2,2,2,2,2,2
C-clinical-11-01088#4,2,2,2,2,2,2,2,2,2,2,2,2,2,2,2,2,2,2,2,2,2,2,2,2,2,2,2,2,2
C-clinical-11-01088#5,0,2,2,2,2,2,2,2,2,2,2,1,1,2,2,0,0,2,2,2,2,2,2,2,2,2,2,2,2
C-clinical-11-01089#0,0,2,2,2,2,2,2,2,2,2,2,2,2,1,1,0,0,2,2,2,2,2,2,2,2,2,2,2,2
C-clinical-11-01089#2,0,2,2,2,2,2,2,2,2,2,2,0,0,2,2,0,0,2,2,2,2,2,2,2,2,2,2,2,2
C-clinical-11-01093#0,0,2,2,2,2,2,2,2,2,2,2,2,2,2,2,2,2,2,2,2,2,2,2,2,2,0,0,2,2
C-clinical-11-01093#1,0,2,2,2,2,2,2,2,2,2,2,2,2,2,2,1,1,2,2,2,2,2,2,2,2,2,2,2,2
C-clinical-11-01093#2,0,2,2,2,2,1,1,2,2,1,1,2,2,2,2,1,1,2,2,1,1,2,2,2,2,2,2,2,2
C-clinical-11-01093#3,2,2,2,2,2,2,2,2,2,2,2,2,2,2,2,2,2,2,2,2,2,2,2,2,2,2,2,2,2
C-clinical-11-01093#4,2,2,2,2,2,2,2,2,2,2,2,2,2,2,2,2,2,2,2,2,2,2,2,2,2,2,2,2,2
C-clinical-11-01093#5,0,2,2,2,2,2,2,2,2,2,2,2,2,2,2,2,2,2,2,2,2,2,2,0,0,0,0,2,2
C-clinical-11-01093#6,0,2,2,2,2,2,2,2,2,2,2,2,2,2,2,0,0,2,2,2,2,2,2,2,2,0,2,2,2
C-clinical-11-01095#0,0,2,2,2,2,2,2,2,2,2,2,0,1,2,2,2,2,2,2,2,2,2,2,2,2,2,2,2,2
C-clinical-11-01095#2,2,2,2,2,2,2,2,2,2,2,2,0,2,2,2,2,2,2,2,2,2,2,2,2,2,2,2,2,2
C-clinical-11-01095#3,2,2,2,2,2,2,2,2,2,2,2,2,2,2,2,2,2,2,2,2,2,2,2,2,2,0,2,2,2
C-clinical-11-01095#4,2,2,2,2,2,2,2,2,2,2,2,0,2,2,2,0,2,2,2,2,2,2,2,2,2,2,2,2,2
C-clinical-11-01095#5,0,2,2,2,2,2,2,2,2,2,2,0,0,2,2,2,2,2,2,2,2,2,2,2,2,2,2,2,2
C-clinical-11-01095#6,0,2,2,2,2,2,2,2,2,2,2,0,0,2,2,2,2,2,2,0,0,2,2,2,2,2,2,2,2
C-clinical-11-01095#7,0,2,2,2,2,2,2,2,2,2,2,2,2,0,0,0,2,2,2,2,2,2,2,2,2,0,2,2,2
C-clinical-11-01097#0,0,2,2,2,2,2,2,2,2,2,2,1,2,1,1,0,0,2,2,2,2,2,2,2,2,2,2,2,2
C-clinical-11-01097#1,1,1,1,1,1,0,1,1,1,0,1,0,1,1,1,1,1,0,1,2,2,2,2,2,2,2,2,2,2
C-clinical-11-01097#10,2,2,2,2,2,2,2,2,2,2,2,0,2,1,2,1,2,2,2,2,2,0,2,2,2,0,2,2,2
C-clinical-11-01097#11,0,2,2,2,2,1,1,2,2,1,1,1,1,1,1,1,1,2,2,1,1,2,2,2,2,2,2,1,1
C-clinical-11-01097#12,2,2,2,2,2,2,2,2,2,2,2,2,2,1,2,1,2,1,2,0,2,2,2,2,2,1,2,2,2
C-clinical-11-01097#2,2,2,2,2,2,2,2,2,2,2,2,2,2,1,2,0,2,2,2,1,2,2,2,2,2,0,2,2,2
C-clinical-11-01097#3,0,2,2,2,2,2,2,2,2,2,2,2,2,2,2,0,0,2,2,2,2,2,2,2,2,2,2,2,2
C-clinical-11-01097#4,0,2,2,2,2,2,2,2,2,2,2,2,2,2,2,2,2,2,2,2,2,2,2,2,2,2,2,2,2
C-clinical-11-01097#5,1,2,2,2,2,2,2,2,2,1,1,0,1,2,2,2,2,2,2,1,1,2,2,2,2,2,2,2,2
C-clinical-11-01097#6,2,2,2,2,2,2,2,2,2,2,2,2,2,2,2,2,2,2,2,2,2,2,2,2,2,2,2,2,2
C-clinical-11-01097#7,0,2,2,2,2,1,1,2,2,2,2,0,0,2,2,1,1,2,2,1,1,2,2,2,2,2,2,2,2
C-clinical-11-01097#8,0,2,2,2,2,2,2,2,2,2,2,2,2,0,0,0,0,2,2,2,2,2,2,0,2,0,2,0,2
C-clinical-11-01097#9,2,2,2,2,2,2,2,2,2,2,2,0,2,2,2,0,2,2,2,0,2,2,2,2,2,2,2,2,2
C-clinical-11-01098#0,0,2,2,2,2,2,2,2,2,2,2,2,2,1,1,2,2,2,2,2,2,2,2,2,2,2,2,2,2
C-clinical-11-01098#1,0,2,2,2,2,2,2,2,2,2,2,2,2,2,2,2,2,2,2,2,2,2,2,2,2,2,2,2,2
C-clinical-11-01098#10,2,2,2,2,2,2,2,2,2,1,2,0,2,1,2,1,2,2,2,2,2,0,2,1,2,1,2,1,2
C-clinical-11-01098#11,2,2,2,2,2,2,2,2,2,1,2,0,2,1,2,1,2,2,2,2,2,0,2,1,2,1,2,1,2
C-clinical-11-01098#12,2,2,2,2,2,1,2,2,2,1,2,1,2,1,2,0,2,2,2,2,2,2,2,2,2,2,2,2,2
C-clinical-11-01098#2,0,2,2,2,2,2,2,2,2,2,2,2,2,2,2,2,2,2,2,2,2,2,2,0,2,0,2,2,2
C-clinical-11-01098#3,0,2,2,2,2,2,2,2,2,2,2,0,2,2,2,2,2,2,2,2,2,2,2,0,2,0,2,2,2
C-clinical-11-01098#4,0,2,2,2,2,0,0,2,2,2,2,2,2,2,2,2,2,2,2,2,2,2,2,2,2,0,0,2,2
C-clinical-11-01098#5,0,2,2,2,2,0,0,2,2,2,2,2,2,2,2,2,2,2,2,2,2,2,2,2,2,0,0,2,2
C-clinical-11-01098#6,2,2,2,2,2,0,2,2,2,2,2,2,2,2,2,2,2,2,2,2,2,2,2,2,2,2,2,2,2
C-clinical-11-01098#7,2,2,2,2,2,0,2,1,2,2,2,2,2,2,2,2,2,2,2,2,2,2,2,2,2,2,2,2,2
C-clinical-11-01098#8,0,2,2,2,2,2,2,2,2,2,2,0,0,2,2,0,0,2,2,0,0,2,2,0,0,0,0,2,2
C-clinical-11-01098#9,0,2,2,2,2,2,2,2,2,2,2,0,2,2,2,2,2,2,2,2,2,2,2,0,2,0,2,2,2
C-clinical-11-01101#0,0,2,2,2,2,2,2,2,2,2,2,0,0,2,2,2,2,2,2,2,2,2,2,2,2,2,2,2,2
C-clinical-11-01101#1,0,2,2,2,2,2,2,2,2,2,2,1,2,2,2,2,2,2,2,2,2,2,2,2,2,2,2,2,2
C-clinical-11-01101#2,0,2,2,2,2,2,2,2,2,2,2,2,2,2,2,2,2,0,2,0,2,2,2,0,2,0,2,2,2
C-clinical-11-01101#3,0,2,2,2,2,1,1,1,1,2,2,0,1,1,1,0,1,2,2,0,1,1,1,0,1,2,2,2,2
C-clinical-11-01101#4,0,2,2,2,2,2,2,2,2,2,2,0,0,2,2,2,2,2,2,2,2,2,2,2,2,2,2,2,2
C-clinical-11-01107#0,0,2,2,2,2,2,2,2,2,2,2,0,2,0,0,0,1,2,2,2,2,2,2,2,2,1,1,2,2
C-clinical-11-01107#1,0,2,2,2,2,2,2,2,2,2,2,1,1,0,0,1,1,2,2,2,2,2,2,2,2,1,1,2,2
C-clinical-11-01107#2,2,2,2,2,2,2,2,2,2,2,2,2,2,2,2,2,2,2,2,0,2,2,2,2,2,2,2,2,2
C-clinical-11-01108#0,0,2,2,2,2,2,2,2,2,2,2,0,0,1,1,1,1,2,2,2,2,2,2,2,2,2,2,2,2
C-clinical-11-01108#1,1,1,1,1,1,1,1,1,1,0,1,0,1,1,1,1,1,0,1,2,2,2,2,2,2,2,2,2,2
C-clinical-11-01108#2,0,2,2,2,2,2,2,2,2,2,2,2,2,2,2,2,2,2,2,2,2,2,2,2,2,2,2,2,2
C-clinical-11-01108#3,0,2,2,2,2,2,2,2,2,2,2,0,0,2,2,2,2,2,2,0,0,2,2,2,2,2,2,2,2
C-clinical-11-01109#0,0,0,0,1,1,0,0,1,1,2,2,0,0,1,1,0,0,2,2,1,1,1,1,0,0,1,1,1,1
C-clinical-11-01109#1,0,2,2,2,2,2,2,2,2,2,2,0,2,0,0,1,2,2,2,2,2,2,2,2,2,2,2,2,2
C-clinical-11-01109#10,0,2,2,2,2,2,2,2,2,2,2,2,2,2,2,2,2,2,2,2,2,2,2,2,2,2,2,2,2
C-clinical-11-01109#11,0,2,2,2,2,0,0,2,2,0,0,0,0,2,2,0,0,0,0,0,0,2,2,2,2,2,2,2,2
C-clinical-11-01109#12,2,2,2,2,2,2,2,2,2,1,2,0,2,2,2,1,2,2,2,2,2,2,2,0,2,2,2,2,2
C-clinical-11-01109#13,0,2,2,2,2,0,0,2,2,1,1,1,1,2,2,1,1,2,2,1,1,2,2,1,1,1,1,2,2
C-clinical-11-01109#2,0,2,2,2,2,2,2,2,2,2,2,1,2,0,0,0,2,2,2,2,2,2,2,2,2,2,2,2,2
C-clinical-11-01109#3,2,2,2,2,2,2,2,2,2,2,2,0,2,2,2,2,2,2,2,0,2,2,2,2,2,2,2,2,2
C-clinical-11-01109#4,0,2,2,2,2,2,2,2,2,2,2,2,2,2,2,2,2,2,2,2,2,2,2,0,2,0,2,2,2
C-clinical-11-01109#5,0,2,2,2,2,2,2,2,2,2,2,1,1,2,2,2,2,2,2,0,0,2,2,2,2,2,2,2,2
C-clinical-11-01109#6,0,2,2,2,2,2,2,2,2,2,2,2,2,2,2,2,2,2,2,2,2,2,2,2,2,2,2,2,2
C-clinical-11-01109#7,0,2,2,2,2,1,1,2,2,2,2,2,2,2,2,2,2,2,2,2,2,2,2,0,0,2,2,2,2
C-clinical-11-01109#8,2,2,2,2,2,2,2,2,2,2,2,2,2,2,2,2,2,2,2,2,2,2,2,2,2,2,2,2,2
C-clinical-11-01109#9,0,2,2,2,2,1,1,1,1,2,2,0,1,0,0,0,1,2,2,2,2,1,1,0,1,1,1,2,2
C-clinical-11-01110#0,0,2,2,2,2,2,2,2,2,2,2,1,1,1,1,2,2,2,2,2,2,2,2,2,2,2,2,2,2
C-clinical-11-01110#1,0,2,2,2,2,1,1,1,1,2,2,0,0,0,0,0,1,2,2,2,2,1,1,0,1,2,2,2,2
C-clinical-11-01110#2,0,2,2,1,1,0,0,1,1,2,2,0,0,0,0,0,0,0,0,1,1,1,1,0,0,1,1,1,1
C-clinical-11-01110#3,0,2,2,2,2,2,2,2,2,2,2,0,1,0,0,2,2,2,2,2,2,2,2,2,2,2,2,2,2
C-clinical-11-01110#4,0,1,1,1,1,0,0,1,1,2,2,0,0,0,0,0,0,0,0,1,1,1,1,0,0,1,1,1,1
C-clinical-11-01111#0,2,2,2,2,2,2,2,2,2,2,2,0,2,2,2,0,2,2,2,1,2,2,2,2,2,2,2,2,2
C-clinical-11-01111#1,2,2,2,2,2,2,2,2,2,2,2,2,2,2,2,2,2,2,2,2,2,2,2,1,2,2,2,2,2
C-clinical-11-01111#10,0,2,2,2,2,1,1,1,1,1,1,0,0,1,1,1,1,1,1,1,1,2,2,2,2,2,2,1,1
C-clinical-11-01111#11,0,1,1,2,2,1,1,1,1,1,1,0,0,1,1,1,1,1,1,1,1,2,2,2,2,2,2,1,1
C-clinical-11-01111#12,2,2,2,2,2,2,2,2,2,2,2,2,2,2,2,2,2,2,2,0,2,2,2,2,2,2,2,2,2
C-clinical-11-01111#2,2,2,2,2,2,2,2,2,2,2,2,2,2,2,2,0,2,2,2,2,2,2,2,2,2,2,2,2,2
C-clinical-11-01111#3,2,0,2,1,2,0,2,2,2,2,2,0,2,2,2,2,2,2,2,2,2,2,2,2,2,2,2,2,2
C-clinical-11-01111#4,2,2,2,2,2,2,2,2,2,1,2,1,2,1,2,1,2,2,2,2,2,2,2,2,2,0,2,2,2
C-clinical-11-01111#5,2,2,2,2,2,2,2,2,2,1,2,0,2,1,2,1,2,2,2,2,2,0,2,1,2,1,2,1,2
C-clinical-11-01111#6,1,2,2,2,2,2,2,2,2,2,2,1,1,1,1,1,1,2,2,0,1,2,2,2,2,2,2,2,2
C-clinical-11-01111#7,2,2,2,2,2,2,2,2,2,2,2,2,2,2,2,2,2,2,2,2,2,2,2,1,2,2,2,2,2
C-clinical-11-01111#8,2,2,2,2,2,2,2,2,2,2,2,0,2,0,2,0,2,0,2,2,2,2,2,2,2,2,2,2,2
C-clinical-11-01111#9,2,2,2,2,2,2,2,2,2,2,2,0,2,2,2,2,2,2,2,2,2,2,2,1,2,2,2,2,2
C-clinical-11-01112#0,0,2,2,2,2,2,2,2,2,2,2,2,2,0,0,1,1,2,2,2,2,2,2,2,2,1,2,2,2
C-clinical-11-01112#1,2,2,2,2,2,2,2,2,2,2,2,0,2,0,2,0,2,2,2,2,2,2,2,0,2,2,2,2,2
C-clinical-11-01112#10,2,2,2,2,2,2,2,2,2,2,2,2,2,2,2,2,2,2,2,2,2,2,2,2,2,2,2,2,2
C-clinical-11-01112#11,2,2,2,2,2,2,2,2,2,2,2,0,2,2,2,2,2,2,2,2,2,2,2,0,2,0,2,2,2
C-clinical-11-01112#2,0,2,2,2,2,2,2,2,2,2,2,2,2,0,0,2,2,2,2,2,2,2,2,2,2,2,2,2,2
C-clinical-11-01112#3,0,2,2,2,2,2,2,2,2,2,2,2,2,0,0,0,0,2,2,2,2,2,2,2,2,2,2,2,2
C-clinical-11-01112#4,2,2,2,2,2,2,2,2,2,2,2,0,2,2,2,2,2,2,2,2,2,2,2,2,2,2,2,2,2
C-clinical-11-01112#5,2,2,2,2,2,2,2,2,2,2,2,2,2,2,2,0,2,2,2,2,2,2,2,2,2,2,2,2,2
C-clinical-11-01112#6,2,2,2,2,2,2,2,2,2,2,2,0,2,2,2,2,2,2,2,2,2,2,2,2,2,2,2,2,2
C-clinical-11-01112#7,0,2,2,2,2,1,1,2,2,2,2,0,0,2,2,1,1,2,2,0,0,2,2,2,2,2,2,2,2
C-clinical-11-01112#8,0,2,2,2,2,0,0,2,2,1,1,0,0,2,2,1,1,2,2,0,0,2,2,2,2,2,2,2,2
C-clinical-11-01112#9,2,2,2,2,2,2,2,2,2,2,2,2,2,2,2,2,2,2,2,0,2,2,2,2,2,0,2,2,2
C-clinical-11-01113#0,0,2,2,2,2,2,2,2,2,2,2,1,1,1,1,0,0,2,2,2,2,2,2,2,2,2,2,2,2
C-clinical-11-01113#2,0,2,2,2,2,2,2,2,2,2,2,2,2,2,2,2,2,2,2,2,2,2,2,2,2,2,2,2,2
C-clinical-11-01113#3,0,2,2,2,2,2,2,2,2,2,2,2,2,2,2,0,0,0,2,0,2,2,2,2,2,2,2,2,2
C-clinical-11-01114#0,0,2,2,2,2,2,2,2,2,2,2,2,2,2,2,2,2,2,2,2,2,2,2,2,2,2,2,2,2
C-clinical-11-01114#1,1,1,1,1,1,1,1,1,1,0,1,0,1,1,1,0,1,0,1,2,2,1,1,1,1,2,2,1,1
C-clinical-11-01114#2,0,2,2,2,2,2,2,2,2,2,2,2,2,2,2,2,2,2,2,0,0,2,2,2,2,0,0,2,2
C-clinical-11-01114#3,0,2,2,2,2,2,2,2,2,2,2,2,2,2,2,1,1,2,2,2,2,2,2,2,2,0,0,2,2
C-clinical-11-01114#4,1,2,2,2,2,2,2,2,2,1,1,0,1,2,2,1,1,2,2,1,1,2,2,2,2,2,2,2,2
C-clinical-11-01114#5,0,2,2,2,2,2,2,2,2,2,2,2,2,2,2,2,2,2,2,2,2,2,2,2,2,2,2,2,2
C-clinical-11-01114#6,0,1,1,1,1,1,1,1,1,2,2,0,0,0,0,0,0,1,1,1,1,1,1,1,1,1,1,0,0
C-clinical-11-01114#7,0,2,2,2,2,2,2,2,2,2,2,2,2,2,2,0,2,2,2,2,2,2,2,2,2,2,2,0,2
C-clinical-11-01117#0,2,2,2,2,2,2,2,2,2,2,2,2,2,0,2,0,2,2,2,2,2,2,2,2,2,2,2,2,2
C-clinical-11-01117#1,2,2,2,2,2,2,2,2,2,2,2,2,2,0,2,0,2,2,2,2,2,2,2,2,2,0,2,2,2
C-clinical-11-01117#2,2,2,2,2,2,2,2,2,2,2,2,2,2,0,2,0,2,2,2,2,2,2,2,0,2,0,2,2,2
C-clinical-11-01117#3,2,2,2,2,2,2,2,2,2,2,2,2,2,0,2,0,2,2,2,2,2,2,2,2,2,2,2,2,2
C-clinical-11-01118#0,0,2,2,2,2,2,2,2,2,2,2,2,2,1,1,0,1,2,2,2,2,2,2,2,2,2,2,2,2
C-clinical-11-01118#2,0,2,2,2,2,2,2,2,2,2,2,2,2,2,2,2,2,2,2,2,2,2,2,2,2,0,2,2,2
C-clinical-11-01118#3,1,1,1,1,1,1,1,1,1,0,1,0,1,1,1,1,1,0,1,2,2,1,1,2,2,1,1,2,2
C-clinical-11-01118#4,2,2,2,2,2,2,2,2,2,2,2,0,2,2,2,2,2,2,2,0,2,2,2,2,2,2,2,2,2
C-clinical-11-01118#5,0,2,2,2,2,2,2,2,2,2,2,0,0,0,0,0,0,2,2,2,2,2,2,2,2,2,2,2,2
C-clinical-11-01118#6,0,2,2,2,2,2,2,2,2,2,2,2,2,0,0,0,2,2,2,2,2,2,2,2,2,2,2,2,2
C-clinical-11-01118#7,0,2,2,2,2,2,2,2,2,2,2,2,2,2,2,2,2,2,2,2,2,2,2,0,0,0,0,2,2
C-clinical-11-01122#0,0,2,2,2,2,2,2,2,2,2,2,2,2,0,0,0,0,2,2,2,2,2,2,2,2,2,2,2,2
C-clinical-11-01122#1,0,2,2,2,2,0,2,2,2,2,2,2,2,0,0,0,0,2,2,2,2,2,2,2,2,2,2,2,2
C-clinical-11-01122#10,0,0,0,0,0,0,0,0,0,0,0,0,0,2,2,1,1,0,0,0,0,2,2,2,2,2,2,1,1
C-clinical-11-01122#11,0,2,2,2,2,1,1,2,2,1,1,1,1,2,2,1,1,2,2,1,1,2,2,2,2,2,2,2,2
C-clinical-11-01122#12,0,2,2,2,2,1,1,2,2,1,1,1,1,2,2,1,1,2,2,1,1,2,2,2,2,2,2,2,2
C-clinical-11-01122#2,0,2,2,2,2,2,2,2,2,2,2,2,2,2,2,2,2,2,2,2,2,2,2,2,2,2,2,2,2
C-clinical-11-01122#4,2,2,2,2,2,2,2,2,2,1,2,0,2,2,2,2,2,2,2,0,2,2,2,2,2,2,2,2,2
C-clinical-11-01122#5,0,2,2,2,2,2,2,2,2,2,2,2,2,2,2,2,2,2,2,2,2,2,2,2,2,2,2,2,2
C-clinical-11-01122#6,0,2,2,2,2,2,2,2,2,1,1,1,1,2,2,1,1,2,2,0,0,2,2,2,2,2,2,2,2
C-clinical-11-01122#7,0,2,2,2,2,2,2,2,2,2,2,2,2,2,2,0,0,2,2,0,0,2,2,2,2,2,2,2,2
C-clinical-11-01122#8,0,2,2,2,2,2,2,2,2,2,2,2,2,2,2,1,1,2,2,2,2,2,2,2,2,2,2,2,2
C-clinical-11-01122#9,1,1,1,1,1,0,1,1,1,0,1,0,1,1,1,0,1,0,1,2,2,2,2,2,2,2,2,2,2
C-clinical-11-01123#0,2,2,2,2,2,2,2,2,2,2,2,0,2,0,2,1,2,2,2,2,2,2,2,2,2,2,2,2,2
C-clinical-11-01123#1,2,2,2,2,2,2,2,2,2,2,2,0,2,0,2,0,2,2,2,2,2,2,2,2,2,0,2,0,2
C-clinical-11-01123#2,0,2,2,2,2,1,1,1,1,1,1,0,0,2,2,1,1,1,1,1,1,2,2,2,2,2,2,2,2
C-clinical-11-01123#3,1,2,2,2,2,1,1,2,2,1,1,2,2,2,2,2,2,2,2,1,1,2,2,0,1,2,2,2,2
C-clinical-11-01123#4,1,2,2,2,2,1,1,2,2,1,1,1,1,1,1,1,1,2,2,0,1,2,2,1,1,1,1,1,1
C-clinical-11-01123#5,2,2,2,2,2,2,2,2,2,2,2,2,2,2,2,2,2,2,2,2,2,2,2,2,2,2,2,2,2
C-clinical-11-01123#6,1,2,2,2,2,1,1,2,2,1,1,2,2,2,2,2,2,2,2,1,1,2,2,0,1,2,2,2,2
C-clinical-11-01123#7,2,2,2,2,2,0,2,2,2,2,2,2,2,2,2,2,2,2,2,0,2,2,2,2,2,2,2,2,2
C-clinical-11-01126#0,0,2,2,2,2,2,2,2,2,2,2,1,1,0,0,1,1,2,2,2,2,2,2,2,2,2,2,2,2
C-clinical-11-01126#1,0,2,2,2,2,1,1,1,1,1,1,0,0,2,2,2,2,1,1,1,1,2,2,2,2,2,2,2,2
C-clinical-11-01126#2,0,2,2,2,2,2,2,2,2,2,2,2,2,2,2,0,2,2,2,0,2,2,2,0,2,2,2,2,2
C-clinical-11-01126#3,2,2,2,2,2,2,2,2,2,2,2,2,2,2,2,2,2,2,2,2,2,2,2,2,2,2,2,2,2
C-clinical-11-01126#4,2,2,2,1,2,1,2,1,2,1,2,1,2,1,2,1,2,1,2,2,2,2,2,2,2,1,2,1,2
C-clinical-11-01126#5,0,2,2,2,2,2,2,2,2,2,2,0,2,2,2,0,2,2,2,2,2,2,2,0,2,2,2,2,2
C-clinical-11-01126#6,0,2,2,2,2,2,2,2,2,2,2,0,0,2,2,2,2,2,2,0,0,2,2,2,2,2,2,2,2
C-clinical-11-01126#7,2,0,2,0,2,0,2,0,2,2,2,2,2,2,2,2,2,2,2,2,2,2,2,2,2,2,2,2,2
C-clinical-11-01127#0,0,2,2,2,2,2,2,2,2,2,2,0,0,0,0,1,1,2,2,1,1,2,2,2,2,2,2,2,2
C-clinical-11-01127#1,2,2,2,2,2,2,2,2,2,2,2,2,2,2,2,2,2,2,2,2,2,2,2,2,2,2,2,2,2
C-clinical-11-01127#2,0,2,2,2,2,2,2,2,2,2,2,0,0,0,0,0,0,0,2,0,0,2,2,2,2,0,2,2,2
C-clinical-11-01127#3,0,1,1,1,1,1,1,1,1,2,2,0,0,0,0,0,0,1,1,1,1,1,1,1,1,1,1,1,1
C-clinical-11-01127#4,1,2,2,2,2,2,2,2,2,2,2,2,2,2,2,2,2,2,2,2,2,2,2,2,2,0,1,2,2
C-clinical-11-01127#5,0,2,2,2,2,2,2,2,2,2,2,0,0,2,2,2,2,2,2,2,2,2,2,0,2,0,2,2,2
C-clinical-11-01127#6,2,2,2,2,2,2,2,2,2,1,2,0,2,1,2,1,2,2,2,2,2,0,2,1,2,1,2,1,2
C-clinical-11-01127#7,2,2,2,2,2,2,2,2,2,1,2,1,2,1,2,0,2,2,2,2,2,2,2,2,2,2,2,2,2
C-clinical-11-01127#8,0,2,2,2,2,2,2,2,2,2,2,0,0,2,2,2,2,2,2,0,0,2,2,2,2,2,2,2,2
C-clinical-11-01128#0,2,2,2,2,2,2,2,2,2,2,2,2,2,2,2,2,2,2,2,2,2,2,2,1,2,2,2,2,2
C-clinical-11-01128#1,1,2,2,2,2,1,1,1,1,2,2,0,1,0,1,0,1,0,1,2,2,2,2,0,1,2,2,2,2
C-clinical-11-01128#2,2,2,2,1,2,0,2,1,2,2,2,0,2,0,2,0,2,0,2,1,2,1,2,1,2,1,2,1,2
C-clinical-11-01128#3,2,2,2,2,2,2,2,2,2,2,2,0,2,2,2,0,2,2,2,0,2,2,2,2,2,2,2,2,2
C-clinical-11-01128#4,2,2,2,2,2,2,2,2,2,2,2,2,2,2,2,2,2,2,2,2,2,2,2,2,2,2,2,2,2
C-clinical-11-01128#5,0,2,2,2,2,2,2,2,2,2,2,0,0,0,0,0,0,2,2,0,0,2,2,2,2,2,2,2,2
C-clinical-11-01128#6,2,2,2,2,2,2,2,2,2,2,2,2,2,2,2,2,2,2,2,2,2,2,2,2,2,2,2,2,2
C-clinical-11-01128#7,0,2,2,2,2,2,2,2,2,2,2,0,0,0,0,0,0,2,2,0,0,2,2,2,2,2,2,2,2
C-clinical-11-01131#0,0,2,2,2,2,2,2,2,2,2,2,1,2,1,1,0,1,2,2,2,2,2,2,2,2,2,2,2,2
C-clinical-11-01131#1,0,2,2,2,2,2,2,2,2,2,2,2,2,2,2,2,2,2,2,2,2,2,2,2,2,2,2,2,2
C-clinical-11-01131#2,0,2,2,2,2,2,2,2,2,2,2,2,2,2,2,2,2,2,2,2,2,2,2,2,2,2,2,2,2
C-clinical-11-01131#3,2,2,2,2,2,2,2,2,2,2,2,2,2,2,2,2,2,2,2,1,2,2,2,2,2,0,2,2,2
C-clinical-11-01131#4,0,2,2,2,2,2,2,2,2,2,2,2,2,2,2,0,0,2,2,2,2,2,2,2,2,2,2,2,2
C-clinical-11-01131#5,1,2,2,2,2,2,2,2,2,2,2,2,2,2,2,2,2,2,2,1,2,2,2,2,2,2,2,2,2
C-clinical-11-01131#6,2,2,2,2,2,2,2,2,2,2,2,2,2,2,2,2,2,0,2,1,2,2,2,2,2,2,2,2,2
C-clinical-11-01133#0,0,2,2,2,2,2,2,2,2,2,2,2,2,0,0,1,1,2,2,2,2,2,2,2,2,2,2,2,2
C-clinical-11-01133#1,2,2,2,2,2,2,2,2,2,2,2,0,2,2,2,2,2,2,2,2,2,2,2,2,2,2,2,2,2
C-clinical-11-01133#2,2,2,2,2,2,2,2,2,2,2,2,0,2,2,2,0,2,2,2,2,2,2,2,0,2,2,2,2,2
C-clinical-11-01133#3,0,2,2,2,2,2,2,1,1,2,2,1,1,0,0,0,0,1,1,2,2,1,1,0,1,2,2,2,2
C-clinical-11-01133#4,0,2,2,2,2,2,2,2,2,2,2,2,2,2,2,2,2,2,2,2,2,2,2,2,2,0,0,2,2
C-clinical-11-01133#5,2,2,2,2,2,2,2,2,2,1,2,0,2,1,2,1,2,2,2,2,2,0,2,1,2,1,2,1,2
C-clinical-11-01133#6,2,2,2,2,2,2,2,2,2,1,2,1,2,1,2,1,2,2,2,2,2,2,2,2,2,0,2,1,2
C-clinical-11-01133#7,2,2,2,2,2,2,2,2,2,2,2,0,2,0,2,0,2,2,2,2,2,2,2,0,2,2,2,2,2
C-clinical-11-01134#1,2,2,2,2,2,2,2,2,2,2,2,0,2,2,2,1,2,2,2,2,2,2,2,2,2,2,2,2,2
C-clinical-11-01134#10,0,2,2,2,2,2,2,2,2,2,2,2,2,2,2,2,2,2,2,0,0,2,2,2,2,2,2,2,2
C-clinical-11-01134#11,1,1,1,1,1,1,1,1,1,1,1,1,1,1,1,1,1,1,1,1,1,1,1,1,1,1,1,1,1
C-clinical-11-01134#12,1,1,1,1,1,1,1,1,1,1,1,1,1,1,1,1,1,1,1,1,1,1,1,1,1,1,1,1,1
C-clinical-11-01134#13,2,2,2,2,2,2,2,2,2,2,2,0,2,0,2,0,2,0,2,2,2,2,2,0,2,2,2,2,2
C-clinical-11-01134#14,0,2,2,2,2,2,2,2,2,2,2,2,2,2,2,2,2,2,2,2,2,2,2,2,2,0,0,2,2
C-clinical-11-01134#2,2,2,2,2,2,2,2,2,2,2,2,0,2,2,2,2,2,2,2,0,2,2,2,2,2,2,2,2,2
C-clinical-11-01134#3,2,2,2,2,2,2,2,2,2,2,2,2,2,2,2,2,2,2,2,2,2,2,2,2,2,2,2,2,2
C-clinical-11-01134#4,2,2,2,2,2,2,2,2,2,2,2,2,2,2,2,2,2,2,2,2,2,2,2,0,2,2,2,2,2
C-clinical-11-01134#5,1,1,1,1,1,0,1,1,1,0,1,0,1,1,1,0,1,0,1,2,2,2,2,2,2,2,2,2,2
C-clinical-11-01134#6,0,2,2,2,2,2,2,2,2,2,2,0,0,2,2,2,2,2,2,0,0,2,2,2,2,2,2,2,2
C-clinical-11-01134#8,2,2,2,2,2,2,2,2,2,2,2,0,2,2,2,2,2,2,2,2,2,2,2,0,2,2,2,2,2
C-clinical-11-01134#9,0,2,2,2,2,2,2,2,2,2,2,0,0,2,2,2,2,2,2,2,2,2,2,2,2,0,0,2,2
C-clinical-11-01135#0,2,2,2,2,2,2,2,2,2,2,2,1,2,0,2,0,2,2,2,2,2,2,2,2,2,2,2,2,2
C-clinical-11-01135#1,2,2,2,2,2,2,2,2,2,2,2,2,2,0,2,0,2,0,2,2,2,2,2,0,2,0,2,2,2
C-clinical-11-01135#2,2,2,2,2,2,2,2,2,2,1,2,2,2,1,2,1,2,0,2,1,2,2,2,2,2,2,2,2,2
C-clinical-11-01135#3,2,2,2,2,2,2,2,2,2,1,2,2,2,1,2,1,2,0,2,1,2,2,2,2,2,2,2,2,2
C-clinical-11-01135#4,0,2,2,2,2,2,2,2,2,2,2,2,2,2,2,0,0,0,0,2,2,2,2,2,2,2,2,2,2
C-clinical-11-01135#5,0,2,2,2,2,2,2,2,2,2,2,0,0,2,2,1,1,2,2,0,0,2,2,2,2,2,2,2,2
C-clinical-11-01138#0,1,1,1,2,2,2,2,2,2,1,1,0,1,2,2,1,1,1,1,1,1,2,2,2,2,2,2,2,2
C-clinical-11-01138#1,0,2,2,2,2,2,2,2,2,2,2,1,1,2,2,2,2,2,2,2,2,2,2,2,2,2,2,2,2
C-clinical-11-01138#10,0,2,2,2,2,0,0,2,2,1,1,0,0,2,2,2,2,2,2,0,0,2,2,2,2,2,2,2,2
C-clinical-11-01138#2,0,2,2,2,2,2,2,2,2,2,2,2,2,2,2,2,2,2,2,2,2,2,2,2,2,2,2,2,2
C-clinical-11-01138#3,1,1,1,1,1,1,1,1,1,0,1,0,1,1,1,1,1,0,1,2,2,1,1,1,1,1,1,2,2
C-clinical-11-01138#4,2,2,2,2,2,2,2,2,2,2,2,2,2,2,2,2,2,2,2,2,2,2,2,2,2,2,2,0,2
C-clinical-11-01138#5,2,2,2,2,2,2,2,2,2,2,2,2,2,2,2,2,2,2,2,0,2,2,2,2,2,2,2,2,2
C-clinical-11-01138#6,0,2,2,2,2,2,2,2,2,2,2,2,2,2,2,2,2,2,2,2,2,2,2,2,2,2,2,2,2
C-clinical-11-01138#7,0,2,2,2,2,2,2,2,2,2,2,2,2,2,2,2,2,2,2,2,2,2,2,2,2,2,2,2,2
C-clinical-11-01138#8,0,2,2,2,2,2,2,2,2,2,2,2,2,2,2,2,2,2,2,2,2,2,2,2,2,2,2,2,2
C-clinical-11-01138#9,2,2,2,2,2,0,2,2,2,2,2,0,2,2,2,2,2,2,2,0,2,2,2,2,2,2,2,2,2
C-clinical-11-01139#0,0,2,2,2,2,2,2,2,2,2,2,2,2,2,2,2,2,2,2,2,2,2,2,2,2,2,2,2,2
C-clinical-11-01139#1,0,2,2,2,2,2,2,2,2,2,2,0,2,0,0,2,2,2,2,2,2,2,2,2,2,0,2,2,2
C-clinical-11-01139#2,2,2,2,2,2,2,2,2,2,2,2,2,2,2,2,2,2,2,2,2,2,2,2,2,2,2,2,2,2
C-clinical-11-01139#3,2,2,2,1,2,1,2,1,2,1,2,1,2,1,2,1,2,0,2,2,2,1,2,1,2,1,2,1,2
C-clinical-11-01139#4,0,2,2,2,2,2,2,2,2,2,2,2,2,2,2,1,2,2,2,2,2,2,2,2,2,2,2,2,2
C-clinical-11-01141#0,0,2,2,2,2,2,2,2,2,2,2,0,0,1,1,0,0,2,2,2,2,2,2,2,2,2,2,2,2
C-clinical-11-01141#1,0,2,2,2,2,2,2,2,2,2,2,0,0,0,0,0,0,2,2,2,2,2,2,2,2,2,2,2,2
C-clinical-11-01141#2,0,2,2,2,2,2,2,2,2,2,2,0,0,1,1,1,1,2,2,2,2,2,2,2,2,2,2,2,2
C-clinical-11-01141#3,0,2,2,2,2,2,2,2,2,2,2,2,2,2,2,2,2,2,2,1,1,2,2,2,2,0,0,2,2
C-clinical-11-01141#4,2,2,2,2,2,2,2,2,2,1,2,0,2,1,2,1,2,2,2,2,2,0,2,1,2,1,2,1,2
C-clinical-11-01143#0,0,2,2,2,2,2,2,2,2,2,2,1,1,2,2,2,2,2,2,2,2,2,2,2,2,2,2,2,2
C-clinical-11-01143#1,0,2,2,2,2,2,2,2,2,2,2,2,2,0,0,0,2,2,2,2,2,2,2,0,2,0,2,2,2
C-clinical-11-01143#2,1,1,1,1,1,0,1,1,1,0,1,0,1,1,1,1,1,0,1,0,1,1,1,2,2,2,2,2,2
C-clinical-11-01143#3,0,2,2,2,2,2,2,2,2,2,2,0,2,2,2,2,2,2,2,2,2,2,2,2,2,2,2,2,2
C-clinical-11-01143#4,0,2,2,2,2,2,2,2,2,2,2,2,2,2,2,2,2,2,2,2,2,2,2,2,2,0,0,2,2
C-clinical-11-01144#0,0,2,2,2,2,2,2,2,2,2,2,0,0,2,2,0,0,2,2,2,2,2,2,1,1,2,2,2,2
C-clinical-11-01144#1,2,2,2,2,2,2,2,2,2,1,2,0,2,2,2,1,2,2,2,0,2,2,2,2,2,2,2,2,2
C-clinical-11-01144#10,0,2,2,2,2,1,1,2,2,1,1,2,2,1,1,1,1,2,2,1,1,2,2,1,1,2,2,2,2
C-clinical-11-01144#2,0,2,2,2,2,2,2,2,2,2,2,0,0,0,0,0,0,0,2,2,2,2,2,0,0,0,2,2,2
C-clinical-11-01144#3,2,2,2,2,2,2,2,2,2,2,2,2,2,1,2,1,2,2,2,0,2,2,2,2,2,2,2,2,2
C-clinical-11-01144#4,0,2,2,2,2,2,2,2,2,2,2,2,2,0,0,0,0,0,0,2,2,2,2,2,2,2,2,2,2
C-clinical-11-01144#5,0,2,2,2,2,2,2,2,2,2,2,0,0,0,0,0,0,2,2,2,2,2,2,2,2,2,2,2,2
C-clinical-11-01144#6,2,2,2,2,2,2,2,2,2,2,2,2,2,2,2,2,2,2,2,2,2,2,2,2,2,2,2,2,2
C-clinical-11-01144#7,2,2,2,2,2,2,2,2,2,2,2,0,2,2,2,2,2,2,2,0,2,2,2,2,2,2,2,2,2
C-clinical-11-01144#8,2,2,2,2,2,1,2,1,2,1,2,1,2,1,2,1,2,2,2,2,2,1,2,1,2,1,2,1,2
C-clinical-11-01144#9,0,2,2,2,2,1,1,2,2,1,1,2,2,1,1,1,1,2,2,1,1,2,2,1,1,2,2,2,2
C-clinical-11-01145#0,0,2,2,2,2,2,2,2,2,2,2,1,1,2,2,2,2,2,2,2,2,2,2,2,2,2,2,2,2
C-clinical-11-01145#1,0,2,2,2,2,0,0,2,2,1,1,0,0,2,2,1,1,2,2,0,0,2,2,2,2,0,0,2,2
C-clinical-11-01145#2,0,2,2,2,2,2,2,2,2,2,2,0,0,0,0,2,2,0,2,2,2,2,2,2,2,0,2,2,2
C-clinical-11-01145#3,0,2,2,2,2,1,1,2,2,2,2,2,2,2,2,2,2,2,2,2,2,2,2,2,2,0,0,2,2
C-clinical-11-01145#4,2,2,2,2,2,1,2,1,2,2,2,2,2,2,2,2,2,2,2,2,2,2,2,2,2,2,2,2,2
C-clinical-11-01145#5,0,2,2,2,2,2,2,2,2,2,2,0,0,1,1,1,1,2,2,2,2,1,1,0,1,1,1,2,2
C-clinical-11-01145#6,0,2,2,2,2,0,0,2,2,2,2,0,0,2,2,1,1,2,2,0,0,2,2,2,2,2,2,2,2
C-clinical-11-01145#7,0,2,2,2,2,1,1,2,2,2,2,2,2,2,2,2,2,2,2,2,2,2,2,2,2,0,0,2,2
C-clinical-11-01145#8,1,2,2,2,2,0,1,2,2,2,2,2,2,2,2,2,2,2,2,2,2,2,2,2,2,0,1,2,2
C-clinical-11-01147#0,0,2,2,2,2,2,2,2,2,2,2,2,2,0,0,2,2,2,2,2,2,2,2,2,2,2,2,2,2
C-clinical-11-01147#1,0,2,2,2,2,2,2,2,2,2,2,2,2,2,2,2,2,2,2,2,2,2,2,2,2,2,2,2,2
C-clinical-11-01147#2,0,2,2,2,2,2,2,2,2,2,2,0,0,0,0,1,1,2,2,2,2,2,2,2,2,2,2,2,2
C-clinical-11-01147#3,0,2,2,1,1,1,1,1,1,2,2,0,0,0,0,0,0,0,0,1,1,1,1,1,1,1,1,0,0
C-clinical-11-01147#4,0,2,2,2,2,2,2,2,2,2,2,2,2,2,2,2,2,2,2,2,2,2,2,2,2,0,0,2,2
C-clinical-11-01147#5,2,2,2,2,2,2,2,2,2,1,2,0,2,1,2,1,2,0,2,2,2,0,2,1,2,1,2,1,2
C-clinical-11-01147#6,2,2,2,2,2,2,2,2,2,1,2,1,2,0,2,0,2,2,2,2,2,2,2,2,2,2,2,2,2
C-clinical-11-01149#0,0,2,2,2,2,2,2,2,2,2,2,0,0,2,2,0,0,2,2,2,2,2,2,2,2,2,2,2,2
C-clinical-11-01149#2,2,2,2,2,2,2,2,2,2,2,2,0,2,2,2,2,2,2,2,2,2,2,2,2,2,2,2,2,2
C-clinical-11-01149#3,2,2,2,2,2,2,2,2,2,2,2,0,2,2,2,2,2,2,2,2,2,2,2,2,2,2,2,2,2
C-clinical-11-01149#4,0,2,2,2,2,2,2,2,2,2,2,0,0,0,0,0,0,2,2,2,2,2,2,2,2,0,2,2,2
C-clinical-11-01154#0,0,2,2,2,2,2,2,2,2,2,2,2,2,2,2,1,1,2,2,2,2,2,2,2,2,2,2,2,2
C-clinical-11-01154#1,0,2,2,2,2,2,2,2,2,2,2,1,1,2,2,2,2,2,2,2,2,2,2,2,2,2,2,2,2
C-clinical-11-01154#2,2,2,2,2,2,2,2,2,2,1,2,0,2,1,2,1,2,2,2,2,2,0,2,1,2,1,2,1,2
C-clinical-11-01154#3,2,2,2,2,2,2,2,2,2,1,2,1,2,1,2,0,2,2,2,2,2,2,2,2,2,2,2,2,2
C-clinical-11-01157#1,2,2,2,2,2,2,2,2,2,2,2,1,2,2,2,0,2,2,2,2,2,2,2,2,2,2,2,2,2
C-clinical-11-01157#2,2,2,2,2,2,2,2,2,2,2,2,0,2,2,2,1,2,2,2,0,2,2,2,2,2,2,2,2,2
C-clinical-11-01157#3,0,2,2,2,2,2,2,2,2,2,2,2,2,2,2,2,2,2,2,2,2,2,2,2,2,2,2,2,2
C-clinical-11-01157#4,1,1,1,1,1,1,1,1,1,0,1,0,1,1,1,0,1,0,1,2,2,1,1,1,1,2,2,1,1
C-clinical-11-01157#5,0,2,2,2,2,2,2,2,2,2,2,2,2,2,2,2,2,2,2,0,0,2,2,2,2,2,2,2,2
C-clinical-11-01157#6,0,2,2,2,2,2,2,2,2,2,2,2,2,2,2,2,2,2,2,2,2,2,2,2,2,2,2,2,2
C-clinical-11-01157#7,0,2,2,2,2,2,2,2,2,2,2,0,0,2,2,2,2,2,2,2,2,2,2,0,0,0,0,2,2
C-clinical-11-01157#8,2,2,2,2,2,2,2,2,2,2,2,0,2,2,2,0,2,2,2,2,2,2,2,2,2,2,2,2,2
C-clinical-11-01157#9,0,2,2,2,2,2,2,2,2,2,2,0,0,2,2,2,2,2,2,2,2,2,2,0,0,0,0,2,2
C-clinical-11-01160#0,0,2,2,2,2,2,2,2,2,2,2,0,0,2,2,1,1,2,2,2,2,2,2,2,2,2,2,2,2
C-clinical-11-01160#1,2,2,2,2,2,2,2,2,2,2,2,0,2,2,2,2,2,2,2,2,2,2,2,2,2,2,2,2,2
C-clinical-11-01160#2,0,2,2,2,2,2,2,2,2,2,2,0,0,0,0,0,2,2,2,2,2,2,2,0,2,0,2,2,2
C-clinical-11-01160#3,0,2,2,2,2,2,2,2,2,2,2,2,2,2,2,2,2,2,2,2,2,2,2,2,2,2,2,2,2
C-clinical-11-01160#4,2,2,2,2,2,2,2,2,2,1,2,1,2,1,2,1,2,2,2,2,2,2,2,2,2,2,2,2,2
C-clinical-11-01163#0,0,2,2,2,2,2,2,2,2,2,2,0,0,0,0,0,0,2,2,2,2,2,2,2,2,2,2,2,2
C-clinical-11-01163#1,0,2,2,2,2,1,1,2,2,1,1,0,0,2,2,1,1,2,2,1,1,2,2,2,2,0,0,2,2
C-clinical-11-01163#2,0,2,2,1,1,1,1,1,1,2,2,0,0,0,0,0,0,2,2,1,1,1,1,1,1,0,0,0,0
C-clinical-11-01164#0,0,2,2,2,2,2,2,2,2,2,2,2,2,0,0,0,0,2,2,2,2,2,2,2,2,2,2,2,2
C-clinical-11-01164#1,0,2,2,2,2,2,2,2,2,2,2,2,2,2,2,2,2,2,2,0,0,2,2,0,0,0,0,2,2
C-clinical-11-01164#2,2,2,2,2,2,0,2,1,2,2,2,2,2,2,2,2,2,2,2,2,2,2,2,2,2,2,2,2,2
C-clinical-11-01168#0,0,2,2,2,2,2,2,2,2,2,2,1,1,0,0,1,1,2,2,2,2,2,2,1,1,1,1,2,2
C-clinical-11-01168#1,0,2,2,2,2,2,2,2,2,2,2,1,1,0,0,1,1,2,2,2,2,2,2,1,1,1,1,2,2
C-clinical-11-01168#2,0,2,2,2,2,2,2,2,2,2,2,2,2,2,2,0,0,2,2,2,2,2,2,2,2,2,2,2,2
C-clinical-11-01168#3,0,2,2,2,2,1,1,2,2,1,1,0,0,2,2,1,1,2,2,1,1,2,2,2,2,2,2,2,2
C-clinical-11-01168#4,2,2,2,2,2,2,2,2,2,1,2,0,2,2,2,2,2,2,2,0,2,2,2,2,2,2,2,2,2
C-clinical-11-01168#5,2,2,2,2,2,2,2,2,2,1,2,0,2,2,2,1,2,2,2,2,2,2,2,2,2,0,2,2,2
C-clinical-11-01169#0,0,2,2,2,2,2,2,2,2,2,2,2,2,2,2,2,2,2,2,2,2,2,2,2,2,2,2,2,2
C-clinical-11-01169#1,0,2,2,2,2,1,1,1,1,2,2,1,1,0,0,0,1,2,2,0,1,1,1,0,1,0,1,2,2
C-clinical-11-01169#2,0,2,2,2,2,1,1,2,2,1,1,2,2,2,2,1,1,2,2,1,1,2,2,2,2,2,2,2,2
C-clinical-11-01169#3,2,2,2,2,2,2,2,2,2,2,2,2,2,2,2,2,2,2,2,2,2,2,2,2,2,2,2,2,2
C-clinical-11-01169#4,0,2,2,1,1,0,0,1,1,2,2,0,0,0,0,0,0,1,1,1,1,1,1,1,1,1,1,0,0
C-clinical-11-01169#5,0,2,2,2,2,2,2,2,2,2,2,2,2,2,2,2,2,2,2,0,0,2,2,2,2,0,0,2,2
C-clinical-11-01169#6,0,2,2,2,2,0,0,2,2,1,1,2,2,2,2,2,2,2,2,0,0,2,2,2,2,2,2,2,2
C-clinical-11-01169#7,2,2,2,2,2,2,2,2,2,1,2,0,2,1,2,1,2,0,2,2,2,0,2,1,2,1,2,1,2
C-clinical-11-01169#8,2,2,2,2,2,2,2,2,2,2,2,2,2,2,2,2,2,2,2,2,2,2,2,2,2,2,2,2,2
C-clinical-11-01169#9,2,2,2,2,2,2,2,2,2,1,2,1,2,0,2,0,2,2,2,2,2,2,2,2,2,2,2,2,2
C-clinical-11-01170#0,0,2,2,2,2,2,2,2,2,2,2,2,2,2,2,0,2,2,2,2,2,2,2,2,2,2,2,2,2
C-clinical-11-01170#1,0,2,2,2,2,2,2,2,2,2,2,2,2,2,2,2,2,2,2,2,2,2,2,2,2,0,2,2,2
C-clinical-11-01170#2,0,2,2,2,2,2,2,2,2,2,2,2,2,2,2,0,0,2,2,2,2,2,2,2,2,2,2,2,2
C-clinical-11-01170#3,0,2,2,2,2,2,2,2,2,2,2,0,0,2,2,1,1,2,2,2,2,2,2,2,2,2,2,2,2
C-clinical-11-01170#4,2,2,2,2,2,2,2,2,2,2,2,2,2,2,2,2,2,2,2,2,2,2,2,2,2,2,2,2,2
C-clinical-11-01170#5,0,2,2,2,2,2,2,2,2,2,2,2,2,2,2,2,2,2,2,0,0,2,2,2,2,0,0,2,2
C-clinical-11-01170#6,2,2,2,2,2,2,2,2,2,2,2,2,2,2,2,2,2,2,2,2,2,2,2,2,2,2,2,2,2
C-clinical-11-01170#7,0,2,2,2,2,2,2,2,2,2,2,0,2,2,2,0,2,2,2,2,2,2,2,2,2,2,2,0,2
C-clinical-11-01171#0,0,2,2,2,2,2,2,2,2,2,2,2,2,2,2,2,2,2,2,2,2,2,2,2,2,2,2,2,2
C-clinical-11-01171#1,0,2,2,2,2,2,2,2,2,2,2,1,1,2,2,2,2,2,2,0,0,2,2,2,2,2,2,2,2
C-clinical-11-01171#2,0,2,2,2,2,2,2,2,2,2,2,2,2,0,0,2,2,2,2,2,2,2,2,0,2,0,2,2,2
C-clinical-11-01171#3,0,2,2,2,2,2,2,2,2,0,0,0,0,2,2,2,2,0,0,0,0,2,2,2,2,2,2,2,2
C-clinical-11-01171#4,2,2,2,2,2,2,2,2,2,2,2,2,2,2,2,0,2,2,2,2,2,2,2,2,2,2,2,2,2
C-clinical-11-01171#5,2,2,2,2,2,2,2,2,2,2,2,2,2,2,2,2,2,2,2,2,2,2,2,2,2,0,2,2,2
C-clinical-11-01177#0,0,2,2,2,2,2,2,2,2,2,2,1,1,1,1,2,2,2,2,2,2,2,2,2,2,2,2,2,2
C-clinical-11-01177#1,1,1,1,1,1,1,1,1,1,0,1,0,1,1,1,1,1,0,1,2,2,1,1,2,2,2,2,2,2
C-clinical-11-01177#2,1,2,2,2,2,2,2,2,2,1,1,0,1,2,2,1,1,2,2,1,1,2,2,2,2,2,2,2,2
C-clinical-11-01177#3,0,2,2,2,2,2,2,2,2,2,2,2,2,2,2,0,2,2,2,2,2,2,2,2,2,0,2,2,2
C-clinical-11-01177#4,0,2,2,2,2,2,2,2,2,2,2,2,2,2,2,2,2,2,2,2,2,2,2,2,2,0,0,2,2
C-clinical-11-01180#0,0,2,2,2,2,2,2,2,2,2,2,2,2,2,2,2,2,2,2,2,2,2,2,2,2,2,2,2,2
C-clinical-11-01180#1,2,2,2,2,2,2,2,2,2,2,2,0,2,2,2,2,2,2,2,2,2,2,2,2,2,2,2,2,2
C-clinical-11-01180#10,0,1,1,1,1,1,1,1,1,2,2,0,1,0,0,0,1,2,2,2,2,1,1,0,1,0,1,1,1
C-clinical-11-01180#2,0,2,2,2,2,2,2,2,2,2,2,1,1,1,1,1,1,2,2,2,2,2,2,2,2,2,2,2,2
C-clinical-11-01180#3,0,2,2,2,2,2,2,2,2,2,2,0,2,2,2,2,2,2,2,2,2,2,2,0,2,0,2,2,2
C-clinical-11-01180#4,2,2,2,2,2,2,2,2,2,1,2,0,2,1,2,1,2,0,2,2,2,1,2,0,2,1,2,1,2
C-clinical-11-01180#5,0,2,2,2,2,2,2,2,2,2,2,2,2,2,2,2,2,2,2,2,2,2,2,2,2,2,2,2,2
C-clinical-11-01180#6,2,2,2,2,2,1,2,2,2,2,2,2,2,2,2,1,2,2,2,2,2,2,2,2,2,2,2,2,2
C-clinical-11-01180#7,0,2,2,2,2,2,2,2,2,2,2,0,2,0,0,0,2,2,2,2,2,2,2,0,2,0,2,2,2
C-clinical-11-01180#8,2,2,2,2,2,1,2,2,2,1,2,1,2,0,2,0,2,2,2,2,2,2,2,2,2,2,2,2,2
C-clinical-11-01180#9,2,2,2,2,2,2,2,2,2,1,2,0,2,1,2,1,2,0,2,2,2,0,2,0,2,1,2,1,2
C-clinical-11-01182#0,0,2,2,2,2,2,2,2,2,2,2,0,2,1,1,1,1,2,2,2,2,2,2,2,2,2,2,2,2
C-clinical-11-01182#1,1,1,1,1,1,1,1,1,1,0,1,0,1,1,1,1,1,0,1,2,2,2,2,2,2,2,2,2,2
C-clinical-11-01182#2,0,2,2,2,2,2,2,2,2,2,2,2,2,2,2,0,2,2,2,2,2,2,2,2,2,0,2,2,2
C-clinical-11-01182#3,0,2,2,2,2,2,2,2,2,1,1,0,0,2,2,2,2,2,2,0,0,2,2,2,2,2,2,2,2
C-clinical-11-01182#4,0,2,2,2,2,2,2,2,2,2,2,2,2,2,2,2,2,2,2,2,2,2,2,2,2,2,2,2,2
C-clinical-11-01182#5,2,2,2,2,2,2,2,2,2,2,2,2,2,2,2,2,2,2,2,1,2,2,2,2,2,2,2,2,2
C-clinical-11-01182#6,0,2,2,2,2,2,2,2,2,2,2,2,2,2,2,2,2,2,2,2,2,2,2,2,2,0,0,2,2
C-clinical-11-01183#0,0,2,2,2,2,2,2,2,2,2,2,2,2,0,0,0,0,0,0,2,2,2,2,2,2,2,2,2,2
C-clinical-11-01183#1,0,2,2,2,2,2,2,2,2,2,2,2,2,0,0,0,0,2,2,2,2,2,2,2,2,2,2,2,2
C-clinical-11-01183#2,0,2,2,2,2,2,2,2,2,2,2,0,0,2,2,1,1,2,2,2,2,2,2,2,2,2,2,2,2
C-clinical-11-01183#3,0,2,2,2,2,2,2,2,2,2,2,2,2,0,0,0,0,2,2,0,2,2,2,0,2,0,2,2,2
C-clinical-11-01183#4,0,2,2,2,2,0,0,2,2,1,1,0,0,2,2,2,2,2,2,0,0,2,2,2,2,2,2,2,2
C-clinical-11-01183#5,2,2,2,2,2,0,2,1,2,1,2,1,2,1,2,1,2,0,2,2,2,1,2,1,2,1,2,1,2
C-clinical-11-01183#6,0,2,2,2,2,1,1,2,2,2,2,2,2,2,2,2,2,2,2,2,2,2,2,2,2,2,2,2,2
C-clinical-11-01183#7,0,2,2,2,2,2,2,2,2,2,2,2,2,0,0,0,0,2,2,0,2,2,2,0,2,0,2,2,2
C-clinical-11-01183#8,0,2,2,2,2,2,2,2,2,1,1,1,1,2,2,1,1,2,2,1,1,2,2,1,1,0,0,2,2
C-clinical-11-01185#0,0,2,2,2,2,2,2,2,2,2,2,2,2,0,0,0,0,2,2,2,2,2,2,2,2,2,2,2,2
C-clinical-11-01185#10,0,2,2,2,2,0,0,2,2,2,2,0,0,2,2,1,1,2,2,0,0,2,2,2,2,2,2,2,2
C-clinical-11-01185#11,0,2,2,2,2,2,2,2,2,2,2,0,2,0,0,0,0,2,2,0,2,2,2,0,2,0,2,2,2
C-clinical-11-01185#12,0,2,2,2,2,2,2,2,2,2,2,2,2,2,2,2,2,2,2,2,2,2,2,0,0,0,0,2,2
C-clinical-11-01185#2,2,2,2,2,2,2,2,2,2,2,2,2,2,2,2,2,2,2,2,2,2,2,2,2,2,2,2,2,2
C-clinical-11-01185#3,1,1,1,1,1,1,1,1,1,0,1,0,1,1,1,1,1,0,1,0,1,1,1,1,1,1,1,2,2
C-clinical-11-01185#4,2,2,2,2,2,2,2,2,2,2,2,2,2,2,2,2,2,2,2,2,2,2,2,2,2,2,2,2,2
C-clinical-11-01185#5,0,2,2,2,2,2,2,2,2,2,2,2,2,0,0,0,0,2,2,0,2,2,2,0,2,0,2,2,2
C-clinical-11-01185#6,0,2,2,2,2,2,2,2,2,2,2,0,0,2,2,0,0,2,2,2,2,2,2,2,2,2,2,2,2
C-clinical-11-01185#7,2,2,2,2,2,2,2,2,2,2,2,2,2,2,2,2,2,2,2,0,2,2,2,2,2,2,2,2,2
C-clinical-11-01185#8,0,2,2,2,2,2,2,2,2,2,2,2,2,2,2,2,2,2,2,2,2,2,2,0,0,0,0,2,2
C-clinical-11-01185#9,2,2,2,2,2,1,2,2,2,2,2,2,2,2,2,2,2,2,2,2,2,2,2,2,2,2,2,2,2
C-clinical-11-01188#0,0,2,2,2,2,2,2,2,2,2,2,0,0,0,0,2,2,2,2,2,2,2,2,2,2,2,2,2,2
C-clinical-11-01188#1,2,2,2,2,2,2,2,2,2,2,2,2,2,2,2,2,2,2,2,2,2,2,2,2,2,2,2,2,2
C-clinical-11-01188#10,1,1,1,1,1,1,1,1,1,1,1,1,1,1,1,1,1,0,1,1,1,1,1,1,1,1,1,1,1
C-clinical-11-01188#11,0,2,2,2,2,0,0,2,2,2,2,0,0,2,2,2,2,0,0,0,0,2,2,2,2,2,2,2,2
C-clinical-11-01188#12,2,2,2,2,2,2,2,2,2,2,2,2,2,2,2,2,2,0,2,0,2,2,2,2,2,2,2,2,2
C-clinical-11-01188#13,2,1,2,0,2,0,2,1,2,2,2,0,2,2,2,2,2,0,2,2,2,2,2,2,2,2,2,2,2
C-clinical-11-01188#2,2,2,2,2,2,2,2,2,2,2,2,2,2,2,2,2,2,0,2,2,2,2,2,2,2,2,2,2,2
C-clinical-11-01188#3,2,2,2,2,2,2,2,2,2,2,2,2,2,2,2,2,2,2,2,2,2,2,2,2,2,2,2,2,2
C-clinical-11-01188#4,1,2,2,2,2,1,1,2,2,1,1,1,1,1,1,1,1,2,2,0,1,2,2,2,2,0,1,1,1
C-clinical-11-01188#5,2,2,2,2,2,1,2,2,2,2,2,2,2,2,2,2,2,2,2,0,2,2,2,2,2,0,2,0,2
C-clinical-11-01188#6,2,2,2,2,2,2,2,2,2,1,2,0,2,1,2,1,2,0,2,2,2,0,2,1,2,1,2,1,2
C-clinical-11-01188#7,2,2,2,2,2,2,2,2,2,1,2,1,2,0,2,0,2,2,2,2,2,2,2,2,2,2,2,2,2
C-clinical-11-01188#8,2,2,2,2,2,2,2,2,2,2,2,2,2,2,2,2,2,0,2,0,2,2,2,2,2,2,2,2,2
C-clinical-11-01188#9,2,0,2,0,2,0,2,2,2,2,2,0,2,2,2,2,2,0,2,2,2,2,2,2,2,2,2,2,2
C-clinical-11-01189#1,0,2,2,2,2,2,2,2,2,2,2,2,2,0,0,0,0,2,2,2,2,2,2,2,2,2,2,2,2
C-clinical-11-01189#2,2,2,2,2,2,2,2,2,2,2,2,2,2,2,2,2,2,2,2,2,2,2,2,2,2,2,2,2,2
C-clinical-11-01189#3,1,1,1,1,1,1,1,1,1,0,1,0,1,0,1,0,1,0,1,2,2,1,1,1,1,2,2,2,2
C-clinical-11-01189#4,0,2,2,2,2,2,2,2,2,2,2,2,2,2,2,1,1,0,0,0,0,2,2,2,2,0,0,2,2
C-clinical-11-01189#5,0,2,2,2,2,2,2,2,2,2,2,2,2,2,2,2,2,0,0,2,2,2,2,2,2,0,0,1,1
C-clinical-11-01189#6,1,2,2,2,2,1,1,2,2,1,1,0,1,2,2,1,1,0,1,1,1,2,2,2,2,2,2,2,2
C-clinical-11-01189#7,2,2,2,2,2,2,2,2,2,2,2,2,2,2,2,2,2,0,2,2,2,2,2,2,2,2,2,2,2
C-clinical-11-01189#8,0,2,2,2,2,2,2,2,2,2,2,1,1,0,0,0,0,2,2,2,2,2,2,1,1,2,2,2,2
C-clinical-11-01189#9,1,2,2,2,2,1,1,2,2,1,1,0,1,2,2,1,1,1,1,1,1,2,2,2,2,2,2,2,2
C-clinical-11-01191#0,0,2,2,2,2,2,2,2,2,2,2,1,1,2,2,1,1,2,2,2,2,2,2,2,2,2,2,2,2
C-clinical-11-01191#1,0,2,2,2,2,2,2,2,2,2,2,2,2,2,2,2,2,2,2,2,2,2,2,2,2,2,2,2,2
C-clinical-11-01191#2,0,2,2,2,2,1,1,2,2,1,1,2,2,2,2,1,1,2,2,1,1,2,2,2,2,2,2,2,2
C-clinical-11-01191#3,0,2,2,2,2,2,2,2,2,2,2,0,0,1,1,0,0,2,2,2,2,2,2,2,2,2,2,2,2
C-clinical-11-01191#4,2,2,2,2,2,2,2,2,2,2,2,2,2,2,2,2,2,2,2,2,2,2,2,2,2,2,2,2,2
C-clinical-11-01191#5,1,2,2,2,2,1,1,2,2,2,2,1,1,2,2,1,1,2,2,1,1,2,2,1,1,2,2,2,2
C-clinical-11-01191#6,2,2,2,2,2,2,2,2,2,2,2,2,2,2,2,2,2,2,2,2,2,2,2,2,2,2,2,2,2
C-clinical-11-01191#7,1,2,2,2,2,1,1,2,2,0,1,0,1,2,2,1,1,2,2,0,1,2,2,2,2,0,1,2,2
C-clinical-11-01191#8,2,2,2,2,2,0,2,2,2,2,2,2,2,2,2,2,2,1,2,2,2,2,2,2,2,2,2,2,2
C-clinical-11-01191#9,0,2,2,2,2,2,2,2,2,2,2,2,2,2,2,2,2,2,2,0,0,2,2,2,2,2,2,2,2
C-clinical-11-01193#0,0,2,2,2,2,2,2,2,2,2,2,1,1,2,2,2,2,2,2,2,2,2,2,2,2,2,2,2,2
C-clinical-11-01193#1,0,2,2,2,2,2,2,2,2,2,2,2,2,2,2,0,2,2,2,2,2,2,2,2,2,0,2,2,2
C-clinical-11-01193#2,2,2,2,2,2,2,2,2,2,2,2,2,2,2,2,2,2,2,2,2,2,2,2,2,2,0,2,2,2
C-clinical-11-01193#3,2,2,2,2,2,1,2,2,2,2,2,2,2,2,2,2,2,2,2,2,2,2,2,2,2,2,2,2,2
C-clinical-11-01193#4,0,2,2,2,2,1,1,2,2,2,2,0,0,2,2,2,2,2,2,0,0,2,2,2,2,2,2,2,2
C-clinical-11-01193#5,2,2,2,2,2,1,2,2,2,2,2,2,2,2,2,2,2,1,2,2,2,2,2,2,2,2,2,2,2
C-clinical-11-01195#0,0,2,2,2,2,2,2,2,2,2,2,2,2,0,0,2,2,2,2,2,2,2,2,2,2,2,2,2,2
C-clinical-11-01195#1,2,2,2,2,2,2,2,2,2,2,2,0,2,2,2,1,2,2,2,0,2,2,2,2,2,2,2,2,2
C-clinical-11-01195#2,1,1,1,1,1,1,1,1,1,0,1,0,1,1,1,1,1,0,1,2,2,1,1,1,1,1,1,1,1
C-clinical-11-01195#3,0,2,2,2,2,2,2,2,2,2,2,2,2,2,2,2,2,2,2,1,1,2,2,2,2,0,0,2,2
C-clinical-11-01195#4,0,2,2,2,2,2,2,2,2,2,2,2,2,2,2,2,2,2,2,2,2,2,2,2,2,1,1,2,2
C-clinical-11-01195#6,0,2,2,2,2,2,2,2,2,2,2,0,0,0,0,2,2,2,2,2,2,2,2,2,2,2,2,2,2
C-clinical-11-01195#7,2,2,2,2,2,2,2,2,2,2,2,2,2,2,2,2,2,2,2,2,2,2,2,2,2,2,2,2,2
C-clinical-11-01198#0,0,2,2,2,2,2,2,2,2,2,2,1,1,0,0,0,0,2,2,2,2,2,2,2,2,2,2,2,2
C-clinical-11-01198#1,0,2,2,2,2,2,2,2,2,2,2,2,2,2,2,2,2,2,2,2,2,2,2,2,2,2,2,2,2
C-clinical-11-01198#10,0,2,2,2,2,2,2,2,2,2,2,0,0,2,2,2,2,2,2,0,0,2,2,0,0,0,0,2,2
C-clinical-11-01198#11,0,2,2,2,2,2,2,2,2,2,2,2,2,2,2,2,2,2,2,2,2,2,2,2,2,2,2,2,2
C-clinical-11-01198#12,2,2,2,2,2,2,2,2,2,2,2,2,2,2,2,2,2,2,2,2,2,2,2,2,2,2,2,2,2
C-clinical-11-01198#13,0,2,2,2,2,2,2,2,2,2,2,2,2,2,2,2,2,2,2,2,2,2,2,2,2,2,2,2,2
C-clinical-11-01198#2,1,1,1,1,1,0,1,1,1,0,1,0,1,1,1,1,1,0,1,2,2,1,1,1,1,1,1,1,1
C-clinical-11-01198#4,2,2,2,2,2,2,2,2,2,2,2,0,2,2,2,2,2,2,2,2,2,2,2,2,2,2,2,2,2
C-clinical-11-01198#5,0,1,1,1,1,0,0,1,1,2,2,0,0,0,0,0,0,1,1,1,1,1,1,1,1,1,1,0,0
C-clinical-11-01198#6,0,2,2,2,2,0,0,2,2,0,0,0,0,2,2,2,2,2,2,0,0,2,2,0,0,2,2,2,2
C-clinical-11-01198#8,2,2,2,2,2,2,2,2,2,2,2,0,2,2,2,2,2,2,2,2,2,2,2,2,2,2,2,2,2
C-clinical-11-01198#9,1,1,1,1,1,1,1,1,1,1,1,1,1,1,1,1,1,0,1,1,1,1,1,2,2,1,1,2,2
C-clinical-11-01199#0,2,2,2,2,2,2,2,2,2,2,2,0,2,2,2,2,2,2,2,2,2,2,2,2,2,2,2,2,2
C-clinical-11-01199#1,2,2,2,2,2,2,2,2,2,2,2,0,2,2,2,2,2,2,2,2,2,2,2,2,2,2,2,2,2
C-clinical-11-01199#2,0,2,2,2,2,2,2,2,2,2,2,0,1,2,2,1,2,2,2,2,2,2,2,2,2,2,2,2,2
C-clinical-11-01199#3,0,2,2,2,2,2,2,2,2,2,2,1,1,2,2,2,2,2,2,2,2,2,2,2,2,2,2,2,2
C-clinical-11-01199#4,2,2,2,2,2,2,2,2,2,2,2,0,2,2,2,2,2,2,2,2,2,2,2,2,2,2,2,2,2
C-clinical-11-01200#0,0,2,2,2,2,2,2,2,2,2,2,0,0,2,2,0,0,2,2,2,2,2,2,2,2,2,2,2,2
C-clinical-11-01200#1,1,1,1,2,2,2,2,2,2,1,1,0,1,2,2,1,1,2,2,1,1,2,2,1,1,1,1,2,2
C-clinical-11-01200#2,2,2,2,2,2,2,2,2,2,2,2,2,2,1,2,2,2,2,2,2,2,2,2,2,2,0,2,2,2
C-clinical-11-01200#3,2,2,2,2,2,2,2,2,2,2,2,2,2,2,2,2,2,2,2,2,2,2,2,2,2,2,2,2,2
C-clinical-11-01200#4,0,2,2,2,2,2,2,2,2,2,2,0,0,2,2,2,2,2,2,2,2,2,2,2,2,0,0,2,2
C-clinical-11-01200#5,2,2,2,2,2,2,2,2,2,2,2,2,2,2,2,0,2,2,2,2,2,2,2,2,2,2,2,2,2
C-clinical-11-01200#6,0,2,2,2,2,2,2,2,2,2,2,0,0,2,2,2,2,2,2,2,2,2,2,2,2,2,2,2,2
C-clinical-11-01200#7,2,2,2,2,2,2,2,2,2,2,2,2,2,0,2,0,2,2,2,2,2,2,2,2,2,2,2,2,2
C-clinical-11-01201#0,0,2,2,2,2,2,2,2,2,2,2,0,0,1,1,2,2,2,2,2,2,2,2,2,2,2,2,2,2
C-clinical-11-01201#1,0,2,2,2,2,2,2,2,2,2,2,2,2,2,2,2,2,0,0,2,2,2,2,2,2,2,2,2,2
C-clinical-11-01201#2,2,2,2,2,2,2,2,2,2,2,2,0,2,2,2,2,2,0,2,2,2,2,2,2,2,2,2,2,2
C-clinical-11-01201#3,2,2,2,2,2,2,2,2,2,1,2,0,2,1,2,1,2,2,2,2,2,0,2,2,2,0,2,0,2
C-clinical-11-01201#4,0,2,2,2,2,1,1,1,1,2,2,2,2,2,2,1,1,2,2,1,1,2,2,2,2,1,1,2,2
C-clinical-11-01201#5,0,2,2,2,2,2,2,2,2,2,2,2,2,2,2,2,2,2,2,0,0,2,2,2,2,2,2,2,2
C-clinical-11-01201#6,0,2,2,2,2,2,2,2,2,2,2,0,0,1,1,2,2,2,2,2,2,2,2,2,2,2,2,2,2
C-clinical-11-01201#7,0,2,2,2,2,2,2,2,2,2,2,2,2,2,2,2,2,2,2,0,0,2,2,2,2,2,2,2,2
C-clinical-11-01202#0,0,2,2,2,2,2,2,2,2,2,2,2,2,0,0,1,1,2,2,2,2,2,2,2,2,2,2,2,2
C-clinical-11-01202#1,0,2,2,2,2,2,2,2,2,2,2,0,0,1,1,1,1,2,2,2,2,2,2,2,2,2,2,2,2
C-clinical-11-01202#2,0,2,2,1,1,1,1,1,1,2,2,0,0,0,0,0,0,0,0,1,1,1,1,0,0,1,1,1,1
C-clinical-11-01202#3,1,2,2,2,2,2,2,2,2,1,1,1,1,1,1,1,1,2,2,0,1,2,2,2,2,2,2,2,2
C-clinical-11-01203#0,2,2,2,2,2,2,2,2,2,2,2,0,2,2,2,2,2,2,2,2,2,2,2,2,2,2,2,2,2
C-clinical-11-01203#1,0,2,2,2,2,2,2,2,2,2,2,2,2,0,0,1,2,2,2,2,2,2,2,2,2,2,2,2,2
C-clinical-11-01203#2,0,2,2,2,2,2,2,2,2,2,2,0,2,0,0,0,2,2,2,2,2,2,2,0,2,0,2,2,2
C-clinical-11-01203#3,0,2,2,2,2,2,2,2,2,2,2,0,0,0,0,0,0,2,2,2,2,2,2,2,2,2,2,2,2
C-clinical-11-01203#4,1,2,2,2,2,1,1,2,2,2,2,1,1,1,1,1,1,2,2,0,1,2,2,2,2,2,2,2,2
C-clinical-11-01203#5,2,2,2,2,2,2,2,2,2,1,2,0,2,1,2,1,2,2,2,2,2,0,2,1,2,1,2,1,2
C-clinical-11-01203#6,0,2,2,2,2,2,2,2,2,2,2,0,2,0,0,2,2,2,2,2,2,2,2,0,2,0,2,2,2
C-clinical-11-01203#7,2,2,2,2,2,0,2,2,2,2,2,2,2,2,2,2,2,2,2,2,2,2,2,2,2,2,2,2,2
C-clinical-11-01203#8,2,2,2,2,2,1,2,2,2,1,2,1,2,0,2,0,2,2,2,2,2,2,2,2,2,2,2,2,2
C-clinical-11-01203#9,2,2,2,2,2,2,2,2,2,2,2,0,2,0,2,0,2,2,2,2,2,2,2,2,2,0,2,2,2
C-clinical-11-01205#0,0,2,2,2,2,2,2,2,2,2,2,1,2,2,2,2,2,2,2,2,2,2,2,2,2,2,2,2,2
C-clinical-11-01205#1,0,2,2,2,2,2,2,2,2,2,2,2,2,2,2,2,2,2,2,0,2,2,2,2,2,2,2,2,2
C-clinical-11-01205#2,0,2,2,2,2,2,2,2,2,2,2,2,2,0,0,0,0,2,2,2,2,2,2,2,2,2,2,2,2
C-clinical-11-01205#3,0,2,2,2,2,2,2,2,2,2,2,2,2,0,0,0,0,2,2,2,2,2,2,2,2,2,2,2,2
C-clinical-11-01205#4,0,2,2,2,2,2,2,2,2,2,2,2,2,2,2,2,2,2,2,0,0,2,2,2,2,0,0,2,2
C-clinical-11-01206#0,2,2,2,2,2,2,2,2,2,2,2,2,2,0,2,2,2,2,2,2,2,2,2,2,2,2,2,2,2
C-clinical-11-01206#1,2,2,2,2,2,2,2,2,2,2,2,0,2,2,2,2,2,2,2,0,2,2,2,2,2,2,2,2,2
C-clinical-11-01206#2,2,2,2,2,2,2,2,2,2,2,2,2,2,2,2,2,2,2,2,2,2,2,2,2,2,2,2,2,2
C-clinical-11-01206#3,0,2,2,2,2,2,2,2,2,2,2,0,0,0,0,0,0,0,0,2,2,2,2,2,2,2,2,2,2
C-clinical-11-01207#0,0,2,2,2,2,2,2,2,2,2,2,1,1,2,2,2,2,2,2,2,2,2,2,2,2,2,2,2,2
C-clinical-11-01207#1,0,2,2,2,2,1,1,2,2,1,1,0,0,2,2,1,1,1,1,1,1,2,2,2,2,2,2,2,2
C-clinical-11-01207#10,0,2,2,2,2,0,0,2,2,2,2,0,0,2,2,2,2,2,2,0,0,2,2,2,2,2,2,2,2
C-clinical-11-01207#11,0,2,2,2,2,2,2,2,2,2,2,2,2,2,2,2,2,0,0,0,0,2,2,2,2,2,2,2,2
C-clinical-11-01207#12,0,2,2,2,2,1,1,2,2,1,1,1,1,1,1,1,1,2,2,1,1,2,2,2,2,2,2,2,2
C-clinical-11-01207#2,0,2,2,1,1,0,0,1,1,2,2,0,0,0,0,0,0,2,2,1,1,1,1,1,1,1,1,1,1
C-clinical-11-01207#3,0,2,2,2,2,2,2,2,2,1,1,1,1,2,2,1,1,2,2,1,1,2,2,2,2,0,0,2,2
C-clinical-11-01207#4,2,2,2,2,2,1,2,2,2,2,2,1,2,2,2,2,2,2,2,1,2,2,2,2,2,0,2,2,2
C-clinical-11-01207#5,1,2,2,2,2,1,1,2,2,2,2,2,2,2,2,2,2,2,2,2,2,2,2,2,2,0,1,2,2
C-clinical-11-01207#6,0,2,2,2,2,2,2,2,2,2,2,2,2,2,2,2,2,2,2,0,0,2,2,2,2,2,2,2,2
C-clinical-11-01207#7,2,2,2,2,2,2,2,2,2,1,2,0,2,1,2,1,2,2,2,2,2,0,2,1,2,1,2,1,2
C-clinical-11-01207#8,2,2,2,2,2,1,2,2,2,1,2,0,2,0,2,1,2,2,2,2,2,2,2,0,2,2,2,2,2
C-clinical-11-01207#9,0,2,2,2,2,1,1,2,2,1,1,1,1,1,1,1,1,2,2,1,1,2,2,2,2,2,2,2,2
C-clinical-11-01208#0,0,2,2,2,2,2,2,2,2,2,2,2,2,2,2,2,2,2,2,2,2,2,2,2,2,2,2,2,2
C-clinical-11-01208#1,0,2,2,2,2,2,2,2,2,2,2,0,0,2,2,2,2,2,2,2,2,2,2,2,2,2,2,2,2
C-clinical-11-01208#2,0,2,2,2,2,2,2,2,2,2,2,2,2,2,2,2,2,2,2,2,2,2,2,0,2,2,2,2,2
C-clinical-11-01208#3,2,2,2,2,2,2,2,2,2,2,2,2,2,2,2,2,2,2,2,2,2,2,2,2,2,0,2,2,2
C-clinical-11-01208#4,2,2,2,2,2,2,2,2,2,1,2,2,2,1,2,1,2,2,2,2,2,2,2,2,2,2,2,2,2
C-clinical-11-01208#5,2,2,2,2,2,2,2,2,2,2,2,0,2,2,2,0,2,2,2,0,2,2,2,2,2,2,2,2,2
C-clinical-11-01208#6,0,2,2,2,2,2,2,2,2,2,2,0,0,2,2,0,0,2,2,0,0,2,2,2,2,2,2,2,2
C-clinical-11-01208#7,2,2,2,2,2,2,2,1,2,2,2,2,2,2,2,2,2,2,2,2,2,2,2,2,2,2,2,2,2
C-clinical-11-01208#8,2,2,2,2,2,2,2,2,2,1,2,2,2,1,2,0,2,2,2,2,2,2,2,2,2,2,2,2,2
C-clinical-11-01210#0,0,1,1,1,1,1,1,1,1,2,2,0,0,2,2,1,1,0,0,1,1,1,1,1,1,0,0,0,0
C-clinical-11-01210#1,0,2,2,2,2,2,2,2,2,2,2,2,2,1,1,1,1,2,2,2,2,2,2,1,1,2,2,2,2
C-clinical-11-01210#2,0,2,2,2,2,2,2,2,2,2,2,2,2,2,2,0,2,2,2,2,2,2,2,2,2,2,2,2,2
C-clinical-11-01210#3,1,1,1,1,1,1,1,1,1,0,1,0,1,1,1,1,1,0,1,2,2,1,1,1,1,1,1,1,1
C-clinical-11-01210#4,2,2,2,2,2,2,2,2,2,1,2,1,2,2,2,1,2,2,2,1,2,2,2,2,2,2,2,2,2
C-clinical-11-01210#5,0,2,2,2,2,2,2,2,2,2,2,2,2,2,2,2,2,2,2,2,2,2,2,2,2,2,2,2,2
C-clinical-11-01210#6,0,2,2,2,2,2,2,2,2,2,2,0,0,2,2,2,2,2,2,2,2,2,2,2,2,0,0,2,2
C-clinical-11-01210#7,2,2,2,2,2,2,2,2,2,2,2,2,2,2,2,2,2,0,2,0,2,2,2,2,2,2,2,2,2
C-clinical-11-01210#8,0,2,2,2,2,2,2,2,2,2,2,2,2,2,2,2,2,2,2,2,2,2,2,2,2,2,2,2,2
C-clinical-11-01211#0,0,2,2,2,2,2,2,2,2,2,2,2,2,2,2,0,0,2,2,2,2,2,2,2,2,2,2,2,2
C-clinical-11-01211#1,0,2,2,2,2,2,2,2,2,2,2,2,2,2,2,2,2,0,0,2,2,2,2,2,2,2,2,2,2
C-clinical-11-01211#2,0,2,2,2,2,2,2,2,2,2,2,0,0,2,2,1,1,2,2,0,0,2,2,2,2,2,2,2,2
C-clinical-11-01211#3,0,2,2,1,1,0,0,2,2,1,1,0,0,2,2,1,1,1,1,1,1,2,2,2,2,2,2,2,2
C-clinical-11-01211#4,1,2,2,2,2,1,1,1,1,2,2,0,1,2,2,2,2,2,2,1,1,2,2,1,1,2,2,1,1
C-clinical-11-01211#5,1,2,2,2,2,1,1,1,1,2,2,0,1,2,2,2,2,2,2,1,1,2,2,2,2,2,2,1,1
C-clinical-11-01211#6,0,2,2,2,2,1,1,2,2,1,1,1,1,2,2,1,1,2,2,1,1,2,2,2,2,2,2,2,2
C-clinical-11-01215#0,0,2,2,2,2,2,2,2,2,2,2,2,2,2,2,0,0,2,2,2,2,2,2,2,2,2,2,2,2
C-clinical-11-01215#1,0,2,2,2,2,2,2,2,2,2,2,2,2,2,2,0,0,2,2,0,2,2,2,2,2,2,2,2,2
C-clinical-11-01215#2,2,2,2,2,2,2,2,2,2,2,2,2,2,2,2,2,2,2,2,2,2,2,2,2,2,0,2,2,2
C-clinical-11-01217#0,0,2,2,2,2,2,2,2,2,2,2,2,2,2,2,0,2,2,2,2,2,2,2,2,2,2,2,2,2
C-clinical-11-01217#1,2,2,2,2,2,2,2,2,2,2,2,2,2,2,2,2,2,2,2,2,2,2,2,2,2,2,2,2,2
C-clinical-11-01217#2,1,2,2,2,2,1,1,2,2,1,1,2,2,1,1,1,1,2,2,1,1,2,2,2,2,0,1,2,2
C-clinical-11-01217#3,0,2,2,2,2,2,2,2,2,2,2,0,0,2,2,2,2,2,2,2,2,2,2,2,2,2,2,2,2
C-clinical-11-01217#4,0,2,2,2,2,2,2,2,2,2,2,2,2,2,2,2,2,2,2,2,2,2,2,2,2,2,2,2,2
C-clinical-11-01217#5,2,2,2,2,2,2,2,2,2,2,2,2,2,2,2,2,2,2,2,2,2,2,2,2,2,2,2,2,2
C-clinical-11-01217#6,2,2,2,2,2,0,2,2,2,2,2,2,2,2,2,2,2,2,2,2,2,2,2,2,2,2,2,2,2
C-clinical-11-01217#7,0,2,2,2,2,2,2,2,2,2,2,2,2,2,2,2,2,2,2,0,0,2,2,2,2,0,0,2,2
C-clinical-11-01217#8,2,2,2,2,2,2,2,2,2,1,2,0,2,1,2,1,2,2,2,2,2,0,2,2,2,1,2,1,2
C-clinical-11-01217#9,2,2,2,2,2,2,2,2,2,1,2,1,2,1,2,1,2,2,2,2,2,2,2,2,2,2,2,2,2
C-clinical-11-01218#0,0,2,2,2,2,2,2,2,2,2,2,0,0,0,0,2,2,2,2,2,2,2,2,2,2,2,2,2,2
C-clinical-11-01218#1,0,2,2,2,2,2,2,2,2,2,2,0,0,1,1,2,2,2,2,2,2,2,2,2,2,2,2,2,2
C-clinical-11-01218#2,2,2,2,2,2,2,2,2,2,2,2,0,2,2,2,2,2,2,2,2,2,2,2,2,2,2,2,2,2
C-clinical-11-01218#3,0,2,2,2,2,0,0,2,2,2,2,0,0,2,2,0,0,2,2,0,0,2,2,2,2,2,2,2,2
C-clinical-11-01218#4,1,1,1,1,1,1,1,1,1,1,1,1,1,1,1,1,1,1,1,1,1,1,1,1,1,1,1,1,1
C-clinical-11-01221#1,0,2,2,2,2,2,2,2,2,2,2,2,2,2,2,2,2,2,2,2,2,2,2,2,2,2,2,2,2
C-clinical-11-01221#10,2,2,2,1,2,0,2,1,2,1,2,1,2,1,2,1,2,1,2,2,2,1,2,1,2,1,2,1,2
C-clinical-11-01221#11,0,2,2,2,2,1,1,2,2,1,1,1,1,2,2,1,1,2,2,1,1,2,2,2,2,2,2,2,2
C-clinical-11-01221#2,1,1,1,1,1,1,1,1,1,0,1,0,1,1,1,1,1,0,1,2,2,1,1,1,1,2,2,2,2
C-clinical-11-01221#3,1,2,2,2,2,2,2,2,2,1,1,0,1,2,2,1,1,2,2,1,1,2,2,2,2,2,2,2,2
C-clinical-11-01221#4,2,2,2,2,2,2,2,2,2,2,2,2,2,2,2,2,2,2,2,2,2,2,2,2,2,2,2,2,2
C-clinical-11-01221#5,0,2,2,2,2,2,2,2,2,2,2,1,1,2,2,1,1,2,2,0,0,2,2,2,2,0,0,2,2
C-clinical-11-01221#6,0,2,2,2,2,2,2,2,2,2,2,2,2,2,2,0,0,2,2,0,0,2,2,2,2,2,2,2,2
C-clinical-11-01221#7,0,2,2,2,2,2,2,2,2,2,2,2,2,2,2,2,2,2,2,2,2,2,2,2,2,0,0,2,2
C-clinical-11-01221#8,0,2,2,2,2,2,2,2,2,2,2,2,2,2,2,0,2,2,2,2,2,2,2,0,2,0,2,2,2
C-clinical-11-01221#9,2,2,2,2,2,1,2,2,2,1,2,0,2,2,2,2,2,2,2,1,2,2,2,2,2,2,2,2,2
C-clinical-11-01226#0,0,2,2,2,2,2,2,2,2,2,2,2,2,0,0,0,0,2,2,2,2,2,2,2,2,2,2,2,2
C-clinical-11-01226#1,0,2,2,2,2,2,2,2,2,2,2,0,0,2,2,1,1,2,2,0,0,2,2,2,2,2,2,2,2
C-clinical-11-01226#2,2,2,2,2,2,1,2,1,2,1,2,1,2,1,2,1,2,0,2,2,2,1,2,1,2,1,2,1,2
C-clinical-11-01226#3,0,2,2,2,2,2,2,2,2,2,2,0,0,0,0,0,0,2,2,2,2,2,2,2,2,2,2,2,2
C-clinical-11-01226#4,2,2,2,2,2,2,2,2,2,2,2,1,2,2,2,2,2,2,2,2,2,2,2,2,2,2,2,2,2
C-clinical-11-01226#5,1,2,2,2,2,2,2,2,2,1,1,1,1,1,1,1,1,2,2,0,1,2,2,2,2,0,1,1,1
C-clinical-11-01226#6,0,2,2,2,2,2,2,2,2,2,2,2,2,0,0,0,0,0,2,2,2,2,2,2,2,2,2,2,2
C-clinical-11-01229#0,0,2,2,2,2,2,2,2,2,2,2,1,1,2,2,1,1,2,2,2,2,2,2,1,1,2,2,2,2
C-clinical-11-01229#1,0,1,1,1,1,1,1,1,1,1,1,0,0,2,2,1,1,2,2,1,1,2,2,2,2,2,2,1,1
C-clinical-11-01229#2,0,2,2,2,2,2,2,2,2,2,2,0,0,0,0,0,0,2,2,2,2,2,2,2,2,2,2,2,2
C-clinical-11-01229#3,2,2,2,2,2,2,2,2,2,1,2,0,2,1,2,1,2,2,2,2,2,0,2,2,2,0,2,0,2
C-clinical-11-01229#4,0,2,2,2,2,2,2,2,2,2,2,0,0,2,2,0,0,2,2,2,2,2,2,0,0,0,2,2,2
C-clinical-11-01229#5,1,2,2,2,2,2,2,2,2,2,2,2,2,2,2,2,2,2,2,2,2,2,2,2,2,2,2,2,2
C-clinical-11-01229#6,0,2,2,2,2,2,2,2,2,2,2,0,0,2,2,0,0,2,2,2,2,2,2,0,0,0,2,2,2
C-clinical-11-01229#7,2,2,2,2,2,0,2,2,2,2,2,2,2,2,2,2,2,2,2,2,2,2,2,2,2,2,2,2,2
C-clinical-11-01229#8,0,2,2,2,2,2,2,2,2,2,2,0,0,2,2,2,2,2,2,0,0,2,2,2,2,2,2,2,2
C-clinical-11-01229#9,0,2,2,2,2,1,1,2,2,1,1,2,2,1,1,1,1,2,2,1,1,2,2,2,2,2,2,2,2
C-clinical-11-01230#0,0,2,2,2,2,2,2,2,2,2,2,1,1,2,2,2,2,2,2,2,2,2,2,2,2,2,2,2,2
C-clinical-11-01230#1,0,2,2,2,2,2,2,2,2,2,2,0,0,2,2,2,2,2,2,2,2,2,2,2,2,2,2,2,2
C-clinical-11-01230#10,0,2,2,2,2,2,2,2,2,2,2,0,0,2,2,2,2,2,2,0,0,2,2,2,2,2,2,2,2
C-clinical-11-01230#2,2,2,2,2,2,2,2,2,2,2,2,2,2,2,2,2,2,2,2,2,2,2,2,0,2,2,2,2,2
C-clinical-11-01230#3,2,2,2,2,2,2,2,2,2,2,2,2,2,1,2,2,2,2,2,2,2,2,2,2,2,2,2,2,2
C-clinical-11-01230#4,2,2,2,2,2,2,2,2,2,1,2,1,2,2,2,0,2,2,2,2,2,2,2,2,2,2,2,2,2
C-clinical-11-01230#5,2,2,2,2,2,2,2,2,2,1,2,0,2,1,2,1,2,2,2,2,2,0,2,1,2,1,2,1,2
C-clinical-11-01230#6,0,2,2,2,2,2,2,2,2,2,2,2,2,2,2,0,2,2,2,0,2,2,2,2,2,0,2,2,2
C-clinical-11-01230#7,0,2,2,2,2,2,2,2,2,2,2,0,0,2,2,2,2,2,2,2,2,2,2,2,2,2,2,2,2
C-clinical-11-01230#8,0,2,2,2,2,2,2,2,2,2,2,2,2,2,2,2,2,2,2,2,2,2,2,2,2,0,0,2,2
C-clinical-11-01230#9,2,2,2,2,2,1,2,2,2,2,2,2,2,2,2,1,2,2,2,2,2,2,2,2,2,2,2,2,2
C-clinical-11-01231#1,1,2,2,2,2,2,2,2,2,2,2,2,2,2,2,2,2,2,2,1,1,2,2,2,2,2,2,2,2
C-clinical-11-01231#10,0,2,2,2,2,1,1,2,2,2,2,2,2,2,2,1,1,2,2,1,1,2,2,2,2,2,2,2,2
C-clinical-11-01231#11,0,2,2,2,2,0,0,2,2,2,2,0,0,2,2,1,1,2,2,0,0,2,2,2,2,2,2,2,2
C-clinical-11-01231#12,2,2,2,2,2,2,2,2,2,2,2,2,2,1,2,2,2,2,2,2,2,2,2,0,2,2,2,2,2
C-clinical-11-01231#13,0,2,2,2,2,2,2,2,2,2,2,1,1,2,2,1,1,2,2,1,1,2,2,2,2,2,2,2,2
C-clinical-11-01231#14,2,2,2,2,2,2,2,2,2,2,2,2,2,2,2,0,2,2,2,2,2,2,2,0,2,2,2,2,2
C-clinical-11-01231#2,0,2,2,2,2,2,2,2,2,2,2,2,2,2,2,2,2,2,2,2,2,2,2,2,2,2,2,2,2
C-clinical-11-01231#3,2,2,2,2,2,2,2,2,2,2,2,2,2,2,2,1,2,2,2,2,2,2,2,2,2,2,2,2,2
C-clinical-11-01231#4,2,2,2,2,2,2,2,2,2,2,2,2,2,2,2,0,2,2,2,2,2,2,2,0,2,2,2,2,2
C-clinical-11-01231#5,1,1,1,1,1,1,1,1,1,0,1,0,1,1,1,1,1,0,1,0,1,1,1,1,1,1,1,1,1
C-clinical-11-01231#6,0,2,2,2,2,2,2,2,2,2,2,1,1,2,2,1,1,2,2,1,1,2,2,2,2,2,2,2,2
C-clinical-11-01231#7,0,2,2,2,2,2,2,2,2,2,2,2,2,2,2,0,0,2,2,0,0,2,2,2,2,2,2,2,2
C-clinical-11-01231#8,0,2,2,2,2,2,2,2,2,2,2,2,2,2,2,1,1,2,2,2,2,2,2,2,2,0,0,2,2
C-clinical-11-01231#9,2,2,2,2,2,2,2,2,2,2,2,0,2,2,2,0,2,2,2,2,2,2,2,0,2,2,2,2,2
C-clinical-11-01234#0,2,2,2,2,2,2,2,2,2,2,2,2,2,2,2,2,2,2,2,2,2,2,2,2,2,2,2,2,2
C-clinical-11-01234#1,0,2,2,2,2,2,2,2,2,2,2,2,2,0,0,0,0,2,2,2,2,2,2,2,2,2,2,2,2
C-clinical-11-01234#2,0,2,2,2,2,1,1,1,1,2,2,1,1,0,0,0,0,0,1,2,2,1,1,0,1,2,2,2,2
C-clinical-11-01234#3,2,2,2,2,2,2,2,2,2,2,2,2,2,2,2,2,2,2,2,2,2,2,2,2,2,0,2,2,2
C-clinical-11-01234#4,2,2,2,2,2,1,2,2,2,2,2,2,2,2,2,2,2,2,2,2,2,2,2,2,2,2,2,2,2
C-clinical-11-01234#5,0,2,2,2,2,2,2,2,2,2,2,0,0,2,2,2,2,2,2,0,0,2,2,2,2,2,2,2,2
C-clinical-11-01234#6,2,2,2,2,2,2,2,2,2,2,2,0,2,2,2,2,2,2,2,2,2,2,2,2,2,2,2,2,2
C-clinical-11-01236#0,0,2,2,2,2,2,2,2,2,2,2,2,2,1,1,0,0,2,2,2,2,2,2,2,2,2,2,2,2
C-clinical-11-01236#10,0,2,2,2,2,2,2,2,2,1,1,1,1,1,1,1,1,2,2,1,1,2,2,2,2,2,2,2,2
C-clinical-11-01236#11,2,2,2,2,2,2,2,2,2,2,2,0,2,2,2,2,2,2,2,0,2,2,2,2,2,2,2,2,2
C-clinical-11-01236#2,1,1,1,1,1,1,1,1,1,0,1,0,1,1,1,1,1,0,1,2,2,2,2,2,2,2,2,2,2
C-clinical-11-01236#3,0,2,2,2,2,2,2,2,2,2,2,2,2,2,2,2,2,2,2,0,0,2,2,0,0,2,2,2,2
C-clinical-11-01236#4,0,2,2,2,2,2,2,2,2,2,2,2,2,2,2,2,2,2,2,1,1,2,2,0,0,2,2,2,2
C-clinical-11-01236#5,0,2,2,2,2,2,2,2,2,2,2,2,2,2,2,2,2,2,2,2,2,2,2,0,0,0,0,2,2
C-clinical-11-01236#6,1,2,2,2,2,1,1,2,2,2,2,2,2,1,1,1,1,1,1,1,1,1,1,1,1,1,1,2,2
C-clinical-11-01236#7,0,2,2,2,2,2,2,2,2,2,2,2,2,2,2,2,2,2,2,2,2,2,2,2,2,2,2,2,2
C-clinical-11-01236#8,0,2,2,2,2,2,2,2,2,2,2,0,0,2,2,2,2,2,2,2,2,2,2,2,2,2,2,2,2
C-clinical-11-01236#9,0,2,2,2,2,2,2,2,2,2,2,2,2,2,2,2,2,2,2,2,2,2,2,2,2,2,2,2,2
C-clinical-11-01239#0,2,2,2,2,2,2,2,2,2,2,2,2,2,2,2,1,2,2,2,2,2,2,2,2,2,2,2,2,2
C-clinical-11-01239#1,2,2,2,2,2,2,2,2,2,2,2,2,2,2,2,2,2,2,2,0,2,2,2,2,2,0,2,2,2
C-clinical-11-01239#2,2,2,2,2,2,2,2,2,2,1,2,0,2,1,2,1,2,0,2,2,2,0,2,1,2,1,2,1,2
C-clinical-11-01239#3,2,2,2,2,2,2,2,2,2,1,2,2,2,0,2,1,2,2,2,2,2,2,2,2,2,2,2,2,2
C-clinical-11-01239#4,2,2,2,2,2,2,2,2,2,1,2,2,2,0,2,0,2,2,2,2,2,2,2,2,2,2,2,2,2
C-clinical-11-01243#0,2,2,2,2,2,2,2,2,2,2,2,0,2,1,2,0,2,2,2,2,2,2,2,2,2,2,2,2,2
C-clinical-11-01243#1,2,2,2,2,2,2,2,2,2,2,2,0,2,2,2,1,2,2,2,0,2,2,2,2,2,2,2,2,2
C-clinical-11-01243#10,0,2,2,2,2,2,2,2,2,2,2,2,2,2,2,2,2,2,2,2,2,2,2,2,2,0,0,2,2
C-clinical-11-01243#2,2,2,2,2,2,2,2,2,2,2,2,2,2,2,2,2,2,2,2,2,2,2,2,2,2,2,2,2,2
C-clinical-11-01243#3,1,1,1,1,1,1,1,1,1,0,1,0,1,1,1,1,1,0,1,2,2,2,2,2,2,2,2,2,2
C-clinical-11-01243#4,2,2,2,2,2,2,2,2,2,1,2,2,2,1,2,1,2,1,2,0,2,2,2,0,2,2,2,2,2
C-clinical-11-01243#5,0,2,2,2,2,2,2,2,2,2,2,2,2,2,2,0,0,2,2,2,2,2,2,2,2,2,2,2,2
C-clinical-11-01243#6,0,2,2,2,2,1,1,2,2,2,2,2,2,2,2,2,2,2,2,2,2,2,2,1,1,0,0,2,2
C-clinical-11-01243#7,0,2,2,2,2,2,2,2,2,2,2,2,2,0,0,0,0,0,0,0,0,2,2,2,2,2,2,0,0
C-clinical-11-01243#8,0,2,2,2,2,0,0,2,2,2,2,0,0,0,0,0,0,0,0,0,0,2,2,2,2,2,2,2,2
C-clinical-11-01243#9,0,2,2,2,2,2,2,2,2,2,2,2,2,0,0,2,2,0,0,2,2,2,2,2,2,2,2,2,2
C-clinical-11-01244#0,0,2,2,2,2,2,2,2,2,2,2,2,2,2,2,1,1,2,2,2,2,2,2,2,2,2,2,2,2
C-clinical-11-01244#1,0,2,2,2,2,2,2,2,2,1,1,0,0,2,2,1,1,2,2,0,0,2,2,2,2,2,2,2,2
C-clinical-11-01244#10,2,2,2,2,2,1,2,2,2,1,2,1,2,1,2,0,2,2,2,2,2,2,2,2,2,0,2,2,2
C-clinical-11-01244#11,1,2,2,2,2,1,1,2,2,1,1,0,1,1,1,1,1,2,2,1,1,0,1,2,2,0,1,2,2
C-clinical-11-01244#2,0,2,2,2,2,0,0,2,2,2,2,0,0,2,2,2,2,2,2,0,0,2,2,2,2,2,2,2,2
C-clinical-11-01244#3,0,2,2,2,2,2,2,2,2,1,1,1,1,1,1,1,1,2,2,1,1,2,2,2,2,2,2,2,2
C-clinical-11-01244#4,2,2,2,2,2,2,2,2,2,2,2,2,2,2,2,2,2,2,2,2,2,2,2,2,2,0,2,2,2
C-clinical-11-01244#5,1,2,2,2,2,1,1,2,2,1,1,0,1,1,1,1,1,2,2,1,1,0,1,2,2,2,2,2,2
C-clinical-11-01244#6,2,2,2,2,2,1,2,2,2,2,2,2,2,2,2,2,2,2,2,1,2,2,2,2,2,2,2,2,2
C-clinical-11-01244#7,2,1,2,0,2,0,2,1,2,1,2,0,2,1,2,1,2,2,2,2,2,2,2,2,2,0,2,1,2
C-clinical-11-01244#8,2,2,2,2,2,1,2,1,2,1,2,1,2,1,2,1,2,1,2,2,2,2,2,0,2,1,2,1,2
C-clinical-11-01244#9,0,2,2,2,2,2,2,2,2,1,1,1,1,2,2,1,1,2,2,1,1,2,2,2,2,2,2,2,2
C-clinical-11-01251#0,0,2,2,2,2,2,2,2,2,2,2,1,1,2,2,2,2,2,2,0,0,2,2,2,2,2,2,2,2
C-clinical-11-01251#1,2,2,2,2,2,1,2,2,2,2,2,2,2,2,2,2,2,2,2,0,2,2,2,2,2,2,2,2,2
C-clinical-11-01251#2,0,2,2,2,2,2,2,2,2,2,2,2,2,2,2,2,2,2,2,2,2,2,2,2,2,2,2,2,2
C-clinical-11-01251#3,0,2,2,2,2,2,2,2,2,2,2,1,1,2,2,1,1,2,2,0,0,2,2,2,2,0,0,2,2
C-clinical-11-01251#4,0,2,2,2,2,2,2,2,2,2,2,2,2,2,2,0,0,2,2,2,2,2,2,2,2,2,2,2,2
C-clinical-11-01251#5,0,2,2,2,2,2,2,2,2,2,2,2,2,2,2,2,2,2,2,2,2,2,2,2,2,0,0,2,2
C-clinical-11-01253#0,0,2,2,2,2,2,2,2,2,2,2,2,2,2,2,0,0,2,2,2,2,2,2,2,2,0,0,2,2
C-clinical-11-01253#1,0,2,2,2,2,2,2,2,2,2,2,0,0,0,0,0,0,2,2,2,2,2,2,2,2,2,2,2,2
C-clinical-11-01253#10,2,2,2,2,2,2,2,2,2,1,2,0,2,1,2,1,2,0,2,2,2,0,2,1,2,1,2,1,2
C-clinical-11-01253#11,0,2,2,2,2,2,2,2,2,2,2,2,2,2,2,2,2,2,2,0,0,2,2,2,2,2,2,2,2
C-clinical-11-01253#12,0,2,2,2,2,2,2,2,2,2,2,2,2,2,2,2,2,2,2,1,1,2,2,0,0,0,0,2,2
C-clinical-11-01253#13,2,2,2,2,2,2,2,2,2,1,2,0,2,0,2,0,2,2,2,2,2,2,2,2,2,2,2,2,2
C-clinical-11-01253#14,2,2,2,2,2,0,2,2,2,2,2,2,2,2,2,2,2,2,2,1,2,2,2,2,2,2,2,2,2
C-clinical-11-01253#15,0,2,2,2,2,2,2,2,2,2,2,2,2,0,0,0,0,2,2,0,2,2,2,2,2,0,0,0,2
C-clinical-11-01253#2,0,2,2,2,2,2,2,2,2,2,2,0,0,0,0,0,0,2,2,2,2,2,2,2,2,1,2,2,2
C-clinical-11-01253#3,2,2,2,2,2,2,2,2,2,2,2,0,2,2,2,1,2,2,2,2,2,2,2,2,2,2,2,2,2
C-clinical-11-01253#4,0,1,1,2,2,1,1,1,1,1,1,2,2,2,2,1,1,0,0,1,1,2,2,2,2,1,1,2,2
C-clinical-11-01253#5,2,2,2,2,2,0,2,1,2,1,2,1,2,1,2,1,2,0,2,2,2,1,2,1,2,1,2,1,2
C-clinical-11-01253#6,0,1,1,1,1,1,1,1,1,1,1,2,2,2,2,1,1,2,2,1,1,2,2,2,2,1,1,1,1
C-clinical-11-01253#7,0,2,2,2,2,2,2,2,2,2,2,2,2,2,2,2,2,2,2,2,2,2,2,2,2,2,2,2,2
C-clinical-11-01253#8,0,2,2,2,2,2,2,2,2,2,2,0,0,1,1,0,0,2,2,2,2,2,2,2,2,2,2,2,2
C-clinical-11-01253#9,0,2,2,2,2,1,1,2,2,2,2,2,2,2,2,2,2,2,2,2,2,2,2,0,0,0,0,2,2
C-clinical-11-01254#0,0,2,2,2,2,2,2,2,2,2,2,0,0,2,2,2,2,2,2,2,2,2,2,2,2,2,2,2,2
C-clinical-11-01254#1,2,2,2,2,2,2,2,2,2,2,2,0,2,1,2,0,2,2,2,2,2,2,2,2,2,2,2,2,2
C-clinical-11-01254#10,0,2,2,2,2,2,2,2,2,0,0,0,0,0,0,0,0,0,0,0,0,2,2,2,2,2,2,2,2
C-clinical-11-01254#12,2,2,2,2,2,2,2,2,2,2,2,2,2,2,2,2,2,0,2,2,2,2,2,2,2,2,2,2,2
C-clinical-11-01254#2,2,2,2,2,2,2,2,2,2,2,2,2,2,2,2,2,2,2,2,2,2,2,2,2,2,2,2,2,2
C-clinical-11-01254#3,1,1,1,1,1,1,1,1,1,0,1,0,1,1,1,0,1,0,1,1,1,1,1,1,1,1,1,2,2
C-clinical-11-01254#4,2,2,2,2,2,0,2,2,2,2,2,0,2,2,2,2,2,0,2,2,2,2,2,2,2,2,2,2,2
C-clinical-11-01254#6,2,2,2,2,2,2,2,2,2,2,2,2,2,0,2,0,2,2,2,2,2,2,2,0,2,0,2,2,2
C-clinical-11-01254#7,0,2,2,2,2,2,2,2,2,0,0,1,1,0,0,0,0,0,0,2,2,2,2,0,0,2,2,2,2
C-clinical-11-01254#8,2,2,2,2,2,2,2,2,2,2,2,2,2,2,2,2,2,0,2,2,2,2,2,2,2,0,2,2,2
C-clinical-11-01254#9,1,1,1,1,1,1,1,1,1,1,1,1,1,1,1,1,1,0,1,1,1,1,1,1,1,1,1,1,1
C-clinical-11-01262#0,0,2,2,2,2,2,2,2,2,2,2,0,2,2,2,2,2,2,2,2,2,2,2,2,2,2,2,2,2
C-clinical-11-01262#1,0,2,2,2,2,2,2,2,2,2,2,2,2,0,0,0,2,0,2,2,2,2,2,0,2,0,2,2,2
C-clinical-11-01262#2,0,2,2,2,2,2,2,2,2,2,2,2,2,2,2,2,2,2,2,2,2,2,2,2,2,0,0,2,2
C-clinical-11-01262#3,0,2,2,2,2,2,2,2,2,2,2,2,2,2,2,2,2,2,2,0,0,2,2,2,2,2,2,2,2
C-clinical-11-01262#4,0,2,2,2,2,2,2,2,2,2,2,2,2,2,2,1,1,2,2,2,2,2,2,2,2,2,2,1,1
C-clinical-11-01262#5,0,2,2,2,2,2,2,2,2,2,2,0,0,1,1,2,2,2,2,2,2,2,2,2,2,2,2,2,2
C-clinical-11-01262#6,0,2,2,2,2,2,2,2,2,2,2,1,1,2,2,1,1,2,2,1,1,2,2,2,2,2,2,2,2
C-clinical-11-01266#0,1,2,2,1,1,2,2,2,2,1,1,0,1,2,2,1,1,1,1,1,1,2,2,1,1,2,2,2,2
C-clinical-11-01266#1,0,1,1,1,1,1,1,1,1,2,2,0,0,0,0,0,0,2,2,1,1,1,1,1,1,1,1,1,1
C-clinical-11-01266#2,0,2,2,2,2,2,2,2,2,2,2,1,1,0,0,2,2,2,2,2,2,2,2,2,2,2,2,2,2
C-clinical-11-01266#3,2,2,2,2,2,2,2,2,2,2,2,2,2,2,2,2,2,2,2,2,2,2,2,2,2,2,2,2,2
C-clinical-11-01266#5,2,2,2,2,2,2,2,2,2,2,2,0,2,2,2,2,2,2,2,2,2,2,2,2,2,2,2,2,2
C-clinical-11-01266#6,1,1,1,1,1,1,1,1,1,0,1,0,1,1,1,1,1,0,1,2,2,1,1,1,1,1,1,2,2
C-clinical-11-01266#7,0,2,2,2,2,2,2,2,2,2,2,2,2,2,2,1,1,2,2,0,0,2,2,2,2,0,0,2,2
C-clinical-11-01266#8,0,2,2,2,2,2,2,2,2,2,2,2,2,2,2,1,1,2,2,2,2,2,2,2,2,0,0,2,2
C-clinical-11-01266#9,0,2,2,2,2,2,2,2,2,2,2,0,0,2,2,2,2,2,2,2,2,2,2,0,0,0,0,2,2
C-clinical-11-01268#0,2,2,2,2,2,2,2,2,2,2,2,0,2,2,2,2,2,2,2,2,2,2,2,2,2,2,2,2,2
C-clinical-11-01268#1,0,2,2,2,2,2,2,2,2,2,2,2,2,0,0,0,0,2,2,2,2,2,2,2,2,2,2,2,2
C-clinical-11-01268#10,0,2,2,2,2,2,2,2,2,1,1,2,2,2,2,2,2,2,2,0,0,2,2,2,2,2,2,2,2
C-clinical-11-01268#11,0,2,2,2,2,1,1,2,2,2,2,0,0,2,2,1,1,2,2,0,0,2,2,2,2,0,0,1,1
C-clinical-11-01268#2,0,2,2,2,2,2,2,2,2,2,2,2,2,0,0,0,0,2,2,2,2,2,2,2,2,0,2,2,2
C-clinical-11-01268#3,0,2,2,2,2,2,2,2,2,2,2,1,2,0,0,0,0,2,2,2,2,2,2,1,2,2,2,2,2
C-clinical-11-01268#4,0,2,2,1,1,0,0,1,1,2,2,0,0,0,0,0,0,1,1,1,1,1,1,0,0,1,1,1,1
C-clinical-11-01268#5,0,2,2,2,2,2,2,2,2,2,2,2,2,2,2,1,1,2,2,2,2,2,2,2,2,0,0,2,2
C-clinical-11-01268#6,2,2,2,2,2,2,2,2,2,2,2,0,2,1,2,0,2,2,2,2,2,2,2,2,2,2,2,2,2
C-clinical-11-01268#7,2,2,2,2,2,2,2,2,2,1,2,0,2,1,2,1,2,2,2,2,2,0,2,1,2,1,2,1,2
C-clinical-11-01268#8,2,2,2,2,2,2,2,2,2,1,2,1,2,0,2,0,2,2,2,2,2,2,2,2,2,2,2,2,2
C-clinical-11-01268#9,2,2,2,2,2,1,2,2,2,2,2,2,2,2,2,2,2,1,2,2,2,2,2,2,2,2,2,2,2
C-clinical-11-01271#0,0,2,2,2,2,2,2,2,2,2,2,0,0,1,1,1,1,2,2,2,2,2,2,2,2,2,2,2,2
C-clinical-11-01271#1,2,2,2,2,2,2,2,2,2,2,2,2,2,2,2,0,2,2,2,2,2,2,2,2,2,2,2,2,2
C-clinical-11-01271#2,0,2,2,2,2,2,2,2,2,2,2,0,0,2,2,1,1,2,2,2,2,2,2,2,2,2,2,2,2
C-clinical-11-01271#3,2,2,2,2,2,2,2,2,2,2,2,2,2,2,2,0,2,2,2,2,2,2,2,2,2,2,2,2,2
C-clinical-11-01271#4,0,2,2,2,2,2,2,2,2,2,2,0,0,2,2,0,0,2,2,2,2,2,2,0,2,0,2,2,2
C-clinical-11-01271#5,0,2,2,2,2,2,2,2,2,2,2,2,2,2,2,2,2,2,2,0,0,2,2,2,2,2,2,2,2
C-clinical-11-01271#6,0,2,2,2,2,2,2,2,2,2,2,2,2,2,2,0,0,2,2,2,2,2,2,2,2,2,2,2,2
C-clinical-11-01271#7,0,2,2,2,2,2,2,2,2,2,2,0,0,2,2,1,1,2,2,2,2,2,2,2,2,2,2,2,2
C-clinical-11-01271#8,2,2,2,2,2,2,2,2,2,2,2,2,2,2,2,0,2,0,2,2,2,2,2,2,2,2,2,2,2
C-clinical-11-01279#0,0,2,2,2,2,2,2,2,2,2,2,2,2,0,0,1,2,2,2,2,2,2,2,2,2,2,2,2,2
C-clinical-11-01279#1,1,2,2,2,2,2,2,2,2,1,1,0,1,2,2,2,2,2,2,1,1,2,2,2,2,2,2,2,2
C-clinical-11-01279#10,0,2,2,2,2,2,2,2,2,1,1,2,2,2,2,1,1,2,2,1,1,2,2,2,2,1,1,2,2
C-clinical-11-01279#11,2,2,2,2,2,2,2,2,2,2,2,0,2,2,2,1,2,2,2,0,2,2,2,2,2,2,2,2,2
C-clinical-11-01279#2,0,2,2,2,2,2,2,2,2,2,2,2,2,2,2,2,2,2,2,2,2,2,2,2,2,2,2,2,2
C-clinical-11-01279#3,1,1,1,1,1,1,1,1,1,0,1,0,1,1,1,1,1,0,1,2,2,1,1,1,1,2,2,2,2
C-clinical-11-01279#4,0,2,2,2,2,2,2,2,2,2,2,1,1,2,2,1,1,2,2,0,0,2,2,2,2,2,2,2,2
C-clinical-11-01279#5,0,2,2,2,2,2,2,2,2,2,2,2,2,2,2,2,2,2,2,0,0,2,2,2,2,2,2,2,2
C-clinical-11-01279#6,0,2,2,2,2,2,2,2,2,2,2,0,0,2,2,2,2,2,2,2,2,2,2,2,2,0,0,2,2
C-clinical-11-01279#7,2,2,2,2,2,2,2,2,2,2,2,2,2,0,2,2,2,2,2,2,2,2,2,2,2,2,2,2,2
C-clinical-11-01279#9,0,2,2,2,2,2,2,2,2,2,2,2,2,2,2,2,2,2,2,2,2,2,2,2,2,2,2,2,2
C-clinical-11-01281#0,0,2,2,2,2,2,2,2,2,2,2,2,2,0,0,0,0,2,2,2,2,2,2,2,2,2,2,2,2
C-clinical-11-01281#1,2,2,2,2,2,2,2,2,2,2,2,0,2,2,2,2,2,2,2,2,2,2,2,2,2,2,2,2,2
C-clinical-11-01281#2,0,2,2,2,2,2,2,2,2,2,2,2,2,0,0,0,0,2,2,2,2,2,2,0,2,0,2,2,2
C-clinical-11-01281#3,0,2,2,2,2,2,2,2,2,2,2,1,1,1,1,0,0,2,2,2,2,2,2,2,2,2,2,2,2
C-clinical-11-01281#4,0,2,2,2,2,2,2,2,2,2,2,0,0,1,1,0,0,2,2,2,2,2,2,2,2,2,2,2,2
C-clinical-11-01281#5,0,2,2,2,2,2,2,2,2,1,1,0,0,2,2,2,2,2,2,0,0,2,2,2,2,0,0,2,2
C-clinical-11-01281#6,2,1,2,0,2,0,2,2,2,1,2,0,2,1,2,1,2,0,2,2,2,2,2,2,2,2,2,1,2
C-clinical-11-01281#7,2,2,2,2,2,2,2,2,2,1,2,1,2,1,2,1,2,2,2,2,2,2,2,2,2,2,2,2,2
C-clinical-11-01281#8,2,2,2,2,2,1,2,2,2,2,2,2,2,2,2,2,2,0,2,2,2,2,2,2,2,2,2,2,2
C-clinical-11-01285#0,0,2,2,2,2,2,2,2,2,2,2,2,2,1,1,0,0,0,0,2,2,2,2,2,2,2,2,2,2
C-clinical-11-01285#1,2,2,2,2,2,2,2,2,2,2,2,0,2,2,2,2,2,2,2,2,2,2,2,2,2,2,2,2,2
C-clinical-11-01285#2,0,2,2,2,2,2,2,2,2,2,2,2,2,2,2,2,2,2,2,2,2,2,2,0,0,0,0,2,2
C-clinical-11-01285#3,2,2,2,2,2,2,2,2,2,2,2,2,2,2,2,2,2,2,2,2,2,2,2,2,2,2,2,2,2
C-clinical-11-01285#4,2,2,2,2,2,1,2,2,2,1,2,1,2,1,2,1,2,2,2,2,2,2,2,2,2,2,2,2,2
C-clinical-11-01285#5,2,0,2,0,2,0,2,0,2,2,2,0,2,2,2,2,2,2,2,2,2,2,2,2,2,2,2,2,2
C-clinical-11-01285#6,2,2,2,2,2,2,2,2,2,1,2,0,2,1,2,1,2,2,2,2,2,0,2,2,2,1,2,1,2
C-clinical-11-01289#0,0,2,2,2,2,2,2,2,2,2,2,0,0,1,1,0,0,2,2,2,2,2,2,2,2,2,2,2,2
C-clinical-11-01289#1,0,2,2,2,2,2,2,2,2,2,2,2,2,2,2,2,2,2,2,2,2,2,2,2,2,2,2,2,2
C-clinical-11-01289#2,0,2,2,2,2,1,1,1,1,2,2,0,0,2,2,1,1,1,1,1,1,2,2,2,2,2,2,2,2
C-clinical-11-01289#3,2,2,2,2,2,2,2,2,2,1,2,0,2,2,2,0,2,2,2,2,2,2,2,2,2,2,2,2,2
C-clinical-11-01289#4,0,2,2,2,2,2,2,2,2,2,2,0,0,0,0,0,0,2,2,2,2,2,2,0,2,0,2,2,2
C-clinical-11-01289#5,0,2,2,2,2,2,2,2,2,2,2,0,0,1,1,0,0,2,2,2,2,2,2,2,2,2,2,2,2
C-clinical-11-01289#6,0,2,2,2,2,2,2,2,2,2,2,2,2,2,2,1,1,2,2,0,0,2,2,2,2,2,2,2,2
C-clinical-11-01289#7,0,2,2,2,2,2,2,2,2,2,2,0,0,0,0,0,0,2,2,2,2,2,2,0,2,0,2,2,2
C-clinical-11-01289#8,2,2,2,2,2,2,2,2,2,2,2,0,2,2,2,2,2,2,2,0,2,2,2,2,2,2,2,2,2
C-clinical-11-01289#9,0,2,2,2,2,0,0,2,2,2,2,0,0,1,1,1,1,2,2,0,0,2,2,2,2,2,2,2,2
C-clinical-11-01293#0,0,2,2,2,2,2,2,2,2,2,2,0,2,0,0,2,2,2,2,2,2,2,2,2,2,2,2,2,2
C-clinical-11-01293#1,0,2,2,2,2,2,2,2,2,2,2,2,2,2,2,2,2,0,2,2,2,2,2,2,2,0,2,2,2
C-clinical-11-01293#2,0,2,2,2,2,2,2,2,2,2,2,0,0,2,2,2,2,2,2,2,2,2,2,2,2,2,2,2,2
C-clinical-11-01293#3,0,2,2,2,2,2,2,2,2,2,2,0,0,2,2,2,2,2,2,2,2,2,2,2,2,0,0,2,2
C-clinical-11-01293#4,0,2,2,2,2,2,2,1,1,1,1,0,1,0,0,0,1,1,1,2,2,1,1,1,1,1,1,2,2
C-clinical-11-01293#5,2,2,2,2,2,2,2,2,2,1,2,1,2,0,2,1,2,2,2,2,2,2,2,2,2,2,2,2,2
C-clinical-11-01293#6,0,2,2,2,2,2,2,2,2,2,2,0,0,2,2,2,2,2,2,2,2,2,2,2,2,0,0,2,2
C-clinical-11-01294#0,0,2,2,2,2,2,2,2,2,2,2,1,1,0,0,2,2,2,2,2,2,2,2,2,2,2,2,2,2
C-clinical-11-01294#1,1,1,1,2,2,2,2,2,2,1,1,0,1,2,2,1,1,2,2,1,1,2,2,1,1,1,1,2,2
C-clinical-11-01294#10,0,2,2,2,2,2,2,2,2,2,2,2,2,2,2,2,2,2,2,2,2,2,2,0,0,2,2,2,2
C-clinical-11-01294#11,0,2,2,2,2,2,2,2,2,2,2,2,2,2,2,2,2,2,2,2,2,2,2,0,0,2,2,2,2
C-clinical-11-01294#12,0,2,2,1,1,1,1,1,1,2,2,0,0,0,0,0,0,0,0,1,1,1,1,1,1,1,1,1,1
C-clinical-11-01294#2,2,2,2,2,2,2,2,2,2,2,2,0,2,2,2,2,2,2,2,2,2,2,2,2,2,2,2,2,2
C-clinical-11-01294#3,1,1,1,1,1,1,1,1,1,0,1,0,1,1,1,1,1,0,1,2,2,1,1,1,1,1,1,1,1
C-clinical-11-01294#4,2,2,2,2,2,2,2,2,2,2,2,2,2,2,2,2,2,2,2,2,2,2,2,2,2,2,2,0,2
C-clinical-11-01294#5,0,2,2,2,2,2,2,2,2,2,2,0,0,2,2,2,2,2,2,2,2,2,2,2,2,2,2,2,2
C-clinical-11-01294#7,0,2,2,2,2,2,2,2,2,2,2,2,2,2,2,2,2,2,2,2,2,2,2,2,2,0,2,2,2
C-clinical-11-01294#8,1,1,1,1,1,1,1,1,1,1,1,1,1,1,1,1,1,0,1,1,1,1,1,1,1,1,1,1,1
C-clinical-11-01294#9,0,2,2,2,2,1,1,2,2,1,1,0,0,2,2,1,1,2,2,0,0,2,2,2,2,2,2,2,2
C-clinical-11-01295#0,2,2,2,2,2,2,2,2,2,2,2,1,2,2,2,0,2,2,2,2,2,2,2,2,2,2,2,2,2
C-clinical-11-01295#1,2,2,2,2,2,2,2,2,2,2,2,2,2,2,2,2,2,2,2,2,2,2,2,2,2,2,2,2,2
C-clinical-11-01295#2,0,2,2,2,2,2,2,2,2,2,2,2,2,1,1,0,0,2,2,1,1,2,2,2,2,0,0,2,2
C-clinical-11-01295#3,0,2,2,2,2,2,2,2,2,2,2,2,2,0,0,0,0,2,2,2,2,2,2,2,2,2,2,2,2
C-clinical-11-01295#4,2,2,2,2,2,2,2,2,2,2,2,0,2,0,2,2,2,2,2,2,2,2,2,2,2,2,2,2,2
C-clinical-11-01295#5,2,2,2,2,2,2,2,2,2,1,2,0,2,1,2,1,2,2,2,2,2,0,2,2,2,0,2,2,2
C-clinical-11-01295#6,0,2,2,2,2,2,2,2,2,2,2,2,2,2,2,1,1,2,2,0,0,2,2,2,2,2,2,2,2
C-clinical-11-01295#7,2,2,2,2,2,1,2,2,2,2,2,0,2,2,2,1,2,2,2,0,2,2,2,2,2,2,2,2,2
C-clinical-11-01295#8,0,2,2,2,2,2,2,2,2,2,2,2,2,2,2,1,1,2,2,0,0,2,2,2,2,2,2,2,2
C-clinical-11-01300#0,0,2,2,2,2,2,2,2,2,2,2,2,2,2,2,1,1,2,2,2,2,2,2,2,2,2,2,2,2
C-clinical-11-01300#1,2,2,2,2,2,0,2,2,2,2,2,0,2,2,2,2,2,2,2,0,2,2,2,2,2,2,2,2,2
C-clinical-11-01300#2,1,2,2,2,2,1,1,2,2,2,2,2,2,2,2,2,2,2,2,1,1,2,2,1,1,2,2,2,2
C-clinical-11-01300#3,0,2,2,2,2,2,2,2,2,2,2,2,2,2,2,0,0,2,2,2,2,2,2,2,2,2,2,2,2
C-clinical-11-01300#4,1,2,2,2,2,2,2,2,2,2,2,2,2,2,2,2,2,2,2,0,1,2,2,0,1,0,1,2,2
C-clinical-11-01300#5,2,0,2,0,2,0,2,0,2,2,2,2,2,2,2,2,2,2,2,2,2,2,2,2,2,2,2,2,2
C-clinical-11-01300#6,2,2,2,2,2,1,2,2,2,2,2,2,2,2,2,2,2,2,2,1,2,2,2,0,2,2,2,2,2
C-clinical-11-01300#7,0,2,2,2,2,2,2,2,2,2,2,0,0,1,1,2,2,2,2,2,2,2,2,2,2,2,2,2,2
C-clinical-11-01302#0,0,2,2,2,2,2,2,2,2,2,2,2,2,1,1,0,0,2,2,2,2,2,2,2,2,2,2,2,2
C-clinical-11-01302#1,0,2,2,2,2,2,2,2,2,2,2,0,0,2,2,2,2,2,2,2,2,2,2,2,2,2,2,2,2
C-clinical-11-01302#2,0,2,2,2,2,2,2,2,2,2,2,0,2,0,0,0,0,2,2,2,2,2,2,2,2,2,2,2,2
C-clinical-11-01302#3,0,2,2,2,2,2,2,2,2,2,2,2,2,0,0,0,0,2,2,2,2,2,2,0,2,2,2,2,2
C-clinical-11-01302#4,2,1,2,0,2,1,2,2,2,1,2,0,2,1,2,1,2,2,2,2,2,2,2,2,2,2,2,1,2
C-clinical-11-01302#5,2,2,2,2,2,2,2,2,2,1,2,1,2,0,2,0,2,2,2,2,2,2,2,2,2,0,2,2,2
C-clinical-11-01302#6,1,1,1,1,1,1,1,1,1,1,1,1,1,1,1,1,1,1,1,1,1,1,1,2,2,1,1,1,1
C-clinical-11-01302#7,0,2,2,2,2,2,2,2,2,2,2,2,2,2,2,2,2,2,2,0,0,2,2,2,2,2,2,2,2
C-clinical-11-01302#8,0,2,2,2,2,2,2,2,2,2,2,2,2,0,0,0,0,2,2,2,2,2,2,2,2,2,2,2,2
C-clinical-11-01304#0,0,2,2,2,2,2,2,2,2,2,2,2,2,2,2,2,2,2,2,2,2,2,2,2,2,2,2,2,2
C-clinical-11-01304#1,0,2,2,2,2,2,2,2,2,2,2,2,2,2,2,2,2,2,2,2,2,2,2,2,2,0,0,2,2
C-clinical-11-01304#10,0,2,2,2,2,1,1,2,2,2,2,0,0,2,2,1,1,2,2,1,1,2,2,2,2,2,2,2,2
C-clinical-11-01304#2,0,2,2,2,2,2,2,2,2,2,2,1,1,2,2,2,2,2,2,2,2,2,2,2,2,2,2,2,2
C-clinical-11-01304#3,0,2,2,2,2,2,2,2,2,1,1,0,0,2,2,2,2,2,2,0,0,2,2,2,2,2,2,2,2
C-clinical-11-01304#4,0,2,2,2,2,2,2,2,2,2,2,0,0,2,2,2,2,2,2,2,2,2,2,2,2,2,2,2,2
C-clinical-11-01304#5,2,2,2,2,2,0,2,2,2,2,2,2,2,2,2,1,2,2,2,1,2,2,2,2,2,2,2,2,2
C-clinical-11-01304#6,0,2,2,2,2,2,2,2,2,2,2,0,0,2,2,2,2,2,2,2,2,2,2,2,2,2,2,2,2
C-clinical-11-01304#7,0,2,2,2,2,2,2,2,2,2,2,0,0,2,2,2,2,2,2,2,2,2,2,2,2,2,2,2,2
C-clinical-11-01304#8,2,2,2,2,2,2,2,2,2,1,2,0,2,2,2,1,2,2,2,2,2,2,2,2,2,2,2,0,2
C-clinical-11-01304#9,2,2,2,2,2,1,2,2,2,1,2,0,2,2,2,2,2,2,2,0,2,2,2,2,2,2,2,2,2
C-clinical-11-01305#0,2,2,2,2,2,2,2,2,2,2,2,2,2,0,2,0,2,2,2,2,2,2,2,2,2,2,2,2,2
C-clinical-11-01305#1,1,2,2,2,2,2,2,2,2,2,2,0,1,2,2,2,2,2,2,2,2,2,2,2,2,2,2,2,2
C-clinical-11-01305#10,2,2,2,2,2,2,2,2,2,2,2,2,2,2,2,2,2,2,2,2,2,2,2,0,2,2,2,2,2
C-clinical-11-01305#11,2,2,2,2,2,2,2,2,2,1,2,1,2,1,2,1,2,2,2,2,2,2,2,2,2,2,2,1,2
C-clinical-11-01305#12,2,2,2,2,2,2,2,2,2,2,2,2,2,2,2,2,2,2,2,2,2,2,2,2,2,2,2,2,2
C-clinical-11-01305#13,2,2,2,2,2,1,2,2,2,1,2,0,2,1,2,1,2,2,2,2,2,0,2,0,2,1,2,1,2
C-clinical-11-01305#2,2,2,2,2,2,2,2,2,2,2,2,2,2,2,2,2,2,2,2,0,2,2,2,0,2,0,2,2,2
C-clinical-11-01305#3,2,2,2,2,2,2,2,2,2,1,2,1,2,1,2,0,2,2,2,2,2,2,2,2,2,2,2,2,2
C-clinical-11-01305#4,2,2,2,2,2,1,2,2,2,1,2,0,2,1,2,1,2,0,2,2,2,0,2,1,2,1,2,1,2
C-clinical-11-01305#5,2,2,2,2,2,2,2,2,2,2,2,2,2,2,2,2,2,0,2,2,2,2,2,2,2,2,2,2,2
C-clinical-11-01305#6,2,2,2,2,2,2,2,2,2,2,2,2,2,0,2,0,2,2,2,2,2,2,2,2,2,2,2,2,2
C-clinical-11-01305#7,2,2,2,2,2,2,2,2,2,2,2,2,2,2,2,2,2,2,2,2,2,2,2,0,2,2,2,2,2
C-clinical-11-01305#8,0,2,2,2,2,2,2,2,2,2,2,2,2,2,2,2,2,2,2,0,0,2,2,0,0,0,0,2,2
C-clinical-11-01305#9,2,2,2,2,2,2,2,2,2,1,2,0,2,1,2,1,2,2,2,2,2,0,2,2,2,1,2,1,2
C-clinical-11-01310#0,2,2,2,2,2,2,2,2,2,2,2,2,2,2,2,2,2,2,2,2,2,2,2,2,2,2,2,2,2
C-clinical-11-01310#1,2,2,2,2,2,2,2,2,2,2,2,2,2,2,2,2,2,2,2,2,2,2,2,2,2,2,2,2,2
C-clinical-11-01310#10,2,2,2,0,2,0,2,2,2,2,2,0,2,2,2,1,2,2,2,0,2,0,2,2,2,2,2,2,2
C-clinical-11-01310#11,2,2,2,2,2,1,2,2,2,1,2,0,2,2,2,0,2,0,2,2,2,2,2,0,2,2,2,1,2
C-clinical-11-01310#12,2,2,2,2,2,1,2,2,2,1,2,0,2,2,2,1,2,2,2,2,2,2,2,0,2,2,2,1,2
C-clinical-11-01310#13,2,2,2,2,2,2,2,2,2,1,2,0,2,1,2,1,2,0,2,2,2,0,2,0,2,1,2,1,2
C-clinical-11-01310#14,0,2,2,2,2,0,0,2,2,2,2,0,0,2,2,1,1,0,0,0,0,0,0,2,2,2,2,2,2
C-clinical-11-01310#15,1,2,2,2,2,0,1,2,2,2,2,1,1,1,1,1,1,2,2,0,1,2,2,2,2,0,1,1,1
C-clinical-11-01310#16,2,2,2,2,2,0,2,2,2,1,2,0,2,2,2,1,2,0,2,2,2,2,2,0,2,2,2,1,2
C-clinical-11-01310#17,2,2,2,2,2,0,2,2,2,1,2,0,2,2,2,1,2,0,2,2,2,2,2,0,2,2,2,1,2
C-clinical-11-01310#18,2,2,2,2,2,2,2,2,2,1,2,0,2,1,2,1,2,0,2,2,2,0,2,0,2,1,2,1,2
C-clinical-11-01310#19,0,2,2,2,2,0,0,2,2,2,2,2,2,2,2,2,2,0,0,2,2,2,2,0,0,2,2,2,2
C-clinical-11-01310#2,0,2,2,2,2,2,2,2,2,2,2,2,2,2,2,2,2,2,2,0,0,2,2,2,2,2,2,2,2
C-clinical-11-01310#3,0,2,2,2,2,2,2,2,2,2,2,2,2,2,2,2,2,2,2,2,2,2,2,2,2,2,2,2,2
C-clinical-11-01310#4,2,2,2,2,2,0,2,2,2,2,2,2,2,2,2,2,2,2,2,2,2,2,2,2,2,2,2,2,2
C-clinical-11-01310#5,0,2,2,2,2,2,2,2,2,2,2,2,2,2,2,1,1,2,2,1,1,2,2,2,2,2,2,2,2
C-clinical-11-01310#6,2,2,2,2,2,2,2,2,2,2,2,0,2,2,2,1,2,2,2,0,2,2,2,2,2,2,2,2,2
C-clinical-11-01310#7,1,2,2,2,2,1,1,2,2,2,2,1,1,1,1,1,1,2,2,0,1,2,2,2,2,2,2,1,1
C-clinical-11-01310#8,1,2,2,2,2,0,1,2,2,2,2,2,2,2,2,2,2,0,1,2,2,2,2,0,1,0,1,2,2
C-clinical-11-01310#9,1,2,2,2,2,0,1,2,2,2,2,0,1,2,2,2,2,0,1,2,2,2,2,0,1,2,2,2,2
C-clinical-11-01311#1,2,2,2,2,2,2,2,2,2,2,2,2,2,2,2,1,2,2,2,2,2,2,2,2,2,2,2,2,2
C-clinical-11-01311#10,0,2,2,2,2,2,2,2,2,2,2,0,0,2,2,2,2,2,2,0,0,2,2,2,2,2,2,2,2
C-clinical-11-01311#11,0,2,2,2,2,0,0,2,2,2,2,0,0,2,2,2,2,2,2,0,0,2,2,2,2,2,2,2,2
C-clinical-11-01311#12,0,2,2,2,2,0,0,2,2,2,2,0,0,2,2,2,2,2,2,0,0,2,2,2,2,2,2,2,2
C-clinical-11-01311#2,2,2,2,2,2,2,2,2,2,2,2,2,2,2,2,0,2,2,2,2,2,2,2,2,2,2,2,2,2
C-clinical-11-01311#3,2,2,2,2,2,2,2,2,2,2,2,2,2,2,2,2,2,2,2,2,2,2,2,2,2,2,2,2,2
C-clinical-11-01311#4,1,1,1,1,1,0,1,1,1,0,1,0,1,1,1,1,1,0,1,0,1,1,1,1,1,1,1,1,1
C-clinical-11-01311#5,2,2,2,2,2,2,2,2,2,2,2,2,2,2,2,2,2,2,2,2,2,2,2,2,2,2,2,2,2
C-clinical-11-01311#6,2,2,2,2,2,2,2,2,2,1,2,0,2,1,2,0,2,2,2,2,2,2,2,2,2,2,2,2,2
C-clinical-11-01311#7,2,2,2,2,2,2,2,2,2,2,2,2,2,2,2,2,2,2,2,0,2,2,2,2,2,0,2,2,2
C-clinical-11-01311#8,2,2,2,2,2,2,2,2,2,2,2,2,2,2,2,2,2,2,2,2,2,2,2,2,2,2,2,2,2
C-clinical-11-01311#9,0,2,2,2,2,2,2,2,2,2,2,0,0,2,2,2,2,2,2,2,2,2,2,2,2,2,2,2,2
C-clinical-11-01313#0,0,2,2,2,2,2,2,2,2,2,2,2,2,1,1,0,0,2,2,2,2,2,2,2,2,2,2,2,2
C-clinical-11-01313#1,0,2,2,2,2,2,2,2,2,2,2,2,2,0,0,0,0,2,2,2,2,2,2,0,2,0,2,2,2
C-clinical-11-01313#10,2,2,2,2,2,2,2,2,2,2,2,0,2,1,2,1,2,2,2,2,2,0,2,0,2,0,2,2,2
C-clinical-11-01313#2,0,2,2,2,2,2,2,2,2,1,1,0,0,2,2,2,2,1,1,2,2,2,2,2,2,0,0,2,2
C-clinical-11-01313#3,1,2,2,2,2,1,1,2,2,2,2,2,2,2,2,2,2,2,2,2,2,2,2,2,2,0,1,2,2
C-clinical-11-01313#4,2,2,2,2,2,2,2,2,2,2,2,2,2,2,2,2,2,2,2,2,2,2,2,2,2,2,2,2,2
C-clinical-11-01313#5,0,2,2,2,2,1,1,1,1,2,2,1,1,1,1,0,0,2,2,2,2,1,1,0,1,2,2,2,2
C-clinical-11-01313#6,0,2,2,2,2,2,2,2,2,2,2,2,2,0,0,0,0,0,2,2,2,2,2,0,2,0,2,2,2
C-clinical-11-01313#7,2,2,2,2,2,2,2,2,2,2,2,0,2,2,2,2,2,2,2,0,2,2,2,2,2,2,2,2,2
C-clinical-11-01313#8,0,2,2,2,2,2,2,2,2,2,2,0,0,2,2,2,2,2,2,2,2,2,2,2,2,2,2,2,2
C-clinical-11-01313#9,0,2,2,2,2,2,2,2,2,2,2,2,2,2,2,1,1,2,2,1,1,2,2,2,2,2,2,2,2
C-clinical-11-01314#0,1,2,2,2,2,1,1,2,2,1,1,1,1,1,1,1,1,2,2,0,1,2,2,2,2,2,2,2,2
C-clinical-11-01314#1,0,2,2,1,1,1,1,1,1,2,2,0,0,1,1,0,0,2,2,1,1,1,1,1,1,1,1,1,1
C-clinical-11-01314#2,0,2,2,2,2,2,2,2,2,2,2,0,0,2,2,2,2,2,2,2,2,2,2,2,2,2,2,2,2
C-clinical-11-01314#3,0,2,2,2,2,2,2,2,2,2,2,2,2,2,2,1,2,2,2,2,2,2,2,2,2,2,2,2,2
C-clinical-11-01314#4,0,2,2,2,2,2,2,2,2,2,2,2,2,2,2,2,2,2,2,2,2,2,2,2,2,2,2,2,2
C-clinical-11-01314#5,2,2,2,2,2,0,2,2,2,2,2,2,2,2,2,2,2,2,2,1,2,2,2,2,2,2,2,2,2
C-clinical-11-01314#6,2,1,2,0,2,0,2,0,2,1,2,0,2,1,2,1,2,2,2,2,2,2,2,2,2,2,2,1,2
C-clinical-11-01314#7,2,2,2,2,2,1,2,2,2,1,2,1,2,1,2,1,2,2,2,2,2,2,2,2,2,2,2,2,2
C-clinical-11-01317#0,0,2,2,2,2,2,2,2,2,2,2,0,2,0,0,0,0,2,2,2,2,2,2,2,2,2,2,2,2
C-clinical-11-01317#1,0,1,1,1,1,1,1,1,1,2,2,0,0,0,0,0,0,2,2,1,1,1,1,1,1,1,1,1,1
C-clinical-11-01317#2,0,2,2,2,2,2,2,2,2,2,2,0,2,0,0,0,0,2,2,2,2,2,2,2,2,2,2,2,2
C-clinical-11-01317#3,0,2,2,2,2,2,2,2,2,2,2,2,2,0,0,0,0,2,2,2,2,2,2,2,2,2,2,2,2
C-clinical-11-01317#4,1,1,1,1,1,1,1,1,1,0,1,0,1,1,1,1,1,0,1,2,2,1,1,1,1,1,1,2,2
C-clinical-11-01318#0,0,2,2,2,2,2,2,2,2,2,2,2,2,2,2,2,2,2,2,2,2,2,2,2,2,2,2,2,2
C-clinical-11-01318#1,1,2,2,1,1,1,1,2,2,1,1,0,1,2,2,1,1,2,2,1,1,2,2,1,1,1,1,2,2
C-clinical-11-01318#10,0,2,2,2,2,2,2,2,2,2,2,2,2,2,2,0,2,2,2,2,2,2,2,2,2,2,2,2,2
C-clinical-11-01318#2,0,2,2,2,2,2,2,2,2,2,2,2,2,2,2,2,2,2,2,2,2,2,2,2,2,2,2,2,2
C-clinical-11-01318#3,0,2,2,2,2,2,2,2,2,2,2,2,2,2,2,0,2,2,2,2,2,2,2,0,2,0,2,2,2
C-clinical-11-01318#4,2,2,2,2,2,2,2,2,2,2,2,2,2,2,2,2,2,2,2,1,2,2,2,2,2,2,2,2,2
C-clinical-11-01318#5,0,2,2,2,2,2,2,2,2,2,2,2,2,2,2,0,0,2,2,0,0,2,2,2,2,2,2,2,2
C-clinical-11-01318#6,0,2,2,2,2,2,2,2,2,2,2,2,2,2,2,1,1,2,2,2,2,2,2,2,2,0,0,2,2
C-clinical-11-01318#7,0,2,2,2,2,0,0,2,2,2,2,2,2,0,0,0,0,2,2,0,0,2,2,0,0,2,2,2,2
C-clinical-11-01318#8,0,2,2,2,2,2,2,2,2,2,2,2,2,2,2,1,1,2,2,2,2,2,2,2,2,2,2,2,2
C-clinical-11-01318#9,0,2,2,2,2,2,2,2,2,2,2,2,2,2,2,2,2,2,2,2,2,2,2,2,2,2,2,2,2
C-clinical-11-01322#0,0,2,2,2,2,2,2,2,2,2,2,2,2,1,1,2,2,2,2,2,2,2,2,2,2,2,2,2,2
C-clinical-11-01322#1,0,2,2,2,2,2,2,2,2,2,2,0,0,0,0,1,1,2,2,2,2,2,2,2,2,2,2,2,2
C-clinical-11-01322#2,0,2,2,2,2,2,2,2,2,2,2,2,2,2,2,0,2,0,2,2,2,2,2,2,2,2,2,2,2
C-clinical-11-01322#3,0,2,2,2,2,2,2,2,2,2,2,2,2,2,2,2,2,2,2,2,2,2,2,2,2,2,2,2,2
C-clinical-11-01322#4,2,2,2,2,2,1,2,2,2,2,2,2,2,2,2,2,2,2,2,1,2,2,2,2,2,2,2,2,2
C-clinical-11-01322#5,2,2,2,2,2,2,2,2,2,2,2,2,2,2,2,2,2,2,2,2,2,2,2,2,2,2,2,2,2
C-clinical-11-01326#0,0,2,2,2,2,2,2,2,2,2,2,2,2,0,0,2,2,2,2,2,2,2,2,2,2,2,2,2,2
C-clinical-11-01326#1,0,2,2,2,2,2,2,2,2,2,2,2,2,2,2,2,2,2,2,2,2,2,2,0,2,0,2,2,2
C-clinical-11-01326#2,2,2,2,2,2,2,2,2,2,2,2,2,2,2,2,2,2,2,2,2,2,2,2,2,2,2,2,2,2
C-clinical-11-01326#3,0,2,2,2,2,2,2,2,2,2,2,2,2,2,2,2,2,2,2,2,2,2,2,0,2,2,2,2,2
C-clinical-11-01326#4,0,2,2,2,2,2,2,2,2,2,2,2,2,0,0,2,2,2,2,2,2,2,2,0,2,2,2,2,2
C-clinical-11-01326#5,0,2,2,2,2,2,2,2,2,2,2,2,2,2,2,2,2,2,2,2,2,2,2,2,2,2,2,2,2
C-clinical-11-01326#6,0,2,2,2,2,2,2,2,2,2,2,2,2,2,2,2,2,2,2,0,0,2,2,2,2,0,0,2,2
C-clinical-11-01326#7,0,2,2,2,2,2,2,2,2,2,2,2,2,2,2,0,0,2,2,0,0,2,2,2,2,2,2,2,2
C-clinical-11-01326#8,0,2,2,2,2,2,2,2,2,2,2,2,2,2,2,2,2,2,2,2,2,2,2,2,2,2,2,2,2
C-clinical-11-01328#0,0,2,2,2,2,2,2,2,2,2,2,0,0,0,0,0,0,2,2,2,2,2,2,2,2,2,2,2,2
C-clinical-11-01328#1,2,2,2,2,2,2,2,2,2,2,2,2,2,2,2,2,2,2,2,2,2,2,2,2,2,2,2,2,2
C-clinical-11-01328#2,2,2,2,2,2,2,2,2,2,2,2,0,2,0,2,2,2,2,2,2,2,2,2,2,2,2,2,2,2
C-clinical-11-01328#3,0,2,2,2,2,1,1,2,2,2,2,2,2,2,2,2,2,2,2,2,2,2,2,2,2,0,0,2,2
C-clinical-11-01328#4,2,2,2,2,2,2,2,2,2,1,2,0,2,1,2,1,2,2,2,2,2,0,2,1,2,1,2,1,2
C-clinical-11-01328#5,2,2,2,2,2,2,2,2,2,1,2,0,2,1,2,0,2,2,2,2,2,2,2,2,2,2,2,2,2
C-clinical-11-01329#0,0,2,2,2,2,2,2,2,2,2,2,2,2,1,1,1,1,2,2,2,2,2,2,2,2,2,2,2,2
C-clinical-11-01329#1,0,2,2,2,2,2,2,2,2,2,2,0,2,2,2,0,2,2,2,2,2,2,2,2,2,2,2,2,2
C-clinical-11-01329#2,0,2,2,1,1,1,1,1,1,2,2,0,0,0,0,0,0,0,0,1,1,1,1,1,1,1,1,1,1
C-clinical-11-01329#3,0,2,2,2,2,2,2,2,2,2,2,0,2,2,2,0,2,2,2,2,2,2,2,2,2,2,2,2,2
C-clinical-11-01333#0,0,2,2,1,1,1,1,1,1,2,2,0,0,0,0,0,0,2,2,1,1,1,1,1,1,1,1,1,1
C-clinical-11-01333#1,0,2,2,2,2,2,2,2,2,2,2,1,1,2,2,2,2,2,2,2,2,2,2,2,2,2,2,2,2
C-clinical-11-01333#10,0,2,2,2,2,2,2,2,2,2,2,2,2,2,2,2,2,2,2,0,0,2,2,2,2,2,2,2,2
C-clinical-11-01333#11,2,2,2,2,2,2,2,2,2,2,2,2,2,2,2,2,2,2,2,2,2,2,2,2,2,0,2,2,2
C-clinical-11-01333#2,0,2,2,2,2,2,2,2,2,2,2,2,2,2,2,2,2,2,2,2,2,2,2,2,2,2,2,2,2
C-clinical-11-01333#3,2,2,2,2,2,2,2,2,2,2,2,0,2,2,2,2,2,2,2,2,2,2,2,2,2,2,2,2,2
C-clinical-11-01333#4,0,2,2,1,1,1,1,1,1,1,1,0,0,2,2,1,1,1,1,1,1,2,2,2,2,2,2,1,1
C-clinical-11-01333#5,0,2,2,2,2,2,2,2,2,2,2,2,2,2,2,0,2,2,2,2,2,2,2,0,2,0,2,2,2
C-clinical-11-01333#6,0,2,2,2,2,2,2,2,2,2,2,0,0,2,2,1,1,2,2,2,2,2,2,2,2,2,2,2,2
C-clinical-11-01333#7,2,2,2,2,2,2,2,2,2,2,2,2,2,2,2,2,2,2,2,2,2,2,2,2,2,0,2,2,2
C-clinical-11-01333#8,2,2,2,2,2,2,2,2,2,1,2,1,2,0,2,0,2,2,2,2,2,2,2,2,2,2,2,2,2
C-clinical-11-01333#9,2,2,2,2,2,2,2,2,2,1,2,0,2,1,2,1,2,2,2,2,2,0,2,1,2,1,2,1,2
C-clinical-11-01339#0,0,2,2,2,2,2,2,2,2,2,2,1,1,0,0,1,1,0,1,1,1,2,2,2,2,2,2,2,2
C-clinical-11-01339#1,0,2,2,2,2,2,2,2,2,2,2,1,1,0,0,2,2,2,2,0,1,2,2,2,2,2,2,2,2
C-clinical-11-01339#10,1,1,1,1,1,1,1,1,1,1,1,1,1,1,1,1,1,0,1,1,1,1,1,1,1,1,1,1,1
C-clinical-11-01339#11,0,2,2,2,2,2,2,2,2,2,2,0,0,2,2,2,2,0,0,0,0,2,2,0,0,0,0,0,0
C-clinical-11-01339#3,2,2,2,2,2,2,2,2,2,2,2,0,2,2,2,2,2,2,2,2,2,2,2,2,2,2,2,2,2
C-clinical-11-01339#4,1,1,1,1,1,0,1,1,1,0,1,0,1,1,1,1,1,0,1,2,2,1,1,1,1,1,1,2,2
C-clinical-11-01339#5,2,2,2,2,2,2,2,2,2,2,2,2,2,2,2,2,2,2,2,2,2,2,2,2,2,2,2,0,2
C-clinical-11-01339#6,0,1,1,1,1,0,0,1,1,2,2,0,0,0,0,0,0,1,1,1,1,1,1,1,1,1,1,0,0
C-clinical-11-01339#7,0,2,2,2,2,2,2,2,2,2,2,2,2,2,2,2,2,2,2,0,0,2,2,2,2,0,0,2,2
C-clinical-11-01339#8,0,2,2,2,2,2,2,2,2,2,2,2,2,2,2,2,2,2,2,2,2,2,2,2,2,2,2,2,2
C-clinical-11-01339#9,0,2,2,2,2,0,0,2,2,2,2,0,0,2,2,2,2,2,2,0,0,2,2,2,2,2,2,2,2
C-clinical-11-01340#0,0,2,2,2,2,2,2,2,2,2,2,2,2,1,1,0,0,2,2,2,2,2,2,2,2,2,2,2,2
C-clinical-11-01340#1,0,2,2,2,2,2,2,2,2,2,2,2,2,0,0,0,0,2,2,2,2,2,2,0,2,2,2,2,2
C-clinical-11-01340#2,1,2,2,1,1,2,2,2,2,1,1,0,1,2,2,1,1,2,2,1,1,2,2,1,1,1,1,2,2
C-clinical-11-01340#3,2,2,2,2,2,2,2,2,2,2,2,2,2,2,2,2,2,2,2,2,2,2,2,2,2,2,2,2,2
C-clinical-11-01340#4,2,2,2,2,2,2,2,2,2,2,2,2,2,2,2,0,2,2,2,2,2,2,2,2,2,2,2,2,2
C-clinical-11-01340#5,0,2,2,2,2,2,2,2,2,2,2,2,2,2,2,2,2,2,2,1,1,2,2,2,2,0,0,2,2
C-clinical-11-01340#6,0,2,2,2,2,2,2,2,2,2,2,2,2,2,2,0,0,2,2,2,2,2,2,2,2,2,2,2,2
C-clinical-11-01340#7,0,2,2,1,1,1,1,1,1,2,2,0,0,0,0,0,0,2,2,1,1,1,1,0,0,0,0,0,0
C-clinical-11-01340#8,0,2,2,2,2,2,2,2,2,2,2,2,2,2,2,1,1,2,2,1,1,2,2,2,2,2,2,2,2
C-clinical-11-01343#0,0,2,2,2,2,2,2,2,2,2,2,1,1,2,2,1,2,2,2,2,2,2,2,2,2,2,2,2,2
C-clinical-11-01343#1,1,1,1,1,1,1,1,1,1,0,1,0,1,1,1,1,1,0,1,2,2,1,1,1,1,1,1,2,2
C-clinical-11-01343#2,2,2,2,2,2,2,2,2,2,2,2,1,2,2,2,1,2,2,2,0,2,2,2,2,2,0,2,2,2
C-clinical-11-01343#3,0,2,2,2,2,2,2,2,2,2,2,2,2,2,2,2,2,2,2,0,0,2,2,2,2,2,2,2,2
C-clinical-11-01343#4,2,2,2,2,2,2,2,2,2,2,2,2,2,2,2,2,2,2,2,1,2,2,2,2,2,2,2,2,2
C-clinical-11-01343#5,0,2,2,2,2,2,2,2,2,2,2,2,2,2,2,2,2,2,2,2,2,2,2,2,2,2,2,2,2
C-clinical-11-01343#6,0,2,2,2,2,2,2,2,2,2,2,0,0,2,2,2,2,2,2,2,2,2,2,2,2,2,2,0,2
C-clinical-11-01343#7,2,2,2,2,2,2,2,2,2,2,2,0,2,2,2,2,2,2,2,2,2,2,2,2,2,2,2,2,2
C-clinical-11-01343#8,1,2,2,2,2,2,2,2,2,2,2,2,2,2,2,2,2,2,2,0,1,2,2,2,2,2,2,2,2
C-clinical-11-01346#0,0,2,2,2,2,2,2,2,2,2,2,2,2,2,2,0,0,2,2,2,2,2,2,0,0,2,2,2,2
C-clinical-11-01346#1,0,2,2,2,2,2,2,2,2,2,2,0,1,0,0,0,2,2,2,2,2,2,2,2,2,2,2,2,2
C-clinical-11-01346#10,0,2,2,2,2,2,2,2,2,2,2,2,2,2,2,0,0,2,2,0,0,2,2,0,0,2,2,0,2
C-clinical-11-01346#2,0,2,2,2,2,2,2,2,2,2,2,1,1,0,0,1,2,2,2,2,2,2,2,2,2,2,2,2,2
C-clinical-11-01346#4,2,2,2,2,2,2,2,2,2,2,2,0,2,2,2,2,2,2,2,2,2,2,2,2,2,2,2,2,2
C-clinical-11-01346#5,1,1,1,1,1,1,1,1,1,0,1,0,1,1,1,1,1,0,1,2,2,1,1,1,1,1,1,2,2
C-clinical-11-01346#6,2,2,2,2,2,2,2,2,2,2,2,2,2,2,2,2,2,2,2,2,2,2,2,2,2,2,2,2,2
C-clinical-11-01346#7,0,2,2,2,2,2,2,2,2,2,2,0,0,0,0,2,2,2,2,2,2,2,2,0,2,0,2,2,2
C-clinical-11-01346#8,0,2,2,2,2,0,0,2,2,0,0,0,0,2,2,2,2,2,2,0,0,2,2,2,2,2,2,2,2
C-clinical-11-01346#9,0,2,2,2,2,2,2,2,2,2,2,2,2,0,0,2,2,2,2,2,2,2,2,0,2,0,2,2,2
C-clinical-11-01350#0,0,2,2,2,2,2,2,2,2,2,2,0,0,0,0,1,1,2,2,2,2,2,2,2,2,2,2,2,2
C-clinical-11-01350#1,0,2,2,2,2,2,2,2,2,2,2,1,2,1,1,2,2,2,2,2,2,2,2,2,2,2,2,2,2
C-clinical-11-01350#3,2,2,2,2,2,2,2,2,2,2,2,0,2,2,2,2,2,2,2,2,2,2,2,2,2,2,2,2,2
C-clinical-11-01350#4,0,2,2,2,2,2,2,2,2,2,2,2,2,2,2,2,2,2,2,2,2,2,2,0,2,2,2,2,2
C-clinical-11-01350#5,0,2,2,2,2,1,1,2,2,2,2,0,0,2,2,1,1,2,2,0,0,2,2,2,2,2,2,2,2
C-clinical-11-01350#6,0,2,2,2,2,2,2,2,2,2,2,2,2,2,2,2,2,2,2,2,2,2,2,2,2,2,2,2,2
C-clinical-11-01351#0,2,2,2,2,2,2,2,2,2,2,2,2,2,1,2,1,2,2,2,2,2,2,2,2,2,2,2,2,2
C-clinical-11-01351#1,2,2,2,2,2,2,2,2,2,2,2,2,2,2,2,2,2,2,2,2,2,2,2,2,2,2,2,2,2
C-clinical-11-01351#10,2,2,2,2,2,2,2,2,2,2,2,0,2,2,2,1,2,2,2,0,2,2,2,2,2,2,2,2,2
C-clinical-11-01351#2,1,1,1,1,1,1,1,1,1,0,1,0,1,1,1,1,1,0,1,2,2,1,1,1,1,1,1,2,2
C-clinical-11-01351#3,1,2,2,2,2,2,2,2,2,2,2,2,2,2,2,1,1,2,2,1,1,2,2,2,2,2,2,2,2
C-clinical-11-01351#4,2,2,2,2,2,2,2,2,2,2,2,2,2,2,2,2,2,2,2,2,2,2,2,2,2,2,2,2,2
C-clinical-11-01351#5,2,2,2,2,2,2,2,2,2,2,2,1,2,2,2,1,2,2,2,0,2,2,2,2,2,2,2,2,2
C-clinical-11-01351#6,0,2,2,2,2,2,2,2,2,2,2,2,2,2,2,2,2,2,2,2,2,2,2,2,2,2,2,2,2
C-clinical-11-01351#7,1,2,2,2,2,1,1,2,2,2,2,2,2,2,2,2,2,2,2,0,1,2,2,1,1,2,2,2,2
C-clinical-11-01351#8,2,2,2,2,2,2,2,2,2,2,2,2,2,1,2,2,2,2,2,2,2,2,2,2,2,2,2,2,2
C-clinical-11-01351#9,0,2,2,2,2,2,2,2,2,2,2,2,2,2,2,1,1,2,2,1,1,2,2,2,2,2,2,2,2
C-clinical-11-01352#0,0,2,2,2,2,2,2,2,2,2,2,0,0,1,1,0,0,0,0,2,2,2,2,2,2,2,2,2,2
C-clinical-11-01352#1,0,2,2,2,2,2,2,2,2,2,2,0,0,2,2,0,0,0,0,2,2,2,2,2,2,0,2,2,2
C-clinical-11-01352#2,0,2,2,2,2,2,2,2,2,2,2,0,0,2,2,2,2,0,0,2,2,2,2,2,2,2,2,2,2
C-clinical-11-01352#3,0,1,1,2,2,1,1,2,2,2,2,2,2,2,2,2,2,2,2,1,1,2,2,1,1,2,2,2,2
C-clinical-11-01352#4,1,2,2,2,2,1,1,2,2,1,1,2,2,2,2,2,2,2,2,1,1,2,2,1,1,2,2,2,2
C-clinical-11-01352#5,0,2,2,2,2,2,2,2,2,2,2,0,0,2,2,0,0,0,0,2,2,2,2,2,2,0,2,2,2
C-clinical-11-01352#6,2,2,2,2,2,2,2,2,2,2,2,2,2,2,2,2,2,2,2,2,2,2,2,2,2,0,2,2,2
C-clinical-11-01355#0,0,2,2,2,2,2,2,2,2,2,2,2,2,2,2,2,2,2,2,2,2,2,2,2,2,2,2,2,2
C-clinical-11-01355#1,1,1,1,1,1,1,1,1,1,0,1,0,1,1,1,1,1,0,1,2,2,1,1,0,1,1,1,1,1
C-clinical-11-01355#2,0,2,2,2,2,2,2,2,2,2,2,2,2,2,2,2,2,0,2,2,2,2,2,0,2,2,2,2,2
C-clinical-11-01355#3,2,2,2,2,2,2,2,2,2,2,2,2,2,0,2,2,2,2,2,2,2,2,2,2,2,2,2,2,2
C-clinical-11-01355#4,0,1,1,1,1,0,0,1,1,2,2,0,0,0,0,0,0,0,0,1,1,1,1,1,1,1,1,1,1
C-clinical-11-01355#5,0,2,2,2,2,2,2,2,2,2,2,0,0,2,2,2,2,2,2,0,0,2,2,2,2,2,2,2,2
C-clinical-11-01355#6,0,2,2,2,2,2,2,2,2,2,2,2,2,2,2,2,2,0,0,2,2,2,2,2,2,2,2,2,2
C-clinical-11-01355#7,2,2,2,2,2,2,2,2,2,2,2,0,2,0,2,2,2,2,2,2,2,2,2,2,2,2,2,2,2
C-clinical-11-01357#0,0,2,2,2,2,2,2,2,2,2,2,2,2,0,0,0,0,2,2,2,2,2,2,2,2,2,2,2,2
C-clinical-11-01357#1,0,2,2,2,2,2,2,2,2,2,2,2,2,0,0,0,0,2,2,2,2,2,2,2,2,2,2,2,2
C-clinical-11-01357#2,2,2,2,2,2,2,2,2,2,2,2,0,2,2,2,2,2,2,2,2,2,2,2,2,2,2,2,2,2
C-clinical-11-01357#3,0,2,2,2,2,2,2,2,2,2,2,0,0,0,0,0,0,2,2,2,2,2,2,2,2,2,2,2,2
C-clinical-11-01357#4,0,2,2,2,2,2,2,2,2,2,2,2,2,2,2,2,2,2,2,2,2,2,2,2,2,0,0,2,2
C-clinical-11-01357#5,2,2,2,2,2,1,2,2,2,2,2,2,2,2,2,2,2,2,2,1,2,2,2,2,2,2,2,2,2
C-clinical-11-01357#6,2,2,2,0,2,1,2,1,2,1,2,0,2,1,2,1,2,2,2,2,2,2,2,2,2,2,2,1,2
C-clinical-11-01357#7,2,2,2,2,2,2,2,2,2,1,2,1,2,0,2,0,2,2,2,2,2,2,2,2,2,2,2,2,2
C-clinical-11-01357#8,0,2,2,2,2,2,2,2,2,2,2,0,0,2,2,2,2,2,2,0,0,2,2,2,2,2,2,2,2
C-clinical-11-01357#9,0,2,2,2,2,2,2,2,2,2,2,0,0,2,2,2,2,2,2,2,2,2,2,2,2,2,2,2,2
C-clinical-11-01360#0,1,2,2,1,1,1,1,0,1,2,2,0,1,2,2,1,1,2,2,1,1,1,1,1,1,2,2,2,2
C-clinical-11-01360#1,2,2,2,2,2,2,2,2,2,2,2,2,2,2,2,0,2,2,2,2,2,2,2,2,2,2,2,2,2
C-clinical-11-01360#10,2,2,2,2,2,2,2,2,2,2,2,0,2,1,2,1,2,2,2,2,2,0,2,2,2,0,2,2,2
C-clinical-11-01360#11,0,2,2,2,2,2,2,2,2,2,2,2,2,2,2,2,2,2,2,2,2,2,2,2,2,2,2,2,2
C-clinical-11-01360#2,1,1,1,1,1,1,1,1,1,0,1,0,1,1,1,1,1,0,1,0,1,1,1,1,1,1,1,1,1
C-clinical-11-01360#3,2,2,2,2,2,2,2,2,2,1,2,1,2,2,2,1,2,2,2,1,2,2,2,2,2,2,2,2,2
C-clinical-11-01360#4,0,2,2,2,2,2,2,2,2,2,2,2,2,2,2,0,0,2,2,2,2,2,2,2,2,2,2,2,2
C-clinical-11-01360#5,0,2,2,2,2,1,1,1,1,1,1,2,2,2,2,1,1,2,2,2,2,2,2,2,2,1,1,2,2
C-clinical-11-01360#6,2,2,2,2,2,2,2,2,2,2,2,2,2,2,2,2,2,2,2,2,2,2,2,2,2,2,2,2,2
C-clinical-11-01360#7,0,2,2,2,2,2,2,2,2,2,2,0,0,0,0,0,0,2,2,2,2,2,2,0,0,2,2,2,2
C-clinical-11-01360#8,0,2,2,2,2,2,2,2,2,2,2,0,0,0,0,0,0,2,2,2,2,2,2,0,0,2,2,2,2
C-clinical-11-01360#9,2,2,2,2,2,2,2,2,2,1,2,0,2,2,2,2,2,2,2,0,2,2,2,2,2,2,2,2,2
C-clinical-11-01361#0,0,2,2,2,2,2,2,2,2,2,2,1,1,1,1,2,2,2,2,2,2,2,2,2,2,2,2,2,2
C-clinical-11-01361#1,1,2,2,2,2,1,1,1,1,1,1,0,1,1,1,1,1,1,1,1,1,1,1,2,2,0,1,1,1
C-clinical-11-01361#2,0,2,2,2,2,2,2,2,2,2,2,2,2,1,1,1,1,2,2,2,2,2,2,2,2,2,2,2,2
C-clinical-11-01361#3,0,2,2,2,2,2,2,2,2,2,2,0,0,2,2,2,2,2,2,2,2,2,2,2,2,2,2,2,2
C-clinical-11-01362#0,2,2,2,2,2,2,2,2,2,2,2,0,2,0,2,0,2,2,2,2,2,2,2,2,2,2,2,2,2
C-clinical-11-01362#1,2,2,2,2,2,2,2,2,2,2,2,0,2,0,2,0,2,2,2,2,2,2,2,2,2,0,2,2,2
C-clinical-11-01362#2,0,2,2,2,2,2,2,2,2,2,2,2,2,2,2,2,2,2,2,2,2,2,2,0,0,0,0,2,2
C-clinical-11-01362#3,0,2,2,2,2,1,1,2,2,2,2,2,2,2,2,2,2,2,2,2,2,2,2,0,0,0,0,2,2
C-clinical-11-01362#4,2,2,2,2,2,1,2,2,2,2,2,2,2,2,2,1,2,2,2,1,2,2,2,2,2,2,2,2,2
C-clinical-11-01363#0,0,2,2,2,2,2,2,2,2,2,2,0,0,2,2,2,2,2,2,2,2,2,2,2,2,2,2,2,2
C-clinical-11-01363#1,0,2,2,2,2,2,2,2,2,2,2,0,0,2,2,2,2,0,2,2,2,2,2,2,2,2,2,2,2
C-clinical-11-01363#2,0,2,2,2,2,2,2,2,2,2,2,0,0,2,2,2,2,0,2,2,2,2,2,2,2,2,2,2,2
C-clinical-11-01363#3,0,2,2,2,2,2,2,2,2,2,2,0,0,2,2,0,0,0,0,2,2,2,2,2,2,0,0,2,2
C-clinical-11-01363#4,2,1,2,0,2,1,2,0,2,1,2,0,2,1,2,1,2,0,2,2,2,2,2,2,2,2,2,1,2
C-clinical-11-01363#5,0,2,2,2,2,2,2,2,2,2,2,0,0,2,2,0,0,0,0,2,2,2,2,2,2,0,0,0,2
C-clinical-11-01366#0,0,2,2,2,2,2,2,2,2,2,2,1,2,0,0,0,0,2,2,2,2,2,2,2,2,2,2,2,2
C-clinical-11-01366#1,0,2,2,2,2,2,2,2,2,2,2,2,2,0,0,0,0,2,2,2,2,2,2,2,2,2,2,2,2
C-clinical-11-01366#2,0,2,2,2,2,2,2,2,2,2,2,2,2,2,2,2,2,0,0,2,2,2,2,2,2,2,2,2,2
C-clinical-11-01369#0,2,2,2,2,2,2,2,2,2,2,2,0,2,0,2,2,2,2,2,2,2,2,2,2,2,2,2,2,2
C-clinical-11-01369#1,2,2,2,2,2,2,2,2,2,2,2,2,2,2,2,0,2,2,2,2,2,2,2,2,2,2,2,2,2
C-clinical-11-01369#10,0,2,2,2,2,2,2,2,2,2,2,1,1,2,2,2,2,2,2,2,2,2,2,2,2,2,2,2,2
C-clinical-11-01369#11,0,2,2,2,2,2,2,2,2,2,2,2,2,2,2,2,2,2,2,2,2,2,2,2,2,2,2,2,2
C-clinical-11-01369#2,2,2,2,2,2,2,2,2,2,2,2,2,2,2,2,2,2,2,2,2,2,2,2,2,2,2,2,2,2
C-clinical-11-01369#3,1,1,1,1,1,0,1,1,1,0,1,0,1,1,1,1,1,0,1,0,1,1,1,1,1,1,1,1,1
C-clinical-11-01369#4,2,2,2,2,2,1,2,2,2,2,2,0,2,2,2,2,2,2,2,0,2,2,2,2,2,2,2,2,2
C-clinical-11-01369#5,2,2,2,2,2,2,2,2,2,2,2,2,2,2,2,2,2,2,2,2,2,2,2,2,2,2,2,2,2
C-clinical-11-01369#6,0,2,2,2,2,2,2,2,2,1,1,1,1,2,2,1,1,2,2,0,0,2,2,2,2,2,2,2,2
C-clinical-11-01369#7,0,2,2,2,2,2,2,2,2,2,2,2,2,2,2,2,2,2,2,2,2,2,2,2,2,2,2,2,2
C-clinical-11-01369#8,0,2,2,2,2,2,2,2,2,2,2,0,0,2,2,2,2,2,2,0,0,2,2,2,2,0,0,2,2
C-clinical-11-01372#0,0,2,2,2,2,2,2,2,2,2,2,1,1,1,1,1,1,2,2,2,2,2,2,2,2,2,2,2,2
C-clinical-11-01372#1,0,2,2,2,2,2,2,2,2,2,2,2,2,0,0,0,0,2,2,2,2,2,2,2,2,2,2,2,2
C-clinical-11-01372#2,2,2,2,2,2,2,2,2,2,2,2,0,2,2,2,2,2,2,2,2,2,2,2,2,2,2,2,2,2
C-clinical-11-01372#3,0,2,2,2,2,2,2,2,2,2,2,0,0,1,1,0,0,2,2,2,2,2,2,2,2,2,2,2,2
C-clinical-11-01372#4,2,2,2,2,2,2,2,2,2,2,2,0,2,2,2,2,2,2,2,2,2,2,2,2,2,2,2,2,2
C-clinical-11-01372#5,2,2,2,2,2,2,2,2,2,2,2,2,2,2,2,2,2,2,2,0,2,2,2,2,2,2,2,2,2
C-clinical-11-01372#6,2,2,2,2,2,1,2,2,2,2,2,2,2,2,2,2,2,2,2,2,2,2,2,2,2,2,2,2,2
C-clinical-11-01372#7,0,2,2,2,2,2,2,2,2,2,2,0,0,2,2,2,2,2,2,0,0,2,2,2,2,2,2,2,2
C-clinical-11-01372#8,0,2,2,2,2,2,2,2,2,2,2,0,0,2,2,2,2,2,2,0,0,2,2,2,2,2,2,2,2
C-clinical-11-01372#9,2,2,2,2,2,2,2,2,2,2,2,0,2,2,2,2,2,2,2,2,2,2,2,2,2,2,2,2,2
C-clinical-11-01373#1,2,2,2,2,2,2,2,2,2,2,2,1,2,2,2,2,2,2,2,2,2,2,2,2,2,2,2,2,2
C-clinical-11-01373#2,2,2,2,2,2,2,2,2,2,2,2,2,2,2,2,2,2,2,2,2,2,2,2,0,2,2,2,2,2
C-clinical-11-01373#3,1,1,1,1,1,1,1,1,1,0,1,0,1,1,1,1,1,0,1,2,2,1,1,1,1,1,1,1,1
C-clinical-11-01373#4,2,2,2,2,2,2,2,2,2,2,2,0,2,2,2,1,2,0,2,0,2,2,2,2,2,2,2,2,2
C-clinical-11-01373#5,0,2,2,2,2,2,2,2,2,2,2,2,2,2,2,2,2,2,2,2,2,2,2,2,2,2,2,2,2
C-clinical-11-01373#6,0,2,2,2,2,2,2,2,2,2,2,1,1,2,2,1,1,2,2,0,0,2,2,2,2,2,2,2,2
C-clinical-11-01373#7,1,2,2,2,2,2,2,2,2,2,2,2,2,2,2,2,2,2,2,0,1,2,2,2,2,2,2,2,2
C-clinical-11-01373#8,0,2,2,2,2,2,2,2,2,2,2,0,0,2,2,2,2,0,0,0,0,2,2,0,0,2,2,0,0
C-clinical-11-01373#9,0,2,2,2,2,2,2,2,2,2,2,0,0,2,2,2,2,0,0,0,0,2,2,0,0,2,2,0,0
C-clinical-11-01375#0,0,2,2,2,2,2,2,2,2,2,2,0,0,2,2,2,2,2,2,2,2,2,2,2,2,2,2,2,2
C-clinical-11-01375#1,0,2,2,2,2,2,2,2,2,2,2,0,0,2,2,0,2,2,2,0,2,2,2,0,2,0,2,2,2
C-clinical-11-01375#2,0,2,2,2,2,2,2,2,2,2,2,0,0,1,1,0,0,2,2,2,2,2,2,2,2,2,2,2,2
C-clinical-11-01375#3,2,2,2,2,2,2,2,2,2,2,2,0,2,2,2,2,2,2,2,0,2,2,2,2,2,2,2,2,2
C-clinical-11-01375#4,0,2,2,2,2,2,2,2,2,2,2,2,2,2,2,0,0,2,2,2,2,2,2,2,2,2,2,2,2
C-clinical-11-01375#5,2,2,2,2,2,2,2,2,2,2,2,0,2,1,2,0,2,2,2,2,2,0,2,2,2,0,2,2,2
C-clinical-11-01375#6,0,2,2,2,2,2,2,2,2,2,2,2,2,2,2,2,2,2,2,2,2,2,2,2,2,2,2,2,2
C-clinical-11-01375#7,0,2,2,2,2,2,2,2,2,2,2,0,0,2,2,2,2,2,2,2,2,2,2,2,2,2,2,2,2
C-clinical-11-01377#0,0,2,2,2,2,2,2,2,2,2,2,1,1,0,0,0,0,2,2,2,2,2,2,2,2,2,2,2,2
C-clinical-11-01377#1,2,2,2,2,2,2,2,2,2,2,2,0,2,2,2,2,2,2,2,2,2,2,2,2,2,2,2,2,2
C-clinical-11-01377#2,2,2,2,2,2,2,2,2,2,2,2,2,2,2,2,2,2,2,2,2,2,2,2,2,2,2,2,2,2
C-clinical-11-01377#3,0,2,2,2,2,2,2,2,2,2,2,0,0,2,2,2,2,2,2,0,0,2,2,2,2,2,2,2,2
C-clinical-11-01377#4,2,2,2,2,2,2,2,2,2,2,2,0,2,2,2,2,2,2,2,2,2,2,2,2,2,2,2,2,2
C-clinical-11-01378#0,2,2,2,2,2,2,2,2,2,2,2,1,2,1,2,2,2,2,2,2,2,2,2,2,2,2,2,2,2
C-clinical-11-01378#1,2,2,2,2,2,2,2,2,2,2,2,2,2,2,2,2,2,2,2,2,2,2,2,2,2,2,2,2,2
C-clinical-11-01378#2,1,1,1,1,1,1,1,1,1,0,1,0,1,1,1,1,1,0,1,0,1,1,1,1,1,1,1,2,2
C-clinical-11-01378#4,0,2,2,2,2,2,2,2,2,0,0,2,2,0,0,0,0,0,0,2,2,2,2,2,2,2,2,2,2
C-clinical-11-01378#5,0,2,2,2,2,2,2,2,2,2,2,0,0,2,2,0,0,0,0,2,2,2,2,2,2,2,2,2,2
C-clinical-11-01381#0,0,2,2,2,2,2,2,2,2,2,2,0,1,2,2,0,0,2,2,2,2,2,2,2,2,2,2,2,2
C-clinical-11-01381#1,2,2,2,2,2,2,2,2,2,2,2,2,2,2,2,2,2,2,2,2,2,2,2,2,2,2,2,2,2
C-clinical-11-01381#2,0,2,2,2,2,2,2,2,2,2,2,0,0,0,0,2,2,2,2,2,2,2,2,2,2,2,2,2,2
C-clinical-11-01381#3,0,2,2,2,2,2,2,2,2,2,2,2,2,0,0,0,0,2,2,2,2,2,2,0,2,0,2,0,2
C-clinical-11-01381#4,0,2,2,2,2,2,2,2,2,2,2,2,2,2,2,2,2,2,2,0,0,2,2,2,2,0,0,2,2
C-clinical-11-01381#5,1,1,1,1,1,1,1,1,1,1,1,1,1,1,1,1,1,1,1,1,1,1,1,1,1,1,1,1,1
C-clinical-11-01381#6,0,2,2,2,2,2,2,2,2,2,2,0,0,2,2,2,2,2,2,0,0,2,2,2,2,2,2,2,2
C-clinical-11-01381#7,2,2,2,2,2,2,2,2,2,2,2,2,2,2,2,2,2,2,2,2,2,2,2,2,2,2,2,2,2
C-clinical-11-01381#8,0,2,2,2,2,2,2,2,2,2,2,0,0,1,1,2,2,2,2,2,2,2,2,2,2,2,2,2,2
C-clinical-11-01383#0,0,2,2,2,2,2,2,2,2,2,2,1,1,2,2,2,2,2,2,2,2,2,2,2,2,2,2,2,2
C-clinical-11-01383#1,2,2,2,2,2,2,2,2,2,2,2,2,2,2,2,2,2,2,2,2,2,2,2,2,2,2,2,2,2
C-clinical-11-01383#10,0,2,2,2,2,0,2,2,2,2,2,0,0,2,2,0,2,0,2,2,2,2,2,0,2,0,2,0,2
C-clinical-11-01383#11,2,2,2,2,2,2,2,2,2,1,2,1,2,1,2,1,2,2,2,0,2,2,2,2,2,2,2,2,2
C-clinical-11-01383#12,0,2,2,2,2,2,2,2,2,2,2,2,2,2,2,0,0,0,2,2,2,2,2,2,2,2,2,2,2
C-clinical-11-01383#13,0,2,2,2,2,2,2,2,2,2,2,0,0,2,2,2,2,2,2,1,1,2,2,2,2,2,2,2,2
C-clinical-11-01383#14,0,2,2,2,2,2,2,2,2,2,2,1,1,2,2,1,1,2,2,1,1,2,2,2,2,2,2,2,2
C-clinical-11-01383#2,1,1,1,1,1,1,1,1,1,0,1,0,1,1,1,1,1,0,1,2,2,1,1,1,1,1,1,2,2
C-clinical-11-01383#3,2,2,2,2,2,2,2,2,2,1,2,1,2,1,2,1,2,2,2,0,2,2,2,2,2,0,2,2,2
C-clinical-11-01383#4,0,2,2,2,2,2,2,2,2,2,2,2,2,2,2,2,2,2,2,0,0,2,2,2,2,2,2,2,2
C-clinical-11-01383#5,0,2,2,2,2,2,2,2,2,2,2,2,2,2,2,2,2,2,2,2,2,2,2,2,2,2,2,2,2
C-clinical-11-01383#6,0,2,2,2,2,2,2,2,2,2,2,0,0,2,2,2,2,2,2,1,1,2,2,2,2,2,2,2,2
C-clinical-11-01383#8,2,2,2,2,2,2,2,2,2,2,2,2,2,2,2,1,2,2,2,2,2,2,2,2,2,2,2,2,2
C-clinical-11-01383#9,0,2,2,2,2,2,2,2,2,2,2,2,2,2,2,2,2,2,2,2,2,2,2,2,2,2,2,2,2
C-clinical-11-01384#0,0,2,2,2,2,2,2,2,2,2,2,1,2,2,2,2,2,2,2,2,2,2,2,2,2,2,2,2,2
C-clinical-11-01384#1,0,2,2,2,2,2,2,2,2,2,2,2,2,2,2,2,2,2,2,2,2,2,2,2,2,2,2,2,2
C-clinical-11-01384#2,0,2,2,2,2,2,2,2,2,2,2,2,2,2,2,2,2,2,2,2,2,2,2,2,2,0,2,2,2
C-clinical-11-01384#3,2,2,2,2,2,2,2,2,2,2,2,2,2,2,2,2,2,2,2,2,2,2,2,2,2,2,2,2,2
C-clinical-11-01388#0,0,2,2,2,2,2,2,2,2,2,2,1,1,1,1,2,2,2,2,2,2,2,2,2,2,2,2,2,2
C-clinical-11-01388#1,2,2,2,2,2,2,2,2,2,2,2,0,2,2,2,2,2,2,2,2,2,2,2,2,2,2,2,2,2
C-clinical-11-01388#2,0,2,2,1,1,0,0,1,1,2,2,0,0,1,1,0,0,1,1,1,1,1,1,1,1,1,1,0,0
C-clinical-11-01388#3,2,2,2,2,2,2,2,2,2,2,2,0,2,2,2,2,2,0,2,2,2,2,2,2,2,2,2,2,2
C-clinical-11-01389#0,0,2,2,2,2,2,2,2,2,2,2,2,2,2,2,1,1,2,2,2,2,2,2,2,2,2,2,2,2
C-clinical-11-01389#1,2,2,2,2,2,2,2,2,2,2,2,2,2,2,2,2,2,2,2,2,2,2,2,2,2,2,2,2,2
C-clinical-11-01389#2,2,2,2,2,2,2,2,2,2,2,2,2,2,1,2,1,2,2,2,0,2,2,2,2,2,2,2,2,2
C-clinical-11-01389#3,2,2,2,2,2,2,2,2,2,2,2,2,2,1,2,1,2,0,2,0,2,2,2,2,2,2,2,2,2
C-clinical-11-01390#0,0,2,2,2,2,2,2,2,2,2,2,1,1,2,2,2,2,2,2,2,2,2,2,2,2,2,2,2,2
C-clinical-11-01390#1,0,2,2,2,2,2,2,2,2,2,2,2,2,2,2,2,2,0,0,2,2,2,2,2,2,2,2,2,2
C-clinical-11-01390#2,0,2,2,2,2,2,2,2,2,2,2,0,0,2,2,2,2,2,2,2,2,2,2,2,2,2,2,2,2
C-clinical-11-01390#3,2,2,2,2,2,2,2,2,2,2,2,0,2,2,2,0,2,2,2,2,2,2,2,2,2,2,2,2,2
C-clinical-11-01390#4,0,2,2,2,2,2,2,2,2,2,2,0,0,2,2,1,1,2,2,1,1,2,2,2,2,2,2,2,2
C-clinical-11-01391#0,2,2,2,2,2,2,2,2,2,2,2,1,2,0,2,0,2,2,2,2,2,2,2,2,2,2,2,2,2
C-clinical-11-01391#1,2,2,2,2,2,2,2,2,2,2,2,2,2,0,2,0,2,2,2,0,2,2,2,0,2,0,2,2,2
C-clinical-11-01391#10,2,2,2,2,2,2,2,2,2,2,2,0,2,0,2,0,2,2,2,2,2,2,2,2,2,2,2,2,2
C-clinical-11-01391#11,2,2,2,2,2,2,2,2,2,2,2,1,2,0,2,0,2,2,2,2,2,2,2,2,2,2,2,2,2
C-clinical-11-01391#2,1,2,2,2,2,1,1,1,1,2,2,1,1,0,1,0,1,2,2,2,2,1,1,0,1,1,1,2,2
C-clinical-11-01391#3,2,2,2,2,2,2,2,2,2,2,2,0,2,0,2,0,2,2,2,2,2,2,2,2,2,2,2,2,2
C-clinical-11-01391#4,0,2,2,2,2,1,1,2,2,0,0,2,2,2,2,1,1,2,2,1,1,2,2,2,2,2,2,2,2
C-clinical-11-01391#5,1,2,2,2,2,1,1,2,2,2,2,2,2,2,2,2,2,2,2,1,1,2,2,1,1,2,2,2,2
C-clinical-11-01391#6,0,2,2,2,2,2,2,2,2,2,2,2,2,2,2,2,2,2,2,0,0,2,2,2,2,0,0,2,2
C-clinical-11-01391#7,0,2,2,2,2,0,0,2,2,2,2,0,0,2,2,1,1,2,2,0,0,2,2,2,2,2,2,1,1
C-clinical-11-01391#8,0,2,2,2,2,0,0,2,2,1,1,0,0,1,1,1,1,2,2,0,0,2,2,2,2,2,2,2,2
C-clinical-11-01391#9,2,0,2,0,2,0,2,0,2,2,2,0,2,2,2,2,2,2,2,2,2,2,2,0,2,2,2,2,2
C-clinical-11-01394#0,0,2,2,2,2,2,2,2,2,2,2,2,2,0,0,0,0,2,2,2,2,2,2,2,2,2,2,2,2
C-clinical-11-01394#1,1,1,1,1,1,1,1,1,1,0,1,0,1,1,1,0,1,0,1,2,2,0,1,2,2,2,2,2,2
C-clinical-11-01394#10,1,2,2,2,2,1,1,2,2,2,2,2,2,2,2,2,2,2,2,1,1,2,2,1,1,2,2,2,2
C-clinical-11-01394#12,0,2,2,2,2,1,1,2,2,1,1,1,1,1,1,1,1,2,2,1,1,2,2,2,2,2,2,2,2
C-clinical-11-01394#2,2,2,2,2,2,1,2,2,2,2,2,0,2,2,2,2,2,2,2,1,2,2,2,2,2,2,2,0,2
C-clinical-11-01394#3,2,2,2,2,2,2,2,2,2,2,2,2,2,2,2,2,2,2,2,2,2,2,2,2,2,2,2,2,2
C-clinical-11-01394#5,0,2,2,2,2,1,1,1,1,1,1,0,0,2,2,1,1,1,1,1,1,2,2,2,2,2,2,2,2
C-clinical-11-01394#6,0,2,2,2,2,2,2,2,2,2,2,2,2,1,1,1,1,2,2,0,0,2,2,0,0,0,0,2,2
C-clinical-11-01394#7,0,2,2,2,2,2,2,2,2,2,2,2,2,0,0,0,0,2,2,2,2,2,2,2,2,2,2,2,2
C-clinical-11-01394#8,0,2,2,2,2,2,2,2,2,2,2,0,0,2,2,2,2,2,2,2,2,2,2,2,2,0,0,2,2
C-clinical-11-01394#9,0,2,2,2,2,0,0,2,2,2,2,0,0,2,2,2,2,2,2,0,0,2,2,2,2,2,2,2,2
C-clinical-11-01396#0,0,2,2,2,2,2,2,2,2,2,2,2,2,2,2,2,2,2,2,2,2,2,2,0,0,0,0,2,2
C-clinical-11-01396#1,0,2,2,2,2,2,2,2,2,2,2,0,0,1,1,2,2,2,2,2,2,2,2,2,2,1,2,2,2
C-clinical-11-01396#2,0,2,2,2,2,2,2,2,2,2,2,0,0,0,0,0,1,2,2,2,2,1,1,0,1,2,2,2,2
C-clinical-11-01396#3,2,2,2,2,2,1,2,2,2,2,2,2,2,2,2,2,2,2,2,2,2,2,2,2,2,2,2,2,2
C-clinical-11-01396#4,2,2,2,2,2,2,2,2,2,1,2,1,2,1,2,1,2,2,2,2,2,2,2,2,2,2,2,2,2
C-clinical-11-01396#5,2,2,2,2,2,2,2,2,2,1,2,0,2,1,2,1,2,2,2,2,2,0,2,0,2,1,2,1,2
C-clinical-11-01397#0,0,2,2,2,2,2,2,2,2,2,2,2,2,2,2,1,1,2,2,2,2,2,2,2,2,2,2,2,2
C-clinical-11-01397#1,2,2,2,2,2,2,2,2,2,2,2,2,2,2,2,2,2,2,2,2,2,2,2,2,2,2,2,0,2
C-clinical-11-01397#3,2,2,2,2,2,2,2,2,2,2,2,0,2,2,2,2,2,2,2,2,2,2,2,2,2,2,2,2,2
C-clinical-11-01397#4,1,1,1,1,1,1,1,1,1,0,1,0,1,1,1,1,1,0,1,2,2,2,2,2,2,2,2,2,2
C-clinical-11-01397#5,0,1,1,1,1,1,1,1,1,2,2,0,0,0,0,0,0,1,1,1,1,1,1,1,1,1,1,0,0
C-clinical-11-01397#6,2,2,2,2,2,2,2,2,2,2,2,2,2,2,2,2,2,2,2,2,2,2,2,2,2,2,2,2,2
C-clinical-11-01397#7,2,2,2,2,2,2,2,2,2,2,2,2,2,2,2,2,2,2,2,1,2,2,2,2,2,2,2,2,2
C-clinical-11-01397#8,0,2,2,2,2,2,2,2,2,0,0,0,0,2,2,2,2,2,2,0,0,2,2,2,2,2,2,2,2
C-clinical-11-01397#9,2,2,2,2,2,2,2,2,2,2,2,0,2,2,2,2,2,2,2,2,2,2,2,2,2,2,2,2,2
C-clinical-11-01398#0,0,2,2,2,2,2,2,2,2,2,2,2,2,2,2,0,0,2,2,2,2,2,2,2,2,2,2,2,2
C-clinical-11-01398#1,2,2,2,2,2,2,2,2,2,2,2,1,2,1,2,1,2,2,2,2,2,2,2,2,2,2,2,2,2
C-clinical-11-01398#2,1,2,2,2,2,2,2,2,2,1,1,0,1,2,2,2,2,2,2,1,1,2,2,2,2,2,2,2,2
C-clinical-11-01398#3,0,2,2,2,2,2,2,2,2,2,2,2,2,2,2,2,2,2,2,2,2,2,2,2,2,2,2,2,2
C-clinical-11-01398#4,0,2,2,2,2,2,2,2,2,2,2,2,2,2,2,2,2,2,2,0,0,2,2,2,2,0,0,2,2
C-clinical-11-01398#5,0,2,2,2,2,2,2,2,2,2,2,2,2,0,0,0,0,2,2,0,0,2,2,2,2,2,2,2,2
C-clinical-11-01398#6,0,2,2,2,2,2,2,2,2,2,2,2,2,2,2,2,2,2,2,2,2,0,0,0,0,0,0,2,2
C-clinical-11-01398#7,0,2,2,2,2,2,2,2,2,2,2,0,0,0,0,0,0,0,0,0,0,2,2,2,2,2,2,2,2
C-clinical-11-01398#8,0,2,2,2,2,2,2,2,2,1,1,1,1,2,2,1,1,2,2,1,1,2,2,2,2,2,2,2,2
C-clinical-11-01402#0,0,2,2,2,2,2,2,2,2,2,2,2,2,1,1,2,2,2,2,2,2,2,2,2,2,2,2,2,2
C-clinical-11-01402#1,0,2,2,2,2,2,2,2,2,2,2,2,2,0,0,2,2,2,2,2,2,2,2,2,2,2,2,2,2
C-clinical-11-01402#2,0,2,2,2,2,2,2,2,2,2,2,2,2,2,2,2,2,2,2,2,2,2,2,0,2,2,2,2,2
C-clinical-11-01402#3,0,2,2,2,2,2,2,2,2,2,2,2,2,2,2,2,2,2,2,2,2,2,2,2,2,2,2,2,2
C-clinical-11-01402#4,0,2,2,2,2,2,2,2,2,2,2,2,2,2,2,0,2,2,2,0,2,2,2,0,2,2,2,2,2
C-clinical-11-01402#5,0,2,2,2,2,2,2,2,2,2,2,2,2,0,0,0,0,2,2,2,2,2,2,2,2,2,2,2,2
C-clinical-11-01404#0,0,2,2,2,2,2,2,2,2,2,2,2,2,0,0,0,0,2,2,2,2,2,2,2,2,2,2,2,2
C-clinical-11-01404#1,1,1,1,1,1,1,1,1,1,0,1,0,1,1,1,0,1,0,1,2,2,1,1,2,2,2,2,1,1
C-clinical-11-01404#2,0,2,2,2,2,2,2,2,2,2,2,2,2,0,0,0,0,2,2,2,2,2,2,0,2,0,2,2,2
C-clinical-11-01404#3,2,2,2,2,2,2,2,2,2,1,2,1,2,2,2,1,2,2,2,0,2,2,2,2,2,2,2,2,2
C-clinical-11-01404#4,0,2,2,2,2,2,2,2,2,2,2,2,2,2,2,2,2,2,2,2,2,2,2,0,0,2,2,2,2
C-clinical-11-01404#5,2,2,2,2,2,2,2,2,2,2,2,2,2,2,2,2,2,2,2,2,2,2,2,2,2,2,2,2,2
C-clinical-11-01404#6,0,2,2,2,2,2,2,2,2,2,2,2,2,2,2,2,2,2,2,2,2,2,2,2,2,2,2,2,2
C-clinical-11-01404#7,0,2,2,2,2,2,2,2,2,2,2,2,2,0,0,0,0,2,2,2,2,2,2,0,2,0,2,0,2
C-clinical-11-01404#8,1,1,1,1,1,1,1,1,1,0,1,0,1,1,1,1,1,0,1,2,2,1,1,0,1,2,2,1,1
C-clinical-11-01406#0,0,2,2,2,2,2,2,2,2,2,2,2,2,0,0,0,0,2,2,2,2,2,2,2,2,2,2,2,2
C-clinical-11-01406#1,0,2,2,2,2,2,2,2,2,2,2,0,0,2,2,1,1,2,2,0,0,2,2,2,2,0,0,2,2
C-clinical-11-01406#2,0,1,1,1,1,1,1,1,1,2,2,0,0,0,0,0,0,1,1,1,1,1,1,1,1,1,1,0,0
C-clinical-11-01406#3,2,2,2,2,2,2,2,2,2,1,2,0,2,1,2,1,2,2,2,2,2,0,2,0,2,0,2,2,2
C-clinical-11-01406#4,0,2,2,2,2,2,2,2,2,2,2,2,2,2,2,2,2,2,2,2,2,2,2,2,2,0,0,2,2
C-clinical-11-01406#5,0,2,2,2,2,2,2,2,2,2,2,2,2,0,0,0,0,2,2,2,2,2,2,2,2,0,2,0,2
C-clinical-11-01406#6,2,2,2,2,2,1,2,2,2,2,2,2,2,2,2,2,2,2,2,2,2,2,2,2,2,2,2,2,2
C-clinical-11-01408#0,2,2,2,2,2,2,2,2,2,2,2,0,2,2,2,2,2,2,2,2,2,2,2,2,2,2,2,2,2
C-clinical-11-01408#1,2,2,2,2,2,2,2,2,2,2,2,0,2,1,2,0,2,2,2,2,2,2,2,2,2,2,2,2,2
C-clinical-11-01408#10,1,1,1,1,1,1,1,1,1,1,1,0,1,1,1,1,1,0,1,1,1,1,1,1,1,1,1,1,1
C-clinical-11-01408#11,0,2,2,2,2,0,0,2,2,2,2,2,2,2,2,2,2,2,2,0,0,2,2,0,0,2,2,2,2
C-clinical-11-01408#12,0,2,2,2,2,0,0,0,0,1,1,0,0,2,2,1,1,0,0,0,0,2,2,2,2,2,2,2,2
C-clinical-11-01408#2,0,2,2,2,2,2,2,2,2,2,2,2,2,2,2,2,2,2,2,2,2,2,2,2,2,2,2,2,2
C-clinical-11-01408#3,1,1,1,1,1,1,1,1,1,0,1,0,1,1,1,0,1,0,1,2,2,2,2,2,2,2,2,2,2
C-clinical-11-01408#5,2,2,2,2,2,2,2,2,2,2,2,0,2,0,2,0,2,0,2,2,2,2,2,2,2,0,2,2,2
C-clinical-11-01408#6,0,2,2,2,2,2,2,2,2,2,2,0,0,0,0,0,0,2,2,2,2,2,2,2,2,2,2,2,2
C-clinical-11-01408#7,2,2,2,2,2,0,2,2,2,2,2,2,2,2,2,2,2,2,2,0,2,2,2,0,2,0,2,2,2
C-clinical-11-01408#8,0,2,2,2,2,2,2,2,2,2,2,2,2,2,2,1,1,2,2,2,2,2,2,2,2,0,0,2,2
C-clinical-11-01408#9,0,2,2,2,2,0,0,2,2,1,1,0,0,2,2,1,1,0,0,0,0,2,2,2,2,2,2,2,2
C-clinical-11-01409#0,0,2,2,2,2,2,2,2,2,2,2,1,2,1,1,1,1,2,2,2,2,2,2,2,2,2,2,2,2
C-clinical-11-01409#1,1,2,2,2,2,2,2,2,2,2,2,0,1,2,2,1,1,2,2,1,1,2,2,2,2,2,2,2,2
C-clinical-11-01409#2,2,2,2,2,2,2,2,2,2,2,2,2,2,2,2,2,2,2,2,2,2,2,2,2,2,2,2,2,2
C-clinical-11-01409#3,0,2,2,2,2,2,2,2,2,2,2,2,2,0,0,0,2,2,2,2,2,2,2,2,2,2,2,2,2
C-clinical-11-01409#4,0,2,2,2,2,2,2,2,2,2,2,2,2,0,0,0,0,2,2,2,2,2,2,2,2,2,2,2,2
C-clinical-11-01409#5,0,2,2,2,2,2,2,2,2,2,2,2,2,1,1,1,1,2,2,1,1,2,2,2,2,2,2,2,2
C-clinical-11-01409#6,0,2,2,2,2,2,2,2,2,2,2,2,2,0,0,0,0,2,2,2,2,2,2,2,2,2,2,2,2
C-clinical-11-01409#7,2,2,2,2,2,2,2,2,2,2,2,0,2,0,2,0,2,2,2,2,2,2,2,2,2,2,2,2,2
C-clinical-11-01411#0,0,2,2,2,2,2,2,2,2,2,2,2,2,2,2,0,0,2,2,2,2,2,2,2,2,2,2,2,2
C-clinical-11-01411#1,0,2,2,2,2,2,2,2,2,2,2,0,0,2,2,2,2,2,2,0,0,2,2,2,2,2,2,2,2
C-clinical-11-01411#2,0,2,2,2,2,2,2,2,2,2,2,2,2,2,2,2,2,2,2,2,2,2,2,2,2,2,2,2,2
C-clinical-11-01411#3,0,2,2,2,2,2,2,1,1,2,2,1,1,0,0,0,0,2,2,2,2,1,1,0,1,2,2,2,2
C-clinical-11-01411#4,0,2,2,2,2,2,2,2,2,2,2,0,0,2,2,2,2,2,2,2,2,2,2,0,0,2,2,2,2
C-clinical-11-01411#5,2,2,2,2,2,1,2,2,2,2,2,2,2,2,2,2,2,2,2,2,2,2,2,2,2,2,2,2,2
C-clinical-11-01411#6,2,2,2,2,2,2,2,2,2,1,2,1,2,1,2,0,2,2,2,2,2,2,2,2,2,2,2,2,2
C-clinical-11-01411#7,2,2,2,2,2,2,2,2,2,1,2,0,2,1,2,1,2,0,2,2,2,0,2,1,2,1,2,1,2
C-clinical-11-01412#0,0,2,2,2,2,2,2,2,2,2,2,1,1,1,1,2,2,2,2,2,2,2,2,2,2,2,2,2,2
C-clinical-11-01412#1,0,2,2,2,2,2,2,2,2,2,2,2,2,0,0,2,2,2,2,2,2,2,2,2,2,2,2,2,2
C-clinical-11-01412#2,2,2,2,2,2,2,2,2,2,2,2,2,2,2,2,2,2,2,2,2,2,2,2,2,2,2,2,0,2
C-clinical-11-01412#3,2,2,2,2,2,2,2,2,2,2,2,0,2,2,2,2,2,2,2,2,2,2,2,2,2,2,2,2,2
C-clinical-11-01412#4,0,2,2,2,2,2,2,2,2,2,2,2,2,2,2,2,2,2,2,2,2,2,2,2,2,0,0,2,2
C-clinical-11-01412#5,1,1,1,1,1,1,1,1,1,1,1,1,1,1,1,1,1,1,1,1,1,1,1,1,1,1,1,1,1
C-clinical-11-01412#6,0,2,2,2,2,2,2,2,2,2,2,0,0,2,2,2,2,2,2,0,0,2,2,2,2,2,2,2,2
C-clinical-11-01414#0,0,2,2,2,2,2,2,2,2,2,2,0,0,2,2,1,1,2,2,2,2,2,2,2,2,2,2,2,2
C-clinical-11-01414#1,0,2,2,2,2,0,0,2,2,2,2,0,0,2,2,1,1,0,0,0,0,2,2,2,2,0,0,2,2
C-clinical-11-01414#2,0,2,2,2,2,2,2,2,2,2,2,0,0,0,0,0,0,2,2,2,2,2,2,2,2,2,2,2,2
C-clinical-11-01414#3,0,2,2,2,2,2,2,2,2,2,2,0,0,2,2,1,1,2,2,2,2,2,2,2,2,2,2,2,2
C-clinical-11-01415#0,0,2,2,2,2,2,2,2,2,2,2,2,2,2,2,0,2,0,2,2,2,2,2,2,2,2,2,2,2
C-clinical-11-01415#1,0,2,2,1,1,0,0,1,1,2,2,0,0,2,2,0,0,0,0,1,1,1,1,1,1,1,1,0,0
C-clinical-11-01415#10,0,2,2,2,2,2,2,2,2,2,2,2,2,2,2,0,2,2,2,2,2,2,2,0,2,2,2,2,2
C-clinical-11-01415#11,2,2,2,2,2,2,2,2,2,1,2,0,2,1,2,1,2,2,2,2,2,0,2,1,2,1,2,1,2
C-clinical-11-01415#2,0,2,2,2,2,1,1,1,1,2,2,0,0,2,2,1,1,1,1,1,1,2,2,2,2,0,0,1,1
C-clinical-11-01415#3,2,2,2,2,2,2,2,2,2,2,2,0,2,1,2,1,2,2,2,2,2,0,2,2,2,0,2,0,2
C-clinical-11-01415#4,0,2,2,2,2,2,2,2,2,2,2,2,2,2,2,2,2,2,2,0,0,2,2,0,0,2,2,2,2
C-clinical-11-01415#5,0,2,2,2,2,2,2,2,2,2,2,2,2,2,2,2,2,2,2,0,0,2,2,2,2,0,0,2,2
C-clinical-11-01415#6,2,2,2,2,2,2,2,2,2,1,2,0,2,1,2,1,2,2,2,2,2,0,2,1,2,1,2,1,2
C-clinical-11-01415#7,0,2,2,2,2,2,2,2,2,2,2,2,2,2,2,2,2,2,2,2,2,2,2,0,2,0,2,2,2
C-clinical-11-01415#8,2,2,2,2,2,0,2,1,2,2,2,2,2,2,2,2,2,2,2,2,2,2,2,2,2,2,2,2,2
C-clinical-11-01415#9,2,2,2,2,2,2,2,2,2,1,2,1,2,1,2,0,2,2,2,2,2,2,2,2,2,2,2,2,2
C-clinical-11-01424#0,0,2,2,2,2,2,2,2,2,2,2,2,2,2,2,2,2,2,2,2,2,2,2,2,2,2,2,2,2
C-clinical-11-01424#1,0,2,2,2,2,2,2,2,2,2,2,2,2,2,2,2,2,2,2,2,2,2,2,2,2,2,2,2,2
C-clinical-11-01424#2,0,2,2,2,2,2,2,2,2,2,2,0,0,2,2,2,2,2,2,2,2,2,2,2,2,2,2,2,2
C-clinical-11-01425#0,0,2,2,2,2,2,2,2,2,2,2,0,0,2,2,2,2,2,2,2,2,2,2,2,2,2,2,2,2
C-clinical-11-01425#1,0,1,1,1,1,1,1,1,1,1,1,0,0,1,1,1,1,1,1,1,1,2,2,0,0,2,2,1,1
C-clinical-11-01425#10,0,2,2,2,2,2,2,2,2,2,2,0,0,2,2,1,1,2,2,1,1,2,2,2,2,2,2,2,2
C-clinical-11-01425#2,2,2,2,1,2,1,2,1,2,1,2,1,2,2,2,1,2,1,2,2,2,1,2,1,2,1,2,1,2
C-clinical-11-01425#3,0,2,2,2,2,2,2,2,2,2,2,0,0,2,2,0,0,2,2,0,0,2,2,2,2,2,2,2,2
C-clinical-11-01425#4,0,2,2,2,2,2,2,2,2,2,2,0,0,2,2,0,0,2,2,0,0,2,2,2,2,2,2,2,2
C-clinical-11-01425#5,0,2,2,2,2,2,2,2,2,2,2,2,2,2,2,2,2,2,2,1,1,2,2,2,2,0,0,2,2
C-clinical-11-01425#6,0,2,2,2,2,2,2,2,2,2,2,2,2,2,2,0,0,2,2,2,2,2,2,2,2,2,2,2,2
C-clinical-11-01425#7,2,2,2,2,2,2,2,2,2,2,2,2,2,2,2,2,2,2,2,2,2,2,2,2,2,0,2,2,2
C-clinical-11-01425#8,0,2,2,2,2,2,2,2,2,2,2,2,2,2,2,2,2,2,2,2,2,2,2,2,2,2,2,2,2
C-clinical-11-01425#9,0,2,2,2,2,2,2,2,2,2,2,0,0,2,2,2,2,2,2,2,2,2,2,2,2,2,2,0,0
C-clinical-11-01426#0,2,2,2,2,2,2,2,2,2,2,2,1,2,0,2,2,2,2,2,2,2,2,2,1,2,2,2,2,2
C-clinical-11-01426#1,2,2,2,2,2,2,2,2,2,2,2,2,2,2,2,0,2,2,2,0,2,2,2,2,2,2,2,2,2
C-clinical-11-01426#10,0,2,2,2,2,2,2,2,2,2,2,2,2,2,2,2,2,2,2,0,0,2,2,2,2,2,2,2,2
C-clinical-11-01426#11,2,2,2,2,2,2,2,2,2,1,2,0,2,1,2,1,2,2,2,2,2,0,2,0,2,1,2,1,2
C-clinical-11-01426#12,2,2,2,2,2,2,2,2,2,1,2,2,2,1,2,1,2,2,2,2,2,2,2,2,2,2,2,2,2
C-clinical-11-01426#13,2,2,2,2,2,2,2,2,2,2,2,0,2,2,2,0,2,2,2,2,2,2,2,2,2,2,2,2,2
C-clinical-11-01426#2,0,2,2,2,2,2,2,2,2,2,2,1,1,1,1,1,2,2,2,2,2,2,2,2,2,2,2,2,2
C-clinical-11-01426#3,2,2,2,2,2,2,2,2,2,2,2,0,2,2,2,1,2,2,2,2,2,2,2,1,2,2,2,2,2
C-clinical-11-01426#4,2,2,2,2,2,2,2,2,2,2,2,0,2,2,2,0,2,2,2,2,2,2,2,2,2,2,2,2,2
C-clinical-11-01426#5,2,2,2,2,2,2,2,2,2,2,2,0,2,2,2,2,2,2,2,0,2,2,2,2,2,2,2,2,2
C-clinical-11-01426#6,2,2,2,2,2,2,2,2,2,1,2,0,2,1,2,1,2,2,2,2,2,0,2,1,2,1,2,1,2
C-clinical-11-01426#7,2,2,2,2,2,2,2,2,2,1,2,2,2,1,2,1,2,2,2,2,2,2,2,2,2,2,2,2,2
C-clinical-11-01426#8,2,2,2,2,2,2,2,2,2,2,2,1,2,0,2,2,2,2,2,2,2,2,2,1,2,2,2,2,2
C-clinical-11-01426#9,0,2,2,2,2,2,2,2,2,2,2,1,1,0,0,2,2,2,2,2,2,2,2,2,2,2,2,2,2
C-clinical-11-01428#0,0,2,2,2,2,2,2,2,2,2,2,2,2,2,2,2,2,2,2,2,2,2,2,2,2,2,2,2,2
C-clinical-11-01428#1,2,2,2,2,2,2,2,2,2,2,2,2,2,2,2,2,2,2,2,2,2,2,2,2,2,2,2,2,2
C-clinical-11-01428#2,0,2,2,2,2,2,2,2,2,2,2,2,2,0,0,0,2,0,2,2,2,2,2,0,2,0,2,2,2
C-clinical-11-01428#3,2,2,2,2,2,2,2,2,2,2,2,2,2,2,2,2,2,2,2,2,2,2,2,2,2,2,2,2,2
C-clinical-11-01429#0,0,2,2,2,2,2,2,2,2,2,2,0,0,0,0,2,2,2,2,2,2,2,2,2,2,2,2,2,2
C-clinical-11-01429#1,1,1,1,1,1,1,1,1,1,0,1,0,1,1,1,1,1,0,1,2,2,2,2,2,2,2,2,2,2
C-clinical-11-01429#3,0,2,2,2,2,2,2,2,2,1,1,1,1,1,1,1,1,2,2,1,1,2,2,2,2,2,2,2,2
C-clinical-11-01429#4,0,2,2,2,2,2,2,2,2,2,2,2,2,2,2,2,2,2,2,2,2,2,2,0,0,2,2,2,2
C-clinical-11-01429#5,0,2,2,0,0,2,2,0,0,2,2,0,0,0,0,0,0,0,0,2,2,2,2,0,0,2,2,2,2
C-clinical-11-01429#6,0,2,2,2,2,2,2,2,2,2,2,0,0,2,2,2,2,2,2,0,0,2,2,2,2,2,2,2,2
C-clinical-11-01429#7,0,2,2,2,2,2,2,2,2,2,2,0,0,2,2,2,2,2,2,2,2,2,2,2,2,0,0,2,2
C-clinical-11-01429#8,0,2,2,2,2,2,2,2,2,2,2,2,2,2,2,2,2,2,2,2,2,2,2,0,0,2,2,2,2
C-clinical-11-01431#0,0,2,2,2,2,2,2,2,2,2,2,0,0,2,2,2,2,2,2,2,2,2,2,2,2,2,2,2,2
C-clinical-11-01431#1,0,2,2,2,2,2,2,2,2,2,2,2,2,2,2,2,2,2,2,2,2,2,2,2,2,0,0,2,2
C-clinical-11-01431#2,0,2,2,2,2,2,2,2,2,2,2,2,2,2,2,2,2,0,0,2,2,2,2,2,2,2,2,2,2
C-clinical-11-01431#3,0,2,2,2,2,2,2,2,2,2,2,0,0,2,2,2,2,2,2,2,2,2,2,2,2,0,0,2,2
C-clinical-11-01431#4,2,2,2,2,2,1,2,2,2,1,2,0,2,1,2,1,2,2,2,2,2,0,2,2,2,1,2,1,2
C-clinical-11-01431#5,2,2,2,2,2,0,2,2,2,2,2,2,2,2,2,2,2,2,2,2,2,2,2,2,2,2,2,2,2
C-clinical-11-01431#6,0,2,2,2,2,1,1,2,2,2,2,2,2,2,2,2,2,2,2,2,2,2,2,2,2,0,0,2,2
C-clinical-11-01431#7,2,2,2,2,2,1,2,2,2,1,2,0,2,1,2,1,2,2,2,2,2,0,2,2,2,1,2,1,2
C-clinical-11-01432#0,0,2,2,2,2,2,2,2,2,2,2,2,2,0,0,1,1,2,2,2,2,2,2,2,2,2,2,2,2
C-clinical-11-01432#1,0,2,2,2,2,2,2,2,2,2,2,2,2,0,0,0,0,2,2,2,2,2,2,2,2,2,2,2,2
C-clinical-11-01432#2,0,2,2,2,2,2,2,2,2,2,2,2,2,2,2,2,2,2,2,2,2,2,2,2,2,2,2,2,2
C-clinical-11-01432#3,0,1,1,1,1,1,1,1,1,2,2,0,0,1,1,0,0,0,0,1,1,1,1,1,1,1,1,1,1
C-clinical-11-01432#4,0,2,2,2,2,2,2,2,2,2,2,1,2,0,0,1,1,2,2,2,2,2,2,2,2,2,2,2,2
C-clinical-11-01432#5,0,2,2,2,2,2,2,2,2,2,2,2,2,0,0,0,0,2,2,2,2,2,2,0,2,2,2,2,2
C-clinical-11-01432#6,0,2,2,2,2,2,2,2,2,2,2,0,2,0,0,2,2,2,2,2,2,2,2,2,2,2,2,2,2
C-clinical-11-01433#0,0,2,2,2,2,2,2,2,2,2,2,0,1,0,0,1,1,2,2,2,2,2,2,2,2,2,2,2,2
C-clinical-11-01433#1,0,2,2,2,2,2,2,2,2,2,2,0,0,2,2,2,2,2,2,0,0,2,2,2,2,2,2,2,2
C-clinical-11-01433#10,2,2,2,2,2,2,2,2,2,2,2,0,2,2,2,2,2,2,2,2,2,2,2,2,2,2,2,2,2
C-clinical-11-01433#2,0,2,2,2,2,2,2,2,2,2,2,2,2,2,2,2,2,2,2,2,2,2,2,0,2,0,2,2,2
C-clinical-11-01433#3,2,2,2,2,2,2,2,2,2,2,2,2,2,2,2,2,2,2,2,2,2,2,2,2,2,2,2,2,2
C-clinical-11-01433#4,2,2,2,2,2,2,2,2,2,2,2,2,2,2,2,2,2,2,2,2,2,2,2,0,2,2,2,0,2
C-clinical-11-01433#5,2,2,2,2,2,2,2,2,2,2,2,2,2,2,2,2,2,2,2,0,2,2,2,2,2,2,2,2,2
C-clinical-11-01433#6,0,2,2,2,2,2,2,2,2,2,2,0,0,2,2,2,2,2,2,0,0,2,2,2,2,2,2,2,2
C-clinical-11-01433#7,2,2,2,2,2,2,2,2,2,2,2,2,2,2,2,2,2,2,2,2,2,2,2,2,2,2,2,2,2
C-clinical-11-01433#8,2,2,2,2,2,2,2,2,2,1,2,1,2,1,2,1,2,2,2,2,2,2,2,2,2,0,2,2,2
C-clinical-11-01433#9,1,2,2,2,2,0,1,2,2,2,2,0,1,2,2,2,2,2,2,0,1,2,2,2,2,2,2,2,2
C-clinical-11-01435#0,2,2,2,2,2,2,2,2,2,2,2,2,2,2,2,2,2,2,2,2,2,2,2,2,2,2,2,2,2
C-clinical-11-01435#1,0,2,2,2,2,2,2,2,2,2,2,2,2,1,1,2,2,2,2,2,2,2,2,2,2,2,2,2,2
C-clinical-11-01435#2,0,2,2,2,2,1,1,1,1,2,2,0,0,2,2,1,1,1,1,1,1,0,0,2,2,2,2,2,2
C-clinical-11-01435#3,2,2,2,2,2,2,2,2,2,2,2,2,2,2,2,2,2,2,2,2,2,2,2,2,2,2,2,2,2
C-clinical-11-01435#4,0,2,2,1,1,1,1,1,1,2,2,0,0,0,0,0,0,1,1,1,1,1,1,1,1,1,1,0,0
C-clinical-11-01435#5,0,2,2,2,2,2,2,2,2,2,2,2,2,2,2,2,2,2,2,2,2,2,2,0,0,2,2,2,2
C-clinical-11-01435#6,2,2,2,2,2,0,2,2,2,2,2,2,2,2,2,2,2,2,2,2,2,2,2,2,2,2,2,2,2
C-clinical-11-01435#7,2,2,2,2,2,1,2,2,2,1,2,1,2,0,2,0,2,2,2,2,2,2,2,2,2,2,2,2,2
C-clinical-11-01435#8,2,1,2,0,2,0,2,2,2,1,2,0,2,1,2,1,2,2,2,2,2,2,2,0,2,2,2,1,2
C-clinical-11-01435#9,0,2,2,2,2,2,2,2,2,2,2,2,2,2,2,0,2,2,2,2,2,2,2,2,2,0,2,2,2
C-clinical-11-01437#0,0,2,2,2,2,2,2,2,2,2,2,2,2,1,1,1,1,2,2,2,2,2,2,1,1,2,2,2,2
C-clinical-11-01437#1,0,2,2,2,2,2,2,2,2,2,2,0,0,2,2,2,2,2,2,2,2,2,2,2,2,2,2,2,2
C-clinical-11-01437#2,0,2,2,2,2,2,2,2,2,2,2,2,2,0,0,0,0,2,2,2,2,2,2,0,0,0,2,0,2
C-clinical-11-01437#3,2,2,2,2,2,2,2,2,2,2,2,2,2,2,2,2,2,2,2,2,2,2,2,2,2,2,2,2,2
C-clinical-11-01437#4,0,2,2,2,2,2,2,2,2,2,2,2,2,2,2,2,2,2,2,0,0,2,2,2,2,0,0,2,2
C-clinical-11-01437#5,2,2,2,2,2,2,2,2,2,2,2,2,2,2,2,2,2,2,2,2,2,2,2,2,2,2,2,2,2
C-clinical-11-01437#6,0,2,2,2,2,1,1,1,1,2,2,1,1,0,0,0,0,1,1,2,2,1,1,0,0,2,2,0,1
C-clinical-11-01437#7,0,2,2,2,2,2,2,2,2,2,2,0,0,2,2,2,2,2,2,0,0,2,2,2,2,2,2,2,2
C-clinical-11-01438#1,2,2,2,2,2,2,2,2,2,2,2,2,2,1,2,2,2,2,2,2,2,2,2,2,2,2,2,2,2
C-clinical-11-01438#2,2,2,2,2,2,2,2,2,2,2,2,2,2,0,2,0,2,2,2,2,2,2,2,2,2,2,2,2,2
C-clinical-11-01438#3,1,1,1,1,1,1,1,1,1,0,1,0,1,1,1,1,1,0,1,2,2,1,1,1,1,2,2,1,1
C-clinical-11-01438#4,1,2,2,2,2,2,2,2,2,2,2,0,1,2,2,1,1,2,2,1,1,2,2,1,1,2,2,2,2
C-clinical-11-01438#5,2,2,2,2,2,2,2,2,2,2,2,2,2,2,2,2,2,2,2,2,2,2,2,2,2,2,2,2,2
C-clinical-11-01438#6,1,2,2,2,2,1,1,2,2,2,2,2,2,2,2,2,2,2,2,0,1,2,2,1,1,2,2,2,2
C-clinical-11-01438#7,2,2,2,2,2,2,2,2,2,2,2,2,2,0,2,1,2,2,2,2,2,2,2,0,2,2,2,2,2
C-clinical-11-01438#8,0,1,1,1,1,1,1,1,1,2,2,0,0,0,0,0,0,2,2,1,1,1,1,1,1,1,1,1,1
C-clinical-11-01438#9,0,2,2,2,2,2,2,2,2,2,2,2,2,2,2,2,2,2,2,2,2,2,2,2,2,0,0,2,2
C-clinical-11-01439#0,0,2,2,2,2,2,2,2,2,2,2,2,2,2,2,1,1,2,2,2,2,2,2,2,2,2,2,2,2
C-clinical-11-01439#1,0,2,2,2,2,2,2,2,2,2,2,2,2,2,2,1,1,2,2,0,0,2,2,2,2,2,2,2,2
C-clinical-11-01439#2,0,2,2,2,2,2,2,2,2,2,2,2,2,2,2,0,0,2,2,2,2,2,2,2,2,2,2,2,2
C-clinical-11-01439#3,0,2,2,2,2,1,1,1,1,1,1,0,0,2,2,1,1,0,0,1,1,2,2,1,1,1,1,1,1
C-clinical-11-01439#4,2,2,2,2,2,1,2,1,2,1,2,1,2,1,2,1,2,0,2,2,2,1,2,1,2,1,2,1,2
C-clinical-11-01439#5,1,2,2,2,2,2,2,2,2,2,2,1,1,1,1,1,1,2,2,1,1,2,2,2,2,2,2,2,2
C-clinical-11-01439#6,0,2,2,2,2,2,2,2,2,2,2,2,2,2,2,2,2,2,2,0,0,2,2,2,2,2,2,2,2
C-clinical-11-01439#7,2,2,2,2,2,2,2,2,2,2,2,0,2,2,2,2,2,2,2,0,2,2,2,2,2,2,2,2,2
C-clinical-11-01443#0,0,2,2,2,2,2,2,2,2,2,2,2,2,2,2,1,1,2,2,2,2,2,2,2,2,2,2,2,2
C-clinical-11-01443#1,1,2,2,1,1,1,1,1,1,0,1,0,1,2,2,1,1,0,1,2,2,1,1,1,1,1,1,1,1
C-clinical-11-01443#2,0,2,2,2,2,2,2,2,2,1,1,1,1,2,2,1,1,2,2,0,0,2,2,2,2,2,2,2,2
C-clinical-11-01443#3,0,2,2,2,2,2,2,2,2,2,2,2,2,2,2,0,0,2,2,2,2,2,2,2,2,2,2,2,2
C-clinical-11-01443#4,0,2,2,2,2,2,2,2,2,2,2,2,2,2,2,2,2,2,2,2,2,2,2,2,2,0,0,2,2
C-clinical-11-01443#5,1,2,2,2,2,2,2,2,2,1,1,0,1,2,2,2,2,2,2,1,1,2,2,2,2,2,2,2,2
C-clinical-11-01443#6,0,2,2,2,2,2,2,2,2,2,2,2,2,2,2,2,2,2,2,2,2,2,2,2,2,2,2,2,2
C-clinical-11-01443#7,0,2,2,2,2,2,2,2,2,2,2,2,2,2,2,2,2,2,2,0,0,2,2,2,2,2,2,2,2
C-clinical-11-01443#8,0,2,2,2,2,2,2,2,2,2,2,0,0,2,2,2,2,2,2,2,2,2,2,2,2,2,2,2,2
C-clinical-11-01446#1,2,2,2,2,2,2,2,2,2,2,2,1,2,1,2,1,2,2,2,2,2,1,2,2,2,2,2,1,2
C-clinical-11-01446#2,2,2,2,2,2,2,2,2,2,2,2,2,2,2,2,2,2,2,2,2,2,2,2,2,2,2,2,2,2
C-clinical-11-01446#3,2,2,2,2,2,2,2,2,2,2,2,2,2,2,2,2,2,2,2,0,2,2,2,2,2,2,2,2,2
C-clinical-11-01446#4,2,2,2,2,2,2,2,2,2,2,2,0,2,2,2,2,2,2,2,2,2,2,2,2,2,2,2,2,2
C-clinical-11-01446#5,0,2,2,1,1,1,1,1,1,2,2,0,0,0,0,0,0,1,1,1,1,1,1,1,1,1,1,0,0
C-clinical-11-01446#6,2,2,2,2,2,2,2,2,2,2,2,2,2,2,2,1,2,2,2,2,2,2,2,2,2,2,2,2,2
C-clinical-11-01446#7,0,2,2,2,2,1,1,2,2,2,2,0,0,2,2,1,1,2,2,0,0,2,2,2,2,2,2,2,2
C-clinical-11-01446#8,2,2,2,2,2,2,2,2,2,2,2,2,2,2,2,2,2,2,2,2,2,2,2,2,2,2,2,2,2
C-clinical-11-01446#9,0,2,2,2,2,2,2,2,2,2,2,2,2,2,2,2,2,2,2,0,0,2,2,2,2,2,2,2,2
C-clinical-11-01447#0,1,2,2,2,2,1,1,2,2,1,1,2,2,2,2,1,1,1,1,1,1,2,2,2,2,2,2,2,2
C-clinical-11-01447#1,0,2,2,2,2,2,2,2,2,2,2,2,2,0,0,0,0,2,2,0,0,2,2,0,0,2,2,0,0
C-clinical-11-01447#10,1,2,2,2,2,1,1,2,2,1,1,2,2,2,2,2,2,2,2,1,1,2,2,1,1,2,2,2,2
C-clinical-11-01447#11,0,2,2,2,2,1,1,2,2,1,1,1,1,1,1,1,1,2,2,1,1,2,2,2,2,2,2,2,2
C-clinical-11-01447#2,0,2,2,2,2,2,2,2,2,2,2,2,2,2,2,1,1,2,2,2,2,2,2,2,2,2,2,2,2
C-clinical-11-01447#3,1,1,1,1,1,1,1,1,1,0,1,0,1,1,1,1,1,0,1,2,2,1,1,1,1,1,1,2,2
C-clinical-11-01447#4,0,2,2,2,2,2,2,2,2,2,2,2,2,2,2,1,1,2,2,0,0,2,2,2,2,2,2,2,2
C-clinical-11-01447#5,0,2,2,2,2,2,2,2,2,2,2,2,2,2,2,2,2,2,2,0,0,2,2,2,2,2,2,2,2
C-clinical-11-01447#6,0,2,2,2,2,2,2,2,2,2,2,2,2,2,2,2,2,2,2,2,2,2,2,2,2,0,0,2,2
C-clinical-11-01447#7,0,2,2,2,2,1,1,2,2,2,2,2,2,2,2,2,2,2,2,2,2,2,2,2,2,2,2,2,2
C-clinical-11-01447#8,0,2,2,2,2,2,2,2,2,2,2,0,0,2,2,2,2,2,2,0,0,2,2,2,2,2,2,2,2
C-clinical-11-01447#9,0,2,2,2,2,1,1,2,2,2,2,2,2,2,2,1,1,2,2,1,1,2,2,1,1,2,2,2,2
C-clinical-11-01448#0,2,2,2,2,2,2,2,2,2,2,2,0,2,2,2,2,2,2,2,2,2,2,2,2,2,2,2,2,2
C-clinical-11-01448#1,0,2,2,2,2,2,2,2,2,2,2,2,2,1,1,0,0,2,2,2,2,2,2,2,2,2,2,2,2
C-clinical-11-01448#10,1,1,1,1,1,1,1,1,1,1,1,1,1,1,1,1,1,0,1,1,1,1,1,1,1,1,1,1,1
C-clinical-11-01448#11,0,2,2,2,2,2,2,2,2,1,1,0,0,2,2,2,2,2,2,0,0,2,2,2,2,2,2,2,2
C-clinical-11-01448#12,0,2,2,2,2,2,2,2,2,0,0,0,0,2,2,2,2,2,2,0,0,2,2,2,2,2,2,2,2
C-clinical-11-01448#13,2,2,2,2,2,2,2,2,2,1,2,1,2,1,2,0,2,2,2,2,2,2,2,2,2,2,2,2,2
C-clinical-11-01448#2,2,2,2,2,2,2,2,2,2,2,2,0,2,2,2,2,2,2,2,2,2,2,2,2,2,2,2,2,2
C-clinical-11-01448#3,0,1,1,1,1,1,1,1,1,2,2,0,0,0,0,0,0,1,1,1,1,1,1,0,0,1,1,1,1
C-clinical-11-01448#4,2,2,2,2,2,2,2,2,2,1,2,0,2,1,2,1,2,0,2,2,2,0,2,1,2,1,2,1,2
C-clinical-11-01448#5,2,2,2,2,2,2,2,2,2,1,2,1,2,0,2,0,2,2,2,2,2,2,2,2,2,2,2,2,2
C-clinical-11-01448#6,2,2,2,2,2,0,2,1,2,2,2,2,2,2,2,2,2,2,2,2,2,2,2,2,2,2,2,2,2
C-clinical-11-01448#7,2,2,2,2,2,2,2,2,2,2,2,2,2,2,2,2,2,2,2,2,2,2,2,2,2,2,2,2,2
C-clinical-11-01448#8,1,2,2,1,1,1,1,2,2,1,1,1,1,1,1,1,1,2,2,0,1,2,2,2,2,0,1,1,1
C-clinical-11-01448#9,2,2,2,2,2,2,2,2,2,2,2,2,2,2,2,2,2,2,2,0,2,2,2,2,2,2,2,2,2
C-clinical-11-01449#0,0,2,2,2,2,2,2,2,2,2,2,0,0,2,2,0,0,2,2,2,2,2,2,2,2,2,2,2,2
C-clinical-11-01449#1,0,2,2,2,2,2,2,2,2,2,2,0,0,0,0,1,2,2,2,2,2,2,2,2,2,2,2,2,2
C-clinical-11-01449#10,0,2,2,2,2,2,2,2,2,2,2,2,2,2,2,2,2,2,2,0,0,2,2,1,1,1,1,1,1
C-clinical-11-01449#11,0,2,2,2,2,2,2,2,2,2,2,0,0,2,2,2,2,0,2,2,2,2,2,2,2,2,2,2,2
C-clinical-11-01449#3,0,2,2,2,2,2,2,2,2,2,2,0,0,2,2,2,2,2,2,2,2,2,2,2,2,2,2,2,2
C-clinical-11-01449#4,2,2,2,2,2,2,2,2,2,1,2,0,2,2,2,1,2,2,2,0,2,2,2,2,2,2,2,2,2
C-clinical-11-01449#5,2,2,2,2,2,2,2,2,2,2,2,2,2,2,2,2,2,2,2,2,2,2,2,2,2,2,2,2,2
C-clinical-11-01449#6,1,1,1,1,1,0,1,1,1,0,1,0,1,1,1,1,1,0,1,2,2,2,2,2,2,2,2,2,2
C-clinical-11-01449#7,2,2,2,2,2,2,2,2,2,2,2,2,2,2,2,2,2,2,2,2,2,2,2,2,2,2,2,2,2
C-clinical-11-01449#8,2,2,2,2,2,2,2,2,2,2,2,2,2,2,2,1,2,2,2,0,2,2,2,2,2,2,2,2,2
C-clinical-11-01449#9,0,2,2,2,2,2,2,2,2,2,2,2,2,2,2,0,0,2,2,2,2,2,2,2,2,2,2,2,2
C-clinical-11-01450#0,2,2,2,2,2,2,2,2,2,2,2,1,2,0,2,0,2,2,2,2,2,2,2,2,2,2,2,2,2
C-clinical-11-01450#1,0,2,2,2,2,0,0,2,2,1,1,0,0,2,2,1,1,2,2,0,0,2,2,2,2,0,0,2,2
C-clinical-11-01450#2,0,2,2,2,2,0,0,2,2,2,2,2,2,0,0,0,0,2,2,2,2,2,2,2,2,2,2,2,2
C-clinical-11-01450#3,0,2,2,2,2,0,0,2,2,2,2,2,2,2,2,2,2,2,2,2,2,2,2,2,2,0,0,2,2
C-clinical-11-01450#4,1,2,2,2,2,0,1,2,2,1,1,2,2,2,2,2,2,2,2,1,1,2,2,1,1,2,2,2,2
C-clinical-11-01450#5,0,1,1,1,1,1,1,1,1,2,2,0,0,0,0,0,0,1,1,1,1,1,1,1,1,1,1,1,1
C-clinical-11-01450#6,0,2,2,2,2,1,1,2,2,1,1,1,1,2,2,1,1,2,2,1,1,2,2,1,1,2,2,2,2
C-clinical-11-01450#7,2,2,2,2,2,2,2,2,2,2,2,0,2,2,2,2,2,2,2,0,2,2,2,2,2,2,2,2,2
C-clinical-11-01452#0,0,2,2,2,2,2,2,2,2,2,2,2,2,2,2,2,2,2,2,2,2,2,2,2,2,2,2,2,2
C-clinical-11-01452#1,2,2,2,2,2,2,2,2,2,2,2,2,2,2,2,2,2,2,2,2,2,2,2,2,2,2,2,2,2
C-clinical-11-01452#2,0,2,2,2,2,2,2,2,2,2,2,2,2,2,2,0,0,2,2,2,2,2,2,2,2,2,2,2,2
C-clinical-11-01452#3,0,2,2,2,2,2,2,2,2,2,2,0,0,0,0,0,0,2,2,0,0,2,2,0,2,2,2,2,2
C-clinical-11-01452#4,0,2,2,2,2,2,2,2,2,2,2,2,2,0,0,0,0,2,2,2,2,2,2,2,2,2,2,2,2
C-clinical-11-01452#5,2,2,2,2,2,2,2,2,2,1,2,0,2,1,2,1,2,2,2,2,2,2,2,2,2,2,2,2,2
C-clinical-11-01452#6,0,2,2,2,2,0,2,2,2,2,2,0,0,2,2,0,0,2,2,0,0,2,2,2,2,2,2,2,2
C-clinical-11-01453#0,0,2,2,2,2,2,2,2,2,2,2,2,2,2,2,2,2,2,2,2,2,2,2,2,2,2,2,2,2
C-clinical-11-01453#1,0,2,2,2,2,2,2,2,2,2,2,2,2,2,2,2,2,2,2,2,2,2,2,2,2,2,2,2,2
C-clinical-11-01453#2,0,2,2,2,2,2,2,2,2,2,2,2,2,2,2,2,2,2,2,2,2,2,2,2,2,2,2,2,2
C-clinical-11-01453#3,0,2,2,2,2,2,2,2,2,2,2,2,2,0,0,2,2,2,2,2,2,2,2,2,2,2,2,2,2
C-clinical-11-01453#4,0,2,2,2,2,2,2,2,2,2,2,0,0,2,2,0,0,2,2,2,2,2,2,0,0,0,0,0,0
C-clinical-11-01453#5,0,2,2,2,2,2,2,2,2,2,2,2,2,2,2,2,2,2,2,2,2,2,2,2,2,2,2,2,2
C-clinical-11-01453#6,0,2,2,2,2,2,2,2,2,2,2,2,2,2,2,0,2,2,2,0,2,2,2,2,2,2,2,2,2
C-clinical-11-01453#7,0,2,2,2,2,2,2,2,2,2,2,0,0,2,2,0,0,0,2,2,2,2,2,0,0,0,0,0,0
C-clinical-11-01457#1,2,2,2,2,2,2,2,2,2,2,2,2,2,2,2,2,2,2,2,2,2,2,2,2,2,2,2,2,2
C-clinical-11-01457#2,2,2,2,2,2,2,2,2,2,2,2,2,2,2,2,2,2,2,2,2,2,2,2,2,2,2,2,2,2
C-clinical-11-01457#3,1,1,1,1,1,1,1,1,1,0,1,0,1,1,1,1,1,0,1,0,1,1,1,1,1,1,1,2,2
C-clinical-11-01457#4,1,2,2,2,2,1,1,2,2,2,2,0,1,2,2,1,1,2,2,1,1,0,1,2,2,2,2,2,2
C-clinical-11-01457#5,0,2,2,2,2,2,2,2,2,2,2,2,2,2,2,2,2,2,2,2,2,2,2,2,2,2,2,2,2
C-clinical-11-01457#6,1,2,2,2,2,1,1,2,2,2,2,2,2,2,2,2,2,2,2,0,1,2,2,2,2,2,2,1,1
C-clinical-11-01457#7,0,2,2,2,2,2,2,2,2,2,2,0,0,2,2,2,2,2,2,2,2,2,2,2,2,2,2,2,2
C-clinical-11-01457#8,0,2,2,2,2,2,2,2,2,0,0,0,0,2,2,2,2,0,0,0,0,2,2,2,2,2,2,2,2
C-clinical-11-01457#9,0,2,2,2,2,2,2,2,2,2,2,0,0,2,2,2,2,2,2,2,2,2,2,2,2,2,2,2,2
C-clinical-11-01460#0,2,2,2,2,2,2,2,2,2,2,2,0,2,2,2,2,2,2,2,2,2,2,2,2,2,2,2,2,2
C-clinical-11-01460#1,0,2,2,2,2,2,2,2,2,2,2,0,2,2,2,0,2,2,2,2,2,2,2,2,2,2,2,2,2
C-clinical-11-01460#10,0,2,2,2,2,2,2,2,2,2,2,0,2,2,2,2,2,2,2,2,2,2,2,2,2,2,2,2,2
C-clinical-11-01460#11,0,2,2,2,2,2,2,2,2,2,2,0,0,2,2,2,2,2,2,0,0,2,2,2,2,2,2,2,2
C-clinical-11-01460#12,1,1,1,1,1,1,1,1,1,1,1,1,1,1,1,1,1,2,2,1,1,2,2,1,1,1,1,1,1
C-clinical-11-01460#13,0,2,2,2,2,2,2,2,2,2,2,2,2,2,2,2,2,2,2,0,0,2,2,0,0,0,0,2,2
C-clinical-11-01460#2,0,2,2,2,2,2,2,2,2,2,2,2,2,2,2,2,2,2,2,2,2,2,2,2,2,0,2,2,2
C-clinical-11-01460#3,2,2,2,2,2,2,2,2,2,2,2,2,2,2,2,2,2,2,2,2,2,0,2,2,2,2,2,2,2
C-clinical-11-01460#4,0,2,2,2,2,2,2,2,2,2,2,2,2,2,2,2,2,2,2,0,0,2,2,0,0,0,0,2,2
C-clinical-11-01460#5,2,2,2,2,2,2,2,2,2,2,2,2,2,2,2,2,2,2,2,2,2,2,2,2,2,0,2,2,2
C-clinical-11-01460#6,2,1,2,0,2,0,2,2,2,1,2,0,2,1,2,1,2,1,2,2,2,2,2,2,2,2,2,1,2
C-clinical-11-01460#7,2,2,2,2,2,2,2,2,2,1,2,1,2,0,2,0,2,2,2,2,2,2,2,2,2,2,2,2,2
C-clinical-11-01460#8,2,2,2,2,2,2,2,2,2,2,2,2,2,1,2,2,2,2,2,2,2,2,2,2,2,2,2,2,2
C-clinical-11-01460#9,1,1,1,1,1,1,1,1,1,1,1,1,1,1,1,1,1,1,1,1,1,1,1,1,1,1,1,1,1
C-clinical-11-01462#0,2,2,2,2,2,2,2,2,2,2,2,2,2,2,2,2,2,2,2,2,2,2,2,2,2,2,2,2,2
C-clinical-11-01462#1,0,2,2,2,2,2,2,2,2,2,2,2,2,0,0,0,0,2,2,2,2,2,2,2,2,2,2,2,2
C-clinical-11-01462#10,0,2,2,2,2,2,2,2,2,2,2,2,2,2,2,2,2,2,2,0,0,2,2,2,2,0,0,2,2
C-clinical-11-01462#11,0,2,2,2,2,2,2,2,2,2,2,0,0,2,2,2,2,2,2,0,0,2,2,2,2,2,2,2,2
C-clinical-11-01462#2,0,1,1,1,1,1,1,0,0,1,1,2,2,2,2,1,1,2,2,1,1,2,2,2,2,2,2,2,2
C-clinical-11-01462#3,0,2,2,2,2,2,2,2,2,0,0,0,0,2,2,2,2,2,2,0,0,2,2,2,2,2,2,2,2
C-clinical-11-01462#4,2,2,2,2,2,2,2,2,2,1,2,0,2,1,2,1,2,2,2,2,2,0,2,0,2,0,2,2,2
C-clinical-11-01462#5,2,2,2,2,2,2,2,2,2,1,2,0,2,1,2,1,2,2,2,2,2,0,2,2,2,1,2,1,2
C-clinical-11-01462#6,2,2,2,2,2,1,2,2,2,2,2,2,2,2,2,2,2,2,2,2,2,2,2,2,2,2,2,2,2
C-clinical-11-01462#7,2,2,2,2,2,2,2,2,2,1,2,1,2,0,2,0,2,2,2,2,2,2,2,2,2,2,2,2,2
C-clinical-11-01462#8,0,2,2,2,2,2,2,2,2,2,2,0,0,2,2,2,2,2,2,2,2,2,2,2,2,2,2,2,2
C-clinical-11-01462#9,1,2,2,2,2,0,1,2,2,1,1,1,1,1,1,1,1,2,2,0,1,2,2,2,2,0,1,2,2
C-clinical-11-01465#0,0,2,2,2,2,2,2,2,2,2,2,0,0,2,2,0,0,2,2,2,2,2,2,2,2,2,2,2,2
C-clinical-11-01465#1,0,2,2,2,2,2,2,2,2,2,2,2,2,2,2,2,2,0,2,2,2,2,2,2,2,2,2,2,2
C-clinical-11-01465#2,0,2,2,2,2,1,1,1,1,1,1,0,0,2,2,1,1,1,1,1,1,2,2,2,2,2,2,2,2
C-clinical-11-01465#3,2,2,2,2,2,2,2,2,2,2,2,0,2,2,2,2,2,2,2,2,2,2,2,2,2,2,2,2,2
C-clinical-11-01465#4,0,2,2,2,2,2,2,2,2,2,2,2,2,2,2,2,2,2,2,0,0,2,2,2,2,2,2,2,2
C-clinical-11-01465#5,2,2,2,2,2,2,2,2,2,1,2,0,2,2,2,2,2,2,2,0,2,2,2,2,2,2,2,2,2
C-clinical-11-01465#6,2,2,2,2,2,2,2,2,2,1,2,0,2,1,2,1,2,2,2,2,2,0,2,2,2,0,2,2,2
C-clinical-11-01465#7,0,2,2,2,2,1,1,2,2,1,1,2,2,2,2,1,1,2,2,1,1,1,1,2,2,2,2,2,2
C-clinical-11-01467#0,0,2,2,2,2,2,2,2,2,2,2,1,1,1,1,1,1,2,2,2,2,2,2,2,2,2,2,2,2
C-clinical-11-01467#1,2,2,2,2,2,2,2,2,2,2,2,2,2,2,2,2,2,2,2,2,2,2,2,2,2,2,2,2,2
C-clinical-11-01467#2,2,2,2,2,2,2,2,2,2,2,2,2,2,2,2,2,2,2,2,0,2,2,2,2,2,0,2,2,2
C-clinical-11-01467#3,2,2,2,2,2,1,2,2,2,2,2,2,2,2,2,2,2,2,2,1,2,2,2,2,2,2,2,2,2
C-clinical-11-01467#4,0,2,2,2,2,2,2,2,2,2,2,0,0,2,2,2,2,2,2,0,0,2,2,2,2,2,2,2,2
C-clinical-11-01467#5,2,2,2,2,2,2,2,2,2,2,2,0,2,2,2,2,2,2,2,2,2,2,2,2,2,2,2,2,2
C-clinical-11-01468#0,0,2,2,2,2,2,2,2,2,1,1,0,0,2,2,1,1,0,0,0,0,2,2,2,2,2,2,2,2
C-clinical-11-01468#1,0,2,2,2,2,2,2,2,2,2,2,2,2,1,1,1,1,2,2,2,2,2,2,2,2,2,2,2,2
C-clinical-11-01468#10,2,2,2,2,2,2,2,2,2,2,2,0,2,2,2,1,2,2,2,0,2,2,2,2,2,2,2,2,2
C-clinical-11-01468#11,0,2,2,2,2,2,2,2,2,1,1,0,0,2,2,1,1,2,2,0,0,2,2,2,2,2,2,2,2
C-clinical-11-01468#2,0,2,2,2,2,2,2,2,2,2,2,0,2,0,0,0,0,2,2,2,2,2,2,2,2,2,2,2,2
C-clinical-11-01468#3,0,2,2,2,2,2,2,2,2,2,2,2,2,2,2,2,2,2,2,2,2,2,2,2,2,2,2,2,2
C-clinical-11-01468#4,1,1,1,1,1,1,1,1,1,0,1,0,1,1,1,1,1,0,1,2,2,1,1,1,1,1,1,2,2
C-clinical-11-01468#5,0,2,2,2,2,2,2,2,2,2,2,2,2,2,2,2,2,2,2,0,0,2,2,2,2,0,0,2,2
C-clinical-11-01468#6,0,2,2,2,2,2,2,2,2,2,2,2,2,2,2,0,0,2,2,2,2,2,2,2,2,2,2,2,2
C-clinical-11-01468#7,0,2,2,2,2,2,2,2,2,2,2,2,2,2,2,2,2,2,2,2,2,2,2,2,2,0,0,2,2
C-clinical-11-01468#8,0,2,2,2,2,2,2,2,2,2,2,2,2,2,2,2,2,2,2,2,2,2,2,2,2,0,0,2,2
C-clinical-11-01468#9,0,2,2,2,2,2,2,2,2,1,1,1,1,2,2,1,1,2,2,1,1,2,2,1,1,2,2,2,2
C-clinical-11-01470#0,0,2,2,2,2,2,2,2,2,2,2,0,0,2,2,2,2,2,2,2,2,2,2,2,2,2,2,2,2
C-clinical-11-01470#1,0,2,2,2,2,2,2,2,2,2,2,0,0,2,2,2,2,2,2,2,2,2,2,2,2,2,2,2,2
C-clinical-11-01470#2,0,2,2,2,2,2,2,2,2,2,2,0,0,2,2,2,2,2,2,2,2,2,2,2,2,2,2,2,2
C-clinical-11-01470#3,0,2,2,2,2,2,2,2,2,2,2,2,2,2,2,2,2,2,2,0,0,2,2,2,2,2,2,2,2
C-clinical-11-01470#4,2,2,2,2,2,2,2,2,2,1,2,0,2,1,2,1,2,0,2,2,2,0,2,1,2,1,2,1,2
C-clinical-11-01470#5,2,2,2,2,2,2,2,2,2,1,2,1,2,0,2,0,2,2,2,2,2,2,2,2,2,2,2,2,2
C-clinical-11-01470#6,0,2,2,2,2,2,2,2,2,2,2,2,2,2,2,2,2,2,2,0,0,2,2,2,2,2,2,2,2
C-clinical-11-01471#0,0,2,2,2,2,2,2,2,2,2,2,2,2,1,1,1,1,2,2,2,2,2,2,2,2,2,2,2,2
C-clinical-11-01471#1,0,2,2,2,2,2,2,2,2,2,2,2,2,0,0,0,2,2,2,2,2,2,2,2,2,2,2,2,2
C-clinical-11-01471#2,2,2,2,2,2,2,2,2,2,2,2,2,2,2,2,2,2,2,2,2,2,2,2,2,2,0,2,2,2
C-clinical-11-01471#3,0,2,2,2,2,2,2,2,2,2,2,0,0,2,2,2,2,2,2,2,2,2,2,2,2,2,2,2,2
C-clinical-11-01471#4,2,2,2,2,2,2,2,2,2,2,2,2,2,2,2,2,2,2,2,2,2,2,2,2,2,2,2,2,2
C-clinical-11-01471#5,1,1,1,1,1,1,1,1,1,1,1,1,1,1,1,1,1,0,1,1,1,1,1,1,1,1,1,1,1
C-clinical-11-01471#6,0,2,2,2,2,2,2,2,2,2,2,0,0,2,2,2,2,2,2,0,0,2,2,2,2,2,2,2,2
C-clinical-11-01473#0,0,2,2,2,2,2,2,2,2,2,2,1,2,2,2,0,0,2,2,2,2,2,2,2,2,2,2,2,2
C-clinical-11-01473#1,0,2,2,2,2,2,2,2,2,2,2,2,2,2,2,0,0,2,2,2,2,2,2,2,2,2,2,2,2
C-clinical-11-01473#2,2,2,2,2,2,2,2,2,2,2,2,1,2,2,2,1,2,2,2,2,2,2,2,2,2,2,2,2,2
C-clinical-11-01473#3,2,2,2,2,2,2,2,2,2,2,2,0,2,2,2,2,2,2,2,0,2,2,2,2,2,2,2,2,2
C-clinical-11-01473#4,2,2,2,2,2,2,2,2,2,1,2,0,2,1,2,1,2,2,2,2,2,0,2,2,2,0,2,0,2
C-clinical-11-01473#5,0,1,1,2,2,1,1,1,1,1,1,0,0,2,2,1,1,2,2,1,1,2,2,2,2,0,0,2,2
C-clinical-11-01473#6,0,2,2,2,2,2,2,2,2,2,2,0,0,2,2,0,0,0,0,2,2,2,2,2,2,2,2,0,0
C-clinical-11-01474#0,0,2,2,2,2,2,2,2,2,2,2,0,0,0,0,0,0,2,2,2,2,2,2,2,2,2,2,2,2
C-clinical-11-01474#1,0,2,2,2,2,2,2,2,2,2,2,0,0,0,0,0,0,2,2,0,2,2,2,2,2,0,2,2,2
C-clinical-11-01474#2,0,2,2,2,2,2,2,2,2,2,2,2,2,2,2,2,2,2,2,0,0,2,2,0,0,2,2,2,2
C-clinical-11-01474#3,1,2,2,2,2,2,2,2,2,2,2,2,2,2,2,2,2,2,2,1,2,2,2,0,1,0,1,2,2
C-clinical-11-01474#4,2,2,2,2,2,1,2,2,2,2,2,2,2,2,2,2,2,2,2,2,2,2,2,2,2,2,2,2,2
C-clinical-11-01475#0,2,2,2,2,2,2,2,2,2,2,2,0,2,2,2,2,2,2,2,2,2,2,2,2,2,2,2,2,2
C-clinical-11-01475#1,0,2,2,2,2,2,2,2,2,2,2,0,0,0,0,2,2,2,2,2,2,2,2,2,2,2,2,2,2
C-clinical-11-01475#2,0,2,2,2,2,2,2,2,2,2,2,0,0,2,2,0,0,2,2,2,2,2,2,2,2,2,2,2,2
C-clinical-11-01475#3,2,2,2,2,2,2,2,2,2,2,2,2,2,2,2,2,2,2,2,0,2,2,2,2,2,0,2,2,2
C-clinical-11-01475#4,2,2,2,2,2,2,2,2,2,1,2,1,2,1,2,0,2,2,2,2,2,2,2,2,2,2,2,2,2
C-clinical-11-01475#5,2,2,2,2,2,2,2,2,2,1,2,0,2,1,2,1,2,2,2,2,2,0,2,1,2,1,2,1,2
C-clinical-11-01475#6,0,2,2,2,2,2,2,2,2,2,2,0,0,2,2,2,2,2,2,0,0,2,2,2,2,2,2,2,2
C-clinical-11-01475#7,2,2,2,2,2,2,2,2,2,1,2,1,2,1,2,0,2,2,2,2,2,2,2,2,2,2,2,2,2
C-clinical-11-01475#8,2,2,2,2,2,1,2,2,2,2,2,2,2,2,2,2,2,2,2,0,2,2,2,2,2,2,2,2,2
C-clinical-11-01477#0,0,2,2,2,2,2,2,2,2,2,2,0,0,0,0,1,1,2,2,2,2,2,2,2,2,2,2,2,2
C-clinical-11-01477#1,1,1,1,1,1,1,1,1,1,0,1,0,1,1,1,0,1,0,1,2,2,2,2,2,2,2,2,2,2
C-clinical-11-01477#10,0,2,2,2,2,2,2,2,2,2,2,0,0,2,2,2,2,2,2,0,0,2,2,2,2,2,2,2,2
C-clinical-11-01477#11,0,2,2,2,2,2,2,2,2,1,1,0,0,2,2,2,2,2,2,0,0,2,2,2,2,2,2,2,2
C-clinical-11-01477#12,0,2,2,2,2,2,2,2,2,2,2,2,2,0,0,0,2,2,2,2,2,2,2,0,0,2,2,2,2
C-clinical-11-01477#13,0,2,2,2,2,1,1,2,2,2,2,0,0,2,2,1,1,2,2,1,1,1,1,2,2,1,1,2,2
C-clinical-11-01477#2,0,2,2,2,2,2,2,2,2,2,2,2,2,1,1,0,0,2,2,0,0,2,2,2,2,2,2,2,2
C-clinical-11-01477#3,0,2,2,2,2,2,2,2,2,2,2,2,2,0,0,0,0,2,2,0,0,2,2,2,2,2,2,2,2
C-clinical-11-01477#4,0,2,2,2,2,2,2,2,2,2,2,2,2,2,2,2,2,2,2,2,2,2,2,0,0,0,0,2,2
C-clinical-11-01477#5,0,2,2,2,2,2,2,2,2,2,2,2,2,2,2,2,2,2,2,0,2,2,2,0,0,2,2,2,2
C-clinical-11-01477#6,0,1,1,1,1,1,1,2,2,2,2,0,0,1,1,1,1,1,1,1,1,1,1,2,2,1,1,2,2
C-clinical-11-01477#7,0,2,2,2,2,2,2,2,2,2,2,2,2,2,2,2,2,2,2,2,2,2,2,2,2,2,2,2,2
C-clinical-11-01477#8,2,2,2,2,2,2,2,2,2,1,2,0,2,0,2,0,2,2,2,2,2,2,2,0,2,2,2,2,2
C-clinical-11-01477#9,2,2,2,2,2,2,2,2,2,1,2,0,2,0,2,0,2,2,2,2,2,2,2,0,2,2,2,2,2
C-clinical-11-01478#0,0,2,2,2,2,2,2,2,2,2,2,2,2,1,1,1,1,2,2,2,2,2,2,2,2,2,2,2,2
C-clinical-11-01478#1,0,2,2,2,2,1,1,1,1,1,1,0,0,2,2,1,1,1,1,1,1,2,2,2,2,2,2,2,2
C-clinical-11-01478#2,2,2,2,2,2,2,2,2,2,2,2,2,2,2,2,2,2,2,2,2,2,2,2,2,2,2,2,2,2
C-clinical-11-01478#3,0,2,2,2,2,2,2,2,2,2,2,0,0,2,2,1,1,2,2,0,0,2,2,2,2,2,2,2,2
C-clinical-11-01478#4,2,2,2,2,2,1,2,2,2,2,2,2,2,2,2,2,2,2,2,1,2,2,2,2,2,2,2,2,2
C-clinical-11-01478#5,1,2,2,2,2,1,1,2,2,2,2,1,1,1,1,2,2,2,2,0,1,2,2,2,2,2,2,2,2
C-clinical-11-01478#6,2,1,2,0,2,0,2,2,2,1,2,0,2,1,2,1,2,0,2,2,2,2,2,2,2,2,2,1,2
C-clinical-11-01478#7,2,2,2,2,2,2,2,2,2,1,2,1,2,0,2,0,2,2,2,2,2,2,2,2,2,2,2,2,2
C-clinical-11-01479#0,2,2,2,2,2,2,2,2,2,2,2,2,2,0,2,0,2,2,2,2,2,2,2,2,2,2,2,2,2
C-clinical-11-01479#1,1,2,2,2,2,2,2,1,1,2,2,1,1,0,1,0,1,2,2,2,2,1,1,0,1,2,2,2,2
C-clinical-11-01479#2,2,2,2,2,2,2,2,2,2,2,2,2,2,2,2,0,2,2,2,0,2,2,2,2,2,2,2,2,2
C-clinical-11-01479#3,0,2,2,2,2,2,2,2,2,2,2,0,0,2,2,2,2,2,2,2,2,2,2,2,2,2,2,2,2
C-clinical-11-01479#4,1,2,2,2,2,2,2,2,2,2,2,2,2,2,2,2,2,2,2,2,2,2,2,2,2,2,2,2,2
C-clinical-11-01479#5,2,2,2,2,2,2,2,2,2,2,2,2,2,2,2,2,2,2,2,0,2,2,2,2,2,2,2,2,2
C-clinical-11-01479#6,2,2,2,2,2,2,2,2,2,2,2,2,2,2,2,2,2,2,2,0,2,2,2,2,2,2,2,2,2
C-clinical-11-01481#0,2,2,2,2,2,2,2,2,2,2,2,2,2,2,2,2,2,2,2,2,2,2,2,2,2,2,2,2,2
C-clinical-11-01481#1,2,2,2,2,2,2,2,2,2,2,2,0,2,2,2,1,2,2,2,0,2,2,2,2,2,2,2,2,2
C-clinical-11-01481#2,2,2,2,2,2,2,2,2,2,2,2,2,2,2,2,2,2,2,2,2,2,2,2,2,2,2,2,2,2
C-clinical-11-01481#3,0,2,2,2,2,2,2,2,2,1,1,1,1,2,2,1,1,1,1,1,1,2,2,2,2,0,0,2,2
C-clinical-11-01481#4,0,2,2,2,2,2,2,2,2,2,2,2,2,1,1,0,0,0,0,2,2,2,2,2,2,2,2,2,2
C-clinical-11-01481#5,2,2,2,2,2,2,2,2,2,2,2,0,2,1,2,0,2,2,2,2,2,2,2,2,2,2,2,2,2
C-clinical-11-01483#0,0,2,2,2,2,2,2,2,2,2,2,2,2,2,2,1,1,2,2,2,2,2,2,2,2,2,2,2,2
C-clinical-11-01483#1,0,2,2,2,2,2,2,2,2,2,2,2,2,0,0,1,1,2,2,0,2,2,2,2,2,0,0,2,2
C-clinical-11-01483#2,0,2,2,2,2,2,2,2,2,2,2,2,2,2,2,1,1,2,2,2,2,2,2,2,2,0,0,2,2
C-clinical-11-01483#3,1,2,2,2,2,1,1,2,2,2,2,2,2,2,2,2,2,0,1,2,2,2,2,2,2,0,1,2,2
C-clinical-11-01483#4,2,1,2,0,2,1,2,2,2,1,2,0,2,1,2,1,2,0,2,2,2,2,2,2,2,2,2,1,2
C-clinical-11-01484#0,0,2,2,2,2,2,2,2,2,2,2,2,2,0,0,1,1,2,2,2,2,2,2,2,2,2,2,2,2
C-clinical-11-01484#1,2,2,2,2,2,2,2,2,2,2,2,2,2,2,2,2,2,2,2,2,2,2,2,2,2,2,2,2,2
C-clinical-11-01484#2,0,2,2,2,2,2,2,2,2,2,2,0,0,0,0,1,1,2,2,2,2,2,2,2,2,2,2,2,2
C-clinical-11-01484#3,2,2,2,2,2,2,2,2,2,2,2,2,2,2,2,2,2,2,2,0,2,2,2,2,2,2,2,2,2
C-clinical-11-01484#4,2,2,2,2,2,2,2,2,2,1,2,1,2,0,2,0,2,2,2,2,2,2,2,2,2,2,2,2,2
C-clinical-11-01484#5,2,2,2,2,2,2,2,2,2,2,2,2,2,2,2,2,2,2,2,0,2,2,2,2,2,2,2,2,2
C-clinical-11-01487#0,0,2,2,2,2,2,2,2,2,2,2,2,2,2,2,0,0,2,2,2,2,2,2,2,2,2,2,2,2
C-clinical-11-01487#1,0,2,2,2,2,2,2,2,2,2,2,2,2,2,2,2,2,0,0,2,2,2,2,2,2,2,2,2,2
C-clinical-11-01487#2,0,2,2,2,2,2,2,2,2,1,1,0,0,2,2,2,2,2,2,0,0,2,2,2,2,2,2,2,2
C-clinical-11-01487#3,0,1,1,1,1,1,1,1,1,2,2,0,0,0,0,0,0,1,1,1,1,1,1,1,1,1,1,1,1
C-clinical-11-01487#4,0,2,2,2,2,2,2,2,2,2,2,0,0,0,0,2,2,2,2,2,2,2,2,2,2,2,2,2,2
C-clinical-11-01487#5,2,2,2,2,2,0,2,2,2,1,2,0,2,1,2,0,2,2,2,2,2,2,2,0,2,2,2,2,2
C-clinical-11-01487#6,0,2,2,2,2,2,2,2,2,2,2,2,2,2,2,1,1,2,2,0,0,2,2,2,2,2,2,2,2
C-clinical-11-01487#7,1,2,2,2,2,0,1,2,2,1,1,0,1,2,2,2,2,2,2,0,1,2,2,2,2,2,2,2,2
C-clinical-11-01490#0,0,2,2,2,2,2,2,2,2,2,2,2,2,2,2,2,2,2,2,2,2,2,2,2,2,2,2,2,2
C-clinical-11-01490#1,0,2,2,2,2,2,2,2,2,2,2,2,2,2,2,2,2,2,2,2,2,2,2,0,2,2,2,2,2
C-clinical-11-01490#10,0,2,2,2,2,2,2,2,2,2,2,2,2,0,0,0,2,2,2,2,2,2,2,2,2,0,2,0,2
C-clinical-11-01490#2,0,2,2,2,2,2,2,2,2,2,2,1,1,1,1,1,1,2,2,0,0,2,2,2,2,2,2,2,2
C-clinical-11-01490#3,0,2,2,2,2,2,2,2,2,2,2,2,2,0,0,0,0,2,2,2,2,2,2,2,2,2,2,2,2
C-clinical-11-01490#4,0,2,2,2,2,2,2,2,2,2,2,2,2,2,2,2,2,2,2,2,2,2,2,2,2,0,0,2,2
C-clinical-11-01490#5,2,2,2,2,2,2,2,2,2,2,2,0,2,2,2,2,2,2,2,0,2,2,2,2,2,2,2,2,2
C-clinical-11-01490#6,0,2,2,2,2,2,2,2,2,2,2,2,2,2,2,2,2,2,2,2,2,2,2,2,2,2,2,2,2
C-clinical-11-01490#7,0,2,2,2,2,2,2,2,2,1,1,1,1,2,2,1,1,2,2,1,1,2,2,2,2,2,2,2,2
C-clinical-11-01490#8,0,2,2,2,2,2,2,2,2,2,2,0,0,0,0,2,2,2,2,0,0,2,2,2,2,2,2,2,2
C-clinical-11-01490#9,2,2,2,2,2,2,2,2,2,1,2,0,2,1,2,1,2,2,2,2,2,0,2,2,2,0,2,2,2
C-clinical-11-01492#0,2,2,2,2,2,2,2,2,2,2,2,1,2,0,2,0,2,2,2,2,2,2,2,2,2,2,2,2,2
C-clinical-11-01492#1,2,2,2,2,2,2,2,2,2,2,2,2,2,2,2,2,2,2,2,2,2,2,2,2,2,2,2,2,2
C-clinical-11-01492#2,0,2,2,2,2,2,2,2,2,2,2,0,0,2,2,2,2,2,2,2,2,2,2,2,2,0,0,2,2
C-clinical-11-01492#3,1,1,1,1,1,0,1,1,1,0,1,0,1,0,1,0,1,0,1,2,2,1,1,1,1,1,1,1,1
C-clinical-11-01492#4,0,0,0,2,2,0,0,2,2,0,0,0,0,0,0,0,0,2,2,2,2,2,2,2,2,2,2,2,2
C-clinical-11-01492#5,0,2,2,2,2,2,2,2,2,2,2,2,2,2,2,2,2,2,2,2,2,2,2,2,2,0,0,2,2
C-clinical-11-01492#6,0,2,2,2,2,0,0,2,2,2,2,0,0,2,2,1,1,0,0,0,0,2,2,2,2,0,0,2,2
C-clinical-11-01492#7,2,2,2,2,2,1,2,2,2,2,2,2,2,2,2,1,2,2,2,1,2,2,2,2,2,2,2,2,2
C-clinical-11-01492#9,2,2,2,2,2,2,2,2,2,2,2,2,2,2,2,2,2,2,2,2,2,2,2,2,2,2,2,2,2
C-clinical-11-01493#0,0,2,2,2,2,2,2,2,2,2,2,2,2,2,2,2,2,2,2,2,2,2,2,2,2,2,2,2,2
C-clinical-11-01493#1,2,2,2,2,2,2,2,2,2,2,2,2,2,2,2,2,2,2,2,0,2,2,2,2,2,2,2,2,2
C-clinical-11-01493#10,2,2,2,2,2,2,2,2,2,2,2,2,2,2,2,2,2,2,2,1,2,2,2,0,2,2,2,2,2
C-clinical-11-01493#11,0,2,2,2,2,2,2,2,2,1,1,2,2,2,2,1,1,2,2,1,1,2,2,2,2,2,2,2,2
C-clinical-11-01493#2,0,2,2,2,2,2,2,2,2,2,2,2,2,2,2,0,2,2,2,2,2,2,2,2,2,2,2,2,2
C-clinical-11-01493#3,2,2,2,2,2,2,2,2,2,2,2,2,2,2,2,2,2,2,2,2,2,2,2,2,2,2,2,2,2
C-clinical-11-01493#4,2,2,2,2,2,2,2,2,2,2,2,1,2,2,2,1,2,2,2,0,2,2,2,2,2,2,2,2,2
C-clinical-11-01493#5,0,2,2,2,2,2,2,2,2,2,2,2,2,2,2,2,2,2,2,2,2,2,2,2,2,2,2,2,2
C-clinical-11-01493#6,2,2,2,2,2,2,2,2,2,2,2,0,2,2,2,2,2,0,2,1,2,2,2,2,2,2,2,2,2
C-clinical-11-01493#7,2,2,2,2,2,0,2,2,2,2,2,0,2,2,2,2,2,2,2,0,2,2,2,2,2,2,2,2,2
C-clinical-11-01493#8,2,2,2,2,2,0,2,1,2,1,2,0,2,1,2,1,2,0,2,2,2,0,2,1,2,1,2,1,2
C-clinical-11-01493#9,2,2,2,2,2,2,2,2,2,2,2,2,2,2,2,2,2,2,2,2,2,2,2,2,2,2,2,2,2
C-clinical-11-01496#0,0,2,2,2,2,2,2,2,2,2,2,2,2,1,1,2,2,0,0,2,2,2,2,2,2,2,2,2,2
C-clinical-11-01496#1,0,2,2,2,2,2,2,2,2,2,2,2,2,2,2,2,2,0,0,2,2,2,2,0,2,0,2,2,2
C-clinical-11-01496#2,0,2,2,2,2,2,2,1,1,2,2,1,1,1,1,0,1,0,0,2,2,1,1,0,1,2,2,2,2
C-clinical-11-01496#3,0,2,2,2,2,2,2,2,2,2,2,2,2,2,2,2,2,0,0,2,2,2,2,1,1,2,2,2,2
C-clinical-11-01496#4,0,2,2,2,2,2,2,2,2,2,2,2,2,2,2,2,2,0,0,2,2,2,2,2,2,2,2,2,2
C-clinical-11-01497#0,0,2,2,2,2,2,2,2,2,2,2,0,1,1,1,0,0,2,2,2,2,2,2,2,2,2,2,2,2
C-clinical-11-01497#1,0,2,2,2,2,2,2,2,2,2,2,2,2,0,0,0,0,0,0,2,2,2,2,2,2,2,2,0,0
C-clinical-11-01497#2,0,2,2,2,2,2,2,2,2,2,2,1,1,1,1,0,0,2,2,2,2,2,2,2,2,2,2,2,2
C-clinical-11-01497#3,0,2,2,2,2,2,2,2,2,2,2,2,2,0,0,0,0,2,2,2,2,2,2,2,2,2,2,2,2
C-clinical-11-01497#4,0,2,2,1,1,1,1,2,2,2,2,0,0,2,2,1,1,1,1,1,1,2,2,1,1,1,1,1,1
C-clinical-11-01497#5,0,2,2,2,2,2,2,2,2,2,2,0,0,2,2,2,2,2,2,2,2,2,2,2,2,0,0,2,2
C-clinical-11-01497#6,0,2,2,2,2,2,2,2,2,2,2,2,2,2,2,0,0,2,2,0,2,2,2,2,2,2,2,2,2
C-clinical-11-01497#7,2,2,2,2,2,2,2,2,2,2,2,2,2,1,2,1,2,2,2,0,2,2,2,2,2,2,2,2,2
C-clinical-11-01499#0,0,2,2,2,2,2,2,2,2,2,2,1,1,2,2,2,2,2,2,2,2,2,2,2,2,2,2,2,2
C-clinical-11-01499#1,0,2,2,2,2,2,2,2,2,2,2,0,0,2,2,2,2,2,2,2,2,2,2,2,2,0,2,2,2
C-clinical-11-01499#10,2,2,2,2,2,2,2,2,2,2,2,0,2,2,2,0,2,2,2,2,2,2,2,2,2,2,2,2,2
C-clinical-11-01499#2,0,2,2,2,2,2,2,2,2,2,2,0,0,2,2,2,2,2,2,2,2,2,2,2,2,2,2,2,2
C-clinical-11-01499#3,0,2,2,2,2,1,1,2,2,1,1,0,0,2,2,2,2,2,2,0,0,2,2,2,2,2,2,2,2
C-clinical-11-01499#4,1,2,2,2,2,2,2,2,2,2,2,2,2,2,2,2,2,2,2,1,1,2,2,1,1,2,2,2,2
C-clinical-11-01499#5,0,2,2,2,2,2,2,2,2,2,2,0,0,2,2,2,2,2,2,2,2,2,2,2,2,0,2,2,2
C-clinical-11-01499#6,1,2,2,2,2,1,1,2,2,2,2,2,2,2,2,2,2,2,2,0,1,2,2,2,2,0,1,2,2
C-clinical-11-01499#7,0,2,2,2,2,1,1,2,2,2,2,2,2,2,2,2,2,2,2,2,2,2,2,2,2,0,0,2,2
C-clinical-11-01499#8,2,2,2,2,2,2,2,2,2,1,2,0,2,2,2,2,2,2,2,0,2,2,2,2,2,2,2,2,2
C-clinical-11-01499#9,2,2,2,2,2,1,2,2,2,2,2,2,2,2,2,2,2,0,2,2,2,2,2,2,2,2,2,2,2
C-clinical-11-01500#0,0,2,2,2,2,2,2,2,2,2,2,2,2,2,2,2,2,2,2,2,2,2,2,2,2,2,2,2,2
C-clinical-11-01500#1,0,2,2,2,2,2,2,2,2,2,2,2,2,2,2,0,2,0,2,2,2,2,2,2,2,2,2,2,2
C-clinical-11-01500#2,2,2,2,2,2,2,2,2,2,1,2,0,2,1,2,1,2,0,2,2,2,0,2,2,2,1,2,1,2
C-clinical-11-01501#0,0,2,2,2,2,2,2,2,2,2,2,1,1,0,0,0,0,2,2,2,2,2,2,1,1,2,2,2,2
C-clinical-11-01501#1,0,2,2,2,2,2,2,2,2,2,2,0,0,0,0,0,0,2,2,2,2,2,2,0,0,0,2,2,2
C-clinical-11-01501#2,0,2,2,2,2,2,2,1,1,2,2,0,0,0,0,0,0,2,2,2,2,1,1,0,0,1,1,1,1
C-clinical-11-01501#3,0,2,2,1,1,0,0,1,1,2,2,0,0,0,0,0,0,0,0,1,1,1,1,0,0,1,1,1,1
C-clinical-11-01503#1,2,2,2,2,2,2,2,2,2,2,2,0,2,2,2,2,2,2,2,2,2,2,2,2,2,2,2,2,2
C-clinical-11-01503#10,1,2,2,2,2,1,1,2,2,2,2,0,1,2,2,2,2,0,1,1,2,2,2,2,2,2,2,2,2
C-clinical-11-01503#11,2,2,2,2,2,2,2,2,2,2,2,0,2,2,2,2,2,2,2,2,2,2,2,2,2,2,2,2,2
C-clinical-11-01503#12,2,2,2,2,2,2,2,2,2,2,2,0,2,2,2,2,2,2,2,2,2,2,2,2,2,2,2,2,2
C-clinical-11-01503#13,2,2,2,2,2,2,2,2,2,2,2,2,2,2,2,2,2,2,2,2,2,2,2,2,2,2,2,2,2
C-clinical-11-01503#14,0,2,2,2,2,2,2,2,2,2,2,2,2,1,1,2,2,2,2,2,2,2,2,2,2,2,2,2,2
C-clinical-11-01503#16,2,2,2,2,2,2,2,2,2,2,2,2,2,2,2,2,2,2,2,0,2,2,2,2,2,2,2,2,2
C-clinical-11-01503#17,1,1,1,1,1,1,1,1,1,1,1,1,1,1,1,1,1,1,1,1,1,1,1,1,1,1,1,1,1
C-clinical-11-01503#18,1,2,2,2,2,2,2,2,2,1,1,0,1,2,2,2,2,2,2,1,2,2,2,2,2,2,2,2,2
C-clinical-11-01503#2,2,2,2,2,2,2,2,2,2,2,2,0,2,2,2,2,2,2,2,2,2,2,2,0,2,2,2,2,2
C-clinical-11-01503#3,2,2,2,2,2,2,2,2,2,2,2,0,2,2,2,2,2,2,2,2,2,2,2,2,2,2,2,2,2
C-clinical-11-01503#4,1,1,1,1,1,1,1,1,1,0,1,0,1,1,1,0,1,0,1,2,2,1,1,1,1,2,2,1,1
C-clinical-11-01503#5,2,2,2,2,2,2,2,2,2,2,2,0,2,2,2,2,2,2,2,2,2,2,2,2,2,2,2,2,2
C-clinical-11-01503#6,2,2,2,2,2,2,2,2,2,2,2,2,2,2,2,2,2,2,2,0,2,2,2,2,2,2,2,2,2
C-clinical-11-01503#7,1,1,1,1,1,1,1,1,1,1,1,1,1,1,1,1,1,0,1,1,1,1,1,1,1,1,1,1,1
C-clinical-11-01503#8,0,2,2,2,2,2,2,2,2,2,2,2,2,1,1,2,2,2,2,2,2,2,2,2,2,2,2,2,2
C-clinical-11-01503#9,2,2,2,2,2,2,2,2,2,2,2,2,2,2,2,0,2,2,2,2,2,2,2,2,2,2,2,2,2
C-clinical-11-01507#0,2,2,2,2,2,2,2,2,2,2,2,2,2,0,2,0,2,2,2,2,2,2,2,2,2,2,2,2,2
C-clinical-11-01507#1,2,2,2,2,2,2,2,2,2,2,2,0,2,0,2,0,2,0,2,2,2,2,2,2,2,2,2,2,2
C-clinical-11-01507#10,2,0,2,1,2,0,2,1,2,2,2,0,2,0,2,0,2,0,2,1,2,1,2,0,2,0,2,1,2
C-clinical-11-01507#11,0,2,2,2,2,2,2,2,2,2,2,0,0,2,2,1,1,2,2,0,0,2,2,2,2,2,2,2,2
C-clinical-11-01507#12,2,0,2,1,2,0,2,1,2,2,2,0,2,0,2,0,2,0,2,1,2,1,2,0,2,0,2,1,2
C-clinical-11-01507#13,0,2,2,2,2,2,2,2,2,2,2,0,0,2,2,1,1,2,2,0,0,2,2,2,2,2,2,2,2
C-clinical-11-01507#2,2,2,2,2,2,2,2,2,2,2,2,0,2,0,2,0,2,0,2,2,2,2,2,2,2,0,2,2,2
C-clinical-11-01507#3,2,2,2,2,2,0,2,2,2,2,2,2,2,2,2,2,2,2,2,0,2,2,2,2,2,2,2,2,2
C-clinical-11-01507#4,2,2,2,2,2,2,2,2,2,2,2,2,2,2,2,2,2,2,2,2,2,2,2,2,2,2,2,2,2
C-clinical-11-01507#5,2,2,2,2,2,2,2,2,2,2,2,2,2,1,2,1,2,2,2,1,2,2,2,2,2,2,2,2,2
C-clinical-11-01507#6,0,2,2,2,2,2,2,2,2,2,2,2,2,0,0,0,0,2,2,2,2,2,2,0,0,2,2,2,2
C-clinical-11-01507#7,0,2,2,2,2,1,1,2,2,1,1,2,2,2,2,2,2,2,2,2,2,2,2,2,2,2,2,2,2
C-clinical-11-01507#8,1,1,1,1,1,1,1,1,1,0,1,0,1,1,1,1,1,0,1,1,1,1,1,1,1,1,1,2,2
C-clinical-11-01508#0,0,2,2,2,2,2,2,2,2,2,2,2,2,0,0,0,0,2,2,2,2,2,2,2,2,2,2,2,2
C-clinical-11-01508#1,0,2,2,2,2,1,1,0,0,1,1,2,2,2,2,2,2,2,2,1,1,2,2,2,2,2,2,2,2
C-clinical-11-01508#2,0,2,2,2,2,1,1,1,1,2,2,1,1,0,0,0,0,1,1,2,2,1,1,0,1,1,1,2,2
C-clinical-11-01508#3,0,2,2,2,2,1,1,2,2,2,2,2,2,2,2,2,2,2,2,0,0,2,2,2,2,0,0,2,2
C-clinical-11-01508#4,1,2,2,2,2,1,1,2,2,1,1,1,1,2,2,2,2,2,2,1,1,2,2,1,1,2,2,2,2
C-clinical-11-01508#5,0,2,2,2,2,2,2,2,2,2,2,2,2,0,0,0,0,2,2,2,2,2,2,2,2,2,2,2,2
C-clinical-11-01508#6,2,2,2,2,2,0,2,2,2,2,2,1,2,1,2,2,2,2,2,2,2,2,2,2,2,2,2,2,2
C-clinical-11-01508#7,0,2,2,2,2,2,2,2,2,2,2,0,0,0,0,0,0,2,2,2,2,2,2,2,2,2,2,2,2
C-clinical-11-01508#8,0,2,2,2,2,2,2,2,2,2,2,0,0,2,2,2,2,2,2,0,0,2,2,2,2,2,2,2,2
C-clinical-11-01508#9,0,2,2,2,2,2,2,2,2,2,2,0,0,2,2,2,2,2,2,0,0,2,2,2,2,2,2,2,2
C-clinical-11-01510#0,0,2,2,2,2,2,2,2,2,2,2,0,0,2,2,1,1,2,2,2,2,2,2,2,2,2,2,2,2
C-clinical-11-01510#1,2,2,2,2,2,2,2,2,2,2,2,0,2,2,2,2,2,2,2,2,2,2,2,2,2,2,2,2,2
C-clinical-11-01510#2,2,2,2,2,2,2,2,2,2,2,2,2,2,2,2,2,2,2,2,2,2,2,2,2,2,2,2,2,2
C-clinical-11-01510#3,0,2,2,2,2,2,2,2,2,2,2,0,0,0,0,0,0,2,2,2,2,2,2,2,2,2,2,2,2
C-clinical-11-01510#4,0,2,2,2,2,2,2,2,2,2,2,0,0,2,2,0,0,2,2,2,2,2,2,2,2,2,2,2,2
C-clinical-11-01510#5,0,2,2,2,2,2,2,2,2,2,2,0,0,2,2,0,0,2,2,2,2,2,2,2,2,2,2,2,2
C-clinical-11-01510#6,2,2,2,2,2,2,2,2,2,2,2,2,2,2,2,2,2,2,2,2,2,2,2,2,2,2,2,2,2
C-clinical-11-01514#0,0,2,2,2,2,2,2,2,2,2,2,0,0,0,0,1,2,2,2,2,2,2,2,2,2,2,2,2,2
C-clinical-11-01514#1,0,2,2,2,2,2,2,2,2,2,2,0,0,1,1,2,2,2,2,2,2,2,2,2,2,1,2,2,2
C-clinical-11-01514#2,0,2,2,2,2,2,2,2,2,2,2,2,2,2,2,2,2,2,2,2,2,2,2,2,2,2,2,2,2
C-clinical-11-01514#3,2,2,2,2,2,2,2,2,2,2,2,2,2,2,2,2,2,2,2,2,2,2,2,2,2,2,2,2,2
C-clinical-11-01514#4,2,2,2,2,2,2,2,2,2,2,2,2,2,1,2,2,2,2,2,2,2,2,2,2,2,2,2,2,2
C-clinical-11-01514#5,0,2,2,2,2,2,2,2,2,2,2,2,2,2,2,2,2,2,2,2,2,2,2,2,2,2,2,2,2
C-clinical-11-01514#6,2,2,2,2,2,2,2,2,2,2,2,2,2,1,2,2,2,2,2,2,2,2,2,2,2,2,2,2,2
C-clinical-11-01524#0,0,1,1,1,1,0,0,1,1,2,2,1,1,1,1,0,0,2,2,1,1,1,1,1,1,1,1,1,1
C-clinical-11-01524#1,0,2,2,2,2,2,2,2,2,2,2,2,2,0,0,0,0,2,2,2,2,2,2,2,2,2,2,2,2
C-clinical-11-01524#10,0,2,2,2,2,0,0,2,2,1,1,0,0,2,2,1,1,2,2,0,0,2,2,2,2,2,2,1,1
C-clinical-11-01524#2,0,2,2,2,2,2,2,2,2,2,2,2,2,0,0,0,0,2,2,2,2,2,2,2,2,2,2,2,2
C-clinical-11-01524#3,2,2,2,2,2,2,2,2,2,2,2,0,2,2,2,2,2,2,2,2,2,2,2,2,2,2,2,2,2
C-clinical-11-01524#4,2,2,2,2,2,2,2,2,2,2,2,2,2,2,2,2,2,2,2,2,2,2,2,2,2,2,2,2,2
C-clinical-11-01524#5,2,2,2,2,2,2,2,2,2,2,2,2,2,2,2,2,2,2,2,2,2,2,2,2,2,2,2,2,2
C-clinical-11-01524#6,2,2,2,2,2,0,2,2,2,2,2,2,2,2,2,1,2,2,2,1,2,2,2,2,2,2,2,2,2
C-clinical-11-01524#7,2,2,2,2,2,2,2,2,2,1,2,0,2,1,2,1,2,2,2,2,2,0,2,1,2,1,2,1,2
C-clinical-11-01524#8,2,2,2,2,2,2,2,2,2,1,2,1,2,1,2,0,2,2,2,2,2,2,2,2,2,0,2,2,2
C-clinical-11-01524#9,2,2,2,2,2,2,2,2,2,2,2,2,2,2,2,2,2,2,2,2,2,2,2,2,2,2,2,2,2
C-clinical-11-01525#0,0,2,2,2,2,1,1,2,2,2,2,0,0,2,2,1,1,2,2,1,1,1,1,1,1,2,2,1,1
C-clinical-11-01525#1,0,2,2,2,2,2,2,2,2,2,2,0,0,2,2,2,2,2,2,2,2,2,2,2,2,2,2,2,2
C-clinical-11-01525#3,1,1,1,1,1,1,1,1,1,0,1,0,1,1,1,1,1,0,1,2,2,2,2,2,2,2,2,2,2
C-clinical-11-01525#4,2,2,2,2,2,2,2,2,2,2,2,2,2,2,2,2,2,2,2,2,2,2,2,2,2,2,2,2,2
C-clinical-11-01525#5,0,2,2,2,2,2,2,2,2,2,2,2,2,2,2,2,2,2,2,2,2,2,2,2,2,0,0,2,2
C-clinical-11-01525#6,0,2,2,2,2,2,2,2,2,2,2,0,0,2,2,2,2,2,2,2,2,2,2,0,2,0,2,0,2
C-clinical-11-01525#7,2,2,2,2,2,2,2,2,2,2,2,2,2,2,2,2,2,2,2,2,2,2,2,2,2,2,2,2,2
C-clinical-11-01526#0,0,2,2,2,2,2,2,2,2,2,2,2,2,1,1,0,2,2,2,2,2,2,2,2,2,2,2,2,2
C-clinical-11-01526#1,2,2,2,2,2,0,2,2,2,2,2,0,2,2,2,2,2,2,2,2,2,2,2,2,2,2,2,2,2
C-clinical-11-01526#2,0,2,2,2,2,2,2,2,2,2,2,2,2,1,1,0,2,2,2,2,2,2,2,2,2,2,2,2,2
C-clinical-11-01526#3,0,2,2,2,2,2,2,2,2,2,2,2,2,2,2,2,2,2,2,2,2,2,2,2,2,2,2,2,2
C-clinical-11-01526#4,0,2,2,2,2,1,1,2,2,2,2,2,2,2,2,2,2,2,2,2,2,2,2,2,2,0,0,2,2
C-clinical-11-01526#5,0,2,2,2,2,2,2,2,2,2,2,2,2,2,2,2,2,2,2,0,0,2,2,2,2,0,0,2,2
C-clinical-11-01526#6,0,2,2,2,2,2,2,2,2,2,2,2,2,2,2,2,2,2,2,2,2,2,2,2,2,2,2,2,2
C-clinical-11-01528#0,0,2,2,2,2,2,2,2,2,2,2,2,2,0,0,2,2,2,2,2,2,2,2,2,2,2,2,2,2
C-clinical-11-01528#1,2,2,2,2,2,2,2,2,2,2,2,2,2,2,2,2,2,2,2,2,2,2,2,2,2,2,2,2,2
C-clinical-11-01528#10,2,2,2,2,2,1,2,2,2,2,2,2,2,2,2,2,2,2,2,1,2,2,2,2,2,2,2,2,2
C-clinical-11-01528#11,0,2,2,2,2,2,2,2,2,2,2,0,0,0,0,0,0,2,2,0,0,2,2,2,2,2,2,2,2
C-clinical-11-01528#12,0,2,2,2,2,2,2,2,2,2,2,0,0,0,0,0,0,2,2,0,0,2,2,2,2,2,2,2,2
C-clinical-11-01528#13,2,2,2,2,2,1,2,2,2,1,2,2,2,2,2,1,2,2,2,1,2,2,2,2,2,2,2,2,2
C-clinical-11-01528#2,0,2,2,2,2,2,2,1,1,2,2,1,1,0,0,0,1,2,2,2,2,1,1,0,1,2,2,2,2
C-clinical-11-01528#3,0,2,2,2,2,2,2,2,2,2,2,0,0,2,2,2,2,2,2,2,2,2,2,2,2,2,2,2,2
C-clinical-11-01528#4,0,2,2,2,2,2,2,2,2,2,2,2,2,2,2,2,2,2,2,2,2,2,2,2,2,0,0,2,2
C-clinical-11-01528#5,2,2,2,2,2,2,2,2,2,1,2,0,2,1,2,1,2,2,2,2,2,0,2,1,2,1,2,1,2
C-clinical-11-01528#6,2,2,2,2,2,0,2,2,2,2,2,2,2,2,2,2,2,2,2,2,2,2,2,2,2,2,2,2,2
C-clinical-11-01528#7,2,2,2,2,2,1,2,2,2,1,2,1,2,1,2,0,2,2,2,2,2,2,2,2,2,2,2,2,2
C-clinical-11-01528#8,0,2,2,2,2,2,2,2,2,2,2,2,2,2,2,2,2,2,2,0,0,2,2,2,2,2,2,2,2
C-clinical-11-01528#9,2,2,2,2,2,2,2,2,2,2,2,0,2,2,2,2,2,2,2,2,2,2,2,2,2,2,2,2,2
C-clinical-11-01529#0,0,2,2,2,2,2,2,2,2,2,2,2,2,0,0,0,0,2,2,2,2,2,2,2,2,2,2,2,2
C-clinical-11-01529#1,0,2,2,2,2,0,2,2,2,2,2,0,2,0,0,0,0,0,2,2,2,2,2,2,2,2,2,0,2
C-clinical-11-01529#2,1,2,2,2,2,2,2,2,2,1,1,0,1,2,2,1,1,2,2,1,1,0,1,2,2,2,2,2,2
C-clinical-11-01529#3,2,2,2,2,2,2,2,2,2,2,2,2,2,2,2,2,2,2,2,2,2,2,2,2,2,2,2,2,2
C-clinical-11-01529#5,1,2,2,1,1,1,1,1,1,0,1,0,1,0,1,1,1,0,1,0,1,1,1,1,1,1,1,2,2
C-clinical-11-01529#6,0,2,2,2,2,2,2,2,2,2,2,2,2,2,2,2,2,2,2,2,2,2,2,2,2,0,0,2,2
C-clinical-11-01532#0,0,2,2,2,2,2,2,2,2,2,2,0,0,0,0,0,0,2,2,2,2,2,2,2,2,2,2,2,2
C-clinical-11-01532#1,0,1,1,0,0,0,0,1,1,2,2,0,0,0,0,0,0,0,0,1,1,1,1,1,1,0,0,1,1
C-clinical-11-01532#2,1,2,2,2,2,2,2,2,2,1,1,0,1,1,1,1,1,2,2,0,1,2,2,2,2,0,1,2,2
C-clinical-11-01532#3,2,1,2,1,2,2,2,2,2,1,2,0,2,1,2,1,2,0,2,2,2,2,2,2,2,2,2,1,2
C-clinical-11-01537#0,0,2,2,2,2,2,2,2,2,2,2,2,2,0,0,1,1,2,2,2,2,2,2,2,2,2,2,2,2
C-clinical-11-01537#1,0,2,2,2,2,1,1,1,1,2,2,1,1,0,0,0,0,2,2,2,2,1,1,2,2,2,2,2,2
C-clinical-11-01537#2,2,2,2,2,2,2,2,2,2,2,2,2,2,2,2,2,2,2,2,2,2,2,2,2,2,2,2,2,2
C-clinical-11-01537#3,0,2,2,2,2,2,2,2,2,2,2,0,0,2,2,1,1,2,2,2,2,2,2,2,2,2,2,2,2
C-clinical-11-01537#4,2,2,2,2,2,1,2,2,2,2,2,2,2,2,2,2,2,2,2,2,2,2,2,2,2,2,2,2,2
C-clinical-11-01537#5,0,2,2,2,2,2,2,2,2,2,2,2,2,2,2,2,2,2,2,0,0,2,2,2,2,2,2,2,2
C-clinical-11-01537#6,0,2,2,2,2,2,2,2,2,2,2,2,2,2,2,2,2,2,2,0,0,2,2,2,2,2,2,2,2
C-clinical-11-01537#7,2,2,2,2,2,1,2,2,2,2,2,2,2,2,2,2,2,2,2,2,2,2,2,2,2,2,2,2,2
C-clinical-11-01539#0,0,2,2,2,2,2,2,2,2,2,2,0,1,1,1,0,1,2,2,2,2,2,2,2,2,2,2,2,2
C-clinical-11-01539#1,0,2,2,2,2,2,2,2,2,2,2,2,2,2,2,2,2,2,2,2,2,2,2,0,2,0,2,2,2
C-clinical-11-01539#2,0,2,2,2,2,2,2,2,2,0,0,2,2,2,2,0,0,0,0,0,0,2,2,2,2,2,2,0,0
C-clinical-11-01539#3,0,2,2,2,2,1,1,2,2,1,1,0,0,2,2,2,2,2,2,0,0,2,2,2,2,2,2,2,2
C-clinical-11-01539#4,0,2,2,2,2,2,2,2,2,1,1,0,0,2,2,1,1,2,2,0,0,2,2,2,2,0,0,2,2
C-clinical-11-01539#5,2,2,2,2,2,2,2,2,2,2,2,0,2,1,2,1,2,2,2,2,2,0,2,0,2,0,2,0,2
C-clinical-11-01539#6,0,2,2,2,2,2,2,2,2,2,2,0,2,0,0,0,2,2,2,2,2,2,2,0,2,2,2,2,2
C-clinical-11-01539#7,0,2,2,2,2,2,2,2,2,0,0,2,2,2,2,0,0,0,0,0,0,2,2,2,2,2,2,0,0
C-clinical-11-01539#8,0,2,2,2,2,1,1,2,2,1,1,0,0,2,2,1,1,2,2,1,1,2,2,2,2,2,2,2,2
C-clinical-11-01539#9,0,2,2,2,2,2,2,2,2,2,2,0,1,1,1,1,1,2,2,2,2,2,2,2,2,2,2,2,2
C-clinical-11-01540#0,0,2,2,2,2,2,2,2,2,2,2,1,1,2,2,1,1,2,2,2,2,2,2,2,2,2,2,2,2
C-clinical-11-01540#1,0,2,2,2,2,2,2,2,2,2,2,0,0,0,0,0,0,0,2,2,2,2,2,0,2,2,2,2,2
C-clinical-11-01540#10,0,2,2,2,2,2,2,2,2,2,2,0,0,0,0,0,0,0,2,2,2,2,2,0,2,2,2,2,2
C-clinical-11-01540#2,0,2,2,2,2,2,2,2,2,2,2,0,0,1,1,0,0,2,2,2,2,2,2,2,2,2,2,2,2
C-clinical-11-01540#3,0,1,1,1,1,1,1,1,1,2,2,0,0,0,0,0,0,0,0,1,1,1,1,0,0,1,1,0,0
C-clinical-11-01540#4,2,2,2,2,2,2,2,2,2,2,2,2,2,2,2,2,2,2,2,2,2,2,2,2,2,2,2,2,2
C-clinical-11-01540#5,2,2,2,2,2,2,2,2,2,2,2,2,2,2,2,2,2,0,2,2,2,2,2,2,2,2,2,2,2
C-clinical-11-01540#6,2,1,2,0,2,0,2,2,2,1,2,0,2,1,2,1,2,1,2,2,2,2,2,2,2,2,2,1,2
C-clinical-11-01540#7,2,2,2,2,2,1,2,2,2,2,2,2,2,2,2,2,2,2,2,1,2,2,2,2,2,2,2,2,2
C-clinical-11-01540#8,2,2,2,2,2,2,2,2,2,1,2,1,2,1,2,0,2,2,2,2,2,2,2,2,2,0,2,2,2
C-clinical-11-01540#9,2,1,2,0,2,0,2,1,2,1,2,0,2,1,2,1,2,0,2,2,2,2,2,2,2,2,2,1,2
C-clinical-11-01541#0,0,2,2,2,2,2,2,2,2,2,2,1,1,0,0,0,0,2,2,2,2,2,2,2,2,2,2,2,2
C-clinical-11-01541#1,2,2,2,2,2,2,2,2,2,2,2,0,2,2,2,2,2,2,2,2,2,2,2,2,2,2,2,2,2
C-clinical-11-01541#2,0,2,2,2,2,2,2,2,2,2,2,2,2,2,2,2,2,2,2,2,2,2,2,2,2,2,2,2,2
C-clinical-11-01541#3,1,1,1,1,1,1,1,1,1,2,2,0,1,0,1,0,1,1,1,1,1,1,1,1,1,1,1,1,1
C-clinical-11-01541#4,0,2,2,2,2,2,2,2,2,2,2,2,2,2,2,0,0,2,2,0,2,2,2,0,2,2,2,2,2
C-clinical-11-01541#5,0,2,2,2,2,2,2,2,2,2,2,0,0,2,2,2,2,2,2,2,2,2,2,2,2,2,2,2,2
C-clinical-11-01541#6,2,2,2,2,2,2,2,2,2,2,2,2,2,2,2,2,2,2,2,2,2,2,2,2,2,2,2,2,2
C-clinical-11-01541#7,0,2,2,2,2,2,2,2,2,2,2,0,0,2,2,2,2,2,2,2,2,2,2,2,2,2,2,2,2
C-clinical-11-01541#8,0,2,2,2,2,2,2,2,2,2,2,0,0,2,2,2,2,2,2,0,0,2,2,2,2,2,2,2,2
C-clinical-11-01541#9,0,2,2,2,2,2,2,2,2,2,2,2,2,2,2,0,0,2,2,0,2,2,2,0,2,2,2,2,2
C-clinical-11-01544#0,2,2,2,2,2,2,2,2,2,2,2,2,2,2,2,2,2,2,2,2,2,2,2,2,2,2,2,2,2
C-clinical-11-01544#1,2,2,2,2,2,2,2,2,2,2,2,2,2,2,2,2,2,2,2,2,2,2,2,2,2,2,2,2,2
C-clinical-11-01544#10,1,2,2,2,2,1,1,2,2,1,1,1,1,1,1,1,1,2,2,0,1,2,2,2,2,2,2,2,2
C-clinical-11-01544#11,2,2,2,2,2,2,2,2,2,1,2,0,2,1,2,1,2,2,2,2,2,0,2,2,2,1,2,1,2
C-clinical-11-01544#12,2,2,2,2,2,1,2,2,2,2,2,2,2,2,2,2,2,2,2,2,2,2,2,2,2,2,2,2,2
C-clinical-11-01544#13,1,2,2,2,2,0,1,2,2,2,2,0,1,2,2,2,2,2,2,1,1,2,2,0,1,2,2,2,2
C-clinical-11-01544#14,0,2,2,2,2,2,2,2,2,2,2,2,2,2,2,2,2,2,2,0,0,2,2,2,2,2,2,2,2
C-clinical-11-01544#2,0,2,2,2,2,2,2,2,2,2,2,2,2,2,2,1,1,2,2,0,0,2,2,2,2,0,0,2,2
C-clinical-11-01544#3,0,2,2,2,2,2,2,2,2,2,2,2,2,2,2,0,0,2,2,2,2,2,2,2,2,2,2,2,2
C-clinical-11-01544#4,2,2,2,2,2,0,2,2,2,2,2,2,2,2,2,2,2,2,2,2,2,2,2,2,2,2,2,2,2
C-clinical-11-01544#5,0,2,2,2,2,2,2,2,2,2,2,0,0,2,2,2,2,2,2,0,0,2,2,2,2,2,2,2,2
C-clinical-11-01544#6,2,2,2,2,2,2,2,2,2,2,2,0,2,2,2,1,2,2,2,0,2,2,2,2,2,2,2,2,2
C-clinical-11-01544#7,2,2,2,2,2,2,2,2,2,2,2,0,2,2,2,2,2,2,2,0,2,2,2,2,2,2,2,2,2
C-clinical-11-01544#8,1,2,2,2,2,0,1,2,2,2,2,0,1,2,2,2,2,2,2,1,1,2,2,1,1,2,2,2,2
C-clinical-11-01544#9,2,2,2,2,2,2,2,2,2,2,2,2,2,2,2,2,2,2,2,0,2,2,2,2,2,0,2,2,2
C-clinical-11-01545#0,0,2,2,2,2,2,2,2,2,2,2,2,2,2,2,0,0,2,2,2,2,2,2,2,2,2,2,2,2
C-clinical-11-01545#1,2,2,2,2,2,2,2,2,2,2,2,0,2,2,2,2,2,2,2,2,2,2,2,2,2,2,2,2,2
C-clinical-11-01545#2,0,2,2,1,1,1,1,1,1,2,2,0,0,1,1,0,0,1,1,1,1,1,1,0,0,1,1,1,1
C-clinical-11-01545#3,0,2,2,2,2,2,2,2,2,2,2,2,2,2,2,2,2,2,2,2,2,2,2,2,2,2,2,2,2
C-clinical-11-01545#4,2,2,2,2,2,2,2,2,2,1,2,0,2,1,2,1,2,2,2,2,2,2,2,2,2,2,2,2,2
C-clinical-11-01545#5,1,1,1,1,1,1,1,1,1,1,1,0,1,1,1,1,1,1,1,1,1,2,2,2,2,1,1,1,1
C-clinical-11-01545#6,0,2,2,2,2,1,1,2,2,1,1,0,0,2,2,2,2,2,2,1,1,2,2,2,2,0,0,2,2
C-clinical-11-01545#7,2,2,2,2,2,2,2,2,2,2,2,2,2,2,2,2,2,2,2,0,2,2,2,2,2,0,2,2,2
C-clinical-11-01547#0,2,2,2,2,2,2,2,2,2,2,2,2,2,2,2,2,2,2,2,2,2,2,2,2,2,2,2,2,2
C-clinical-11-01547#1,2,2,2,2,2,2,2,2,2,2,2,2,2,2,2,2,2,2,2,2,2,2,2,2,2,2,2,2,2
C-clinical-11-01547#2,1,1,1,1,1,1,1,1,1,0,1,0,1,1,1,0,1,0,1,2,2,1,1,1,1,2,2,2,2
C-clinical-11-01547#3,0,2,2,2,2,2,2,2,2,2,2,2,2,2,2,2,2,2,2,2,2,2,2,2,2,0,0,2,2
C-clinical-11-01547#4,2,2,2,2,2,2,2,2,2,2,2,0,2,1,2,1,2,2,2,2,2,2,2,2,2,2,2,2,2
C-clinical-11-01547#5,2,2,2,2,2,2,2,2,2,2,2,0,2,0,2,0,2,2,2,2,2,2,2,0,2,2,2,2,2
C-clinical-11-01548#0,2,2,2,2,2,2,2,2,2,2,2,2,2,0,2,0,2,2,2,2,2,2,2,2,2,2,2,2,2
C-clinical-11-01548#1,2,2,2,2,2,0,2,2,2,2,2,2,2,2,2,2,2,2,2,0,2,2,2,2,2,2,2,2,2
C-clinical-11-01548#10,2,2,2,2,2,2,2,2,2,2,2,2,2,2,2,0,2,2,2,2,2,2,2,2,2,0,2,2,2
C-clinical-11-01548#11,0,1,1,2,2,1,1,2,2,0,0,0,0,2,2,1,1,2,2,1,1,2,2,2,2,2,2,2,2
C-clinical-11-01548#12,0,2,2,2,2,2,2,2,2,1,1,2,2,2,2,1,1,2,2,1,1,2,2,2,2,2,2,2,2
C-clinical-11-01548#2,0,2,2,2,2,2,2,2,2,2,2,2,2,2,2,2,2,2,2,2,2,2,2,2,2,2,2,2,2
C-clinical-11-01548#3,0,2,2,2,2,2,2,2,2,2,2,1,1,1,1,0,0,2,2,0,0,2,2,2,2,0,0,2,2
C-clinical-11-01548#4,0,2,2,2,2,0,0,2,2,2,2,2,2,2,2,0,0,2,2,0,0,2,2,2,2,2,2,2,2
C-clinical-11-01548#5,2,2,2,2,2,2,2,2,2,2,2,2,2,0,2,0,2,2,2,0,2,2,2,0,2,0,2,2,2
C-clinical-11-01548#6,0,2,2,2,2,1,1,2,2,1,1,0,0,2,2,1,1,2,2,1,1,2,2,2,2,2,2,2,2
C-clinical-11-01548#7,2,2,2,2,2,1,2,2,2,2,2,0,2,2,2,2,2,2,2,0,2,2,2,2,2,2,2,2,2
C-clinical-11-01548#8,2,2,2,2,2,0,2,2,2,1,2,0,2,2,2,0,2,2,2,2,2,2,2,0,2,2,2,2,2
C-clinical-11-01548#9,2,2,2,2,2,2,2,2,2,2,2,2,2,2,2,2,2,2,2,2,2,2,2,2,2,2,2,2,2
C-clinical-11-01549#0,0,2,2,2,2,2,2,2,2,2,2,0,1,0,0,0,0,2,2,0,1,2,2,2,2,2,2,2,2
C-clinical-11-01549#1,0,2,2,2,2,2,2,2,2,2,2,0,0,2,2,2,2,2,2,0,0,2,2,2,2,2,2,2,2
C-clinical-11-01549#10,0,2,2,2,2,2,2,2,2,2,2,0,0,2,2,2,2,2,2,0,0,2,2,2,2,2,2,2,2
C-clinical-11-01549#2,0,2,2,2,2,2,2,2,2,2,2,2,2,0,0,0,0,0,2,2,2,2,2,2,2,0,2,2,2
C-clinical-11-01549#3,0,2,2,2,2,2,2,2,2,2,2,0,0,0,0,0,0,2,2,2,2,2,2,2,2,2,2,2,2
C-clinical-11-01549#4,1,1,1,1,1,1,1,2,2,1,1,1,1,1,1,1,1,2,2,0,1,2,2,2,2,0,1,1,1
C-clinical-11-01549#5,2,2,2,0,2,0,2,1,2,1,2,0,2,1,2,1,2,0,2,2,2,2,2,2,2,2,2,1,2
C-clinical-11-01549#6,2,2,2,2,2,1,2,2,2,1,2,1,2,0,2,0,2,2,2,2,2,2,2,2,2,0,2,2,2
C-clinical-11-01549#7,2,2,2,2,2,2,2,2,2,2,2,2,2,2,2,2,2,2,2,2,2,2,2,2,2,2,2,2,2
C-clinical-11-01549#8,2,0,2,0,2,0,2,0,2,2,2,0,2,2,2,2,2,2,2,2,2,2,2,2,2,2,2,2,2
C-clinical-11-01549#9,1,1,1,1,1,1,1,1,1,1,1,0,1,1,1,1,1,2,2,0,1,1,1,1,1,1,1,1,1
C-clinical-11-01552#0,2,2,2,2,2,2,2,2,2,2,2,0,2,2,2,2,2,2,2,2,2,2,2,2,2,2,2,2,2
C-clinical-11-01552#1,2,2,2,2,2,2,2,2,2,2,2,2,2,2,2,2,2,2,2,2,2,2,2,2,2,2,2,2,2
C-clinical-11-01552#2,1,2,2,2,2,1,1,1,1,2,2,0,1,1,1,0,1,2,2,2,2,1,1,1,1,1,1,2,2
C-clinical-11-01552#3,2,2,2,2,2,2,2,2,2,2,2,2,2,2,2,2,2,2,2,2,2,2,2,2,2,2,2,2,2
C-clinical-11-01552#4,2,2,2,2,2,2,2,2,2,2,2,2,2,0,2,2,2,2,2,2,2,2,2,2,2,2,2,2,2
C-clinical-11-01552#5,2,2,2,2,2,2,2,2,2,2,2,2,2,2,2,0,2,2,2,2,2,2,2,2,2,2,2,2,2
C-clinical-11-01552#6,0,2,2,2,2,2,2,2,2,2,2,0,0,1,1,0,0,2,2,2,2,2,2,2,2,2,2,2,2
C-clinical-11-01552#7,2,2,2,2,2,2,2,2,2,2,2,1,2,2,2,2,2,2,2,2,2,2,2,2,2,2,2,2,2
C-clinical-11-01552#8,2,2,2,2,2,2,2,2,2,2,2,2,2,2,2,0,2,2,2,2,2,2,2,2,2,2,2,2,2
C-clinical-11-01552#9,0,2,2,2,2,2,2,2,2,2,2,0,0,1,1,0,0,2,2,2,2,2,2,2,2,2,2,2,2
C-clinical-11-01553#0,0,2,2,2,2,2,2,2,2,2,2,2,2,2,2,2,2,2,2,2,2,2,2,2,2,2,2,2,2
C-clinical-11-01553#1,0,2,2,2,2,2,2,2,2,2,2,0,0,2,2,1,1,2,2,0,0,2,2,2,2,0,0,2,2
C-clinical-11-01553#2,0,2,2,2,2,2,2,2,2,2,2,0,2,0,0,0,2,2,2,2,2,2,2,2,2,0,2,2,2
C-clinical-11-01553#3,2,2,2,2,2,2,2,2,2,2,2,2,2,2,2,2,2,2,2,2,2,2,2,2,2,2,2,2,2
C-clinical-11-01553#4,0,2,2,2,2,2,2,2,2,2,2,0,0,2,2,2,2,2,2,0,0,2,2,2,2,2,2,2,2
C-clinical-11-01553#5,0,2,2,2,2,2,2,2,2,2,2,2,2,2,2,0,0,0,0,2,2,2,2,2,2,2,2,2,2
C-clinical-11-01553#6,2,2,2,2,2,2,2,2,2,2,2,0,2,1,2,1,2,2,2,2,2,0,2,0,2,0,2,1,2
C-clinical-11-01553#7,0,2,2,2,2,0,0,2,2,2,2,0,0,2,2,2,2,2,2,0,0,2,2,2,2,2,2,2,2
C-clinical-11-01553#8,0,2,2,2,2,2,2,2,2,2,2,0,2,2,2,0,2,2,2,2,2,2,2,2,2,2,2,2,2
C-clinical-11-01555#0,0,2,2,2,2,2,2,2,2,2,2,2,2,0,0,0,0,2,2,2,2,2,2,2,2,2,2,2,2
C-clinical-11-01555#1,0,2,2,2,2,2,2,2,2,2,2,2,2,2,2,2,2,2,2,2,2,2,2,2,2,2,2,2,2
C-clinical-11-01555#10,1,1,1,1,1,1,1,1,1,1,1,1,1,1,1,1,1,0,1,1,1,1,1,2,2,1,1,1,1
C-clinical-11-01555#3,0,2,2,2,2,2,2,2,2,2,2,0,0,2,2,2,2,2,2,2,2,2,2,2,2,2,2,2,2
C-clinical-11-01555#4,1,1,1,1,1,0,1,1,1,0,1,0,1,0,1,0,1,0,1,0,1,1,1,1,1,2,2,1,1
C-clinical-11-01555#5,0,2,2,1,1,0,0,1,1,2,2,0,0,0,0,0,0,2,2,1,1,1,1,1,1,1,1,0,0
C-clinical-11-01555#6,0,2,2,2,2,2,2,2,2,2,2,0,0,2,2,2,2,2,2,0,0,2,2,2,2,2,2,2,2
C-clinical-11-01555#7,1,2,2,2,2,1,1,2,2,2,2,2,2,2,2,0,1,2,2,2,2,2,2,1,1,2,2,2,2
C-clinical-11-01555#8,1,1,1,1,1,1,1,1,1,1,1,1,1,1,1,1,1,0,1,1,1,1,1,1,1,1,1,1,1
C-clinical-11-01555#9,0,2,2,2,2,2,2,2,2,2,2,0,0,2,2,2,2,2,2,0,0,2,2,2,2,2,2,2,2
C-clinical-11-01556#0,0,2,2,2,2,2,2,2,2,2,2,2,2,0,0,0,0,2,2,2,2,2,2,2,2,2,2,2,2
C-clinical-11-01556#1,2,2,2,2,2,2,2,2,2,1,2,0,2,2,2,1,2,2,2,1,2,2,2,2,2,2,2,2,2
C-clinical-11-01556#2,2,2,2,2,2,2,2,2,2,2,2,2,2,2,2,2,2,2,2,2,2,2,2,2,2,2,2,2,2
C-clinical-11-01556#3,0,2,2,2,2,2,2,2,2,2,2,2,2,0,0,0,0,2,2,2,2,2,2,2,2,2,2,2,2
C-clinical-11-01556#4,0,2,2,2,2,2,2,2,2,2,2,2,2,1,1,1,1,2,2,1,1,2,2,2,2,0,0,2,2
C-clinical-11-01556#5,2,2,2,2,2,2,2,2,2,2,2,2,2,2,2,0,2,2,2,2,2,2,2,2,2,2,2,2,2
C-clinical-11-01556#6,0,2,2,2,2,2,2,2,2,2,2,2,2,2,2,0,0,0,0,2,2,2,2,2,2,2,2,2,2
C-clinical-11-01556#7,0,2,2,2,2,2,2,2,2,2,2,2,2,0,0,0,0,0,0,0,0,2,2,2,2,0,0,0,0
C-clinical-11-01556#8,2,2,2,2,2,2,2,2,2,2,2,2,2,2,2,0,2,0,2,2,2,2,2,2,2,2,2,2,2
C-clinical-11-01557#0,0,2,2,2,2,2,2,2,2,2,2,2,2,0,0,0,2,2,2,2,2,2,2,2,2,2,2,2,2
C-clinical-11-01557#1,0,2,2,2,2,2,2,2,2,2,2,2,2,0,0,2,2,2,2,2,2,2,2,0,2,0,2,2,2
C-clinical-11-01557#2,2,2,2,2,2,2,2,2,2,2,2,0,2,2,2,2,2,2,2,2,2,2,2,2,2,2,2,2,2
C-clinical-11-01557#3,0,2,2,2,2,2,2,2,2,2,2,0,2,2,2,2,2,2,2,2,2,2,2,0,2,2,2,2,2
C-clinical-11-01557#4,0,2,2,2,2,2,2,2,2,2,2,0,0,2,2,2,2,2,2,2,2,2,2,2,2,2,2,2,2
C-clinical-11-01557#5,0,2,2,2,2,2,2,2,2,2,2,0,2,0,0,0,2,2,2,2,2,2,2,0,2,2,2,2,2
C-clinical-11-01557#6,0,2,2,2,2,2,2,2,2,2,2,2,2,0,0,0,2,2,2,2,2,2,2,2,2,2,2,2,2
C-clinical-11-01561#0,0,2,2,2,2,2,2,2,2,2,2,0,1,2,2,2,2,2,2,2,2,2,2,2,2,2,2,2,2
C-clinical-11-01561#1,0,2,2,2,2,2,2,2,2,2,2,1,1,1,1,2,2,2,2,2,2,2,2,2,2,2,2,2,2
C-clinical-11-01561#2,0,2,2,2,2,2,2,2,2,2,2,0,0,2,2,2,2,2,2,2,2,2,2,2,2,2,2,2,2
C-clinical-11-01561#3,0,2,2,2,2,0,0,2,2,2,2,0,0,0,0,0,0,2,2,2,2,2,2,2,2,2,2,2,2
C-clinical-11-01561#4,0,2,2,2,2,2,2,2,2,2,2,0,0,2,2,2,2,2,2,2,2,2,2,2,2,2,2,2,2
C-clinical-11-01566#0,2,2,2,2,2,2,2,2,2,2,2,0,2,2,2,2,2,2,2,2,2,2,2,2,2,2,2,2,2
C-clinical-11-01566#1,2,2,2,2,2,2,2,2,2,2,2,0,2,2,2,2,2,2,2,0,2,2,2,2,2,2,2,2,2
C-clinical-11-01566#2,0,2,2,2,2,2,2,2,2,2,2,2,2,2,2,2,2,2,2,2,2,2,2,2,2,2,2,2,2
C-clinical-11-01566#3,0,2,2,2,2,2,2,2,2,2,2,2,2,1,1,1,1,2,2,1,1,2,2,2,2,0,0,2,2
C-clinical-11-01566#4,0,2,2,2,2,2,2,2,2,2,2,2,2,2,2,0,0,2,2,2,2,2,2,2,2,2,2,2,2
C-clinical-11-01566#5,2,2,2,2,2,2,2,2,2,2,2,0,2,0,2,2,2,2,2,2,2,2,2,2,2,2,2,2,2
C-clinical-11-01566#6,0,2,2,2,2,2,2,2,2,2,2,0,0,2,2,2,2,2,2,0,0,2,2,2,2,2,2,2,2
C-clinical-11-01566#7,0,2,2,2,2,0,0,2,2,2,2,0,0,2,2,2,2,2,2,0,0,2,2,2,2,2,2,1,1
C-clinical-11-01569#0,0,2,2,2,2,2,2,2,2,2,2,2,2,2,2,2,2,2,2,2,2,2,2,2,2,2,2,2,2
C-clinical-11-01569#1,1,1,1,1,1,1,1,1,1,0,1,0,1,1,1,1,1,0,1,2,2,1,1,1,1,2,2,2,2
C-clinical-11-01569#2,0,2,2,2,2,2,2,2,2,2,2,2,2,2,2,2,2,2,2,2,2,2,2,2,2,0,0,2,2
C-clinical-11-01569#3,1,2,2,2,2,2,2,2,2,1,1,0,1,2,2,1,1,2,2,1,1,0,1,2,2,2,2,2,2
C-clinical-11-01569#4,0,2,2,2,2,2,2,2,2,2,2,2,2,2,2,2,2,2,2,2,2,2,2,2,2,2,2,2,2
C-clinical-11-01569#5,0,2,2,2,2,2,2,2,2,2,2,2,2,2,2,2,2,2,2,2,2,2,2,0,0,2,2,2,2
C-clinical-11-01569#6,0,2,2,2,2,2,2,2,2,2,2,2,2,0,0,0,2,2,2,2,2,2,2,0,0,2,2,2,2
C-clinical-11-01572#0,0,2,2,2,2,2,2,2,2,2,2,0,0,2,2,2,2,2,2,0,0,2,2,2,2,2,2,2,2
C-clinical-11-01572#1,0,2,2,2,2,2,2,2,2,2,2,2,2,2,2,0,2,2,2,2,2,2,2,2,2,2,2,2,2
C-clinical-11-01572#10,0,2,2,2,2,2,2,2,2,2,2,2,2,0,0,0,0,2,2,2,2,2,2,0,0,2,2,2,2
C-clinical-11-01572#2,0,2,2,2,2,2,2,2,2,2,2,2,2,2,2,2,2,2,2,2,2,2,2,0,2,0,2,2,2
C-clinical-11-01572#3,1,2,2,2,2,1,1,2,2,1,1,1,1,1,1,1,1,2,2,0,1,2,2,2,2,2,2,2,2
C-clinical-11-01572#4,0,2,2,2,2,2,2,2,2,2,2,2,2,0,0,0,0,2,2,2,2,2,2,2,2,2,2,2,2
C-clinical-11-01572#5,0,2,2,1,1,1,1,1,1,2,2,0,1,0,0,0,1,2,2,2,2,1,1,0,1,1,1,2,2
C-clinical-11-01572#6,2,2,2,2,2,2,2,2,2,1,2,0,2,1,2,1,2,2,2,2,2,0,2,1,2,1,2,1,2
C-clinical-11-01572#7,2,2,2,2,2,2,2,2,2,1,2,1,2,1,2,1,2,2,2,2,2,2,2,2,2,2,2,2,2
C-clinical-11-01572#8,2,2,2,2,2,2,2,2,2,2,2,2,2,2,2,2,2,2,2,2,2,2,2,2,2,0,2,2,2
C-clinical-11-01572#9,0,2,2,2,2,2,2,2,2,2,2,2,2,0,0,0,0,2,2,2,2,2,2,0,0,2,2,2,2
C-clinical-11-01574#0,0,2,2,2,2,2,2,2,2,2,2,2,2,2,2,2,2,2,2,2,2,2,2,2,2,2,2,2,2
C-clinical-11-01574#1,1,1,1,1,1,1,1,1,1,0,1,0,1,1,1,1,1,0,1,2,2,1,1,1,1,1,1,2,2
C-clinical-11-01574#2,0,2,2,2,2,2,2,2,2,2,2,2,2,2,2,2,2,2,2,2,2,2,2,2,2,2,2,2,2
C-clinical-11-01574#4,0,2,2,2,2,2,2,2,2,2,2,2,2,2,2,2,2,2,2,2,2,2,2,2,2,2,2,2,2
C-clinical-11-01574#5,0,2,2,2,2,2,2,2,2,2,2,2,2,2,2,2,2,2,2,2,2,2,2,1,1,2,2,1,1
C-clinical-11-01577#0,0,2,2,2,2,2,2,2,2,2,2,2,2,1,1,2,2,2,2,2,2,2,2,2,2,2,2,2,2
C-clinical-11-01577#1,2,2,2,2,2,2,2,2,2,2,2,0,2,2,2,2,2,2,2,2,2,2,2,2,2,2,2,2,2
C-clinical-11-01577#10,0,2,2,2,2,2,2,2,2,2,2,0,0,2,2,2,2,2,2,0,0,2,2,2,2,2,2,2,2
C-clinical-11-01577#11,2,2,2,2,2,2,2,2,2,2,2,2,2,2,2,2,2,2,2,0,2,2,2,2,2,2,2,2,2
C-clinical-11-01577#12,2,2,2,2,2,1,2,2,2,2,2,2,2,2,2,2,2,2,2,2,2,2,2,2,2,2,2,2,2
C-clinical-11-01577#2,0,2,2,2,2,2,2,2,2,2,2,2,2,2,2,2,2,2,2,2,2,2,2,0,2,0,2,2,2
C-clinical-11-01577#3,2,2,2,2,2,2,2,2,2,2,2,0,2,2,2,2,2,2,2,2,2,2,2,2,2,2,2,2,2
C-clinical-11-01577#4,2,2,2,2,2,2,2,2,2,2,2,2,2,2,2,2,2,2,2,2,2,2,2,2,2,2,2,2,2
C-clinical-11-01577#5,0,2,2,2,2,2,2,2,2,2,2,2,2,2,2,2,2,2,2,0,0,2,2,2,2,2,2,2,2
C-clinical-11-01577#6,0,2,2,2,2,2,2,2,2,2,2,0,0,2,2,2,2,2,2,2,2,2,2,2,2,2,2,2,2
C-clinical-11-01577#7,2,1,2,0,2,0,2,2,2,1,2,0,2,1,2,1,2,0,2,2,2,2,2,2,2,0,2,1,2
C-clinical-11-01577#8,2,2,2,2,2,2,2,2,2,1,2,1,2,0,2,1,2,2,2,2,2,2,2,2,2,2,2,2,2
C-clinical-11-01577#9,2,2,2,2,2,1,2,2,2,2,2,2,2,2,2,2,2,0,2,2,2,2,2,2,2,2,2,2,2
C-clinical-11-01578#1,2,2,2,2,2,2,2,2,2,2,2,2,2,2,2,2,2,2,2,2,2,2,2,2,2,2,2,2,2
C-clinical-11-01578#10,2,2,2,2,2,2,2,2,2,2,2,2,2,0,2,0,2,0,2,2,2,2,2,2,2,0,2,2,2
C-clinical-11-01578#2,2,2,2,2,2,2,2,2,2,2,2,2,2,2,2,2,2,2,2,2,2,2,2,2,2,2,2,2,2
C-clinical-11-01578#3,0,2,2,2,2,2,2,2,2,2,2,2,2,2,2,2,2,2,2,2,2,2,2,2,2,2,2,2,2
C-clinical-11-01578#4,1,1,1,1,1,0,1,1,1,0,1,0,1,1,1,0,1,0,1,2,2,2,2,2,2,2,2,2,2
C-clinical-11-01578#5,1,2,2,2,2,2,2,1,1,2,2,0,1,2,2,1,1,2,2,1,1,0,1,1,1,2,2,2,2
C-clinical-11-01578#6,2,2,2,2,2,2,2,2,2,2,2,2,2,2,2,2,2,2,2,2,2,2,2,2,2,2,2,2,2
C-clinical-11-01578#7,0,2,2,2,2,2,2,2,2,2,2,2,2,2,2,1,1,2,2,0,0,2,2,2,2,0,0,2,2
C-clinical-11-01578#8,0,2,2,2,2,1,1,2,2,2,2,2,2,2,2,1,1,2,2,0,0,2,2,2,2,2,2,1,1
C-clinical-11-01578#9,0,1,1,1,1,1,1,1,1,2,2,0,0,0,0,0,0,2,2,1,1,1,1,1,1,1,1,1,1
C-clinical-11-01582#0,0,2,2,2,2,2,2,2,2,2,2,0,0,0,0,0,0,2,2,2,2,2,2,2,2,2,2,2,2
C-clinical-11-01582#1,0,2,2,2,2,2,2,2,2,2,2,0,0,0,0,0,0,2,2,2,2,2,2,2,2,2,2,2,2
C-clinical-11-01582#2,0,2,2,2,2,2,2,2,2,2,2,0,0,0,0,0,0,2,2,2,2,2,2,2,2,2,2,2,2
C-clinical-11-01582#3,0,2,2,2,2,2,2,2,2,2,2,2,2,2,2,0,0,2,2,2,2,2,2,2,2,2,2,2,2
C-clinical-11-01585#0,0,2,2,2,2,2,2,2,2,2,2,2,2,2,2,2,2,2,2,2,2,2,2,2,2,2,2,2,2
C-clinical-11-01585#1,0,2,2,2,2,2,2,2,2,2,2,2,2,0,0,0,2,0,2,2,2,2,2,0,2,0,2,2,2
C-clinical-11-01585#2,1,2,2,2,2,2,2,2,2,1,1,0,1,2,2,1,1,2,2,1,1,2,2,2,2,2,2,2,2
C-clinical-11-01585#3,0,2,2,2,2,2,2,2,2,2,2,2,2,2,2,2,2,2,2,2,2,2,2,2,2,2,2,2,2
C-clinical-11-01585#4,0,2,2,2,2,2,2,2,2,2,2,2,2,2,2,1,1,2,2,0,0,2,2,2,2,0,0,2,2
C-clinical-11-01585#5,0,2,2,2,2,2,2,2,2,2,2,2,2,2,2,0,0,2,2,2,2,2,2,2,2,2,2,2,2
C-clinical-11-01585#6,0,2,2,2,2,2,2,2,2,2,2,2,2,2,2,2,2,2,2,2,2,2,2,2,2,0,0,2,2
C-clinical-11-01585#7,0,2,2,2,2,1,1,2,2,1,1,1,1,2,2,1,1,2,2,2,2,2,2,1,1,0,0,2,2
C-clinical-11-01585#8,0,2,2,2,2,2,2,2,2,2,2,0,0,2,2,2,2,2,2,0,0,2,2,2,2,2,2,2,2
C-clinical-11-01585#9,1,2,2,2,2,1,1,2,2,2,2,2,2,2,2,2,2,2,2,1,1,2,2,1,1,2,2,2,2
C-clinical-11-01587#0,0,2,2,2,2,2,2,2,2,2,2,0,0,1,1,2,2,2,2,2,2,2,2,2,2,2,2,2,2
C-clinical-11-01587#1,2,2,2,2,2,2,2,2,2,2,2,0,2,2,2,2,2,2,2,2,2,2,2,2,2,2,2,2,2
C-clinical-11-01587#2,2,2,2,2,2,2,2,2,2,2,2,2,2,2,2,2,2,2,2,0,2,2,2,2,2,0,2,2,2
C-clinical-11-01587#3,2,2,2,2,2,2,2,2,2,1,2,0,2,1,2,1,2,2,2,2,2,0,2,1,2,1,2,1,2
C-clinical-11-01587#4,2,2,2,2,2,2,2,2,2,1,2,1,2,0,2,0,2,2,2,2,2,2,2,2,2,2,2,2,2
C-clinical-11-01588#0,2,2,2,2,2,2,2,2,2,2,2,2,2,2,2,2,2,2,2,2,2,2,2,2,2,2,2,2,2
C-clinical-11-01588#1,0,2,2,2,2,2,2,2,2,2,2,1,1,1,1,2,2,2,2,0,1,2,2,2,2,2,2,2,2
C-clinical-11-01588#10,0,1,1,1,1,0,0,2,2,2,2,0,0,2,2,1,1,0,0,0,0,2,2,2,2,2,2,1,1
C-clinical-11-01588#2,1,2,2,1,1,0,1,1,1,0,1,0,1,1,1,1,1,0,1,0,1,1,1,1,1,2,2,2,2
C-clinical-11-01588#3,2,2,2,2,2,2,2,2,2,2,2,2,2,2,2,2,2,2,2,2,2,2,2,2,2,2,2,2,2
C-clinical-11-01588#5,0,2,2,2,2,2,2,2,2,2,2,0,2,0,0,0,2,0,2,2,2,2,2,0,2,0,2,2,2
C-clinical-11-01588#6,0,2,2,2,2,2,2,2,2,2,2,0,0,0,0,0,0,0,0,2,2,2,2,2,2,2,2,2,2
C-clinical-11-01588#7,2,2,2,2,2,2,2,2,2,2,2,2,2,2,2,2,2,2,2,2,2,2,2,2,2,0,2,2,2
C-clinical-11-01588#8,2,2,2,2,2,2,2,2,2,2,2,0,2,2,2,2,2,2,2,2,2,2,2,2,2,2,2,2,2
C-clinical-11-01588#9,2,2,2,2,2,1,2,2,2,2,2,2,2,2,2,2,2,2,2,2,2,2,2,2,2,2,2,2,2
C-clinical-11-01590#0,0,2,2,2,2,2,2,2,2,2,2,0,0,0,0,0,0,2,2,2,2,2,2,2,2,2,2,2,2
C-clinical-11-01590#1,0,2,2,2,2,2,2,2,2,2,2,2,2,0,0,1,1,2,2,2,2,2,2,2,2,2,2,2,2
C-clinical-11-01590#2,0,1,1,1,1,0,0,1,1,2,2,0,0,0,0,0,0,1,1,1,1,1,1,1,1,1,1,1,1
C-clinical-11-01590#3,0,2,2,2,2,2,2,2,2,2,2,2,2,2,2,2,2,2,2,0,0,2,2,2,2,0,0,2,2
C-clinical-11-01590#4,2,2,2,2,2,2,2,2,2,2,2,1,2,2,2,2,2,2,2,2,2,2,2,2,2,0,2,2,2
C-clinical-11-01593#0,0,2,2,2,2,2,2,2,2,2,2,1,2,0,0,0,0,2,2,2,2,2,2,2,2,2,2,2,2
C-clinical-11-01593#1,2,2,2,2,2,2,2,2,2,2,2,0,2,2,2,2,2,2,2,2,2,2,2,2,2,2,2,2,2
C-clinical-11-01593#2,0,2,2,2,2,2,2,2,2,2,2,2,2,0,0,0,0,2,2,2,2,2,2,2,2,0,2,2,2
C-clinical-11-01593#3,0,2,2,2,2,2,2,2,2,0,0,0,0,2,2,0,0,2,2,2,2,2,2,2,2,0,0,2,2
C-clinical-11-01593#4,0,2,2,2,2,2,2,2,2,2,2,0,0,0,0,2,2,2,2,0,0,2,2,2,2,2,2,2,2
C-clinical-11-01593#5,0,2,2,2,2,2,2,2,2,2,2,0,0,0,0,0,0,2,2,2,2,2,2,2,2,2,2,2,2
C-clinical-11-01595#0,2,2,2,2,2,2,2,2,2,2,2,2,2,1,2,1,2,2,2,2,2,2,2,2,2,2,2,2,2
C-clinical-11-01595#1,2,2,2,2,2,2,2,2,2,2,2,2,2,2,2,0,2,2,2,0,2,2,2,2,2,2,2,2,2
C-clinical-11-01595#2,2,2,2,2,2,2,2,2,2,2,2,0,2,2,2,1,2,2,2,0,2,2,2,2,2,2,2,2,2
C-clinical-11-01596#0,0,2,2,2,2,2,2,2,2,2,2,2,2,0,0,0,0,2,2,2,2,2,2,2,2,2,2,2,2
C-clinical-11-01596#1,0,2,2,2,2,2,2,2,2,2,2,2,2,0,0,0,0,0,2,2,2,2,2,0,2,0,2,2,2
C-clinical-11-01596#2,0,2,2,2,2,2,2,2,2,2,2,2,2,2,2,2,2,2,2,2,2,2,2,2,2,0,0,2,2
C-clinical-11-01596#3,2,2,2,2,2,2,2,2,2,2,2,2,2,2,2,2,2,2,2,2,2,2,2,2,2,2,2,2,2
C-clinical-11-01596#4,2,2,2,2,2,2,2,2,2,1,2,1,2,1,2,0,2,2,2,2,2,2,2,2,2,0,2,2,2
C-clinical-11-01596#5,0,2,2,2,2,2,2,2,2,2,2,2,2,0,0,0,0,2,2,2,2,2,2,0,2,0,2,2,2
C-clinical-11-01596#6,0,2,2,2,2,2,2,2,2,2,2,2,2,0,0,0,0,0,2,2,2,2,2,0,2,0,2,2,2
C-clinical-11-01596#7,2,2,2,2,2,2,2,2,2,1,2,0,2,1,2,1,2,0,2,2,2,0,2,1,2,1,2,1,2
C-clinical-11-01596#8,2,2,2,2,2,2,2,2,2,1,2,1,2,1,2,0,2,2,2,2,2,2,2,2,2,0,2,2,2
C-clinical-11-01596#9,2,2,2,2,2,1,2,2,2,2,2,2,2,2,2,2,2,2,2,2,2,2,2,2,2,2,2,2,2
C-clinical-11-01602#0,0,2,2,2,2,2,2,2,2,2,2,1,2,1,1,0,0,2,2,2,2,2,2,1,1,2,2,2,2
C-clinical-11-01602#1,0,2,2,2,2,2,2,2,2,0,0,2,2,2,2,0,0,0,0,0,0,2,2,2,2,2,2,2,2
C-clinical-11-01602#2,0,2,2,2,2,2,2,2,2,1,1,0,0,2,2,2,2,2,2,0,0,2,2,2,2,2,2,2,2
C-clinical-11-01602#3,0,2,2,2,2,2,2,2,2,2,2,2,2,0,0,0,0,2,2,2,2,2,2,0,0,0,2,2,2
C-clinical-11-01602#4,0,2,2,2,2,2,2,2,2,2,2,0,0,0,0,2,2,2,2,2,2,2,2,2,2,2,2,2,2
C-clinical-11-01602#5,0,2,2,2,2,2,2,2,2,2,2,0,0,2,2,2,2,2,2,0,0,2,2,2,2,2,2,2,2
C-clinical-11-01602#6,2,2,2,2,2,2,2,2,2,1,2,0,2,2,2,1,2,2,2,0,2,2,2,2,2,2,2,2,2
C-clinical-11-01602#7,2,2,2,2,2,2,2,2,2,1,2,0,2,1,2,1,2,2,2,2,2,0,2,2,2,0,2,2,2
C-clinical-11-01603#0,0,2,2,2,2,2,2,2,2,2,2,2,2,1,1,0,0,2,2,2,2,2,2,2,2,2,2,2,2
C-clinical-11-01603#1,0,1,1,2,2,1,1,2,2,2,2,2,2,2,2,1,1,1,1,1,1,2,2,2,2,1,1,2,2
C-clinical-11-01603#10,2,2,2,2,2,1,2,2,2,2,2,0,2,1,2,1,2,2,2,2,2,2,2,2,2,2,2,2,2
C-clinical-11-01603#2,0,1,1,1,1,1,1,1,1,2,2,1,1,0,0,0,0,1,1,0,0,1,1,1,1,1,1,1,1
C-clinical-11-01603#3,0,2,2,2,2,2,2,2,2,2,2,2,2,2,2,0,0,2,2,0,2,2,2,2,2,0,2,2,2
C-clinical-11-01603#4,0,2,2,2,2,2,2,2,2,2,2,0,0,0,0,0,0,2,2,2,2,2,2,2,2,2,2,2,2
C-clinical-11-01603#5,1,2,2,2,2,1,1,2,2,1,1,0,1,1,1,1,1,2,2,0,1,2,2,2,2,2,2,2,2
C-clinical-11-01603#6,1,2,2,2,2,1,1,2,2,1,1,0,1,1,1,1,1,2,2,1,1,0,1,2,2,1,2,1,1
C-clinical-11-01603#7,2,2,2,2,2,1,2,2,2,2,2,1,2,1,2,1,2,2,2,2,2,2,2,2,2,2,2,2,2
C-clinical-11-01603#8,1,1,1,2,2,1,1,2,2,1,1,0,1,1,1,1,1,2,2,0,1,2,2,2,2,2,2,1,1
C-clinical-11-01603#9,1,1,1,2,2,1,1,2,2,1,1,0,1,1,1,1,1,2,2,1,1,2,2,2,2,1,2,2,2
C-clinical-11-01606#0,2,2,2,2,2,2,2,2,2,2,2,2,2,2,2,0,2,2,2,2,2,2,2,2,2,2,2,2,2
C-clinical-11-01606#1,2,2,2,2,2,2,2,2,2,2,2,0,2,2,2,1,2,2,2,0,2,2,2,2,2,2,2,2,2
C-clinical-11-01606#10,2,2,2,2,2,2,2,2,2,2,2,2,2,2,2,2,2,0,2,0,2,2,2,0,2,0,2,2,2
C-clinical-11-01606#11,0,2,2,2,2,2,2,2,2,2,2,0,0,2,2,2,2,2,2,0,0,2,2,2,2,2,2,2,2
C-clinical-11-01606#2,2,2,2,2,2,2,2,2,2,2,2,2,2,2,2,2,2,2,2,2,2,2,2,2,2,2,2,2,2
C-clinical-11-01606#3,0,2,2,2,2,2,2,2,2,2,2,1,1,2,2,1,1,2,2,0,0,2,2,2,2,2,2,2,2
C-clinical-11-01606#4,0,2,2,2,2,2,2,2,2,2,2,2,2,2,2,0,0,2,2,0,0,2,2,2,2,2,2,2,2
C-clinical-11-01606#5,0,2,2,2,2,2,2,2,2,2,2,1,1,2,2,2,2,2,2,2,2,2,2,2,2,0,0,2,2
C-clinical-11-01606#6,2,2,2,2,2,2,2,2,2,2,2,0,2,2,2,2,2,2,2,2,2,2,2,2,2,2,2,2,2
C-clinical-11-01606#7,0,2,2,2,2,1,1,2,2,1,1,0,0,2,2,1,1,2,2,1,1,2,2,2,2,2,2,2,2
C-clinical-11-01606#8,2,2,2,2,2,1,2,2,2,1,2,0,2,1,2,1,2,0,2,2,2,0,2,0,2,2,2,2,2
C-clinical-11-01606#9,2,2,2,2,2,0,2,2,2,1,2,0,2,2,2,2,2,2,2,0,2,2,2,2,2,2,2,2,2
C-clinical-11-01610#0,0,2,2,2,2,2,2,2,2,2,2,2,2,0,0,0,0,0,0,0,0,2,2,2,2,0,0,0,0
C-clinical-11-01610#1,0,2,2,2,2,2,2,2,2,2,2,2,2,0,0,0,1,2,2,2,2,2,2,2,2,2,2,2,2
C-clinical-11-01610#10,0,2,2,2,2,2,2,2,2,2,2,0,0,0,0,0,0,2,2,0,0,2,2,2,2,2,2,2,2
C-clinical-11-01610#2,0,2,2,2,2,2,2,2,2,2,2,2,2,0,0,2,2,2,2,2,2,2,2,2,2,2,2,2,2
C-clinical-11-01610#3,2,2,2,2,2,2,2,2,2,2,2,0,2,2,2,2,2,2,2,0,2,2,2,2,2,2,2,2,2
C-clinical-11-01610#4,0,2,2,2,2,2,2,2,2,2,2,0,0,2,2,2,2,2,2,2,2,2,2,2,2,2,2,2,2
C-clinical-11-01610#5,2,2,2,2,2,0,2,1,2,1,2,1,2,1,2,1,2,0,2,2,2,0,2,1,2,1,2,1,2
C-clinical-11-01610#6,0,1,1,1,1,1,1,1,1,2,2,0,0,0,0,0,0,0,0,1,1,1,1,1,1,1,1,1,1
C-clinical-11-01610#7,0,2,2,2,2,1,1,2,2,1,1,1,1,1,1,1,1,2,2,1,1,2,2,2,2,2,2,2,2
C-clinical-11-01610#8,0,2,2,2,2,2,2,2,2,2,2,0,0,0,0,2,2,2,2,0,0,2,2,2,2,2,2,2,2
C-clinical-11-01610#9,0,2,2,2,2,1,1,2,2,1,1,1,1,1,1,1,1,2,2,1,1,2,2,2,2,2,2,2,2
C-clinical-11-01611#0,0,2,2,2,2,2,2,2,2,2,2,0,0,2,2,1,1,2,2,2,2,2,2,2,2,2,2,2,2
C-clinical-11-01611#1,0,2,2,2,2,2,2,2,2,2,2,0,0,2,2,2,2,2,2,2,2,2,2,2,2,2,2,2,2
C-clinical-11-01611#2,0,2,2,2,2,2,2,2,2,2,2,0,0,2,2,2,2,2,2,2,2,2,2,2,2,2,2,2,2
C-clinical-11-01611#3,2,2,2,2,2,2,2,2,2,2,2,2,2,2,2,2,2,2,2,2,2,2,2,2,2,2,2,2,2
C-clinical-11-01611#4,0,2,2,2,2,2,2,2,2,2,2,2,2,2,2,2,2,2,2,2,2,2,2,2,2,0,0,2,2
C-clinical-11-01611#5,2,2,2,2,2,2,2,2,2,1,2,0,2,1,2,1,2,2,2,2,2,0,2,1,2,1,2,1,2
C-clinical-11-01611#6,2,0,2,0,2,0,2,0,2,2,2,0,2,2,2,2,2,2,2,2,2,2,2,2,2,2,2,2,2
C-clinical-11-01611#7,0,2,2,2,2,2,2,2,2,2,2,2,2,2,2,2,2,2,2,2,2,2,2,2,2,2,2,2,2
C-clinical-11-01611#8,2,2,2,2,2,2,2,2,2,1,2,1,2,0,2,0,2,2,2,2,2,2,2,2,2,2,2,2,2
C-clinical-11-01613#0,0,2,2,2,2,2,2,2,2,2,2,2,2,2,2,0,0,2,2,2,2,2,2,2,2,2,2,2,2
C-clinical-11-01613#1,0,2,2,2,2,2,2,2,2,2,2,2,2,2,2,0,0,2,2,2,2,2,2,2,2,0,2,2,2
C-clinical-11-01613#2,1,1,1,1,1,1,1,1,1,1,1,1,1,1,1,1,1,0,1,1,1,1,1,1,1,1,1,1,1
C-clinical-11-01613#3,0,2,2,2,2,0,0,2,2,2,2,0,0,2,2,2,2,0,0,0,0,2,2,2,2,2,2,2,2
C-clinical-11-01613#4,0,2,2,2,2,2,2,2,2,2,2,2,2,2,2,0,0,2,2,2,2,2,2,2,2,2,2,2,2
C-clinical-11-01615#0,0,2,2,2,2,2,2,2,2,2,2,2,2,0,0,0,0,0,0,0,0,2,2,2,2,2,2,2,2
C-clinical-11-01615#1,0,2,2,2,2,2,2,2,2,2,2,2,2,0,0,0,0,0,0,2,2,2,2,2,2,2,2,2,2
C-clinical-11-01615#2,0,2,2,2,2,2,2,2,2,2,2,2,2,0,0,0,0,0,0,2,2,2,2,2,2,0,2,2,2
C-clinical-11-01615#3,0,2,2,2,2,1,1,2,2,1,1,0,0,2,2,2,2,0,0,0,0,2,2,1,1,2,2,1,1
C-clinical-11-01615#4,2,2,2,1,2,1,2,1,2,1,2,1,2,1,2,1,2,0,2,2,2,1,2,0,2,0,2,1,2
C-clinical-11-01615#5,2,2,2,1,2,1,2,1,2,1,2,1,2,1,2,1,2,0,2,2,2,1,2,0,2,0,2,1,2
C-clinical-11-01615#6,0,2,2,2,2,2,2,2,2,1,1,0,0,2,2,2,2,0,0,0,0,2,2,2,2,2,2,2,2
C-clinical-11-01624#0,2,2,2,2,2,2,2,2,2,2,2,1,2,2,2,2,2,2,2,2,2,2,2,2,2,2,2,2,2
C-clinical-11-01624#1,2,2,2,2,2,2,2,2,2,2,2,2,2,2,2,2,2,2,2,2,2,2,2,1,2,2,2,2,2
C-clinical-11-01624#2,2,2,2,2,2,2,2,2,2,2,2,2,2,2,2,0,2,2,2,2,2,2,2,0,2,2,2,2,2
C-clinical-11-01624#3,2,1,2,1,2,1,2,1,2,2,2,0,2,0,2,0,2,0,2,1,2,1,2,0,2,1,2,1,2
C-clinical-11-01624#4,2,2,2,2,2,2,2,2,2,2,2,1,2,1,2,2,2,2,2,2,2,2,2,1,2,2,2,2,2
C-clinical-11-01624#5,1,1,1,1,1,1,1,1,1,2,2,0,1,0,1,0,1,0,1,1,1,1,1,0,1,1,1,1,1
C-clinical-11-01627#0,0,2,2,2,2,2,2,2,2,2,2,1,1,1,1,0,0,2,2,2,2,2,2,2,2,2,2,2,2
C-clinical-11-01627#1,0,2,2,2,2,2,2,2,2,2,2,2,2,2,2,2,2,2,2,2,2,2,2,2,2,2,2,2,2
C-clinical-11-01627#2,0,2,2,2,2,1,1,2,2,1,1,0,0,2,2,1,1,1,1,1,1,2,2,2,2,2,2,2,2
C-clinical-11-01627#3,0,2,2,2,2,2,2,2,2,2,2,2,2,2,2,0,0,2,2,2,2,2,2,2,2,2,2,2,2
C-clinical-11-01627#4,0,2,2,2,2,2,2,2,2,2,2,0,0,2,2,2,2,2,2,0,0,2,2,2,2,2,2,2,2
C-clinical-11-01627#5,1,2,2,2,2,2,2,2,2,1,2,0,1,2,2,1,2,2,2,0,1,2,2,2,2,2,2,2,2
C-clinical-11-01627#6,1,2,2,2,2,2,2,2,2,1,1,2,2,2,2,1,1,2,2,1,1,2,2,1,1,2,2,2,2
C-clinical-11-01630#0,0,2,2,2,2,2,2,2,2,2,2,1,1,2,2,0,0,2,2,2,2,2,2,2,2,2,2,2,2
C-clinical-11-01630#1,0,2,2,2,2,2,2,2,2,2,2,2,2,2,2,2,2,0,0,2,2,2,2,2,2,2,2,2,2
C-clinical-11-01630#10,0,2,2,2,2,1,1,2,2,1,1,1,1,2,2,1,1,2,2,1,1,2,2,1,1,2,2,2,2
C-clinical-11-01630#2,2,2,2,2,2,2,2,2,2,0,2,0,2,2,2,2,2,2,2,0,2,2,2,2,2,2,2,2,2
C-clinical-11-01630#3,0,2,2,2,2,0,0,2,2,1,1,0,0,2,2,1,1,2,2,0,0,2,2,2,2,2,2,2,2
C-clinical-11-01630#4,2,2,2,0,2,2,2,2,2,1,2,0,2,2,2,1,2,2,2,2,2,2,2,0,2,0,2,2,2
C-clinical-11-01630#5,2,2,2,2,2,2,2,2,2,2,2,2,2,2,2,2,2,2,2,0,2,2,2,2,2,2,2,2,2
C-clinical-11-01630#6,2,2,2,2,2,0,2,2,2,2,2,2,2,2,2,2,2,2,2,2,2,2,2,2,2,2,2,2,2
C-clinical-11-01630#7,2,2,2,2,2,1,2,2,2,2,2,2,2,2,2,2,2,0,2,2,2,2,2,2,2,0,2,2,2
C-clinical-11-01630#8,2,2,2,0,2,0,2,0,2,1,2,0,2,1,2,1,2,0,2,2,2,2,2,2,2,2,2,1,2
C-clinical-11-01630#9,2,2,2,2,2,2,2,2,2,1,2,1,2,1,2,0,2,2,2,2,2,2,2,2,2,2,2,2,2
C-clinical-11-01635#0,2,2,2,2,2,2,2,2,2,2,2,2,2,2,2,2,2,2,2,2,2,2,2,2,2,2,2,2,2
C-clinical-11-01635#1,0,2,2,2,2,2,2,2,2,2,2,1,1,1,1,0,0,2,2,2,2,2,2,2,2,2,2,2,2
C-clinical-11-01635#2,1,1,1,1,1,1,1,1,1,0,1,0,1,1,1,1,1,0,1,2,2,2,2,2,2,2,2,2,2
C-clinical-11-01635#3,2,2,2,2,2,2,2,2,2,2,2,0,2,2,2,2,2,2,2,2,2,2,2,2,2,2,2,2,2
C-clinical-11-01635#5,0,2,2,2,2,2,2,2,2,2,2,2,2,2,2,0,0,0,0,2,2,2,2,2,2,2,2,2,2
C-clinical-11-01635#6,2,2,2,2,2,2,2,2,2,2,2,2,2,2,2,2,2,2,2,2,2,2,2,2,2,2,2,2,2
C-clinical-11-01640#0,0,2,2,2,2,2,2,2,2,2,2,2,2,0,0,0,0,0,0,2,2,2,2,2,2,2,2,2,2
C-clinical-11-01640#1,2,2,2,2,2,2,2,2,2,2,2,2,2,2,2,1,2,2,2,2,2,2,2,2,2,2,2,2,2
C-clinical-11-01640#2,0,2,2,2,2,2,2,2,2,2,2,0,0,2,2,2,2,2,2,0,0,2,2,2,2,2,2,2,2
C-clinical-11-01640#3,0,2,2,2,2,0,0,2,2,2,2,0,0,2,2,2,2,2,2,0,0,2,2,2,2,2,2,2,2
C-clinical-11-01640#4,2,2,2,2,2,2,2,2,2,2,2,2,2,1,2,0,2,2,2,2,2,2,2,2,2,2,2,2,2
C-clinical-11-01640#5,2,2,2,2,2,2,2,2,2,2,2,2,2,1,2,2,2,2,2,2,2,2,2,2,2,2,2,2,2
C-clinical-11-01640#6,0,2,2,2,2,2,2,2,2,2,2,1,1,2,2,2,2,2,2,0,0,2,2,2,2,2,2,2,2
C-clinical-11-01641#0,0,2,2,2,2,2,2,2,2,2,2,2,2,1,1,2,2,2,2,2,2,2,2,2,2,2,2,2,2
C-clinical-11-01641#1,0,2,2,2,2,2,2,2,2,2,2,2,2,0,0,0,2,2,2,2,2,2,2,2,2,2,2,2,2
C-clinical-11-01641#2,0,2,2,2,2,2,2,2,2,2,2,0,0,2,2,2,2,2,2,2,2,2,2,2,2,2,2,2,2
C-clinical-11-01641#3,0,2,2,2,2,2,2,2,2,2,2,0,0,0,0,2,2,2,2,0,2,2,2,2,2,2,2,2,2
C-clinical-11-01642#0,0,2,2,2,2,2,2,2,2,2,2,1,1,2,2,2,2,2,2,2,2,2,2,1,1,2,2,2,2
C-clinical-11-01642#1,0,2,2,2,2,0,2,2,2,2,2,0,0,0,0,0,2,0,2,2,2,2,2,0,0,0,2,2,2
C-clinical-11-01642#2,2,2,2,2,2,2,2,2,2,2,2,0,2,2,2,2,2,2,2,2,2,2,2,2,2,2,2,2,2
C-clinical-11-01642#3,1,2,2,2,2,1,1,2,2,2,2,2,2,2,2,2,2,2,2,1,1,2,2,1,1,2,2,2,2
C-clinical-11-01642#4,1,2,2,2,2,1,1,2,2,2,2,2,2,2,2,2,2,2,2,2,2,2,2,2,2,0,1,2,2
C-clinical-11-01642#5,2,2,2,2,2,2,2,2,2,1,2,0,2,1,2,1,2,2,2,2,2,0,2,1,2,1,2,1,2
C-clinical-11-01642#6,2,2,2,2,2,0,2,2,2,2,2,2,2,2,2,2,2,2,2,2,2,2,2,2,2,2,2,2,2
C-clinical-11-01642#7,2,2,2,2,2,2,2,2,2,1,2,1,2,1,2,0,2,2,2,2,2,2,2,2,2,2,2,2,2
C-clinical-11-01642#8,1,2,2,2,2,2,2,2,2,2,2,2,2,2,2,2,2,2,2,2,2,2,2,2,2,2,2,2,2
C-clinical-11-01645#0,2,2,2,2,2,2,2,2,2,2,2,2,2,1,2,0,2,2,2,2,2,2,2,2,2,2,2,2,2
C-clinical-11-01645#1,2,2,2,2,2,2,2,2,2,2,2,2,2,0,2,0,2,2,2,2,2,2,2,2,2,0,2,2,2
C-clinical-11-01645#2,0,2,2,2,2,2,2,2,2,1,1,0,0,2,2,1,1,2,2,0,0,2,2,2,2,0,0,2,2
C-clinical-11-01645#3,2,2,2,2,2,2,2,2,2,1,2,0,2,1,2,1,2,2,2,2,2,0,2,2,2,0,2,0,2
C-clinical-11-01645#4,1,2,2,2,2,2,2,2,2,1,1,1,1,1,1,1,1,2,2,0,1,2,2,2,2,0,1,1,1
C-clinical-11-01645#5,0,2,2,2,2,1,1,2,2,2,2,2,2,2,2,2,2,2,2,2,2,2,2,2,2,0,0,2,2
C-clinical-11-01645#6,2,2,2,2,2,0,2,2,2,2,2,2,2,2,2,2,2,2,2,2,2,2,2,2,2,2,2,2,2
C-clinical-11-01645#7,2,2,2,2,2,2,2,2,2,1,2,0,2,1,2,1,2,2,2,2,2,0,2,1,2,1,2,1,2
C-clinical-11-01646#0,2,2,2,2,2,2,2,2,2,2,2,2,2,2,2,2,2,2,2,2,2,2,2,2,2,2,2,2,2
C-clinical-11-01646#1,2,2,2,2,2,2,2,2,2,2,2,2,2,2,2,0,2,2,2,2,2,2,2,2,2,2,2,0,2
C-clinical-11-01646#2,0,1,1,1,1,0,0,1,1,2,2,0,0,1,1,0,0,1,1,1,1,1,1,0,0,1,1,0,1
C-clinical-11-01646#3,2,2,2,2,2,2,2,2,2,1,2,1,2,1,2,1,2,2,2,2,2,2,2,2,2,2,2,2,2
C-clinical-11-01646#4,0,1,1,1,1,0,0,1,1,2,2,0,0,0,0,0,0,1,1,0,1,1,1,0,0,1,1,1,1
C-clinical-11-01648#0,2,2,2,2,2,2,2,2,2,2,2,2,2,2,2,1,2,2,2,2,2,2,2,2,2,2,2,2,2
C-clinical-11-01648#1,1,2,2,2,2,1,1,1,1,2,2,0,1,2,2,0,1,2,2,2,2,2,2,2,2,0,1,2,2
C-clinical-11-01648#10,0,2,2,2,2,2,2,2,2,2,2,0,0,2,2,2,2,2,2,0,0,2,2,2,2,2,2,2,2
C-clinical-11-01648#2,1,2,2,2,2,1,1,2,2,2,2,0,1,2,2,1,1,2,2,1,1,0,1,2,2,2,2,2,2
C-clinical-11-01648#3,2,2,2,2,2,2,2,2,2,2,2,2,2,2,2,2,2,2,2,2,2,2,2,2,2,2,2,2,2
C-clinical-11-01648#4,1,1,1,1,1,1,1,1,1,0,1,0,1,1,1,1,1,0,1,2,2,1,1,1,1,2,2,1,1
C-clinical-11-01648#5,2,2,2,2,2,2,2,2,2,2,2,2,2,2,2,2,2,2,2,0,2,2,2,2,2,2,2,2,2
C-clinical-11-01648#6,0,2,2,2,2,2,2,2,2,2,2,2,2,2,2,0,0,2,2,2,2,2,2,2,2,2,2,2,2
C-clinical-11-01648#7,0,2,2,2,2,2,2,2,2,2,2,2,2,2,2,2,2,2,2,2,2,2,2,2,2,0,0,2,2
C-clinical-11-01648#9,2,2,2,2,2,2,2,2,2,2,2,0,2,2,2,0,2,2,2,2,2,2,2,2,2,2,2,2,2
C-clinical-11-01649#0,0,2,2,2,2,2,2,2,2,2,2,0,0,1,1,2,2,2,2,2,2,2,2,2,2,1,2,2,2
C-clinical-11-01649#1,0,2,2,2,2,1,1,1,1,2,2,0,0,1,1,0,1,2,2,2,2,1,1,0,1,2,2,2,2
C-clinical-11-01649#2,0,2,2,2,2,2,2,2,2,2,2,2,2,2,2,1,2,2,2,2,2,2,2,2,2,2,2,2,2
C-clinical-11-01649#3,2,2,2,2,2,2,2,2,2,2,2,0,2,2,2,1,2,2,2,0,2,2,2,2,2,2,2,2,2
C-clinical-11-01649#4,2,2,2,2,2,2,2,2,2,1,2,0,2,2,2,1,2,2,2,0,2,2,2,2,2,2,2,2,2
C-clinical-11-01649#5,0,2,2,2,2,2,2,2,2,2,2,2,2,2,2,2,2,2,2,2,2,2,2,2,2,2,2,2,2
C-clinical-11-01650#0,0,2,2,2,2,2,2,2,2,2,2,0,0,2,2,2,2,2,2,2,2,2,2,2,2,2,2,2,2
C-clinical-11-01650#1,0,2,2,2,2,2,2,2,2,2,2,1,1,2,2,1,1,2,2,2,2,2,2,2,2,2,2,2,2
C-clinical-11-01650#10,2,2,2,2,2,0,2,2,2,2,2,2,2,2,2,1,2,2,2,2,2,2,2,2,2,2,2,2,2
C-clinical-11-01650#11,2,2,2,2,2,1,2,2,2,1,2,0,2,1,2,0,2,2,2,2,2,0,2,2,2,1,2,1,2
C-clinical-11-01650#12,2,2,2,2,2,1,2,2,2,1,2,0,2,1,2,1,2,2,2,2,2,0,2,2,2,1,2,1,2
C-clinical-11-01650#13,2,2,2,2,2,1,2,2,2,1,2,1,2,0,2,0,2,2,2,2,2,2,2,2,2,2,2,2,2
C-clinical-11-01650#2,0,2,2,2,2,2,2,2,2,1,1,0,0,2,2,1,1,2,2,2,2,2,2,2,2,0,0,2,2
C-clinical-11-01650#3,2,2,2,2,2,2,2,2,2,1,2,0,2,2,2,1,2,2,2,2,2,2,2,0,2,0,2,2,2
C-clinical-11-01650#4,2,2,2,2,2,2,2,2,2,2,2,0,2,0,2,0,2,2,2,2,2,2,2,2,2,2,2,2,2
C-clinical-11-01650#5,0,2,2,2,2,2,2,2,2,2,2,0,0,2,2,0,2,2,2,2,2,2,2,0,2,0,2,0,2
C-clinical-11-01650#6,0,2,2,2,2,2,2,2,2,2,2,2,2,2,2,2,2,2,2,2,2,2,2,2,2,0,0,2,2
C-clinical-11-01650#7,0,2,2,1,1,1,1,2,2,2,2,2,2,2,2,2,2,2,2,2,2,2,2,2,2,0,0,2,2
C-clinical-11-01650#8,0,2,2,2,2,2,2,2,2,2,2,0,0,2,2,0,2,2,2,2,2,2,2,0,2,0,2,2,2
C-clinical-11-01650#9,2,2,2,2,2,0,2,2,2,2,2,2,2,2,2,2,2,2,2,2,2,2,2,2,2,2,2,2,2
C-clinical-11-01654#0,0,2,2,2,2,2,2,2,2,1,1,0,0,2,2,1,1,0,0,0,0,2,2,2,2,2,2,2,2
C-clinical-11-01654#1,0,2,2,2,2,2,2,2,2,2,2,0,0,0,0,1,1,2,2,2,2,2,2,2,2,2,2,2,2
C-clinical-11-01654#10,0,2,2,2,2,2,2,2,2,1,1,0,0,2,2,2,2,2,2,0,0,2,2,2,2,2,2,2,2
C-clinical-11-01654#11,0,2,2,2,2,2,2,2,2,2,2,2,2,2,2,2,2,2,2,1,1,2,2,2,2,2,2,2,2
C-clinical-11-01654#2,0,2,2,2,2,2,2,2,2,2,2,2,2,2,2,2,2,2,2,2,2,2,2,2,2,2,2,2,2
C-clinical-11-01654#3,1,1,1,1,1,1,1,1,1,0,1,0,1,1,1,1,1,0,1,2,2,2,2,2,2,2,2,2,2
C-clinical-11-01654#4,2,2,2,2,2,2,2,2,2,2,2,2,2,2,2,2,2,2,2,0,2,2,2,2,2,2,2,2,2
C-clinical-11-01654#5,0,2,2,2,2,2,2,2,2,2,2,2,2,2,2,2,2,2,2,2,2,2,2,2,2,2,2,2,2
C-clinical-11-01654#6,0,2,2,2,2,2,2,2,2,2,2,2,2,2,2,2,2,2,2,2,2,2,2,2,2,0,0,2,2
C-clinical-11-01654#7,0,2,2,2,2,2,2,2,2,2,2,2,2,2,2,2,2,2,2,2,2,2,2,2,2,0,0,2,2
C-clinical-11-01654#8,0,2,2,2,2,2,2,2,2,2,2,2,2,2,2,0,0,2,2,2,2,2,2,2,2,2,2,2,2
C-clinical-11-01657#0,0,2,2,2,2,2,2,2,2,2,2,2,2,2,2,2,2,0,0,2,2,2,2,2,2,2,2,2,2
C-clinical-11-01657#1,2,2,2,2,2,2,2,2,2,2,2,0,2,2,2,2,2,2,2,2,2,2,2,2,2,2,2,2,2
C-clinical-11-01657#2,0,2,2,2,2,2,2,2,2,2,2,2,2,2,2,2,2,2,2,2,2,2,2,2,2,0,0,2,2
C-clinical-11-01657#3,2,2,2,2,2,2,2,2,2,1,2,1,2,1,2,1,2,2,2,2,2,2,2,2,2,0,2,2,2
C-clinical-11-01657#4,2,2,2,2,2,2,2,2,2,2,2,2,2,2,2,2,2,2,2,2,2,2,2,2,2,2,2,2,2
C-clinical-11-01657#5,2,2,2,2,2,1,2,2,2,2,2,2,2,2,2,2,2,2,2,1,2,2,2,2,2,2,2,2,2
C-clinical-11-01657#6,0,2,2,2,2,0,0,2,2,2,2,0,0,2,2,2,2,2,2,0,0,2,2,2,2,2,2,1,1
C-clinical-11-01659#0,0,2,2,2,2,2,2,2,2,2,2,2,2,2,2,2,2,2,2,2,2,2,2,2,2,2,2,2,2
C-clinical-11-01659#1,0,2,2,2,2,2,2,2,2,2,2,2,2,2,2,2,2,2,2,2,2,2,2,2,2,2,2,2,2
C-clinical-11-01659#2,1,1,1,1,1,1,1,1,1,0,1,0,1,1,1,1,1,0,1,2,2,1,1,2,2,1,1,2,2
C-clinical-11-01659#4,0,2,2,2,2,2,2,1,1,2,2,1,1,0,0,0,1,2,2,2,2,1,1,0,1,2,2,2,2
C-clinical-11-01662#0,0,2,2,2,2,2,2,2,2,2,2,1,1,0,0,0,0,2,2,2,2,2,2,1,1,2,2,2,2
C-clinical-11-01662#1,0,2,2,2,2,2,2,2,2,2,2,0,0,2,2,2,2,2,2,2,2,2,2,2,2,2,2,2,2
C-clinical-11-01662#10,2,2,2,2,2,0,2,2,2,2,2,2,2,2,2,2,2,2,2,2,2,2,2,2,2,2,2,2,2
C-clinical-11-01662#11,2,2,2,2,2,2,2,2,2,1,2,1,2,1,2,0,2,2,2,2,2,2,2,2,2,2,2,2,2
C-clinical-11-01662#12,0,2,2,2,2,2,2,2,2,2,2,2,2,2,2,2,2,2,2,0,0,2,2,2,2,2,2,2,2
C-clinical-11-01662#13,2,2,2,2,2,2,2,2,2,1,2,0,2,1,2,1,2,0,2,2,2,0,2,0,2,1,2,1,2
C-clinical-11-01662#2,0,2,2,2,2,1,1,2,2,1,1,1,1,2,2,2,2,0,0,1,1,2,2,2,2,1,1,2,2
C-clinical-11-01662#3,0,2,2,2,2,2,2,2,2,2,2,2,2,0,0,0,0,2,2,2,2,2,2,0,0,0,2,2,2
C-clinical-11-01662#4,0,2,2,2,2,2,2,2,2,0,0,2,2,0,0,0,0,2,2,2,2,2,2,2,2,2,2,2,2
C-clinical-11-01662#5,0,2,2,2,2,1,1,2,2,2,2,2,2,2,2,2,2,2,2,2,2,2,2,2,2,0,0,2,2
C-clinical-11-01662#6,0,2,2,2,2,0,0,2,2,2,2,0,0,2,2,2,2,2,2,2,2,2,2,2,2,0,0,2,2
C-clinical-11-01662#7,2,2,2,1,2,1,2,1,2,1,2,1,2,1,2,1,2,1,2,2,2,2,2,1,2,1,2,1,2
C-clinical-11-01662#8,0,2,2,2,2,2,2,2,2,2,2,2,2,0,0,0,0,2,2,2,2,2,2,0,0,0,2,2,2
C-clinical-11-01662#9,2,2,2,2,2,2,2,2,2,1,2,0,2,1,2,1,2,0,2,2,2,0,2,0,2,1,2,1,2
C-clinical-11-01663#1,2,2,2,2,2,2,2,2,2,2,2,2,2,2,2,1,2,2,2,2,2,2,2,2,2,2,2,2,2
C-clinical-11-01663#10,2,2,2,2,2,2,2,2,2,2,2,2,2,2,2,2,2,0,2,2,2,2,2,2,2,2,2,2,2
C-clinical-11-01663#11,0,2,2,2,2,2,2,2,2,2,2,0,0,2,2,2,2,2,2,0,0,2,2,2,2,0,0,2,2
C-clinical-11-01663#2,2,2,2,2,2,2,2,2,2,2,2,2,2,2,2,2,2,2,2,0,2,2,2,2,2,2,2,2,2
C-clinical-11-01663#3,1,1,1,1,1,1,1,1,1,0,1,0,1,1,1,1,1,0,1,2,2,1,1,1,1,1,1,2,2
C-clinical-11-01663#4,1,2,2,2,2,2,2,2,2,1,1,0,1,2,2,2,2,2,2,1,1,2,2,2,2,2,2,2,2
C-clinical-11-01663#5,2,2,2,2,2,2,2,2,2,2,2,2,2,2,2,2,2,2,2,2,2,2,2,2,2,2,2,2,2
C-clinical-11-01663#6,0,2,2,2,2,2,2,2,2,2,2,2,2,2,2,2,2,2,2,0,0,2,2,2,2,2,2,2,2
C-clinical-11-01663#7,1,2,2,2,2,2,2,2,2,2,2,2,2,2,2,2,2,2,2,2,2,2,2,1,1,2,2,1,1
C-clinical-11-01663#8,2,2,2,2,2,2,2,2,2,2,2,0,2,2,2,2,2,2,2,2,2,2,2,2,2,2,2,2,2
C-clinical-11-01663#9,0,1,1,1,1,0,0,1,1,2,2,0,0,0,0,0,0,2,2,1,1,1,1,1,1,1,1,1,1
C-clinical-11-01665#0,0,2,2,2,2,2,2,2,2,2,2,0,0,2,2,2,2,2,2,2,2,2,2,2,2,2,2,2,2
C-clinical-11-01665#1,0,2,2,2,2,2,2,2,2,2,2,0,0,1,1,1,1,2,2,2,2,2,2,2,2,2,2,2,2
C-clinical-11-01665#2,1,1,1,1,1,1,1,1,1,1,1,1,1,1,1,1,1,0,1,1,1,1,1,1,1,1,1,1,1
C-clinical-11-01665#3,2,2,2,2,2,2,2,2,2,2,2,2,2,2,2,2,2,2,2,0,2,2,2,2,2,2,2,2,2
C-clinical-11-01665#4,2,2,2,2,2,2,2,2,2,1,2,0,2,1,2,1,2,0,2,2,2,0,2,1,2,1,2,1,2
C-clinical-11-01665#5,2,2,2,2,2,1,2,2,2,2,2,1,2,1,2,2,2,0,2,1,2,2,2,2,2,2,2,2,2
C-clinical-11-01665#6,2,2,2,2,2,2,2,2,2,2,2,2,2,2,2,2,2,0,2,0,2,2,2,2,2,0,2,2,2
C-clinical-11-01665#7,0,2,2,2,2,2,2,2,2,2,2,0,0,2,2,2,2,2,2,0,0,2,2,2,2,2,2,2,2
C-clinical-11-01665#8,0,2,2,2,2,2,2,2,2,2,2,0,0,2,2,2,2,2,2,2,2,2,2,2,2,2,2,2,2
C-clinical-11-01665#9,2,2,2,2,2,2,2,2,2,1,2,1,2,0,2,0,2,2,2,2,2,2,2,2,2,2,2,2,2
C-clinical-11-01667#0,0,2,2,2,2,2,2,2,2,2,2,2,2,0,0,1,1,2,2,2,2,2,2,2,2,2,2,2,2
C-clinical-11-01667#1,0,2,2,2,2,2,2,2,2,2,2,2,2,2,2,2,2,2,2,1,1,2,2,2,2,2,2,2,2
C-clinical-11-01667#2,2,2,2,2,2,2,2,2,2,2,2,2,2,2,2,1,2,2,2,0,2,2,2,2,2,2,2,2,2
C-clinical-11-01667#3,0,2,2,2,2,2,2,2,2,2,2,2,2,2,2,2,2,2,2,2,2,2,2,2,2,2,2,2,2
C-clinical-11-01667#4,0,2,2,2,2,2,2,2,2,2,2,2,2,2,2,2,2,2,2,2,2,2,2,2,2,2,2,2,2
C-clinical-11-01667#5,0,2,2,2,2,2,2,2,2,1,1,1,1,2,2,1,1,2,2,1,1,2,2,2,2,2,2,2,2
C-clinical-11-01668#0,0,2,2,2,2,2,2,2,2,2,2,0,0,1,1,0,0,2,2,2,2,2,2,2,2,2,2,2,2
C-clinical-11-01668#1,0,2,2,2,2,2,2,2,2,2,2,0,0,0,0,0,0,2,2,2,2,2,2,0,2,0,2,2,2
C-clinical-11-01668#10,2,2,2,2,2,2,2,2,2,2,2,2,2,2,2,2,2,2,2,2,2,2,2,2,2,0,2,2,2
C-clinical-11-01668#11,2,2,2,2,2,2,2,2,2,1,2,0,2,0,2,0,2,2,2,2,2,2,2,2,2,2,2,2,2
C-clinical-11-01668#2,0,2,2,2,2,1,1,1,1,2,2,0,0,0,0,0,0,1,1,2,2,1,1,0,1,1,1,1,1
C-clinical-11-01668#3,0,2,2,2,2,0,0,2,2,1,1,0,0,2,2,2,2,2,2,0,0,2,2,2,2,0,0,2,2
C-clinical-11-01668#4,2,2,2,2,2,1,2,1,2,0,2,1,2,1,2,1,2,1,2,2,2,1,2,1,2,1,2,1,2
C-clinical-11-01668#5,0,2,2,2,2,1,1,2,2,2,2,0,0,2,2,2,2,2,2,0,0,2,2,2,2,2,2,2,2
C-clinical-11-01668#6,0,2,2,2,2,2,2,2,2,2,2,2,2,2,2,2,2,2,2,0,0,2,2,2,2,0,0,2,2
C-clinical-11-01668#7,0,2,2,2,2,1,1,2,2,2,2,2,2,2,2,2,2,2,2,2,2,2,2,0,0,2,2,2,2
C-clinical-11-01668#8,0,2,2,2,2,2,2,2,2,2,2,0,0,0,0,0,0,0,0,0,0,2,2,2,2,2,2,2,2
C-clinical-11-01668#9,2,2,2,2,2,2,2,2,2,1,2,0,2,1,2,1,2,0,2,2,2,0,2,2,2,1,2,1,2
C-clinical-11-01669#1,0,2,2,2,2,2,2,2,2,2,2,2,2,2,2,2,2,2,2,2,2,2,2,2,2,2,2,2,2
C-clinical-11-01669#10,2,2,2,2,2,2,2,2,2,2,2,2,2,2,2,2,2,2,2,0,2,2,2,2,2,0,2,2,2
C-clinical-11-01669#11,2,2,2,2,2,0,2,2,2,2,2,2,2,2,2,2,2,2,2,1,2,2,2,2,2,2,2,2,2
C-clinical-11-01669#12,0,2,2,2,2,1,1,2,2,2,2,0,0,2,2,2,2,2,2,0,0,2,2,2,2,2,2,2,2
C-clinical-11-01669#13,0,2,2,2,2,2,2,2,2,2,2,0,0,2,2,2,2,2,2,0,2,2,2,2,2,2,2,2,2
C-clinical-11-01669#2,1,1,1,1,1,0,1,1,1,0,1,0,1,1,1,1,1,0,1,2,2,2,2,2,2,2,2,2,2
C-clinical-11-01669#3,2,2,2,2,2,2,2,2,2,2,2,0,2,2,2,2,2,2,2,2,2,2,2,2,2,2,2,0,2
C-clinical-11-01669#5,2,2,2,2,2,2,2,2,2,2,2,1,2,2,2,2,2,2,2,2,2,2,2,2,2,2,2,2,2
C-clinical-11-01669#6,0,2,2,2,2,2,2,2,2,2,2,2,2,2,2,2,2,2,2,2,2,2,2,0,2,0,2,2,2
C-clinical-11-01669#7,0,2,2,2,2,2,2,2,2,2,2,0,0,2,2,2,2,0,0,2,2,2,2,2,2,2,2,2,2
C-clinical-11-01669#8,0,2,2,2,2,2,2,2,2,2,2,0,0,2,2,2,2,2,2,2,2,2,2,2,2,2,2,2,2
C-clinical-11-01669#9,2,2,2,2,2,2,2,2,2,2,2,0,2,2,2,2,2,2,2,2,2,2,2,2,2,2,2,2,2
C-clinical-11-01670#0,0,2,2,2,2,2,2,2,2,2,2,2,2,0,0,0,0,2,2,2,2,2,2,2,2,1,2,2,2
C-clinical-11-01670#1,0,2,2,2,2,2,2,2,2,2,2,2,2,0,0,0,0,2,2,2,2,2,2,0,2,0,2,2,2
C-clinical-11-01670#2,0,2,2,2,2,2,2,2,2,2,2,2,2,1,1,0,0,2,2,2,2,2,2,2,2,2,2,2,2
C-clinical-11-01670#3,1,2,2,2,2,2,2,2,2,1,1,0,1,2,2,1,1,2,2,1,1,2,2,2,2,2,2,2,2
C-clinical-11-01670#4,0,2,2,2,2,2,2,2,2,2,2,2,2,2,2,2,2,2,2,2,2,2,2,2,2,2,2,2,2
C-clinical-11-01670#5,0,2,2,2,2,2,2,2,2,1,1,2,2,2,2,1,1,0,0,0,0,2,2,2,2,0,0,2,2
C-clinical-11-01670#6,0,2,2,2,2,2,2,2,2,2,2,2,2,2,2,2,2,0,0,0,0,2,2,2,2,0,0,2,2
C-clinical-11-01670#7,2,2,2,2,2,2,2,2,2,2,2,2,2,0,2,0,2,2,2,2,2,2,2,2,2,2,2,2,2
C-clinical-11-01670#8,0,2,2,2,2,2,2,2,2,2,2,1,2,1,1,0,0,2,2,2,2,2,2,2,2,2,2,2,2
C-clinical-11-01672#0,0,2,2,2,2,2,2,2,2,0,0,0,2,0,0,1,1,2,2,2,2,2,2,2,2,2,2,2,2
C-clinical-11-01672#1,0,2,2,2,2,2,2,2,2,0,0,0,2,0,0,1,1,2,2,2,2,2,2,2,2,2,2,2,2
C-clinical-11-01672#2,1,2,2,1,1,1,1,1,1,2,2,0,1,0,1,0,1,0,1,1,1,1,1,1,1,1,1,1,1
C-clinical-11-01672#3,0,2,2,2,2,2,2,2,2,0,0,2,2,0,0,0,0,2,2,2,2,2,2,2,2,2,2,2,2
C-clinical-11-01674#0,2,2,2,2,2,2,2,2,2,2,2,2,2,2,2,1,2,2,2,2,2,2,2,2,2,2,2,2,2
C-clinical-11-01674#1,1,2,2,2,2,1,1,2,2,2,2,0,1,2,2,1,1,2,2,1,1,0,1,2,2,2,2,2,2
C-clinical-11-01674#10,0,1,1,1,1,1,1,1,1,2,2,0,0,0,0,0,0,1,1,1,1,1,1,2,2,1,1,2,2
C-clinical-11-01674#11,0,2,2,2,2,2,2,2,2,2,2,0,0,2,2,2,2,2,2,0,0,2,2,2,2,2,2,2,2
C-clinical-11-01674#12,2,2,2,2,2,1,2,2,2,1,2,0,2,1,2,1,2,2,2,2,2,2,2,0,2,2,2,2,2
C-clinical-11-01674#13,2,2,2,2,2,2,2,2,2,2,2,0,2,0,2,0,2,2,2,2,2,2,2,0,2,0,2,2,2
C-clinical-11-01674#2,0,2,2,2,2,2,2,2,2,2,2,2,2,2,2,2,2,2,2,2,2,2,2,2,2,2,2,2,2
C-clinical-11-01674#3,0,2,2,2,2,2,2,2,2,2,2,2,2,2,2,2,2,2,2,0,0,2,2,2,2,2,2,2,2
C-clinical-11-01674#4,0,2,2,2,2,2,2,2,2,2,2,2,2,2,2,2,2,2,2,2,2,2,2,2,2,2,2,2,2
C-clinical-11-01674#5,0,2,2,2,2,2,2,2,2,2,2,2,2,2,2,2,2,2,2,2,2,2,2,2,2,0,0,1,1
C-clinical-11-01674#6,2,2,2,2,2,2,2,2,2,2,2,2,2,1,2,1,2,2,2,2,2,2,2,2,2,1,2,2,2
C-clinical-11-01674#7,2,2,2,2,2,2,2,2,2,2,2,0,2,0,2,0,2,2,2,2,2,2,2,0,2,0,2,2,2
C-clinical-11-01674#8,0,1,1,1,1,1,1,1,1,2,2,0,0,0,0,0,0,1,1,1,1,1,1,2,2,1,1,2,2
C-clinical-11-01674#9,2,2,2,2,2,2,2,2,2,2,2,0,2,2,2,2,2,2,2,0,2,2,2,2,2,2,2,2,2
C-clinical-11-01677#0,0,2,2,2,2,2,2,2,2,2,2,2,2,2,2,2,2,2,2,2,2,2,2,2,2,2,2,2,2
C-clinical-11-01677#1,0,2,2,2,2,1,1,2,2,1,1,0,0,2,2,1,1,1,1,1,1,2,2,2,2,2,2,1,1
C-clinical-11-01677#2,1,2,2,2,2,2,2,2,2,2,2,2,2,2,2,2,2,2,2,2,2,2,2,2,2,2,2,2,2
C-clinical-11-01677#3,0,2,2,2,2,2,2,2,2,2,2,2,2,2,2,0,2,2,2,2,2,2,2,0,0,2,2,2,2
C-clinical-11-01677#4,0,2,2,2,2,1,1,2,2,2,2,2,2,2,2,2,2,2,2,1,1,2,2,2,2,0,0,2,2
C-clinical-11-01677#5,2,2,2,2,2,0,2,2,2,2,2,2,2,2,2,2,2,2,2,2,2,2,2,2,2,2,2,2,2
C-clinical-11-01677#6,2,2,2,2,2,0,2,1,2,2,2,2,2,2,2,2,2,2,2,2,2,2,2,2,2,2,2,2,2
C-clinical-11-01677#7,2,2,2,0,2,1,2,2,2,1,2,0,2,1,2,1,2,1,2,2,2,2,2,1,2,0,2,1,2
C-clinical-11-01677#8,2,2,2,2,2,1,2,2,2,1,2,1,2,1,2,0,2,2,2,2,2,2,2,2,2,0,2,2,2
C-clinical-11-01677#9,0,2,2,2,2,2,2,2,2,2,2,2,2,2,2,2,2,2,2,2,2,2,2,0,0,2,2,2,2
C-clinical-11-01678#0,0,2,2,2,2,2,2,2,2,2,2,0,0,2,2,2,2,2,2,2,2,2,2,2,2,2,2,2,2
C-clinical-11-01678#1,0,2,2,2,2,2,2,2,2,2,2,2,2,2,2,2,2,2,2,2,2,2,2,2,2,2,2,2,2
C-clinical-11-01678#2,0,2,2,2,2,2,2,2,2,2,2,0,0,2,2,2,2,2,2,2,2,0,0,0,0,2,2,2,2
C-clinical-11-01678#3,2,2,2,2,2,2,2,2,2,2,2,2,2,2,2,2,2,2,2,2,2,2,2,2,2,0,2,2,2
C-clinical-11-01678#4,2,2,2,2,2,2,2,2,2,2,2,2,2,2,2,2,2,2,2,2,2,2,2,2,2,2,2,2,2
C-clinical-11-01678#5,1,1,1,1,1,1,1,1,1,1,1,0,1,1,1,1,1,1,1,1,1,1,1,1,1,1,1,1,1
C-clinical-11-01678#6,0,2,2,2,2,0,0,2,2,2,2,0,0,2,2,1,1,2,2,0,0,2,2,2,2,2,2,2,2
C-clinical-11-01678#7,0,2,2,2,2,2,2,2,2,2,2,0,0,2,2,0,2,2,2,2,2,0,0,0,0,2,2,2,2
C-clinical-11-01679#0,0,2,2,2,2,2,2,2,2,2,2,1,1,0,0,1,1,2,2,0,0,2,2,2,2,2,2,2,2
C-clinical-11-01679#1,0,2,2,2,2,2,2,2,2,2,2,0,0,0,0,2,2,2,2,0,0,2,2,0,0,0,0,2,2
C-clinical-11-01679#2,0,2,2,2,2,2,2,2,2,2,2,1,1,2,2,1,1,2,2,0,0,2,2,2,2,2,2,2,2
C-clinical-11-01679#3,2,2,2,2,2,2,2,2,2,2,2,0,2,2,2,2,2,2,2,2,2,2,2,2,2,2,2,2,2
C-clinical-11-01679#4,0,0,0,0,0,0,0,2,2,2,2,0,0,0,0,0,0,0,0,0,0,2,2,0,0,2,2,2,2
C-clinical-11-01679#5,2,2,2,2,2,2,2,2,2,2,2,0,2,0,2,0,2,2,2,2,2,2,2,2,2,2,2,2,2
C-clinical-11-01681#0,0,2,2,2,2,2,2,2,2,2,2,0,2,1,1,0,2,2,2,0,2,2,2,2,2,2,2,2,2
C-clinical-11-01681#1,0,2,2,2,2,2,2,2,2,2,2,2,2,2,2,2,2,2,2,2,2,2,2,2,2,2,2,2,2
C-clinical-11-01681#2,0,2,2,2,2,2,2,2,2,2,2,0,0,2,2,0,0,2,2,2,2,2,2,2,2,2,2,2,2
C-clinical-11-01681#3,0,1,1,1,1,1,1,1,1,2,2,0,0,0,0,0,0,1,1,1,1,1,1,1,1,1,1,1,1
C-clinical-11-01681#4,0,2,2,2,2,2,2,2,2,2,2,2,2,2,2,2,2,2,2,2,2,2,2,2,2,0,0,2,2
C-clinical-11-01684#0,2,2,2,2,2,2,2,2,2,2,2,0,2,2,2,2,2,2,2,2,2,2,2,2,2,2,2,2,2
C-clinical-11-01684#1,0,2,2,2,2,2,2,2,2,2,2,2,2,2,2,2,2,2,2,2,2,2,2,2,2,2,2,2,2
C-clinical-11-01684#2,0,2,2,2,2,2,2,2,2,2,2,0,0,2,2,0,0,2,2,2,2,2,2,2,2,2,2,2,2
C-clinical-11-01684#3,2,2,2,2,2,2,2,2,2,1,2,0,2,1,2,1,2,0,2,2,2,0,2,2,2,1,2,1,2
C-clinical-11-01684#4,2,2,2,2,2,2,2,2,2,1,2,1,2,1,2,0,2,2,2,2,2,2,2,2,2,2,2,2,2
C-clinical-11-01684#5,2,2,2,2,2,2,2,2,2,2,2,2,2,2,2,2,2,2,2,0,2,2,2,2,2,2,2,2,2
C-clinical-11-01684#6,2,2,2,2,2,0,2,2,2,2,2,2,2,2,2,2,2,2,2,2,2,2,2,2,2,2,2,2,2
C-clinical-11-01685#0,2,2,2,2,2,2,2,2,2,2,2,2,2,2,2,2,2,2,2,2,2,2,2,2,2,2,2,2,2
C-clinical-11-01685#1,0,2,2,2,2,2,2,2,2,2,2,1,1,0,0,1,1,2,2,2,2,2,2,2,2,2,2,2,2
C-clinical-11-01685#2,0,2,2,2,2,2,2,2,2,2,2,0,0,0,0,0,0,2,2,2,2,2,2,0,2,0,2,2,2
C-clinical-11-01685#3,0,2,2,2,2,1,1,1,1,2,2,0,0,0,0,0,0,0,1,2,2,1,1,0,1,2,2,2,2
C-clinical-11-01685#4,2,2,2,2,2,2,2,2,2,2,2,2,2,2,2,2,2,2,2,2,2,2,2,2,2,2,2,2,2
C-clinical-11-01685#5,0,2,2,2,2,2,2,2,2,2,2,0,0,2,2,1,1,1,1,0,0,2,2,2,2,0,0,2,2
C-clinical-11-01685#6,0,2,2,2,2,2,2,2,2,2,2,2,2,2,2,2,2,2,2,2,2,2,2,2,2,2,2,2,2
C-clinical-11-01685#7,0,2,2,2,2,2,2,2,2,2,2,0,0,0,0,0,0,2,2,2,2,2,2,0,2,2,2,2,2
C-clinical-11-01686#0,2,2,2,2,2,2,2,2,2,2,2,2,2,0,2,0,2,2,2,2,2,2,2,2,2,2,2,2,2
C-clinical-11-01686#1,1,2,2,2,2,1,1,1,1,2,2,0,1,0,1,0,1,0,1,2,2,1,1,2,2,0,1,0,1
C-clinical-11-01686#10,1,2,2,2,2,1,1,2,2,2,2,1,1,2,2,2,2,2,2,1,1,2,2,1,1,2,2,2,2
C-clinical-11-01686#11,0,2,2,2,2,2,2,2,2,2,2,2,2,2,2,1,1,2,2,0,0,2,2,2,2,2,2,2,2
C-clinical-11-01686#2,1,2,2,2,2,2,2,1,1,2,2,0,1,2,2,1,1,2,2,1,1,2,2,1,1,2,2,2,2
C-clinical-11-01686#3,0,2,2,2,2,2,2,2,2,2,2,2,2,2,2,2,2,2,2,2,2,2,2,2,2,2,2,2,2
C-clinical-11-01686#4,0,2,2,2,2,2,2,2,2,2,2,2,2,2,2,1,1,2,2,0,0,2,2,2,2,0,0,2,2
C-clinical-11-01686#5,0,2,2,2,2,2,2,2,2,2,2,2,2,2,2,0,0,2,2,2,2,2,2,2,2,2,2,2,2
C-clinical-11-01686#6,0,2,2,2,2,2,2,2,2,2,2,0,0,2,2,2,2,2,2,0,0,2,2,2,2,0,0,2,2
C-clinical-11-01686#7,1,1,1,1,1,0,1,1,1,0,1,0,1,0,1,0,1,0,1,0,1,1,1,1,1,2,2,2,2
C-clinical-11-01686#9,2,2,2,2,2,2,2,2,2,2,2,0,2,0,2,2,2,2,2,0,2,2,2,2,2,2,2,2,2
C-clinical-11-01689#0,0,2,2,2,2,2,2,2,2,2,2,0,2,2,2,2,2,2,2,2,2,2,2,2,2,2,2,2,2
C-clinical-11-01689#1,0,2,2,2,2,2,2,2,2,2,2,2,2,2,2,2,2,0,2,2,2,2,2,2,2,2,2,2,2
C-clinical-11-01689#2,0,2,2,2,2,2,2,2,2,2,2,1,1,2,2,1,1,2,2,2,2,2,2,2,2,2,2,2,2
C-clinical-11-01689#3,0,2,2,2,2,2,2,2,2,2,2,1,1,1,1,1,1,2,2,2,2,2,2,2,2,2,2,2,2
C-clinical-11-01689#4,0,2,2,2,2,2,2,2,2,2,2,2,2,1,1,2,2,2,2,2,2,2,2,2,2,2,2,2,2
C-clinical-11-01690#0,0,2,2,2,2,2,2,2,2,2,2,2,2,1,1,0,0,2,2,2,2,2,2,2,2,2,2,2,2
C-clinical-11-01690#2,2,2,2,2,2,2,2,2,2,2,2,2,2,2,2,2,2,2,2,2,2,2,2,2,2,2,2,2,2
C-clinical-11-01690#3,0,2,2,2,2,2,2,1,1,2,2,1,1,0,0,0,0,2,2,2,2,1,1,0,1,2,2,2,2
C-clinical-11-01690#4,0,2,2,2,2,2,2,2,2,2,2,0,0,1,1,2,2,2,2,2,2,2,2,2,2,2,2,2,2
C-clinical-11-01690#5,2,2,2,2,2,2,2,2,2,2,2,0,2,2,2,2,2,2,2,2,2,2,2,2,2,2,2,2,2
C-clinical-11-01690#6,0,2,2,2,2,2,2,2,2,2,2,2,2,2,2,0,0,2,2,2,2,2,2,2,2,2,2,2,2
C-clinical-11-01692#0,0,2,2,2,2,2,2,2,2,2,2,1,1,1,1,0,0,2,2,2,2,2,2,2,2,2,2,2,2
C-clinical-11-01692#1,0,2,2,2,2,2,2,2,2,2,2,2,2,0,0,0,0,2,2,2,2,2,2,2,2,2,2,2,2
C-clinical-11-01692#2,0,1,1,1,1,1,1,1,1,2,2,0,0,0,0,0,0,0,0,1,1,1,1,1,1,1,1,1,1
C-clinical-11-01692#3,2,2,2,2,2,2,2,2,2,2,2,0,2,2,2,2,2,0,2,0,2,2,2,2,2,2,2,0,2
C-clinical-11-01694#0,0,2,2,2,2,2,2,2,2,2,2,2,2,1,1,0,0,2,2,2,2,2,2,2,2,2,2,2,2
C-clinical-11-01694#1,2,2,2,2,2,2,2,2,2,2,2,2,2,2,2,2,2,2,2,2,2,2,2,2,2,2,2,2,2
C-clinical-11-01694#2,1,1,1,1,1,1,1,1,1,0,1,0,1,1,1,0,1,0,1,2,2,1,1,1,1,1,1,2,2
C-clinical-11-01694#4,2,2,2,2,2,2,2,2,2,2,2,0,2,2,2,2,2,2,2,2,2,2,2,2,2,2,2,2,2
C-clinical-11-01694#5,1,2,2,2,2,2,2,2,2,1,1,0,1,2,2,1,1,2,2,1,1,2,2,2,2,2,2,2,2
C-clinical-11-01694#6,0,2,2,2,2,2,2,2,2,2,2,2,2,2,2,2,2,2,2,0,0,2,2,2,2,2,2,0,0
C-clinical-11-01694#7,2,2,2,2,2,1,2,2,2,2,2,2,2,2,2,2,2,2,2,1,2,2,2,2,2,2,2,2,2
C-clinical-11-01694#8,0,2,2,2,2,2,2,2,2,2,2,0,0,2,2,2,2,2,2,0,0,2,2,2,2,2,2,2,2
C-clinical-11-01694#9,0,2,2,2,2,2,2,2,2,2,2,2,2,2,2,2,2,2,2,2,2,2,2,2,2,0,0,1,1
C-clinical-11-01695#0,0,2,2,2,2,2,2,2,2,2,2,2,2,0,0,0,0,2,2,2,2,2,2,2,2,2,2,2,2
C-clinical-11-01695#1,0,2,2,2,2,2,2,2,2,2,2,2,2,2,2,2,2,2,2,2,2,2,2,2,2,2,2,2,2
C-clinical-11-01695#2,2,2,2,2,2,2,2,2,2,1,2,1,2,1,2,1,2,2,2,0,2,2,2,2,2,0,2,2,2
C-clinical-11-01695#3,0,2,2,2,2,2,2,2,2,2,2,0,0,0,0,0,0,0,0,2,2,2,2,2,2,2,2,2,2
C-clinical-11-01703#0,0,2,2,2,2,2,2,2,2,2,2,0,0,0,0,0,2,2,2,2,2,2,2,2,2,2,2,2,2
C-clinical-11-01703#1,0,2,2,2,2,2,2,2,2,2,2,0,0,2,2,2,2,2,2,2,2,2,2,2,2,2,2,2,2
C-clinical-11-01703#2,2,2,2,2,2,2,2,2,2,2,2,0,2,2,2,2,2,2,2,2,2,2,2,2,2,2,2,2,2
C-clinical-11-01703#3,1,1,1,1,1,1,1,1,1,0,1,0,1,1,1,1,1,0,1,2,2,1,1,1,1,1,1,1,1
C-clinical-11-01703#4,0,2,2,2,2,2,2,2,2,2,2,2,2,2,2,2,2,2,2,2,2,2,2,2,2,2,2,2,2
C-clinical-11-01703#5,2,2,2,2,2,2,2,2,2,2,2,2,2,2,2,2,2,2,2,2,2,2,2,2,2,2,2,2,2
C-clinical-11-01703#6,0,2,2,2,2,0,0,2,2,1,1,0,0,2,2,2,2,2,2,0,0,2,2,2,2,2,2,2,2
C-clinical-11-01708#0,0,2,2,2,2,2,2,2,2,2,2,2,2,2,2,0,0,2,2,2,2,2,2,2,2,2,2,2,2
C-clinical-11-01708#2,0,2,2,2,2,2,2,2,2,2,2,0,0,2,2,2,2,2,2,2,2,2,2,2,2,2,2,2,2
C-clinical-11-01708#3,2,2,2,2,2,2,2,2,2,2,2,2,2,2,2,2,2,2,2,2,2,2,2,2,2,0,2,2,2
C-clinical-11-01708#4,0,2,2,2,2,2,2,2,2,2,2,2,2,2,2,2,2,2,2,0,0,2,2,2,2,0,0,2,2
C-clinical-11-01708#5,1,1,1,1,1,1,1,1,1,1,1,1,1,1,1,1,1,0,1,1,1,1,1,2,2,1,1,1,1
C-clinical-11-01708#6,2,2,2,2,2,2,2,2,2,2,2,0,2,2,2,2,2,2,2,2,2,2,2,2,2,2,2,2,2
C-clinical-11-01708#7,2,1,2,0,2,0,2,1,2,1,2,0,2,1,2,1,2,0,2,2,2,2,2,1,2,2,2,1,2
C-clinical-11-01708#8,2,2,2,2,2,1,2,2,2,1,2,1,2,0,2,0,2,2,2,2,2,2,2,2,2,0,2,2,2
C-clinical-11-01708#9,0,2,2,2,2,1,1,2,2,1,1,0,0,2,2,2,2,0,0,0,0,2,2,2,2,2,2,2,2
C-clinical-11-01712#0,2,2,2,2,2,2,2,2,2,2,2,2,2,0,2,0,2,0,2,2,2,2,2,2,2,2,2,2,2
C-clinical-11-01712#1,2,2,2,2,2,2,2,2,2,2,2,2,2,0,2,0,2,0,2,2,2,2,2,0,2,0,2,2,2
C-clinical-11-01712#2,1,2,2,2,2,2,2,1,1,1,1,1,1,0,1,0,1,0,1,2,2,1,1,0,1,2,2,1,1
C-clinical-11-01712#3,2,2,2,2,2,2,2,2,2,2,2,2,2,1,2,0,2,2,2,2,2,2,2,2,2,2,2,2,2
C-clinical-11-01713#0,0,2,2,2,2,2,2,2,2,2,2,0,1,2,2,2,2,2,2,2,2,2,2,2,2,2,2,2,2
C-clinical-11-01713#1,2,2,2,2,2,2,2,2,2,2,2,0,2,2,2,2,2,2,2,2,2,2,2,2,2,2,2,2,2
C-clinical-11-01713#2,0,2,2,2,2,2,2,2,2,2,2,2,2,2,2,2,2,2,2,2,2,2,2,2,2,0,2,2,2
C-clinical-11-01713#3,0,2,2,2,2,2,2,2,2,2,2,1,1,2,2,1,1,2,2,2,2,2,2,2,2,2,2,2,2
C-clinical-11-01713#4,0,2,2,2,2,2,2,2,2,2,2,2,2,2,2,2,2,2,2,0,0,2,2,2,2,0,0,2,2
C-clinical-11-01713#5,2,2,2,2,2,1,2,2,2,2,2,2,2,2,2,2,2,2,2,2,2,2,2,2,2,2,2,2,2
C-clinical-11-01713#6,0,2,2,2,2,2,2,2,2,2,2,0,2,2,2,0,2,2,2,2,2,2,2,2,2,0,2,2,2
C-clinical-11-01715#0,0,2,2,2,2,0,0,2,2,2,2,2,2,0,0,0,0,0,0,0,0,2,2,2,2,2,2,2,2
C-clinical-11-01715#1,0,2,2,2,2,2,2,2,2,2,2,2,2,0,0,0,0,2,2,2,2,2,2,2,2,2,2,2,2
C-clinical-11-01715#2,0,2,2,2,2,2,2,2,2,1,1,0,0,1,1,1,1,2,2,0,0,2,2,2,2,0,0,2,2
C-clinical-11-01715#3,0,2,2,2,2,2,2,2,2,2,2,0,2,0,0,0,0,2,2,2,2,2,2,0,2,0,2,2,2
C-clinical-11-01715#4,2,2,2,2,2,2,2,2,2,2,2,0,2,0,2,0,2,2,2,2,2,2,2,2,2,2,2,2,2
C-clinical-11-01715#5,2,2,2,2,2,1,2,2,2,1,2,0,2,2,2,1,2,2,2,2,2,2,2,0,2,0,2,0,2
C-clinical-11-01715#6,0,2,2,2,2,2,2,2,2,2,2,0,2,2,2,0,0,2,2,2,2,2,2,0,2,0,2,2,2
C-clinical-11-01715#7,2,2,2,2,2,0,2,2,2,2,2,0,2,2,2,2,2,2,2,2,2,2,2,2,2,2,2,2,2
C-clinical-11-01715#8,0,2,2,2,2,1,1,2,2,1,1,1,1,2,2,1,1,2,2,1,1,2,2,2,2,0,0,2,2
C-clinical-11-01717#0,0,2,2,2,2,2,2,2,2,2,2,1,1,0,0,0,0,2,2,2,2,2,2,2,2,2,2,2,2
C-clinical-11-01717#1,1,1,1,1,1,1,1,1,1,0,1,0,1,1,1,0,1,0,1,2,2,2,2,2,2,2,2,2,2
C-clinical-11-01717#10,0,2,2,2,2,0,0,2,2,1,1,0,0,2,2,1,1,0,0,0,0,2,2,2,2,0,0,2,2
C-clinical-11-01717#11,0,1,1,1,1,1,1,1,1,2,2,0,0,0,0,0,0,1,1,1,1,1,1,1,1,1,1,1,1
C-clinical-11-01717#12,2,2,2,2,2,2,2,2,2,2,2,2,2,1,2,1,2,2,2,0,2,2,2,2,2,2,2,2,2
C-clinical-11-01717#2,2,2,2,2,2,2,2,2,2,1,2,2,2,2,2,1,2,2,2,2,2,2,2,2,2,2,2,2,2
C-clinical-11-01717#3,2,2,2,2,2,2,2,2,2,2,2,0,2,2,2,1,2,2,2,0,2,0,2,2,2,2,2,2,2
C-clinical-11-01717#4,2,2,2,2,2,2,2,2,2,2,2,2,2,2,2,2,2,2,2,2,2,2,2,2,2,2,2,2,2
C-clinical-11-01717#6,2,2,2,2,2,2,2,2,2,2,2,0,2,2,2,2,2,2,2,2,2,2,2,2,2,2,2,2,2
C-clinical-11-01717#7,2,2,2,2,2,2,2,2,2,2,2,2,2,1,2,1,2,2,2,0,2,2,2,2,2,2,2,2,2
C-clinical-11-01717#8,0,2,2,2,2,1,1,2,2,1,1,2,2,2,2,2,2,2,2,2,2,2,2,2,2,2,2,1,1
C-clinical-11-01717#9,0,2,2,2,2,2,2,2,2,2,2,0,0,0,0,0,0,0,0,2,2,2,2,2,2,2,2,2,2
C-clinical-11-01720#0,0,2,2,2,2,2,2,2,2,2,2,2,2,0,0,0,0,2,2,2,2,2,2,2,2,2,2,2,2
C-clinical-11-01720#1,0,2,2,2,2,2,2,2,2,2,2,2,2,0,0,0,0,2,2,2,2,2,2,2,2,0,2,0,2
C-clinical-11-01720#2,2,2,2,2,2,2,2,2,2,2,2,2,2,0,2,0,2,2,2,2,2,2,2,2,2,2,2,2,2
C-clinical-11-01720#3,2,2,2,2,2,2,2,2,2,2,2,0,2,2,2,2,2,2,2,2,2,2,2,2,2,2,2,2,2
C-clinical-11-01720#4,1,2,2,1,1,1,1,2,2,1,1,1,1,1,1,1,1,2,2,0,1,2,2,2,2,0,1,1,1
C-clinical-11-01720#5,2,2,2,2,2,2,2,2,2,1,2,0,2,1,2,1,2,0,2,2,2,0,2,1,2,1,2,1,2
C-clinical-11-01720#6,2,2,2,2,2,0,2,2,2,1,2,2,2,2,2,2,2,0,2,2,2,2,2,2,2,2,2,2,2
C-clinical-11-01720#7,2,2,2,1,2,0,2,2,2,2,2,2,2,2,2,1,2,0,2,2,2,2,2,2,2,2,2,2,2
C-clinical-11-01720#8,2,2,2,2,2,2,2,2,2,2,2,2,2,2,2,2,2,2,2,0,2,2,2,2,2,2,2,2,2
C-clinical-11-01720#9,2,2,2,2,2,1,2,2,2,1,2,1,2,1,2,0,2,2,2,2,2,2,2,2,2,2,2,2,2
C-clinical-11-01721#0,0,2,2,2,2,2,2,2,2,2,2,0,0,1,1,2,2,2,2,2,2,2,2,2,2,1,2,2,2
C-clinical-11-01721#1,0,2,2,2,2,2,2,2,2,2,2,0,0,1,1,2,2,2,2,2,2,2,2,2,2,2,2,2,2
C-clinical-11-01721#2,0,2,2,2,2,2,2,2,2,2,2,0,0,2,2,2,2,2,2,0,0,2,2,2,2,2,2,2,2
C-clinical-11-01721#3,2,2,2,2,2,2,2,2,2,2,2,2,2,2,2,2,2,2,2,2,2,2,2,2,2,2,2,2,2
C-clinical-11-01721#4,0,2,2,2,2,2,2,2,2,2,2,0,0,2,2,2,2,0,0,0,0,2,2,2,2,2,2,2,2
C-clinical-11-01721#5,2,2,2,2,2,1,2,2,2,2,2,2,2,2,2,2,2,2,2,1,2,2,2,2,2,2,2,2,2
C-clinical-11-01729#0,0,2,2,2,2,2,2,2,2,2,2,0,0,2,2,1,2,2,2,2,2,2,2,2,2,2,2,2,2
C-clinical-11-01729#1,0,2,2,2,2,2,2,2,2,2,2,0,0,2,2,2,2,2,2,2,2,2,2,2,2,2,2,2,2
C-clinical-11-01729#11,2,2,2,2,2,2,2,2,2,2,2,2,2,2,2,2,2,2,2,2,2,2,2,2,2,2,2,2,2
C-clinical-11-01729#12,2,2,2,2,2,1,2,2,2,2,2,2,2,2,2,2,2,2,2,2,2,2,2,2,2,2,2,2,2
C-clinical-11-01729#13,0,2,2,2,2,0,0,2,2,0,0,0,0,2,2,2,2,2,2,1,1,2,2,2,2,2,2,2,2
C-clinical-11-01729#15,1,2,2,2,2,1,1,2,2,2,2,2,2,2,2,2,2,0,1,2,2,2,2,2,2,2,2,2,2
C-clinical-11-01729#2,2,2,2,2,2,2,2,2,2,2,2,0,2,2,2,2,2,2,2,2,2,2,2,2,2,2,2,2,2
C-clinical-11-01729#3,1,1,1,1,1,1,1,1,1,0,1,0,1,1,1,1,1,0,1,2,2,1,1,1,1,1,1,2,2
C-clinical-11-01729#4,2,2,2,2,2,2,2,2,2,2,2,2,2,2,2,2,2,2,2,2,2,2,2,2,2,2,2,2,2
C-clinical-11-01729#5,2,2,2,2,2,2,2,2,2,2,2,2,2,2,2,2,2,2,2,0,2,2,2,2,2,2,2,2,2
C-clinical-11-01729#6,1,2,2,2,2,1,1,2,2,2,2,1,1,2,2,1,1,1,1,1,1,1,1,1,1,1,1,2,2
C-clinical-11-01729#7,0,2,2,2,2,2,2,2,2,2,2,2,2,2,2,2,2,2,2,2,2,2,2,2,2,2,2,2,2
C-clinical-11-01729#8,0,2,2,2,2,0,0,2,2,0,0,0,0,2,2,2,2,2,2,1,1,2,2,2,2,2,2,2,2
C-clinical-11-01729#9,0,2,2,2,2,2,2,2,2,2,2,2,2,2,2,2,2,2,2,2,2,2,2,2,2,2,2,0,0
C-clinical-11-01733#0,0,2,2,2,2,2,2,2,2,2,2,0,0,1,1,2,2,2,2,2,2,2,2,1,1,2,2,2,2
C-clinical-11-01733#1,2,2,2,2,2,2,2,2,2,2,2,2,2,2,2,2,2,2,2,2,2,2,2,2,2,2,2,2,2
C-clinical-11-01733#10,1,1,1,1,1,1,1,1,1,1,1,1,1,1,1,1,1,0,1,1,1,1,1,1,1,1,1,1,1
C-clinical-11-01733#11,0,2,2,2,2,2,2,2,2,2,2,0,0,2,2,2,2,2,2,0,0,2,2,2,2,2,2,2,2
C-clinical-11-01733#3,0,2,2,2,2,2,2,2,2,2,2,0,0,2,2,2,2,2,2,2,2,2,2,2,2,2,2,2,2
C-clinical-11-01733#4,2,2,2,2,2,2,2,2,2,2,2,0,2,2,2,2,2,2,2,2,2,2,2,2,2,2,2,2,2
C-clinical-11-01733#5,0,2,2,1,1,1,1,1,1,2,2,0,0,0,0,0,0,0,0,1,1,1,1,0,0,1,1,1,1
C-clinical-11-01733#6,0,2,2,2,2,2,2,2,2,2,2,0,0,2,2,2,2,0,2,2,2,2,2,0,0,0,2,2,2
C-clinical-11-01733#8,0,2,2,2,2,2,2,2,2,2,2,0,0,2,2,2,2,0,0,0,0,2,2,2,2,2,2,2,2
C-clinical-11-01733#9,2,2,2,2,2,2,2,2,2,1,2,1,2,0,2,0,2,2,2,2,2,2,2,2,2,0,2,2,2
C-clinical-11-01734#0,2,2,2,2,2,2,2,2,2,2,2,0,2,2,2,2,2,2,2,2,2,2,2,2,2,2,2,2,2
C-clinical-11-01734#1,1,1,1,1,1,1,1,1,1,0,1,0,1,1,1,1,1,0,1,2,2,2,2,2,2,2,2,2,2
C-clinical-11-01734#10,2,2,2,2,2,2,2,2,2,2,2,2,2,2,2,2,2,2,2,2,2,2,2,2,2,2,2,2,2
C-clinical-11-01734#11,0,2,2,2,2,2,2,2,2,2,2,1,1,2,2,2,2,2,2,2,2,2,2,2,2,2,2,2,2
C-clinical-11-01734#12,2,2,2,2,2,1,2,2,2,0,2,0,2,2,2,1,2,2,2,0,2,2,2,2,2,2,2,2,2
C-clinical-11-01734#13,2,2,2,2,2,0,2,2,2,1,2,0,2,2,2,1,2,2,2,0,2,2,2,2,2,2,2,2,2
C-clinical-11-01734#14,2,2,2,2,2,2,2,2,2,1,2,0,2,1,2,0,2,2,2,2,2,0,2,0,2,0,2,2,2
C-clinical-11-01734#15,2,2,2,2,2,2,2,2,2,1,2,0,2,1,2,0,2,2,2,2,2,0,2,0,2,0,2,2,2
C-clinical-11-01734#16,0,2,2,2,2,2,2,2,2,2,2,0,0,2,2,1,1,2,2,2,2,2,2,2,2,2,2,2,2
C-clinical-11-01734#17,2,2,2,2,2,2,2,2,2,2,2,0,2,2,2,2,2,2,2,2,2,2,2,0,2,0,2,2,2
C-clinical-11-01734#2,2,2,2,2,2,2,2,2,2,2,2,2,2,2,2,1,2,2,2,0,2,2,2,2,2,2,2,2,2
C-clinical-11-01734#3,2,2,2,2,2,2,2,2,2,2,2,2,2,2,2,2,2,2,2,2,2,2,2,2,2,2,2,2,2
C-clinical-11-01734#4,0,2,2,2,2,2,2,2,2,2,2,2,2,2,2,1,1,2,2,0,0,2,2,2,2,0,0,2,2
C-clinical-11-01734#5,0,2,2,2,2,2,2,2,2,2,2,2,2,2,2,0,0,2,2,2,2,2,2,2,2,2,2,2,2
C-clinical-11-01734#6,0,2,2,2,2,1,1,2,2,2,2,2,2,2,2,2,2,2,2,0,0,2,2,2,2,1,1,1,1
C-clinical-11-01734#7,2,2,2,2,2,2,2,2,2,2,2,0,2,1,2,0,2,2,2,2,2,2,2,2,2,1,2,2,2
C-clinical-11-01734#8,2,2,2,2,2,2,2,2,2,2,2,0,2,2,2,2,2,2,2,2,2,2,2,0,2,0,2,2,2
C-clinical-11-01734#9,2,2,2,2,2,2,2,2,2,2,2,2,2,2,2,1,2,2,2,0,2,2,2,2,2,2,2,2,2
C-clinical-11-01735#0,0,2,2,2,2,2,2,2,2,2,2,1,1,0,0,0,0,2,2,2,2,2,2,2,2,2,2,2,2
C-clinical-11-01735#1,0,2,2,2,2,2,2,2,2,2,2,0,0,2,2,0,0,0,2,2,2,2,2,2,2,0,2,2,2
C-clinical-11-01735#2,1,2,2,2,2,1,1,1,1,2,2,0,1,2,2,1,1,2,2,1,1,2,2,2,2,0,1,2,2
C-clinical-11-01735#3,1,2,2,2,2,2,2,2,2,2,2,1,1,1,1,1,1,2,2,0,1,2,2,2,2,2,2,2,2
C-clinical-11-01735#4,0,1,1,1,1,1,1,1,1,2,2,0,0,0,0,0,0,0,0,1,1,1,1,0,0,1,1,0,0
C-clinical-11-01735#5,2,2,2,2,2,1,2,2,2,2,2,2,2,2,2,2,2,2,2,1,2,2,2,2,2,2,2,2,2
C-clinical-11-01736#0,0,2,2,2,2,2,2,2,2,2,2,2,2,2,2,0,0,2,2,2,2,2,2,2,2,2,2,2,2
C-clinical-11-01736#1,0,2,2,2,2,2,2,2,2,2,2,2,2,0,0,0,1,2,2,2,2,2,2,2,2,2,2,2,2
C-clinical-11-01736#2,0,2,2,2,2,2,2,2,2,2,2,2,2,0,0,1,1,2,2,2,2,2,2,2,2,2,2,2,2
C-clinical-11-01736#3,0,2,2,2,2,2,2,2,2,2,2,2,2,0,0,0,0,2,2,2,2,2,2,2,2,2,2,2,2
C-clinical-11-01736#4,0,2,2,2,2,2,2,2,2,2,2,0,0,2,2,0,0,2,2,2,2,2,2,2,2,2,2,2,2
C-clinical-11-01739#0,0,2,2,2,2,2,2,2,2,2,2,2,2,2,2,2,2,2,2,2,2,2,2,2,2,2,2,2,2
C-clinical-11-01739#1,1,1,1,1,1,0,1,1,1,0,1,0,1,1,1,1,1,0,1,2,2,2,2,2,2,2,2,2,2
C-clinical-11-01739#2,0,2,2,2,2,2,2,2,2,2,2,2,2,2,2,2,2,2,2,0,2,2,2,0,2,2,2,2,2
C-clinical-11-01739#4,0,2,2,2,2,2,2,2,2,2,2,0,0,2,2,1,1,1,1,1,1,2,2,2,2,2,2,2,2
C-clinical-11-01739#5,0,2,2,2,2,2,2,2,2,2,2,2,2,2,2,2,2,2,2,2,2,2,2,2,2,2,2,2,2
C-clinical-11-01739#6,2,2,2,2,2,2,2,2,2,2,2,2,2,1,2,2,2,2,2,2,2,2,2,2,2,2,2,2,2
C-clinical-11-01739#7,0,2,2,2,2,2,2,2,2,2,2,2,2,2,2,2,2,2,2,2,2,2,2,2,2,2,2,2,2
C-clinical-11-01739#8,0,2,2,2,2,2,2,2,2,2,2,2,2,2,2,2,2,2,2,2,2,2,2,2,2,2,2,2,2
C-clinical-11-01740#0,0,2,2,2,2,2,2,2,2,2,2,1,1,1,1,0,0,2,2,2,2,2,2,2,2,2,2,2,2
C-clinical-11-01740#1,0,2,2,2,2,2,2,2,2,2,2,0,0,0,0,0,0,2,2,2,2,2,2,2,2,2,2,2,2
C-clinical-11-01740#2,0,2,2,2,2,2,2,2,2,0,0,0,0,0,0,0,0,2,2,0,0,2,2,2,2,2,2,2,2
C-clinical-11-01740#3,0,2,2,2,2,2,2,2,2,2,2,0,0,0,0,0,0,2,2,2,2,2,2,2,2,2,2,2,2
C-clinical-11-01741#0,0,2,2,2,2,2,2,2,2,2,2,1,1,1,1,1,1,2,2,2,2,2,2,1,1,2,2,2,2
C-clinical-11-01741#1,0,2,2,2,2,2,2,2,2,2,2,0,0,2,2,1,1,2,2,0,0,2,2,2,2,0,0,2,2
C-clinical-11-01741#2,0,2,2,2,2,2,2,2,2,2,2,2,2,2,2,0,2,0,2,2,2,2,2,0,0,0,2,2,2
C-clinical-11-01741#3,2,2,2,1,2,1,2,1,2,1,2,1,2,1,2,1,2,1,2,2,2,1,2,1,2,1,2,1,2
C-clinical-11-01741#4,0,2,2,2,2,1,1,2,2,2,2,2,2,2,2,2,2,2,2,0,0,2,2,2,2,0,0,2,2
C-clinical-11-01741#5,0,2,2,2,2,2,2,2,2,2,2,1,1,1,1,1,1,2,2,1,1,2,2,2,2,2,2,2,2
C-clinical-11-01741#6,0,2,2,2,2,2,2,2,2,2,2,2,2,0,0,0,0,2,2,2,2,2,2,2,2,2,2,2,2
C-clinical-11-01741#7,0,2,2,2,2,1,1,2,2,2,2,0,0,2,2,1,1,2,2,1,1,2,2,2,2,2,2,1,1
C-clinical-11-01741#8,0,2,2,2,2,1,1,2,2,2,2,2,2,2,2,1,1,2,2,1,1,2,2,2,2,2,2,2,2
C-clinical-11-01743#0,0,2,2,2,2,2,2,2,2,2,2,0,0,1,1,2,2,2,2,2,2,2,2,2,2,2,2,2,2
C-clinical-11-01743#1,0,2,2,2,2,2,2,2,2,2,2,2,2,2,2,2,2,2,2,2,2,2,2,2,2,2,2,2,2
C-clinical-11-01743#2,0,2,2,2,2,2,2,2,2,2,2,0,0,2,2,2,2,2,2,0,0,2,2,2,2,0,0,2,2
C-clinical-11-01744#0,0,2,2,2,2,2,2,2,2,2,2,2,2,2,2,2,2,2,2,2,2,2,2,2,2,2,2,2,2
C-clinical-11-01744#1,1,1,1,1,1,1,1,1,1,0,1,0,1,1,1,1,1,0,1,2,2,1,1,1,1,2,2,2,2
C-clinical-11-01744#10,0,2,2,2,2,2,2,2,2,2,2,0,0,2,2,2,2,2,2,0,0,2,2,2,2,2,2,2,2
C-clinical-11-01744#11,0,2,2,2,2,2,2,2,2,2,2,2,2,2,2,2,2,2,2,2,2,2,2,2,2,2,2,2,2
C-clinical-11-01744#2,0,2,2,2,2,2,2,2,2,2,2,2,2,2,2,2,2,2,2,2,2,2,2,2,2,2,2,2,2
C-clinical-11-01744#4,2,2,2,2,2,2,2,2,2,2,2,2,2,2,2,2,2,2,2,2,2,2,2,2,2,2,2,2,2
C-clinical-11-01744#5,2,2,2,2,2,2,2,2,2,2,2,0,2,2,2,2,2,2,2,0,2,2,2,2,2,2,2,0,2
C-clinical-11-01744#6,2,2,2,2,2,2,2,2,2,2,2,2,2,2,2,2,2,2,2,2,2,2,2,2,2,2,2,2,2
C-clinical-11-01744#7,0,2,2,2,2,2,2,2,2,2,2,2,2,2,2,2,2,2,2,1,1,2,2,2,2,0,0,2,2
C-clinical-11-01744#8,0,2,2,2,2,2,2,2,2,2,2,2,2,2,2,0,0,2,2,2,2,2,2,0,0,2,2,2,2
C-clinical-11-01744#9,0,2,2,2,2,2,2,2,2,2,2,2,2,2,2,2,2,2,2,2,2,2,2,1,1,2,2,1,1
C-clinical-11-01750#0,0,2,2,2,2,2,2,2,2,2,2,0,0,2,2,2,2,2,2,2,2,2,2,2,2,2,2,2,2
C-clinical-11-01750#1,0,2,2,2,2,2,2,2,2,2,2,0,0,0,0,0,2,2,2,2,2,2,2,0,2,0,2,2,2
C-clinical-11-01750#2,0,2,2,2,2,2,2,2,2,2,2,2,2,0,0,0,0,2,2,2,2,2,2,2,2,2,2,2,2
C-clinical-11-01750#3,2,2,2,2,2,2,2,2,2,2,2,0,2,1,2,1,2,2,2,2,2,2,2,2,2,2,2,2,2
C-clinical-11-01750#4,0,2,2,2,2,2,2,2,2,2,2,0,0,2,2,1,2,2,2,2,2,2,2,2,2,2,2,2,2
C-clinical-11-01750#5,0,2,2,2,2,2,2,2,2,2,2,0,0,2,2,2,2,2,2,2,2,2,2,0,2,2,2,2,2
C-clinical-11-01750#6,2,2,2,2,2,2,2,2,2,2,2,0,2,2,2,2,2,2,2,2,2,2,2,2,2,2,2,2,2
C-clinical-11-01754#0,0,2,2,2,2,2,2,2,2,2,2,2,2,2,2,2,2,2,2,2,2,2,2,2,2,2,2,2,2
C-clinical-11-01754#1,2,2,2,2,2,2,2,2,2,2,2,2,2,2,2,2,2,2,2,2,2,2,2,2,2,2,2,2,2
C-clinical-11-01754#10,0,2,2,2,2,2,2,2,2,2,2,2,2,2,2,2,2,2,2,2,2,2,2,0,0,0,0,2,2
C-clinical-11-01754#11,2,2,2,2,2,2,2,2,2,2,2,2,2,2,2,2,2,2,2,0,2,2,2,2,2,0,2,2,2
C-clinical-11-01754#12,2,2,2,2,2,2,2,2,2,1,2,1,2,1,2,1,2,2,2,2,2,2,2,2,2,0,2,2,2
C-clinical-11-01754#13,2,2,2,2,2,1,2,2,2,2,2,2,2,2,2,2,2,2,2,1,2,2,2,2,2,2,2,2,2
C-clinical-11-01754#2,2,2,2,2,2,2,2,2,2,2,2,2,2,0,2,0,2,2,2,2,2,2,2,0,2,2,2,2,2
C-clinical-11-01754#3,0,1,1,2,2,1,1,1,1,0,0,0,0,2,2,1,1,2,2,1,1,2,2,2,2,2,2,2,2
C-clinical-11-01754#4,0,2,2,2,2,2,2,2,2,2,2,2,2,2,2,2,2,2,2,1,1,2,2,2,2,0,0,2,2
C-clinical-11-01754#5,0,2,2,2,2,1,1,2,2,2,2,2,2,2,2,2,2,2,2,2,2,2,2,2,2,0,0,2,2
C-clinical-11-01754#6,2,2,2,2,2,2,2,2,2,1,2,0,2,1,2,1,2,2,2,2,2,0,2,1,2,1,2,1,2
C-clinical-11-01754#7,2,2,2,2,2,1,2,2,2,2,2,2,2,2,2,2,2,2,2,1,2,2,2,2,2,2,2,2,2
C-clinical-11-01754#8,2,2,2,2,2,2,2,2,2,2,2,2,2,2,2,0,2,2,2,2,2,2,2,0,2,2,2,2,2
C-clinical-11-01754#9,0,1,1,2,2,1,1,1,1,0,0,2,2,2,2,1,1,2,2,1,1,2,2,2,2,2,2,1,1
C-clinical-11-01761#0,0,2,2,2,2,2,2,2,2,2,2,0,0,0,0,0,0,2,2,2,2,2,2,2,2,2,2,2,2
C-clinical-11-01761#1,0,2,2,2,2,2,2,2,2,2,2,1,1,1,1,1,1,2,2,0,0,2,2,2,2,0,0,2,2
C-clinical-11-01761#2,0,2,2,2,2,2,2,2,2,2,2,0,0,0,0,0,0,0,2,2,2,2,2,2,2,0,2,2,2
C-clinical-11-01761#3,0,2,2,2,2,2,2,2,2,2,2,0,0,2,2,0,0,2,2,2,2,2,2,2,2,0,0,0,0
C-clinical-11-01761#4,0,2,2,2,2,2,2,2,2,2,2,0,0,2,2,2,2,2,2,2,2,2,2,2,2,2,2,2,2
C-clinical-11-01761#5,0,2,2,2,2,2,2,2,2,2,2,1,1,1,1,1,1,2,2,0,0,2,2,2,2,0,0,2,2
C-clinical-11-01763#0,0,2,2,2,2,2,2,2,2,2,2,0,0,1,1,0,0,2,2,2,2,2,2,2,2,2,2,2,2
C-clinical-11-01763#10,2,2,2,2,2,2,2,2,2,1,2,2,2,1,2,0,2,2,2,2,2,2,2,2,2,2,2,2,2
C-clinical-11-01763#11,2,2,2,2,2,1,2,2,2,2,2,2,2,2,2,2,2,2,2,2,2,2,2,2,2,2,2,2,2
C-clinical-11-01763#12,0,2,2,2,2,2,2,2,2,2,2,0,0,2,2,2,2,0,0,0,0,2,2,2,2,2,2,2,2
C-clinical-11-01763#2,2,2,2,2,2,2,2,2,2,2,2,0,2,2,2,2,2,2,2,2,2,2,2,2,2,2,2,2,2
C-clinical-11-01763#3,2,2,2,2,2,2,2,2,2,2,2,2,2,2,2,2,2,2,2,2,2,2,2,2,2,2,2,2,2
C-clinical-11-01763#4,1,2,2,1,1,1,1,1,1,2,2,0,1,0,1,0,1,1,1,1,1,1,1,1,1,1,1,1,1
C-clinical-11-01763#5,2,2,2,2,2,2,2,2,2,2,2,2,2,2,2,2,2,2,2,2,2,2,2,2,2,2,2,2,2
C-clinical-11-01763#6,0,2,2,2,2,2,2,2,2,2,2,2,2,2,2,2,2,2,2,0,0,2,2,2,2,2,2,2,2
C-clinical-11-01763#7,2,2,2,2,2,1,2,2,2,2,2,2,2,2,2,2,2,2,2,2,2,2,2,2,2,2,2,2,2
C-clinical-11-01763#8,2,2,2,2,2,1,2,2,2,1,2,2,2,0,2,0,2,2,2,2,2,2,2,2,2,2,2,2,2
C-clinical-11-01763#9,2,2,2,2,2,2,2,2,2,1,2,0,2,1,2,1,2,2,2,2,2,0,2,1,2,1,2,1,2
C-clinical-11-01764#0,0,2,2,2,2,2,2,2,2,2,2,0,2,0,0,1,1,2,2,2,2,2,2,1,1,2,2,2,2
C-clinical-11-01764#1,0,2,2,2,2,2,2,2,2,2,2,2,2,0,0,1,1,2,2,2,2,2,2,1,1,2,2,2,2
C-clinical-11-01764#2,1,1,1,1,1,1,1,1,1,0,1,0,1,1,1,1,1,0,1,2,2,1,1,1,1,1,1,1,1
C-clinical-11-01764#3,0,2,2,2,2,2,2,2,2,2,2,2,2,0,0,0,0,0,2,2,2,2,2,2,2,0,2,2,2
C-clinical-11-01764#4,0,0,0,1,1,0,0,1,1,2,2,0,0,0,0,0,0,0,0,1,1,0,0,0,0,1,1,1,1
C-clinical-11-01764#5,0,2,2,2,2,2,2,2,2,2,2,2,2,2,2,2,2,2,2,2,2,2,2,2,2,0,0,2,2
C-clinical-11-01765#0,0,2,2,2,2,2,2,2,2,2,2,1,2,2,2,2,2,2,2,2,2,2,2,2,2,2,2,2,2
C-clinical-11-01765#1,2,2,2,2,2,2,2,2,2,2,2,0,2,2,2,1,2,2,2,0,2,2,2,2,2,2,2,2,2
C-clinical-11-01765#2,0,2,2,2,2,2,2,2,2,2,2,2,2,2,2,2,2,2,2,0,2,2,2,2,2,2,2,2,2
C-clinical-11-01765#3,0,2,2,2,2,1,1,2,2,2,2,2,2,2,2,2,2,2,2,2,2,2,2,2,2,0,0,2,2
C-clinical-11-01765#4,0,2,2,2,2,2,2,2,2,2,2,2,2,2,2,2,2,2,2,0,0,2,2,2,2,0,0,2,2
C-clinical-11-01765#5,0,2,2,2,2,2,2,2,2,2,2,2,2,2,2,2,2,2,2,2,2,2,2,2,2,2,2,2,2
C-clinical-11-01769#0,0,2,2,2,2,2,2,2,2,2,2,2,2,0,0,2,2,2,2,2,2,2,2,2,2,2,2,2,2
C-clinical-11-01769#1,0,2,2,2,2,2,2,2,2,2,2,1,1,1,1,1,1,2,2,1,1,2,2,2,2,2,2,2,2
C-clinical-11-01769#10,0,2,2,2,2,1,1,2,2,1,1,1,1,2,2,1,1,2,2,1,1,2,2,2,2,0,0,2,2
C-clinical-11-01769#2,0,2,2,2,2,2,2,2,2,2,2,2,2,2,2,0,0,2,2,2,2,2,2,0,0,2,2,2,2
C-clinical-11-01769#3,0,2,2,2,2,1,1,2,2,1,1,0,0,2,2,2,2,2,2,1,1,2,2,1,1,2,2,2,2
C-clinical-11-01769#4,0,2,2,2,2,2,2,2,2,2,2,0,0,0,0,2,2,2,2,0,0,2,2,2,2,2,2,2,2
C-clinical-11-01769#5,0,2,2,2,2,2,2,2,2,2,2,2,2,2,2,2,2,2,2,2,2,2,2,0,0,2,2,2,2
C-clinical-11-01769#6,2,2,2,2,2,2,2,2,2,1,2,0,2,1,2,1,2,2,2,2,2,0,2,1,2,1,2,1,2
C-clinical-11-01769#7,1,2,2,2,2,1,1,2,2,1,1,1,1,2,2,2,2,2,2,1,1,2,2,1,1,2,2,2,2
C-clinical-11-01769#8,0,2,2,2,2,2,2,2,2,2,2,2,2,2,2,2,2,2,2,0,0,2,2,0,0,0,0,2,2
C-clinical-11-01769#9,2,2,2,2,2,1,2,2,2,2,2,2,2,2,2,2,2,2,2,2,2,0,2,2,2,2,2,2,2
C-clinical-11-01770#0,0,2,2,2,2,2,2,2,2,2,2,1,1,1,1,2,2,2,2,2,2,2,2,2,2,2,2,2,2
C-clinical-11-01770#1,0,2,2,2,2,2,2,2,2,2,2,0,0,2,2,2,2,2,2,2,2,2,2,2,2,2,2,2,2
C-clinical-11-01770#2,0,2,2,2,2,2,2,2,2,2,2,0,0,0,0,2,2,2,2,2,2,2,2,2,2,2,2,2,2
C-clinical-11-01770#3,2,2,2,2,2,2,2,2,2,2,2,2,2,2,2,2,2,2,2,0,2,2,2,2,2,0,2,2,2
C-clinical-11-01770#4,2,2,2,2,2,2,2,1,2,2,2,2,2,2,2,2,2,2,2,2,2,2,2,2,2,2,2,2,2
C-clinical-11-01770#5,2,2,2,2,2,2,2,2,2,1,2,1,2,1,2,1,2,2,2,2,2,2,2,2,2,2,2,2,2
C-clinical-11-01770#6,0,0,0,0,0,0,0,1,1,1,1,0,0,2,2,1,1,2,2,0,0,2,2,2,2,2,2,1,1
C-clinical-11-01771#0,2,2,2,2,2,2,2,2,2,2,2,0,2,2,2,2,2,0,2,2,2,2,2,2,2,2,2,2,2
C-clinical-11-01771#1,2,2,2,2,2,2,2,2,2,2,2,2,2,2,2,0,2,2,2,2,2,2,2,2,2,2,2,2,2
C-clinical-11-01771#2,2,2,2,2,2,2,2,2,2,2,2,2,2,2,2,2,2,2,2,2,2,2,2,2,2,2,2,2,2
C-clinical-11-01771#3,1,1,1,1,1,1,1,1,1,0,1,0,1,1,1,1,1,0,1,2,2,2,2,2,2,2,2,2,2
C-clinical-11-01771#4,1,2,2,2,2,2,2,2,2,2,2,0,1,2,2,1,1,2,2,1,1,2,2,1,1,2,2,2,2
C-clinical-11-01771#5,2,2,2,2,2,2,2,2,2,2,2,2,2,2,2,2,2,2,2,2,2,2,2,2,2,2,2,2,2
C-clinical-11-01771#6,2,2,2,2,2,2,2,2,2,2,2,2,2,2,2,2,2,2,2,1,2,2,2,2,2,0,2,2,2
C-clinical-11-01771#7,1,2,2,2,2,2,2,2,2,2,2,2,2,2,2,2,2,0,1,2,2,2,2,2,2,2,2,2,2
C-clinical-11-01771#9,2,2,2,2,2,2,2,2,2,2,2,2,2,2,2,2,2,2,2,0,2,2,2,2,2,0,2,2,2
C-clinical-11-01774#0,0,2,2,2,2,2,2,2,2,2,2,2,2,0,0,1,1,2,2,2,2,2,2,2,2,2,2,2,2
C-clinical-11-01774#1,0,2,2,2,2,2,2,2,2,2,2,0,0,2,2,2,2,2,2,2,2,2,2,2,2,2,2,2,2
C-clinical-11-01774#2,0,2,2,2,2,2,2,2,2,2,2,2,2,0,0,0,0,2,2,0,2,2,2,2,2,2,2,2,2
C-clinical-11-01774#3,0,2,2,2,2,2,2,2,2,2,2,0,0,2,2,2,2,2,2,2,2,2,2,2,2,2,2,2,2
C-clinical-11-01774#4,0,2,2,2,2,2,2,2,2,2,2,0,0,2,2,0,0,2,2,2,2,0,0,2,2,0,0,2,2
C-clinical-11-01774#5,0,2,2,2,2,2,2,2,2,2,2,2,2,2,2,2,2,2,2,2,2,2,2,0,0,2,2,2,2
C-clinical-11-01775#0,2,2,2,2,2,2,2,2,2,2,2,1,2,0,2,0,2,2,2,2,2,2,2,2,2,2,2,2,2
C-clinical-11-01775#1,2,2,2,2,2,2,2,2,2,2,2,2,2,2,2,2,2,2,2,2,2,2,2,2,2,2,2,2,2
C-clinical-11-01775#2,0,2,2,2,2,1,1,2,2,1,1,0,0,2,2,1,1,2,2,0,0,2,2,2,2,2,2,2,2
C-clinical-11-01775#3,0,2,2,2,2,0,0,2,2,1,1,0,0,2,2,2,2,2,2,2,2,2,2,2,2,2,2,2,2
C-clinical-11-01777#0,0,2,2,2,2,2,2,2,2,2,2,2,2,1,1,0,0,2,2,2,2,2,2,2,2,2,2,2,2
C-clinical-11-01777#1,0,2,2,2,2,2,2,2,2,2,2,2,2,2,2,0,0,2,2,2,2,2,2,0,2,0,2,2,2
C-clinical-11-01777#2,0,2,2,2,2,2,2,2,2,2,2,2,2,2,2,0,0,2,2,2,2,2,2,2,2,2,2,2,2
C-clinical-11-01777#3,0,2,2,2,2,2,2,2,2,2,2,2,2,2,2,0,0,2,2,2,2,2,2,2,2,2,2,2,2
C-clinical-11-01780#0,2,2,2,2,2,2,2,2,2,2,2,0,2,2,2,2,2,0,2,2,2,2,2,2,2,2,2,2,2
C-clinical-11-01780#1,0,2,2,2,2,2,2,2,2,2,2,0,0,1,1,0,0,2,2,2,2,2,2,2,2,2,2,2,2
C-clinical-11-01780#10,2,2,2,2,2,2,2,2,2,2,2,2,2,2,2,2,2,0,2,2,2,2,2,2,2,2,2,2,2
C-clinical-11-01780#11,0,2,2,2,2,1,1,2,2,2,2,2,2,2,2,2,2,2,2,2,2,2,2,2,2,2,2,2,2
C-clinical-11-01780#12,0,2,2,2,2,0,0,2,2,2,2,0,0,2,2,1,1,0,0,0,0,2,2,0,0,2,2,2,2
C-clinical-11-01780#2,0,2,2,2,2,2,2,2,2,2,2,0,0,0,0,0,0,0,2,2,2,2,2,2,2,0,2,2,2
C-clinical-11-01780#3,1,2,2,2,2,1,1,2,2,1,1,2,2,1,1,1,1,2,2,0,1,2,2,2,2,0,1,2,2
C-clinical-11-01780#4,1,1,1,1,1,1,1,2,2,1,1,2,2,1,1,1,1,2,2,0,1,2,2,2,2,0,1,1,1
C-clinical-11-01780#5,0,2,2,2,2,2,2,2,2,2,2,0,0,0,0,0,0,2,2,2,2,2,2,2,2,2,2,2,2
C-clinical-11-01780#6,0,2,2,2,2,2,2,2,2,2,2,0,0,2,2,2,2,2,2,2,2,2,2,2,2,0,0,2,2
C-clinical-11-01780#7,2,2,2,2,2,0,2,2,2,2,2,1,2,2,2,2,2,2,2,2,2,2,2,2,2,2,2,2,2
C-clinical-11-01780#8,2,2,2,2,2,2,2,2,2,1,2,1,2,0,2,0,2,2,2,2,2,2,2,2,2,2,2,2,2
C-clinical-11-01780#9,2,2,2,2,2,2,2,2,2,1,2,0,2,0,2,1,2,0,2,2,2,0,2,1,2,1,2,1,2
C-clinical-11-01781#0,2,2,2,2,2,2,2,2,2,2,2,0,2,2,2,1,2,2,2,2,2,2,2,0,2,2,2,2,2
C-clinical-11-01781#1,0,2,2,2,2,2,2,2,2,2,2,2,2,0,0,0,0,2,2,2,2,2,2,2,2,2,2,2,2
C-clinical-11-01781#10,0,2,2,2,2,2,2,2,2,2,2,0,0,0,0,0,0,2,2,2,2,2,2,2,2,2,2,2,2
C-clinical-11-01781#11,2,2,2,2,2,2,2,2,2,2,2,0,2,2,2,2,2,2,2,2,2,2,2,0,2,2,2,2,2
C-clinical-11-01781#12,0,2,2,2,2,2,2,2,2,2,2,2,2,0,0,0,0,2,2,0,2,2,2,2,2,2,2,2,2
C-clinical-11-01781#2,2,2,2,2,2,2,2,2,2,2,2,2,2,1,2,1,2,2,2,2,2,2,2,0,2,2,2,2,2
C-clinical-11-01781#3,1,2,2,2,2,1,1,2,2,1,1,0,1,2,2,1,1,2,2,1,1,0,1,1,1,1,1,2,2
C-clinical-11-01781#4,2,2,2,2,2,2,2,2,2,2,2,2,2,2,2,2,2,2,2,2,2,2,2,2,2,2,2,2,2
C-clinical-11-01781#6,0,2,2,2,2,2,2,2,2,2,2,2,2,1,1,1,1,0,0,2,2,2,2,2,2,2,2,2,2
C-clinical-11-01781#7,0,2,2,2,2,1,1,2,2,1,1,2,2,2,2,1,1,0,0,0,0,2,2,1,1,0,0,2,2
C-clinical-11-01781#8,0,2,2,2,2,2,2,2,2,2,2,2,2,0,0,0,0,2,2,2,2,2,2,2,2,0,2,0,2
C-clinical-11-01781#9,1,2,2,1,1,0,1,1,1,0,1,0,1,1,1,1,1,0,1,0,1,1,1,1,1,1,1,2,2
C-clinical-11-01784#0,0,2,2,2,2,2,2,2,2,2,2,2,2,2,2,2,2,2,2,2,2,2,2,2,2,2,2,2,2
C-clinical-11-01784#1,2,2,2,2,2,2,2,2,2,2,2,0,2,2,2,2,2,2,2,2,2,2,2,2,2,2,2,2,2
C-clinical-11-01784#2,2,2,2,2,2,2,2,2,2,2,2,2,2,2,2,2,2,2,2,2,2,2,2,2,2,2,2,2,2
C-clinical-11-01784#4,0,2,2,2,2,2,2,2,2,2,2,2,2,2,2,0,2,2,2,0,2,2,2,2,2,0,2,2,2
C-clinical-11-01784#5,2,2,2,2,2,2,2,2,2,2,2,2,2,2,2,2,2,2,2,2,2,2,2,2,2,2,2,2,2
C-clinical-11-01789#0,0,2,2,2,2,2,2,2,2,2,2,1,2,2,2,2,2,2,2,2,2,2,2,2,2,2,2,2,2
C-clinical-11-01789#1,0,2,2,2,2,2,2,2,2,2,2,2,2,2,2,2,2,2,2,2,2,2,2,2,2,1,2,2,2
C-clinical-11-01789#2,2,2,2,2,2,2,2,2,2,2,2,2,2,2,2,2,2,2,2,2,2,2,2,2,2,2,2,2,2
C-clinical-11-01789#3,0,2,2,2,2,2,2,2,2,2,2,2,2,2,2,0,2,2,2,0,2,2,2,0,2,0,2,2,2
C-clinical-11-01789#4,0,2,2,2,2,2,2,2,2,2,2,0,0,2,2,2,2,2,2,0,0,2,2,2,2,0,0,2,2
C-clinical-11-01789#5,2,2,2,2,2,2,2,2,2,1,2,1,2,1,2,0,2,2,2,2,2,2,2,2,2,2,2,2,2
C-clinical-11-01789#6,2,2,2,2,2,2,2,2,2,2,2,2,2,2,2,2,2,2,2,2,2,2,2,2,2,2,2,2,2
C-clinical-11-01789#7,2,2,2,2,2,2,2,2,2,1,2,0,2,1,2,1,2,2,2,2,2,0,2,1,2,1,2,1,2
C-clinical-11-01791#0,0,2,2,2,2,2,2,2,2,2,2,2,2,1,1,1,1,2,2,2,2,2,2,2,2,2,2,2,2
C-clinical-11-01791#1,0,2,2,2,2,2,2,2,2,2,2,2,2,0,0,0,0,0,2,0,2,2,2,0,2,0,2,2,2
C-clinical-11-01791#3,0,2,2,2,2,2,2,2,2,2,2,2,2,2,2,2,2,2,2,2,2,2,2,2,2,2,2,2,2
C-clinical-11-01791#4,0,1,1,1,1,1,1,1,1,2,2,0,0,0,0,0,0,1,1,1,1,1,1,1,1,1,1,1,1
C-clinical-11-01791#5,2,2,2,2,2,2,2,2,2,2,2,2,2,2,2,2,2,2,2,2,2,2,2,2,2,0,2,2,2
C-clinical-11-01791#6,1,1,1,1,1,1,1,1,1,1,1,1,1,1,1,1,1,1,1,1,1,1,1,1,1,1,1,1,1
C-clinical-11-01791#7,1,2,2,1,1,1,1,1,1,2,2,2,2,2,2,2,2,2,2,2,2,2,2,2,2,2,2,2,2
C-clinical-11-01791#8,0,2,2,2,2,2,2,2,2,2,2,2,2,2,2,2,2,2,2,2,2,2,2,2,2,2,2,2,2
C-clinical-11-01792#0,0,2,2,2,2,2,2,2,2,2,2,0,0,1,1,2,2,2,2,2,2,2,2,2,2,2,2,2,2
C-clinical-11-01792#1,1,1,1,1,1,1,1,1,1,0,1,0,1,1,1,1,1,0,1,2,2,1,1,1,1,2,2,1,1
C-clinical-11-01792#2,0,2,2,2,2,2,2,2,2,2,2,0,0,0,0,0,0,2,2,2,2,2,2,2,2,2,2,2,2
C-clinical-11-01792#3,0,2,2,2,2,2,2,2,2,2,2,2,2,2,2,2,2,2,2,2,2,2,2,2,2,1,1,2,2
C-clinical-11-01795#0,0,2,2,2,2,1,1,2,2,2,2,2,2,2,2,2,2,2,2,2,2,2,2,2,2,0,0,2,2
C-clinical-11-01795#1,2,2,2,2,2,2,2,2,2,2,2,0,2,2,2,0,2,2,2,2,2,2,2,2,2,2,2,2,2
C-clinical-11-01795#2,0,2,2,2,2,2,2,2,2,2,2,1,2,1,1,1,1,2,2,2,2,2,2,2,2,2,2,2,2
C-clinical-11-01795#3,0,2,2,2,2,2,2,2,2,2,2,2,2,2,2,2,2,2,2,2,2,2,2,2,2,2,2,2,2
C-clinical-11-01795#4,0,2,2,2,2,1,1,2,2,1,1,0,0,2,2,1,1,2,2,1,1,2,2,2,2,2,2,2,2
C-clinical-11-01795#5,2,2,2,2,2,2,2,2,2,2,2,0,2,2,2,2,2,2,2,2,2,2,2,2,2,2,2,2,2
C-clinical-11-01795#6,2,2,2,2,2,2,2,2,2,2,2,2,2,0,2,2,2,2,2,2,2,2,2,2,2,2,2,2,2
C-clinical-11-01796#0,0,2,2,2,2,2,2,2,2,2,2,2,2,2,2,1,1,2,2,2,2,2,2,2,2,2,2,2,2
C-clinical-11-01796#1,0,2,2,2,2,2,2,2,2,2,2,1,1,0,0,0,0,2,2,2,2,2,2,2,2,2,2,2,2
C-clinical-11-01796#10,2,2,2,2,2,1,2,2,2,2,2,2,2,2,2,1,2,2,2,1,2,2,2,2,2,2,2,2,2
C-clinical-11-01796#11,0,2,2,2,2,2,2,2,2,2,2,2,2,2,2,2,2,2,2,1,1,2,2,0,0,2,2,2,2
C-clinical-11-01796#2,0,2,2,2,2,2,2,2,2,2,2,2,2,0,0,0,0,0,2,2,2,2,2,0,2,0,2,2,2
C-clinical-11-01796#3,0,1,1,1,1,0,0,1,1,2,2,0,0,0,0,0,0,0,0,0,0,1,1,1,1,1,1,1,1
C-clinical-11-01796#4,0,2,2,2,2,2,2,2,2,1,1,2,2,2,2,2,2,2,2,0,0,2,2,0,0,2,2,2,2
C-clinical-11-01796#5,0,2,2,2,2,2,2,2,2,2,2,0,2,0,0,0,0,0,2,2,2,2,2,0,2,0,2,2,2
C-clinical-11-01796#6,2,2,2,2,2,1,2,2,2,1,2,0,2,1,2,1,2,0,2,2,2,0,2,1,2,1,2,1,2
C-clinical-11-01796#7,2,2,2,2,2,2,2,2,2,2,2,2,2,2,2,2,2,2,2,0,2,2,2,2,2,0,2,2,2
C-clinical-11-01796#8,2,2,2,2,2,2,2,2,2,1,2,1,2,0,2,0,2,2,2,2,2,2,2,2,2,2,2,2,2
C-clinical-11-01796#9,2,2,2,2,2,1,2,2,2,2,2,2,2,2,2,1,2,2,2,1,2,2,2,2,2,2,2,2,2
C-clinical-11-01802#0,0,2,2,2,2,2,2,2,2,2,2,2,2,2,2,0,0,0,0,0,0,2,2,2,2,2,2,2,2
C-clinical-11-01802#1,0,2,2,2,2,2,2,2,2,2,2,1,1,2,2,1,2,2,2,2,2,2,2,2,2,2,2,2,2
C-clinical-11-01802#2,2,2,2,2,2,2,2,2,2,2,2,0,2,0,2,0,2,2,2,2,2,2,2,2,2,2,2,2,2
C-clinical-11-01802#3,0,2,2,2,2,2,2,2,2,2,2,1,1,2,2,2,2,2,2,2,2,2,2,2,2,2,2,2,2
C-clinical-11-01802#4,2,2,2,2,2,2,2,2,2,2,2,0,2,0,2,0,2,2,2,0,2,2,2,0,2,2,2,2,2
C-clinical-11-01803#0,0,2,2,2,2,2,2,2,2,2,2,1,1,2,2,2,2,2,2,2,2,2,2,2,2,2,2,2,2
C-clinical-11-01803#1,0,2,2,2,2,2,2,2,2,2,2,0,0,2,2,2,2,2,2,0,0,2,2,2,2,2,2,2,2
C-clinical-11-01803#2,0,2,2,2,2,1,1,1,1,1,1,0,1,0,0,0,1,2,2,2,2,2,2,0,1,2,2,1,1
C-clinical-11-01803#3,0,2,2,2,2,1,1,2,2,1,1,2,2,2,2,1,1,2,2,1,1,2,2,2,2,2,2,2,2
C-clinical-11-01804#0,2,2,2,2,2,2,2,2,2,2,2,0,2,0,2,0,2,2,2,2,2,2,2,2,2,2,2,2,2
C-clinical-11-01804#1,0,1,1,2,2,1,1,1,1,1,1,2,2,2,2,1,1,2,2,1,1,2,2,2,2,2,2,2,2
C-clinical-11-01804#2,2,2,2,2,2,2,2,2,2,2,2,0,2,0,2,0,2,0,2,0,2,2,2,0,2,0,2,2,2
C-clinical-11-01804#3,0,2,2,2,2,2,2,2,2,2,2,2,2,0,0,0,0,2,2,2,2,2,2,2,2,2,2,2,2
C-clinical-11-01804#4,2,2,2,1,2,1,2,1,2,1,2,1,2,1,2,1,2,1,2,2,2,1,2,1,2,1,2,1,2
C-clinical-11-01804#5,1,2,2,2,2,1,1,2,2,1,1,1,1,1,1,1,1,2,2,1,1,2,2,2,2,0,1,2,2
C-clinical-11-01804#6,0,2,2,2,2,2,2,2,2,2,2,2,2,2,2,2,2,2,2,2,2,2,2,2,2,0,0,2,2
C-clinical-11-01804#7,2,2,2,2,2,2,2,2,2,2,2,0,2,0,2,0,2,0,2,0,2,2,2,0,2,2,2,2,2
C-clinical-11-01804#8,2,2,2,2,2,0,2,2,2,2,2,2,2,2,2,2,2,2,2,2,2,2,2,2,2,2,2,2,2
C-clinical-11-01804#9,0,2,2,2,2,2,2,2,2,2,2,2,2,0,0,0,0,2,2,2,2,2,2,2,2,2,2,2,2
C-clinical-11-01805#0,0,2,2,2,2,1,1,2,2,2,2,2,2,2,2,2,2,2,2,2,2,2,2,2,2,2,2,2,2
C-clinical-11-01805#1,0,2,2,2,2,2,2,2,2,2,2,0,2,0,0,0,0,2,2,2,2,2,2,2,2,2,2,2,2
C-clinical-11-01805#2,0,2,2,2,2,2,2,2,2,2,2,2,2,0,0,0,0,2,2,2,2,2,2,0,2,0,2,2,2
C-clinical-11-01805#3,0,2,2,2,2,2,2,2,2,2,2,2,2,0,0,0,0,2,2,2,2,2,2,0,2,0,2,2,2
C-clinical-11-01805#4,0,2,2,2,2,2,2,2,2,2,2,0,0,0,0,0,0,2,2,2,2,2,2,2,2,2,2,2,2
C-clinical-11-01805#5,2,1,2,0,2,0,2,0,2,1,2,0,2,1,2,1,2,2,2,2,2,2,2,0,2,2,2,1,2
C-clinical-11-01805#6,2,2,2,2,2,1,2,2,2,1,2,1,2,1,2,1,2,2,2,2,2,2,2,2,2,0,2,2,2
C-clinical-11-01805#7,0,2,2,2,2,2,2,2,2,2,2,0,0,2,2,2,2,2,2,0,0,2,2,2,2,0,0,2,2
C-clinical-11-01805#8,2,2,2,2,2,1,2,2,2,2,2,2,2,2,2,1,2,2,2,2,2,2,2,2,2,2,2,2,2
C-clinical-11-01805#9,0,2,2,2,2,2,2,2,2,1,1,0,0,2,2,1,1,2,2,0,0,2,2,2,2,2,2,2,2
C-clinical-11-01806#0,0,2,2,2,2,2,2,2,2,2,2,1,1,2,2,2,2,2,2,2,2,2,2,2,2,2,2,2,2
C-clinical-11-01806#1,0,2,2,2,2,2,2,2,2,2,2,2,2,2,2,2,2,2,2,2,2,2,2,2,2,2,2,2,2
C-clinical-11-01806#2,0,2,2,2,2,2,2,2,2,2,2,2,2,2,2,2,2,2,2,2,2,2,2,2,2,2,2,2,2
C-clinical-11-01806#3,2,2,2,2,2,2,2,2,2,2,2,2,2,2,2,2,2,2,2,2,2,2,2,2,2,2,2,2,2
C-clinical-11-01806#4,0,2,2,2,2,2,2,2,2,2,2,0,0,2,2,2,2,2,2,2,2,2,2,2,2,2,2,2,2
C-clinical-11-01806#5,2,2,2,2,2,2,2,2,2,2,2,2,2,0,2,0,2,2,2,0,2,2,2,2,2,2,2,2,2
C-clinical-11-01807#0,0,2,2,2,2,2,2,2,2,2,2,2,2,1,1,2,2,2,2,2,2,2,2,2,2,2,2,2,2
C-clinical-11-01807#1,1,1,1,1,1,0,1,1,1,0,1,0,1,1,1,0,1,0,1,2,2,0,1,2,2,2,2,2,2
C-clinical-11-01807#2,2,2,2,2,2,2,2,2,2,2,2,2,2,2,2,2,2,2,2,2,2,2,2,2,2,2,2,0,2
C-clinical-11-01807#4,0,2,2,2,2,2,2,2,2,2,2,2,2,2,2,2,2,2,2,2,2,2,2,0,2,2,2,2,2
C-clinical-11-01807#5,0,2,2,2,2,2,2,2,2,2,2,1,1,2,2,1,1,2,2,1,1,2,2,2,2,0,0,2,2
C-clinical-11-01807#6,0,2,2,2,2,2,2,2,2,2,2,0,0,2,2,2,2,2,2,0,0,2,2,2,2,0,0,2,2
C-clinical-11-01807#7,1,2,2,2,2,2,2,2,2,2,2,0,1,2,2,2,2,2,2,1,1,2,2,2,2,2,2,2,2
C-clinical-11-01807#8,0,2,2,2,2,2,2,2,2,2,2,0,0,2,2,2,2,2,2,2,2,2,2,2,2,0,0,2,2
C-clinical-11-01810#0,0,2,2,2,2,2,2,2,2,2,2,2,2,0,0,0,0,2,2,2,2,2,2,2,2,2,2,2,2
C-clinical-11-01810#1,0,2,2,2,2,2,2,1,1,2,2,1,1,0,0,0,0,2,2,2,2,1,1,2,2,2,2,2,2
C-clinical-11-01810#2,0,2,2,2,2,2,2,2,2,2,2,0,0,0,0,0,0,2,2,2,2,2,2,2,2,2,2,2,2
C-clinical-11-01810#3,1,1,1,1,1,1,1,1,1,2,2,0,1,0,1,0,1,2,2,1,1,1,1,1,1,1,1,2,2
C-clinical-11-01810#4,2,2,2,2,2,2,2,2,2,2,2,0,2,2,2,2,2,2,2,2,2,2,2,2,2,2,2,2,2
C-clinical-11-01810#5,2,2,2,2,2,2,2,2,2,1,2,1,2,2,2,1,2,2,2,2,2,2,2,2,2,0,2,2,2
C-clinical-11-01812#0,0,2,2,2,2,2,2,2,2,2,2,2,2,1,1,2,2,2,2,2,2,2,2,2,2,2,2,2,2
C-clinical-11-01812#1,0,2,2,2,2,2,2,2,2,2,2,2,2,0,0,2,2,2,2,2,2,2,2,2,2,2,2,2,2
C-clinical-11-01812#2,1,1,1,1,1,1,1,1,1,0,1,0,1,1,1,1,1,0,1,2,2,1,1,1,1,2,2,2,2
C-clinical-11-01812#3,0,2,2,2,2,2,2,2,2,2,2,2,2,2,2,2,2,2,2,0,0,2,2,2,2,0,0,1,1
C-clinical-11-01812#4,1,2,2,2,2,1,1,2,2,1,1,0,1,2,2,1,1,2,2,1,1,2,2,1,1,1,1,2,2
C-clinical-11-01812#5,2,2,2,2,2,2,2,2,2,2,2,2,2,0,2,2,2,2,2,2,2,2,2,2,2,2,2,2,2
C-clinical-11-01812#6,0,2,2,2,2,2,2,2,2,2,2,2,2,0,0,0,0,2,2,0,0,2,2,2,2,2,2,0,0
C-clinical-11-01812#7,0,2,2,2,2,2,2,2,2,2,2,2,2,2,2,0,0,2,2,0,0,2,2,2,2,2,2,0,0
C-clinical-11-01816#0,0,2,2,2,2,2,2,2,2,2,2,0,0,0,0,0,0,2,2,2,2,2,2,2,2,2,2,2,2
C-clinical-11-01816#1,2,2,2,2,2,2,2,2,2,2,2,0,2,2,2,2,2,0,2,2,2,2,2,2,2,2,2,2,2
C-clinical-11-01816#10,1,1,1,1,1,1,1,1,1,1,1,0,1,1,1,1,1,0,1,1,1,1,1,2,2,1,1,1,1
C-clinical-11-01816#11,0,2,2,2,2,2,2,2,2,2,2,2,2,2,2,2,2,2,2,2,2,2,2,2,2,2,2,2,2
C-clinical-11-01816#2,0,2,2,2,2,2,2,2,2,2,2,2,2,2,2,2,2,2,2,2,2,2,2,2,2,2,2,2,2
C-clinical-11-01816#3,0,2,2,2,2,1,1,2,2,2,2,2,2,2,2,2,2,0,0,2,2,2,2,2,2,0,0,2,2
C-clinical-11-01816#4,0,2,2,2,2,2,2,2,2,2,2,0,0,2,2,2,2,2,2,0,0,2,2,2,2,2,2,2,2
C-clinical-11-01816#5,2,2,2,2,2,2,2,2,2,2,2,2,2,2,2,2,2,2,2,2,2,2,2,2,2,2,2,2,2
C-clinical-11-01816#6,0,2,2,2,2,2,2,2,2,2,2,2,2,2,2,2,2,2,2,0,0,2,2,2,2,2,2,2,2
C-clinical-11-01816#7,2,2,2,2,2,2,2,2,2,1,2,1,2,1,2,0,2,2,2,2,2,2,2,2,2,2,2,2,2
C-clinical-11-01816#8,2,2,2,2,2,2,2,2,2,1,2,0,2,1,2,1,2,0,2,2,2,0,2,2,2,1,2,1,2
C-clinical-11-01816#9,0,2,2,2,2,2,2,2,2,2,2,0,0,2,2,2,2,2,2,0,0,2,2,2,2,2,2,2,2
C-clinical-11-01824#0,0,2,2,2,2,2,2,2,2,2,2,0,0,2,2,2,2,2,2,2,2,2,2,2,2,2,2,2,2
C-clinical-11-01824#1,0,2,2,2,2,1,1,2,2,1,1,0,0,2,2,1,1,2,2,1,1,2,2,2,2,2,2,2,2
C-clinical-11-01824#2,2,2,2,2,2,2,2,2,2,2,2,0,2,2,2,0,2,2,2,2,2,2,2,2,2,2,2,2,2
C-clinical-11-01824#3,1,2,2,2,2,2,2,2,2,2,2,2,2,2,2,2,2,2,2,0,1,2,2,2,2,2,2,2,2
C-clinical-11-01824#4,0,2,2,2,2,0,0,2,2,2,2,2,2,2,2,2,2,2,2,2,2,2,2,2,2,0,0,2,2
C-clinical-11-01824#5,2,2,2,2,2,1,2,2,2,2,2,2,2,2,2,2,2,2,2,2,2,2,2,2,2,2,2,2,2
C-clinical-11-01824#6,1,2,2,2,2,0,1,2,2,2,2,2,2,2,2,2,2,2,2,2,2,2,2,1,1,2,2,2,2
C-clinical-11-01828#1,2,2,2,2,2,2,2,2,2,2,2,2,2,2,2,2,2,2,2,2,2,2,2,2,2,2,2,2,2
C-clinical-11-01828#10,0,2,2,2,2,2,2,2,2,2,2,0,0,2,2,0,0,2,2,2,2,2,2,2,2,2,2,2,2
C-clinical-11-01828#2,1,2,2,2,2,2,2,1,1,2,2,0,1,2,2,1,1,2,2,1,1,2,2,1,1,2,2,2,2
C-clinical-11-01828#3,2,2,2,2,2,2,2,2,2,2,2,2,2,2,2,1,2,2,2,2,2,2,2,0,2,2,2,2,2
C-clinical-11-01828#4,1,2,2,1,1,0,1,1,1,0,1,0,1,1,1,1,1,0,1,0,1,1,1,1,1,1,1,2,2
C-clinical-11-01828#5,2,2,2,2,2,2,2,2,2,2,2,2,2,2,2,2,2,2,2,2,2,2,2,2,2,2,2,2,2
C-clinical-11-01828#6,1,2,2,2,2,1,1,2,2,2,2,2,2,2,2,2,2,2,2,0,1,2,2,1,1,2,2,1,1
C-clinical-11-01828#7,2,2,2,2,2,2,2,2,2,2,2,2,2,2,2,1,2,2,2,2,2,2,2,2,2,2,2,2,2
C-clinical-11-01828#8,2,2,2,2,2,2,2,2,2,2,2,2,2,0,2,0,2,2,2,2,2,2,2,0,2,0,2,2,2
C-clinical-11-01828#9,2,2,2,2,2,2,2,2,2,2,2,2,2,2,2,2,2,2,2,2,2,2,2,2,2,2,2,2,2
C-clinical-11-01829#0,0,2,2,2,2,2,2,2,2,2,2,0,1,1,1,1,1,2,2,2,2,2,2,2,2,2,2,2,2
C-clinical-11-01829#1,0,2,2,2,2,2,2,2,2,2,2,2,2,1,1,1,1,2,2,1,1,2,2,2,2,0,0,2,2
C-clinical-11-01829#2,0,2,2,2,2,2,2,2,2,2,2,2,2,2,2,2,2,2,2,2,2,2,2,2,2,2,2,2,2
C-clinical-11-01829#3,0,2,2,2,2,2,2,2,2,2,2,2,2,0,0,0,2,2,2,2,2,2,2,0,2,0,2,2,2
C-clinical-11-01829#4,0,2,2,2,2,2,2,2,2,2,2,2,2,2,2,2,2,2,2,2,2,2,2,2,2,2,2,2,2
C-clinical-11-01829#5,2,2,2,2,2,2,2,2,2,1,2,0,2,2,2,2,2,2,2,0,2,2,2,2,2,2,2,2,2
C-clinical-11-01829#6,0,2,2,2,2,2,2,2,2,1,1,2,2,1,1,1,1,2,2,1,1,2,2,2,2,2,2,2,2
C-clinical-11-01829#7,2,2,2,1,2,0,2,1,2,1,2,1,2,1,2,1,2,1,2,2,2,1,2,1,2,1,2,1,2
C-clinical-11-01829#8,0,2,2,2,2,2,2,2,2,2,2,2,2,1,1,1,1,2,2,1,1,2,2,2,2,0,0,2,2
C-clinical-11-01833#0,0,2,2,2,2,2,2,2,2,2,2,2,2,1,1,2,2,2,2,2,2,2,2,2,2,2,2,2,2
C-clinical-11-01833#1,0,2,2,2,2,2,2,2,2,2,2,2,2,0,0,0,2,2,2,2,2,2,2,0,2,0,2,2,2
C-clinical-11-01833#2,0,2,2,1,1,2,2,1,1,2,2,1,1,0,0,0,1,2,2,2,2,1,1,0,1,2,2,2,2
C-clinical-11-01833#3,2,2,2,2,2,2,2,2,2,2,2,0,2,2,2,2,2,2,2,2,2,2,2,2,2,2,2,2,2
C-clinical-11-01833#4,0,2,2,2,2,2,2,2,2,2,2,2,2,1,1,1,2,2,2,2,2,2,2,2,2,2,2,2,2
C-clinical-11-01834#0,0,2,2,2,2,2,2,2,2,2,2,0,0,0,0,0,0,2,2,2,2,2,2,2,2,2,2,2,2
C-clinical-11-01834#1,1,1,1,1,1,1,1,1,1,0,1,0,1,1,1,1,1,0,1,2,2,1,1,1,1,2,2,1,1
C-clinical-11-01834#2,0,2,2,2,2,2,2,2,2,2,2,0,0,0,0,0,0,2,2,2,2,2,2,2,2,2,2,2,2
C-clinical-11-01834#3,0,2,2,2,2,2,2,2,2,0,0,2,2,2,2,0,0,2,2,2,2,2,2,2,2,2,2,2,2
C-clinical-11-01835#0,0,2,2,2,2,2,2,2,2,2,2,0,2,0,0,1,2,2,2,2,2,2,2,2,2,2,2,2,2
C-clinical-11-01835#1,0,2,2,2,2,2,2,2,2,2,2,2,2,2,2,2,2,2,2,2,2,2,2,0,2,2,2,2,2
C-clinical-11-01835#10,2,2,2,2,2,2,2,2,2,2,2,0,2,2,2,1,2,2,2,0,2,2,2,2,2,2,2,2,2
C-clinical-11-01835#11,2,2,2,2,2,2,2,2,2,1,2,0,2,1,2,1,2,2,2,2,2,0,2,2,2,0,2,2,2
C-clinical-11-01835#2,2,2,2,2,2,2,2,2,2,2,2,2,2,2,2,2,2,2,2,0,2,2,2,2,2,2,2,2,2
C-clinical-11-01835#3,0,2,2,2,2,2,2,2,2,2,2,2,2,2,2,0,0,2,2,0,0,2,2,2,2,2,2,2,2
C-clinical-11-01835#4,0,2,2,2,2,2,2,2,2,2,2,2,2,2,2,2,2,2,2,2,2,2,2,2,2,0,0,2,2
C-clinical-11-01835#5,2,2,2,2,2,2,2,2,2,2,2,2,2,2,2,2,2,2,2,2,2,2,2,2,2,2,2,2,2
C-clinical-11-01835#6,0,2,2,2,2,2,2,2,2,2,2,2,2,2,2,2,2,2,2,0,0,2,2,2,2,2,2,2,2
C-clinical-11-01835#7,2,2,2,2,2,2,2,2,2,2,2,2,2,2,2,2,2,2,2,2,2,2,2,2,2,2,2,2,2
C-clinical-11-01835#8,0,2,2,2,2,2,2,2,2,2,2,0,0,1,1,0,0,2,2,2,2,2,2,2,2,2,2,2,2
C-clinical-11-01835#9,0,2,2,2,2,1,1,2,2,1,1,1,1,2,2,1,1,2,2,1,1,2,2,2,2,2,2,2,2
C-clinical-11-01837#0,0,2,2,2,2,2,2,2,2,2,2,2,2,2,2,2,2,2,2,2,2,2,2,0,0,0,0,2,2
C-clinical-11-01837#1,0,2,2,2,2,2,2,2,2,2,2,2,2,0,0,0,0,2,2,2,2,2,2,2,2,2,2,2,2
C-clinical-11-01837#2,0,2,2,2,2,2,2,2,2,2,2,1,1,0,0,0,0,1,1,2,2,1,1,1,1,2,2,1,1
C-clinical-11-01837#3,0,2,2,2,2,2,2,2,2,2,2,0,0,1,1,0,0,2,2,2,2,2,2,2,2,2,2,2,2
C-clinical-11-01843#0,2,2,2,2,2,2,2,2,2,2,2,0,2,2,2,2,2,2,2,1,2,2,2,2,2,2,2,2,2
C-clinical-11-01843#1,0,2,2,2,2,2,2,2,2,2,2,0,0,1,1,0,0,2,2,2,2,2,2,2,2,2,2,2,2
C-clinical-11-01843#2,0,2,2,2,2,2,2,2,2,2,2,0,0,0,0,0,0,2,2,2,2,2,2,0,2,0,2,2,2
C-clinical-11-01843#3,0,2,2,2,2,0,0,2,2,0,0,0,0,0,0,0,0,2,2,2,2,2,2,2,2,2,2,2,2
C-clinical-11-01843#4,0,2,2,2,2,2,2,2,2,2,2,2,2,2,2,2,2,2,2,0,0,2,2,0,0,0,0,2,2
C-clinical-11-01843#5,2,2,2,2,2,2,2,2,2,1,2,0,2,1,2,1,2,0,2,2,2,0,2,1,2,1,2,1,2
C-clinical-11-01843#6,2,2,2,2,2,2,2,2,2,1,2,1,2,0,2,0,2,2,2,2,2,2,2,2,2,2,2,2,2
C-clinical-11-01843#7,2,2,2,2,2,0,2,2,2,2,2,2,2,2,2,2,2,2,2,2,2,2,2,2,2,2,2,2,2
C-clinical-11-01843#8,0,2,2,2,2,2,2,2,2,2,2,0,0,2,2,2,2,0,0,0,0,2,2,2,2,0,0,2,2
C-clinical-11-01845#0,0,2,2,2,2,2,2,2,2,2,2,0,0,0,0,0,0,2,2,2,2,2,2,2,2,2,2,2,2
C-clinical-11-01845#1,2,2,2,2,2,2,2,2,2,2,2,2,2,2,2,2,2,2,2,2,2,2,2,2,2,2,2,2,2
C-clinical-11-01845#2,2,2,2,2,2,2,2,2,2,2,2,0,2,2,2,0,2,2,2,2,2,2,2,0,2,2,2,2,2
C-clinical-11-01845#3,0,2,2,2,2,2,2,2,2,0,0,0,0,2,2,2,2,2,2,0,0,2,2,2,2,0,0,2,2
C-clinical-11-01845#4,1,1,1,1,1,1,1,1,1,1,1,1,1,1,1,1,1,0,1,1,1,1,1,1,1,1,1,1,1
C-clinical-11-01845#5,2,2,2,2,2,2,2,2,2,2,2,0,2,0,2,2,2,2,2,2,2,2,2,0,2,2,2,2,2
C-clinical-11-01845#6,1,1,1,1,1,1,1,1,1,1,1,1,1,1,1,1,1,0,1,1,1,1,1,1,1,1,1,1,1
C-clinical-11-01846#1,2,2,2,2,2,2,2,2,2,2,2,2,2,2,2,1,2,2,2,2,2,2,2,2,2,2,2,2,2
C-clinical-11-01846#2,2,2,2,2,2,2,2,2,2,2,2,2,2,2,2,0,2,2,2,2,2,2,2,2,2,2,2,2,2
C-clinical-11-01846#3,2,2,2,2,2,2,2,2,2,2,2,2,2,2,2,2,2,2,2,2,2,2,2,2,2,2,2,2,2
C-clinical-11-01846#4,1,1,1,1,1,1,1,1,1,0,1,0,1,1,1,1,1,0,1,2,2,2,2,2,2,2,2,2,2
C-clinical-11-01846#5,0,2,2,2,2,2,2,2,2,2,2,0,0,2,2,0,0,2,2,2,2,2,2,2,2,2,2,2,2
C-clinical-11-01851#0,0,2,2,2,2,2,2,2,2,2,2,0,0,2,2,2,2,2,2,0,0,2,2,2,2,2,2,2,2
C-clinical-11-01851#1,0,2,2,2,2,2,2,2,2,2,2,1,1,2,2,2,2,2,2,2,2,2,2,2,2,2,2,2,2
C-clinical-11-01851#10,2,2,2,2,2,2,2,2,2,1,2,1,2,1,2,0,2,2,2,2,2,2,2,2,2,2,2,2,2
C-clinical-11-01851#2,0,2,2,2,2,2,2,2,2,2,2,0,0,2,2,2,2,2,2,2,2,2,2,2,2,2,2,2,2
C-clinical-11-01851#3,2,2,2,2,2,2,2,2,2,2,2,2,2,2,2,2,2,2,2,1,2,2,2,2,2,0,2,2,2
C-clinical-11-01851#4,0,2,2,2,2,2,2,2,2,2,2,0,0,2,2,0,2,2,2,2,2,2,2,0,2,0,2,2,2
C-clinical-11-01851#5,2,2,2,2,2,0,2,2,2,2,2,2,2,2,2,2,2,2,2,1,2,2,2,2,2,2,2,2,2
C-clinical-11-01851#6,2,2,2,2,2,0,2,2,2,2,2,2,2,2,2,2,2,2,2,1,2,2,2,2,2,2,2,2,2
C-clinical-11-01851#7,0,2,2,2,2,2,2,2,2,2,2,0,0,2,2,2,2,2,2,0,0,2,2,2,2,0,0,2,2
C-clinical-11-01851#8,2,1,2,0,2,0,2,1,2,1,2,0,2,1,2,1,2,2,2,2,2,2,2,2,2,2,2,1,2
C-clinical-11-01851#9,0,2,2,1,1,2,2,1,1,2,2,0,0,2,2,0,1,2,2,2,2,1,1,2,2,2,2,2,2
C-clinical-11-01854#0,0,1,1,1,1,1,1,1,1,2,2,0,0,1,1,0,0,2,2,1,1,1,1,1,1,1,1,2,2
C-clinical-11-01854#1,0,2,2,2,2,2,2,2,2,2,2,0,2,0,0,0,2,2,2,2,2,2,2,2,2,2,2,2,2
C-clinical-11-01854#10,2,2,2,2,2,2,2,2,2,1,2,1,2,1,2,0,2,2,2,2,2,2,2,2,2,2,2,2,2
C-clinical-11-01854#2,0,2,2,2,2,2,2,2,2,2,2,0,2,0,0,1,2,2,2,2,2,2,2,2,2,2,2,2,2
C-clinical-11-01854#3,2,2,2,2,2,2,2,2,2,2,2,2,2,2,2,2,2,2,2,2,2,2,2,2,2,2,2,2,2
C-clinical-11-01854#4,0,2,2,2,2,2,2,2,2,2,2,2,2,2,2,2,2,2,2,2,2,2,2,2,2,2,2,2,2
C-clinical-11-01854#5,2,2,2,2,2,2,2,2,2,2,2,2,2,2,2,2,2,2,2,2,2,2,2,2,2,2,2,2,2
C-clinical-11-01854#6,1,1,1,1,1,1,1,1,1,1,1,0,1,1,1,1,1,1,1,1,1,1,1,1,1,1,1,1,1
C-clinical-11-01854#7,2,2,2,2,2,2,2,2,2,2,2,2,2,2,2,2,2,2,2,0,2,2,2,2,2,2,2,2,2
C-clinical-11-01854#8,2,2,2,2,2,2,2,2,2,2,2,0,2,2,2,2,2,2,2,2,2,2,2,2,2,2,2,2,2
C-clinical-11-01854#9,0,2,2,2,2,2,2,2,2,0,0,0,0,2,2,2,2,2,2,0,0,2,2,2,2,2,2,2,2
C-clinical-11-01856#0,0,2,2,2,2,2,2,2,2,2,2,0,2,0,0,0,0,2,2,2,2,2,2,2,2,2,2,2,2
C-clinical-11-01856#1,0,2,2,2,2,2,2,2,2,2,2,2,2,2,2,1,1,2,2,1,1,2,2,0,0,2,2,2,2
C-clinical-11-01856#10,0,2,2,2,2,2,2,2,2,0,0,0,0,2,2,2,2,0,0,0,0,2,2,2,2,2,2,2,2
C-clinical-11-01856#11,0,2,2,2,2,2,2,2,2,1,1,0,0,2,2,2,2,2,2,0,0,2,2,2,2,2,2,2,2
C-clinical-11-01856#2,0,2,2,2,2,2,2,2,2,2,2,2,2,2,2,0,0,2,2,0,0,2,2,2,2,2,2,2,2
C-clinical-11-01856#3,0,2,2,2,2,1,1,2,2,2,2,2,2,2,2,1,1,2,2,1,1,2,2,2,2,0,0,1,1
C-clinical-11-01856#4,2,2,2,2,2,2,2,2,2,2,2,2,2,0,2,0,2,2,2,2,2,2,2,2,2,2,2,2,2
C-clinical-11-01856#5,2,2,2,2,2,2,2,2,2,2,2,0,2,2,2,1,2,2,2,2,2,2,2,2,2,2,2,2,2
C-clinical-11-01856#6,0,2,2,2,2,2,2,2,2,2,2,0,0,2,2,2,2,2,2,2,2,2,2,2,2,0,0,2,2
C-clinical-11-01856#7,1,2,2,2,2,1,1,2,2,1,1,1,1,1,1,1,1,2,2,0,1,0,1,2,2,0,1,1,1
C-clinical-11-01856#8,2,2,2,2,2,1,2,1,2,1,2,2,2,1,2,1,2,2,2,2,2,1,2,1,2,1,2,1,2
C-clinical-11-01856#9,0,2,2,2,2,2,2,2,2,2,2,2,2,0,0,0,0,2,2,0,2,2,2,2,2,0,2,2,2
C-clinical-11-01857#0,2,2,2,2,2,1,2,2,2,2,2,2,2,0,2,2,2,2,2,2,2,2,2,2,2,2,2,2,2
C-clinical-11-01857#1,0,2,2,2,2,0,0,2,2,2,2,2,2,2,2,2,2,2,2,0,0,2,2,2,2,2,2,0,0
C-clinical-11-01857#10,2,2,2,2,2,2,2,2,2,2,2,2,2,2,2,2,2,0,2,2,2,2,2,0,2,0,2,2,2
C-clinical-11-01857#11,0,2,2,2,2,0,0,2,2,0,0,0,0,2,2,2,2,2,2,0,0,2,2,2,2,2,2,2,2
C-clinical-11-01857#2,1,2,2,2,2,2,2,2,2,2,2,0,1,2,2,2,2,2,2,2,2,2,2,2,2,2,2,2,2
C-clinical-11-01857#3,2,2,2,2,2,2,2,2,2,2,2,2,2,2,2,2,2,2,2,0,2,2,2,2,2,2,2,2,2
C-clinical-11-01857#4,2,2,2,2,2,1,2,2,2,2,2,2,2,2,2,2,2,2,2,2,2,2,2,2,2,2,2,2,2
C-clinical-11-01857#5,2,2,2,2,2,1,2,2,2,2,2,2,2,2,2,1,2,0,2,1,2,2,2,2,2,2,2,2,2
C-clinical-11-01857#6,2,2,2,2,2,2,2,2,2,1,2,1,2,1,2,0,2,2,2,2,2,2,2,2,2,2,2,2,2
C-clinical-11-01857#7,2,1,2,0,2,0,2,0,2,1,2,0,2,1,2,1,2,0,2,2,2,2,2,0,2,2,2,1,2
C-clinical-11-01857#8,2,2,2,2,2,2,2,2,2,2,2,0,2,2,2,0,2,2,2,0,2,2,2,2,2,2,2,0,2
C-clinical-11-01857#9,0,1,1,1,1,0,0,1,1,2,2,0,0,0,0,0,0,2,2,1,1,1,1,1,1,1,1,1,1
C-clinical-11-01858#0,0,2,2,2,2,2,2,2,2,2,2,2,2,0,0,2,2,2,2,2,2,2,2,2,2,2,2,2,2
C-clinical-11-01858#1,1,1,1,1,1,1,1,1,1,2,2,0,1,0,1,0,1,2,2,1,1,1,1,1,1,1,1,0,1
C-clinical-11-01858#2,0,2,2,2,2,2,2,2,2,2,2,1,2,2,2,2,2,2,2,2,2,2,2,2,2,2,2,2,2
C-clinical-11-01858#3,0,2,2,2,2,2,2,2,2,2,2,0,0,2,2,2,2,2,2,2,2,2,2,2,2,2,2,2,2
C-clinical-11-01858#4,2,2,2,2,2,2,2,2,2,2,2,2,2,2,2,2,2,2,2,2,2,2,2,2,2,2,2,2,2
C-clinical-11-01858#5,0,2,2,2,2,2,2,2,2,2,2,0,0,2,2,2,2,2,2,2,2,2,2,2,2,2,2,2,2
C-clinical-11-01858#6,0,2,2,2,2,2,2,2,2,2,2,0,2,2,2,2,2,2,2,2,2,2,2,2,2,2,2,2,2
C-clinical-11-01858#7,0,2,2,2,2,2,2,2,2,2,2,0,2,2,2,2,2,2,2,2,2,2,2,2,2,2,2,2,2
C-clinical-11-01861#0,0,2,2,2,2,2,2,2,2,2,2,0,0,0,0,2,2,2,2,2,2,2,2,2,2,2,2,2,2
C-clinical-11-01861#1,0,2,2,2,2,2,2,2,2,2,2,0,0,0,0,0,2,2,2,2,2,2,2,2,2,2,2,2,2
C-clinical-11-01861#2,0,2,2,2,2,2,2,2,2,2,2,2,2,2,2,2,2,2,2,2,2,2,2,0,0,0,0,2,2
C-clinical-11-01861#3,0,2,2,2,2,2,2,2,2,2,2,0,2,2,2,2,2,2,2,2,2,2,2,0,0,0,0,2,2
C-clinical-11-01861#4,0,2,2,2,2,2,2,2,2,2,2,0,0,2,2,2,2,2,2,2,2,2,2,2,2,0,0,2,2
C-clinical-11-01861#5,2,2,2,2,2,2,2,2,2,1,2,1,2,1,2,1,2,2,2,2,2,2,2,2,2,0,2,2,2
C-clinical-11-01865#0,2,2,2,2,2,2,2,2,2,2,2,0,2,1,2,0,2,2,2,2,2,2,2,2,2,2,2,2,2
C-clinical-11-01865#1,0,2,2,2,2,2,2,2,2,2,2,0,0,0,0,0,0,2,2,2,2,2,2,2,2,2,2,2,2
C-clinical-11-01865#2,2,2,2,2,2,2,2,2,2,1,2,0,2,1,2,1,2,0,2,2,2,0,2,1,2,1,2,1,2
C-clinical-11-01865#3,2,2,2,2,2,2,2,2,2,1,2,0,2,0,2,0,2,2,2,2,2,2,2,2,2,2,2,2,2
C-clinical-11-01866#0,0,2,2,2,2,2,2,2,2,2,2,2,2,0,0,0,0,2,2,2,2,2,2,2,2,2,2,2,2
C-clinical-11-01866#1,2,2,2,2,2,2,2,2,2,2,2,2,2,2,2,2,2,2,2,2,2,2,2,2,2,2,2,2,2
C-clinical-11-01866#10,0,2,2,2,2,2,2,2,2,2,2,0,0,0,0,0,2,2,2,2,2,2,2,0,2,2,2,2,2
C-clinical-11-01866#11,0,2,2,2,2,2,2,2,2,2,2,0,0,2,2,2,2,2,2,0,0,2,2,2,2,2,2,2,2
C-clinical-11-01866#12,2,2,2,2,2,2,2,2,2,2,2,2,2,1,2,2,2,2,2,2,2,2,2,2,2,0,2,2,2
C-clinical-11-01866#13,0,2,2,2,2,2,2,2,2,2,2,2,2,0,0,0,0,2,2,2,2,2,2,0,2,0,2,2,2
C-clinical-11-01866#2,0,2,2,2,2,2,2,2,2,2,2,2,2,0,0,0,0,2,2,2,2,2,2,0,2,0,2,2,2
C-clinical-11-01866#3,0,2,2,2,2,2,2,2,2,2,2,0,0,2,2,2,2,2,2,0,2,2,2,2,2,2,2,2,2
C-clinical-11-01866#4,2,2,2,2,2,2,2,2,2,2,2,0,2,2,2,2,2,2,2,2,2,2,2,2,2,2,2,2,2
C-clinical-11-01866#5,0,2,2,2,2,2,2,2,2,2,2,0,0,0,0,0,0,2,2,2,2,2,2,2,2,2,2,2,2
C-clinical-11-01866#6,2,2,2,2,2,2,2,2,2,2,2,2,2,2,2,2,2,2,2,2,2,2,2,2,2,2,2,2,2
C-clinical-11-01866#7,0,2,2,2,2,2,2,2,2,2,2,2,2,2,2,2,2,2,2,0,0,2,2,2,2,0,0,2,2
C-clinical-11-01866#8,2,2,2,2,2,1,2,2,2,2,2,2,2,2,2,2,2,2,2,2,2,2,2,2,2,2,2,2,2
C-clinical-11-01866#9,0,2,2,2,2,2,2,2,2,2,2,0,0,2,2,2,2,2,2,0,0,2,2,2,2,2,2,2,2
C-clinical-11-01869#0,0,2,2,2,2,2,2,2,2,2,2,2,2,2,2,2,2,2,2,2,2,2,2,2,2,2,2,2,2
C-clinical-11-01869#1,0,2,2,2,2,2,2,2,2,2,2,2,2,2,2,2,2,2,2,2,2,2,2,2,2,0,2,2,2
C-clinical-11-01869#2,1,2,2,2,2,2,2,2,2,1,1,0,1,2,2,1,1,2,2,1,1,2,2,2,2,2,2,2,2
C-clinical-11-01869#3,0,2,2,2,2,2,2,2,2,2,2,2,2,2,2,2,2,2,2,2,2,2,2,2,2,2,2,2,2
C-clinical-11-01871#0,0,2,2,2,2,2,2,2,2,2,2,0,0,2,2,1,1,2,2,2,2,2,2,2,2,2,2,2,2
C-clinical-11-01871#1,0,2,2,2,2,2,2,2,2,1,1,0,0,2,2,2,2,2,2,0,0,2,2,2,2,2,2,2,2
C-clinical-11-01871#2,2,2,2,2,2,2,2,2,2,2,2,0,2,2,2,0,2,2,2,2,2,2,2,2,2,2,2,2,2
C-clinical-11-01871#3,2,2,2,2,2,2,2,2,2,1,2,0,2,1,2,1,2,2,2,2,2,2,2,2,2,2,2,2,2
C-clinical-11-01871#4,2,2,2,2,2,2,2,2,2,1,2,0,2,2,2,1,2,2,2,0,2,2,2,2,2,2,2,2,2
C-clinical-11-01874#1,2,2,2,2,2,2,2,2,2,2,2,2,2,2,2,2,2,2,2,2,2,2,2,2,2,2,2,2,2
C-clinical-11-01874#2,1,1,1,1,1,1,1,1,1,0,1,0,1,1,1,0,1,0,1,2,2,1,1,1,1,2,2,2,2
C-clinical-11-01874#3,0,2,2,2,2,0,0,2,2,2,2,2,2,2,2,2,2,2,2,2,2,2,2,2,2,2,2,2,2
C-clinical-11-01874#4,2,2,2,2,2,2,2,2,2,2,2,2,2,2,2,2,2,2,2,2,2,2,2,2,2,2,2,2,2
C-clinical-11-01874#5,0,2,2,2,2,0,0,2,2,2,2,0,0,0,0,0,0,0,0,0,0,2,2,0,0,0,0,2,2
C-clinical-11-01874#6,0,2,2,2,2,0,0,2,2,2,2,0,0,0,0,0,0,0,0,0,0,2,2,0,0,0,0,2,2
C-clinical-11-01876#0,0,2,2,2,2,2,2,2,2,2,2,2,2,0,0,0,0,2,2,2,2,2,2,2,2,2,2,2,2
C-clinical-11-01876#1,2,2,2,2,2,2,2,2,2,2,2,2,2,1,2,1,2,0,2,1,2,2,2,2,2,2,2,2,2
C-clinical-11-01876#10,2,2,2,2,2,2,2,2,2,2,2,2,2,1,2,0,2,0,2,1,2,2,2,2,2,2,2,2,2
C-clinical-11-01876#11,2,2,2,2,2,0,2,2,2,1,2,2,2,1,2,1,2,2,2,1,2,2,2,2,2,2,2,2,2
C-clinical-11-01876#12,2,2,2,2,2,2,2,2,2,1,2,0,2,1,2,1,2,0,2,2,2,0,2,1,2,1,2,1,2
C-clinical-11-01876#13,0,2,2,2,2,1,1,2,2,2,2,0,0,1,1,1,1,1,1,1,1,1,1,1,1,2,2,2,2
C-clinical-11-01876#2,0,2,2,2,2,2,2,2,2,2,2,2,2,0,0,0,0,0,0,0,0,2,2,2,2,2,2,2,2
C-clinical-11-01876#3,1,2,2,2,2,1,1,1,1,1,1,0,1,1,1,1,1,0,1,1,1,2,2,0,1,2,2,2,2
C-clinical-11-01876#4,0,2,2,2,2,1,1,2,2,2,2,2,2,1,1,2,2,0,0,2,2,2,2,2,2,2,2,2,2
C-clinical-11-01876#5,2,2,2,2,2,2,2,2,2,1,2,0,2,1,2,1,2,2,2,2,2,0,2,0,2,0,2,1,2
C-clinical-11-01876#6,2,2,2,2,2,1,2,2,2,1,2,0,2,1,2,1,2,2,2,2,2,0,2,2,2,0,2,1,2
C-clinical-11-01876#7,1,1,1,1,1,1,1,2,2,1,1,1,1,1,1,1,1,0,1,0,1,1,1,1,1,0,1,1,1
C-clinical-11-01876#8,0,2,2,2,2,2,2,2,2,2,2,2,2,0,0,0,0,2,2,2,2,2,2,0,2,0,2,0,2
C-clinical-11-01876#9,0,2,2,2,2,2,2,2,2,2,2,0,0,0,0,0,0,2,2,0,0,2,2,2,2,2,2,2,2
C-clinical-11-01882#0,0,2,2,2,2,2,2,2,2,2,2,2,2,1,1,2,2,2,2,2,2,2,2,2,2,2,2,2,2
C-clinical-11-01882#1,2,2,2,2,2,2,2,2,2,2,2,2,2,2,2,2,2,2,2,2,2,2,2,2,2,2,2,2,2
C-clinical-11-01882#10,0,2,2,2,2,1,1,2,2,2,2,0,0,2,2,2,2,2,2,2,2,2,2,2,2,2,2,2,2
C-clinical-11-01882#2,0,2,2,2,2,2,2,2,2,2,2,2,2,2,2,2,2,2,2,2,2,2,2,0,2,2,2,2,2
C-clinical-11-01882#3,1,1,1,1,1,1,1,1,1,0,1,0,1,1,1,1,1,0,1,2,2,2,2,2,2,2,2,2,2
C-clinical-11-01882#5,2,2,2,2,2,2,2,2,2,2,2,0,2,2,2,2,2,2,2,2,2,2,2,2,2,2,2,2,2
C-clinical-11-01882#6,0,2,2,2,2,2,2,2,2,2,2,1,2,1,1,2,2,2,2,2,2,2,2,2,2,2,2,2,2
C-clinical-11-01882#7,0,2,2,1,1,0,0,1,1,2,2,0,0,0,0,0,0,1,1,1,1,1,1,1,1,0,0,0,0
C-clinical-11-01882#8,0,2,2,2,2,0,2,2,2,2,2,0,2,0,0,0,2,2,2,2,2,2,2,2,2,2,2,2,2
C-clinical-11-01882#9,0,2,2,2,2,2,2,2,2,2,2,2,2,2,2,2,2,2,2,2,2,2,2,0,0,2,2,2,2
C-clinical-11-01884#0,0,2,2,2,2,2,2,2,2,2,2,0,0,2,2,0,2,2,2,2,2,2,2,2,2,2,2,2,2
C-clinical-11-01884#1,0,2,2,2,2,2,2,2,2,2,2,0,0,0,0,2,2,2,2,2,2,2,2,0,2,0,2,2,2
C-clinical-11-01884#2,2,2,2,2,2,2,2,2,2,2,2,2,2,2,2,2,2,2,2,2,2,2,2,2,2,2,2,2,2
C-clinical-11-01884#3,0,2,2,2,2,2,2,2,2,2,2,2,2,0,0,0,0,2,2,2,2,2,2,2,2,2,2,2,2
C-clinical-11-01884#4,1,2,2,2,2,2,2,2,2,2,2,1,1,1,1,1,1,2,2,0,1,2,2,2,2,0,1,2,2
C-clinical-11-01884#5,2,2,2,2,2,2,2,2,2,1,2,0,2,1,2,1,2,0,2,2,2,0,2,0,2,1,2,1,2
C-clinical-11-01884#6,0,2,2,2,2,2,2,2,2,2,2,2,2,2,2,2,2,0,0,2,2,2,2,2,2,2,2,2,2
C-clinical-11-01884#7,2,2,2,2,2,1,2,2,2,2,2,2,2,2,2,2,2,0,2,2,2,2,2,2,2,2,2,2,2
C-clinical-11-01884#8,2,2,2,2,2,2,2,2,2,1,2,0,2,1,2,1,2,0,2,2,2,0,2,0,2,1,2,1,2
C-clinical-11-01884#9,2,2,2,2,2,1,2,2,2,2,2,2,2,2,2,2,2,0,2,2,2,2,2,2,2,2,2,2,2
C-clinical-11-01885#0,0,2,2,2,2,2,2,2,2,2,2,1,1,1,1,0,0,2,2,2,2,2,2,1,1,2,2,2,2
C-clinical-11-01885#1,2,2,2,2,2,2,2,2,2,2,2,0,2,2,2,2,2,2,2,2,2,2,2,2,2,2,2,2,2
C-clinical-11-01885#2,0,1,1,1,1,1,1,1,1,2,2,0,0,0,0,0,0,1,1,1,1,1,1,0,0,1,1,1,1
C-clinical-11-01885#3,0,2,2,2,2,2,2,2,2,2,2,0,0,2,2,0,0,2,2,2,2,2,2,0,0,2,2,2,2
C-clinical-11-01885#4,2,2,2,2,2,2,2,2,2,1,2,1,2,1,2,0,2,2,2,2,2,2,2,2,2,2,2,2,2
C-clinical-11-01885#5,0,2,2,2,2,2,2,2,2,2,2,2,2,2,2,2,2,2,2,2,2,2,2,2,2,0,0,2,2
C-clinical-11-01888#1,2,2,2,2,2,2,2,2,2,2,2,2,2,1,2,1,2,2,2,2,2,2,2,2,2,2,2,2,2
C-clinical-11-01888#2,2,2,2,2,2,2,2,2,2,2,2,2,2,2,2,0,2,2,2,2,2,2,2,2,2,2,2,2,2
C-clinical-11-01888#3,1,1,1,1,1,1,1,1,1,0,1,0,1,1,1,1,1,0,1,2,2,1,1,1,1,1,1,1,1
C-clinical-11-01888#4,1,2,2,2,2,2,2,0,1,2,2,0,1,2,2,1,1,2,2,1,1,2,2,1,1,2,2,2,2
C-clinical-11-01888#5,2,2,2,2,2,2,2,2,2,2,2,2,2,2,2,2,2,2,2,2,2,2,2,2,2,2,2,2,2
C-clinical-11-01888#6,0,2,2,2,2,2,2,2,2,2,2,2,2,2,2,2,2,2,2,0,0,2,2,2,2,2,2,2,2
C-clinical-11-01888#7,2,2,2,2,2,2,2,2,2,2,2,0,2,2,2,0,2,2,2,2,2,2,2,2,2,2,2,2,2
C-clinical-11-01888#9,1,2,2,2,2,1,1,2,2,2,2,2,2,2,2,2,2,2,2,2,2,2,2,2,2,2,2,2,2
C-clinical-11-01889#0,0,2,2,2,2,2,2,2,2,2,2,1,1,0,0,0,0,2,2,2,2,2,2,2,2,2,2,2,2
C-clinical-11-01889#1,0,2,2,2,2,2,2,2,2,2,2,2,2,2,2,1,1,0,0,2,2,2,2,2,2,2,2,2,2
C-clinical-11-01889#2,0,2,2,2,2,2,2,2,2,2,2,0,0,0,0,0,0,2,2,2,2,2,2,0,2,0,2,2,2
C-clinical-11-01889#3,0,1,1,1,1,1,1,1,1,2,2,0,0,0,0,0,0,1,1,1,1,1,1,1,1,1,1,1,1
C-clinical-11-01889#4,0,2,2,2,2,2,2,2,2,2,2,2,2,1,1,1,1,2,2,1,1,2,2,2,2,2,2,2,2
C-clinical-11-01889#5,0,2,2,2,2,2,2,2,2,2,2,2,2,2,2,1,1,2,2,2,2,2,2,2,2,2,2,2,2
C-clinical-11-01889#6,0,2,2,2,2,1,1,2,2,2,2,2,2,2,2,2,2,2,2,0,0,2,2,2,2,2,2,2,2
C-clinical-11-01890#0,2,2,2,2,2,2,2,2,2,2,2,1,2,0,2,2,2,2,2,2,2,2,2,2,2,2,2,2,2
C-clinical-11-01890#1,2,2,2,2,2,2,2,2,2,2,2,2,2,2,2,2,2,2,2,2,2,2,2,2,2,2,2,2,2
C-clinical-11-01890#2,2,2,2,2,2,0,2,2,2,2,2,2,2,2,2,2,2,2,2,1,2,2,2,2,2,2,2,2,2
C-clinical-11-01890#3,2,2,2,2,2,2,2,2,2,2,2,2,2,2,2,2,2,2,2,0,2,2,2,2,2,0,2,2,2
C-clinical-11-01890#4,0,1,1,1,1,0,0,1,1,2,2,0,0,0,0,0,0,2,2,1,1,1,1,1,1,2,2,1,1
C-clinical-11-01890#5,0,2,2,2,2,2,2,2,2,1,1,0,0,2,2,2,2,2,2,2,2,2,2,2,2,2,2,2,2
C-clinical-11-01890#6,2,2,2,1,2,0,2,1,2,1,2,1,2,1,2,1,2,1,2,2,2,1,2,1,2,1,2,1,2
C-clinical-11-01890#7,0,2,2,2,2,2,2,2,2,2,2,0,0,2,2,2,2,2,2,0,0,2,2,2,2,2,2,2,2
C-clinical-11-01892#0,2,2,2,2,2,2,2,2,2,2,2,0,2,1,2,1,2,0,2,1,2,2,2,2,2,2,2,2,2
C-clinical-11-01892#1,2,2,2,2,2,2,2,2,2,2,2,2,2,2,2,0,2,2,2,2,2,2,2,2,2,2,2,2,2
C-clinical-11-01892#10,2,2,2,2,2,2,2,2,2,2,2,2,2,2,2,2,2,2,2,0,2,2,2,2,2,2,2,2,2
C-clinical-11-01892#11,0,2,2,2,2,2,2,2,2,2,2,0,0,2,2,2,2,2,2,0,0,2,2,2,2,2,2,2,2
C-clinical-11-01892#12,0,2,2,2,2,2,2,2,2,2,2,2,2,2,2,2,2,2,2,2,2,2,2,2,2,2,2,2,2
C-clinical-11-01892#13,2,2,2,2,2,2,2,2,2,1,2,2,2,1,2,0,2,2,2,2,2,2,2,2,2,2,2,2,2
C-clinical-11-01892#2,2,2,2,2,2,2,2,2,2,2,2,2,2,0,2,0,2,0,2,2,2,2,2,2,2,2,2,0,2
C-clinical-11-01892#3,2,2,2,2,2,2,2,2,2,2,2,2,2,2,2,2,2,2,2,2,2,2,2,2,2,2,2,2,2
C-clinical-11-01892#4,0,0,0,1,1,0,0,1,1,2,2,0,0,0,0,0,0,1,1,1,1,1,1,1,1,1,1,0,0
C-clinical-11-01892#5,1,2,2,2,2,1,1,2,2,2,2,2,2,2,2,2,2,2,2,2,2,2,2,2,2,0,1,2,2
C-clinical-11-01892#6,2,1,2,0,2,0,2,2,2,1,2,0,2,1,2,1,2,2,2,2,2,2,2,2,2,2,2,1,2
C-clinical-11-01892#7,0,2,2,2,2,2,2,2,2,2,2,2,2,2,2,2,2,2,2,2,2,2,2,2,2,2,2,2,2
C-clinical-11-01892#8,2,2,2,2,2,2,2,2,2,2,2,2,2,2,2,2,2,2,2,0,2,2,2,2,2,0,2,2,2
C-clinical-11-01892#9,2,2,2,2,2,2,2,2,2,1,2,2,2,0,2,0,2,2,2,2,2,2,2,2,2,2,2,2,2
C-clinical-11-01894#0,0,2,2,2,2,2,2,2,2,2,2,2,2,2,2,1,2,2,2,2,2,2,2,2,2,2,2,2,2
C-clinical-11-01894#1,0,2,2,2,2,2,2,2,2,2,2,2,2,2,2,2,2,2,2,2,2,2,2,0,2,0,2,2,2
C-clinical-11-01894#2,0,2,2,2,2,2,2,2,2,2,2,2,2,0,0,0,2,0,2,2,2,2,2,0,2,0,2,2,2
C-clinical-11-01894#3,1,1,1,1,1,1,1,1,1,0,1,0,1,1,1,1,1,0,1,2,2,1,1,1,1,1,1,1,1
C-clinical-11-01894#4,0,2,2,2,2,2,2,2,2,2,2,0,0,0,0,0,0,2,2,2,2,2,2,2,2,2,2,2,2
C-clinical-11-01894#5,0,2,2,1,1,0,0,1,1,2,2,0,0,0,0,0,0,2,2,1,1,1,1,0,0,0,0,0,0
C-clinical-11-01894#6,0,2,2,2,2,2,2,2,2,2,2,0,2,0,0,0,2,2,2,2,2,2,2,0,2,0,2,2,2
C-clinical-11-01894#7,0,2,2,1,1,0,0,1,1,2,2,0,0,0,0,0,0,2,2,1,1,1,1,0,0,0,0,0,0
C-clinical-11-01900#0,2,2,2,2,2,2,2,2,2,2,2,2,2,2,2,2,2,2,2,2,2,2,2,2,2,2,2,2,2
C-clinical-11-01900#1,1,1,1,1,1,1,1,1,1,0,1,0,1,1,1,1,1,0,1,2,2,2,2,2,2,2,2,2,2
C-clinical-11-01900#2,0,2,2,1,1,1,1,1,1,2,2,0,0,0,0,0,0,2,2,1,1,1,1,1,1,1,1,1,1
C-clinical-11-01906#0,0,2,2,2,2,2,2,2,2,2,2,0,0,0,0,2,2,2,2,2,2,2,2,2,2,2,2,2,2
C-clinical-11-01906#1,0,2,2,2,2,2,2,2,2,2,2,0,0,1,1,2,2,2,2,2,2,2,2,2,2,2,2,2,2
C-clinical-11-01906#2,2,2,2,2,2,2,2,2,2,2,2,0,2,2,2,2,2,2,2,2,2,2,2,2,2,2,2,2,2
C-clinical-11-01906#3,0,1,1,1,1,1,1,1,1,2,2,0,0,0,0,0,0,0,0,1,1,1,1,1,1,1,1,1,1
C-clinical-11-01906#4,0,2,2,2,2,2,2,2,2,0,2,0,0,2,2,2,2,0,2,2,2,2,2,2,2,2,2,2,2
C-clinical-11-01908#0,2,2,2,2,2,2,2,2,2,2,2,2,2,2,2,2,2,2,2,2,2,2,2,2,2,2,2,2,2
C-clinical-11-01908#1,2,2,2,2,2,2,2,2,2,2,2,2,2,2,2,2,2,2,2,2,2,2,2,2,2,2,2,2,2
C-clinical-11-01908#2,2,2,2,2,2,2,2,2,2,2,2,2,2,2,2,1,2,2,2,0,2,2,2,2,2,2,2,2,2
C-clinical-11-01908#3,2,2,2,2,2,2,2,2,2,2,2,0,2,0,2,0,2,2,2,2,2,2,2,2,2,2,2,2,2
C-clinical-11-01909#0,0,2,2,2,2,2,2,2,2,2,2,2,2,0,0,0,0,2,2,2,2,2,2,2,2,2,2,2,2
C-clinical-11-01909#1,2,2,2,2,2,2,2,2,2,2,2,2,2,0,2,0,2,2,2,2,2,2,2,2,2,2,2,2,2
C-clinical-11-01909#10,0,2,2,2,2,1,1,2,2,2,2,0,0,2,2,1,1,2,2,1,1,1,1,1,1,2,2,2,2
C-clinical-11-01909#11,1,2,2,2,2,0,1,2,2,1,1,0,1,1,1,1,1,2,2,0,1,2,2,2,2,0,1,1,1
C-clinical-11-01909#2,0,2,2,2,2,2,2,2,2,0,0,2,2,0,0,0,0,2,2,0,0,2,2,2,2,2,2,2,2
C-clinical-11-01909#3,0,1,1,2,2,1,1,2,2,0,0,2,2,2,2,1,1,2,2,1,1,2,2,2,2,2,2,2,2
C-clinical-11-01909#4,0,2,2,2,2,1,1,2,2,2,2,0,0,2,2,1,1,2,2,0,0,2,2,0,0,2,2,2,2
C-clinical-11-01909#5,2,2,2,2,2,0,2,0,2,2,2,2,2,2,2,2,2,2,2,2,2,2,2,2,2,2,2,2,2
C-clinical-11-01909#6,1,2,2,2,2,1,1,2,2,1,1,0,1,1,1,1,1,2,2,0,1,2,2,2,2,0,1,1,1
C-clinical-11-01909#7,2,2,2,1,2,1,2,1,2,0,2,1,2,1,2,1,2,2,2,2,2,1,2,0,2,1,2,1,2
C-clinical-11-01909#8,2,2,2,1,2,0,2,1,2,0,2,1,2,1,2,1,2,1,2,2,2,1,2,0,2,1,2,1,2
C-clinical-11-01909#9,0,2,2,2,2,2,2,2,2,2,2,2,2,0,0,0,0,2,2,2,2,2,2,2,2,2,2,2,2
C-clinical-11-01910#0,0,2,2,2,2,2,2,2,2,2,2,0,0,0,0,0,0,2,2,2,2,2,2,2,2,2,2,2,2
C-clinical-11-01910#1,0,2,2,2,2,2,2,2,2,2,2,0,0,2,2,0,0,2,2,2,2,2,2,2,2,0,0,0,0
C-clinical-11-01910#10,2,2,2,2,2,2,2,2,2,1,2,0,2,1,2,1,2,2,2,2,2,0,2,1,2,1,2,1,2
C-clinical-11-01910#11,2,2,2,2,2,1,2,2,2,2,2,2,2,2,2,2,2,2,2,2,2,2,2,2,2,2,2,2,2
C-clinical-11-01910#12,0,2,2,2,2,2,2,2,2,2,2,0,0,2,2,2,2,0,0,0,0,2,2,2,2,2,2,2,2
C-clinical-11-01910#2,0,2,2,2,2,2,2,2,2,2,2,2,2,2,2,2,2,2,2,2,2,2,2,2,2,0,0,2,2
C-clinical-11-01910#3,0,2,2,2,2,2,2,2,2,2,2,0,0,2,2,2,2,2,2,2,2,2,2,2,2,2,2,2,2
C-clinical-11-01910#4,0,2,2,2,2,0,2,2,2,2,2,0,0,2,2,0,0,2,2,2,2,2,2,2,2,0,0,0,0
C-clinical-11-01910#5,0,2,2,2,2,2,2,2,2,2,2,0,0,2,2,2,2,2,2,0,0,2,2,2,2,2,2,2,2
C-clinical-11-01910#6,0,2,2,2,2,2,2,2,2,2,2,2,2,2,2,2,2,2,2,2,2,2,2,2,2,0,0,2,2
C-clinical-11-01910#7,2,2,2,2,2,2,2,2,2,2,2,2,2,2,2,2,2,2,2,2,2,2,2,2,2,2,2,2,2
C-clinical-11-01910#8,0,2,2,2,2,2,2,2,2,2,2,2,2,2,2,2,2,2,2,2,2,2,2,2,2,0,0,2,2
C-clinical-11-01910#9,2,2,2,2,2,2,2,2,2,1,2,1,2,1,2,1,2,2,2,2,2,2,2,2,2,0,2,2,2
C-clinical-11-01911#0,0,2,2,2,2,2,2,2,2,2,2,0,1,2,2,1,1,2,2,2,2,2,2,2,2,2,2,2,2
C-clinical-11-01911#1,0,2,2,2,2,2,2,2,2,2,2,2,2,2,2,0,0,2,2,2,2,2,2,2,2,0,2,2,2
C-clinical-11-01911#2,0,1,1,1,1,0,0,1,1,2,2,0,0,0,0,0,0,0,0,0,0,1,1,0,0,0,0,1,1
C-clinical-11-01915#0,0,2,2,2,2,2,2,2,2,2,2,0,1,2,2,1,1,2,2,2,2,2,2,2,2,2,2,2,2
C-clinical-11-01915#1,0,2,2,2,2,2,2,2,2,2,2,0,0,2,2,2,2,2,2,2,2,2,2,2,2,2,2,2,2
C-clinical-11-01915#10,0,2,2,2,2,2,2,2,2,2,2,2,2,2,2,2,2,2,2,2,2,2,2,2,2,2,2,2,2
C-clinical-11-01915#11,2,2,2,2,2,2,2,2,2,2,2,2,2,2,2,2,2,2,2,2,2,2,2,2,2,2,2,2,2
C-clinical-11-01915#2,0,2,2,2,2,2,2,2,2,2,2,2,2,2,2,2,2,2,2,2,2,2,2,0,0,2,2,2,2
C-clinical-11-01915#3,0,2,2,2,2,2,2,2,2,2,2,2,2,2,2,0,2,2,2,2,2,2,2,0,2,0,2,2,2
C-clinical-11-01915#4,0,2,2,2,2,2,2,2,2,2,2,2,2,2,2,2,2,2,2,2,2,2,2,2,2,2,2,2,2
C-clinical-11-01915#5,2,2,2,2,2,2,2,2,2,2,2,2,2,2,2,2,2,2,2,2,2,2,2,2,2,2,2,2,2
C-clinical-11-01915#6,0,2,2,2,2,2,2,2,2,2,2,2,2,0,0,2,2,2,2,2,2,2,2,2,2,2,2,2,2
C-clinical-11-01915#7,2,2,2,2,2,1,2,2,2,2,2,2,2,2,2,2,2,2,2,2,2,2,2,2,2,2,2,2,2
C-clinical-11-01915#8,2,2,2,2,2,2,2,2,2,1,2,1,2,0,2,0,2,2,2,2,2,2,2,2,2,2,2,2,2
C-clinical-11-01915#9,2,2,2,2,2,2,2,2,2,1,2,0,2,1,2,1,2,2,2,2,2,0,2,1,2,1,2,1,2
C-clinical-11-01919#0,0,2,2,2,2,2,2,2,2,2,2,0,0,0,0,1,1,2,2,2,2,2,2,2,2,2,2,2,2
C-clinical-11-01919#1,0,2,2,2,2,1,1,1,1,1,1,0,0,2,2,1,1,1,1,1,1,2,2,2,2,2,2,2,2
C-clinical-11-01919#2,2,2,2,2,2,2,2,2,2,2,2,2,2,2,2,2,2,2,2,2,2,2,2,2,2,2,2,2,2
C-clinical-11-01919#3,2,2,2,2,2,2,2,2,2,2,2,2,2,2,2,0,2,2,2,2,2,2,2,0,2,2,2,2,2
C-clinical-11-01919#4,1,2,2,2,2,1,1,2,2,2,2,2,2,1,1,1,1,2,2,0,1,2,2,2,2,2,2,2,2
C-clinical-11-01919#5,0,2,2,2,2,2,2,2,2,2,2,0,0,2,2,2,2,2,2,0,2,2,2,0,2,0,2,2,2
C-clinical-11-01919#6,0,2,2,2,2,2,2,2,2,2,2,0,0,2,2,2,2,0,2,0,2,2,2,0,2,0,2,2,2
C-clinical-11-01919#7,2,2,2,2,2,1,2,2,2,2,2,0,2,2,2,2,2,2,2,2,2,2,2,2,2,2,2,2,2
C-clinical-11-01919#8,2,2,2,2,2,2,2,2,2,2,2,0,2,2,2,0,2,2,2,2,2,2,2,0,2,0,2,2,2
C-clinical-11-01919#9,2,2,2,2,2,1,2,2,2,2,2,0,2,2,2,2,2,2,2,2,2,2,2,2,2,2,2,2,2
C-clinical-11-01921#0,2,2,2,2,2,2,2,2,2,2,2,2,2,1,2,2,2,2,2,2,2,2,2,2,2,2,2,2,2
C-clinical-11-01921#1,2,2,2,2,2,0,2,2,2,2,2,2,2,2,2,2,2,2,2,0,2,2,2,2,2,2,2,2,2
C-clinical-11-01921#2,0,2,2,2,2,2,2,2,2,2,2,2,2,2,2,2,2,2,2,2,2,2,2,2,2,2,2,2,2
C-clinical-11-01921#3,1,1,1,1,1,1,1,1,1,0,1,0,1,0,1,0,1,0,1,2,2,1,1,1,1,2,2,2,2
C-clinical-11-01921#4,0,2,2,2,2,1,1,0,0,0,0,2,2,2,2,2,2,0,0,2,2,0,0,0,0,0,0,2,2
C-clinical-11-01921#5,2,2,2,2,2,2,2,2,2,2,2,2,2,2,2,2,2,2,2,2,2,2,2,2,2,2,2,2,2
C-clinical-11-01924#0,0,2,2,2,2,2,2,2,2,2,2,2,2,2,2,0,0,2,2,2,2,2,2,2,2,2,2,2,2
C-clinical-11-01924#2,0,2,2,2,2,2,2,2,2,2,2,0,0,2,2,2,2,2,2,2,2,2,2,2,2,2,2,2,2
C-clinical-11-01924#3,0,2,2,2,2,2,2,2,2,2,2,0,0,1,1,1,1,2,2,2,2,2,2,2,2,2,2,2,2
C-clinical-11-01924#4,0,2,2,2,2,2,2,2,2,2,2,0,0,2,2,2,2,2,2,2,2,2,2,2,2,2,2,2,2
C-clinical-11-01924#5,2,2,2,2,2,2,2,2,2,2,2,2,2,2,2,2,2,2,2,2,2,2,2,2,2,0,2,2,2
C-clinical-11-01924#6,0,2,2,2,2,1,1,1,1,0,0,0,0,2,2,2,2,1,1,0,0,2,2,2,2,0,0,2,2
C-clinical-11-01924#7,2,2,2,2,2,2,2,2,2,2,2,2,2,2,2,2,2,2,2,2,2,2,2,2,2,2,2,2,2
C-clinical-11-01925#0,0,2,2,2,2,2,2,2,2,2,2,2,2,2,2,2,2,2,2,2,2,2,2,2,2,2,2,2,2
C-clinical-11-01925#1,1,1,1,1,1,1,1,1,1,0,1,0,1,1,1,1,1,0,1,2,2,1,1,2,2,2,2,2,2
C-clinical-11-01925#2,2,2,2,2,2,2,2,2,2,2,2,0,2,2,2,2,2,2,2,2,2,2,2,2,2,2,2,2,2
C-clinical-11-01925#3,0,2,2,2,2,2,2,2,2,2,2,1,1,2,2,1,1,2,2,2,2,2,2,2,2,2,2,2,2
C-clinical-11-01925#4,2,2,2,2,2,2,2,2,2,2,2,0,2,2,2,2,2,2,2,2,2,2,2,2,2,2,2,2,2
C-clinical-11-01927#0,0,2,2,2,2,2,2,2,2,2,2,2,2,2,2,0,0,2,2,2,2,2,2,2,2,2,2,2,2
C-clinical-11-01927#1,2,2,2,2,2,2,2,2,2,2,2,2,2,2,2,1,2,2,2,0,2,2,2,2,2,2,2,2,2
C-clinical-11-01927#2,0,2,2,2,2,2,2,2,2,2,2,2,2,2,2,0,0,2,2,2,2,2,2,2,2,2,2,2,2
C-clinical-11-01927#3,0,2,2,2,2,2,2,2,2,2,2,0,0,0,0,0,0,2,2,2,2,2,2,2,2,0,0,2,2
C-clinical-11-01927#4,0,2,2,2,2,1,1,2,2,1,1,0,0,2,2,2,2,2,2,1,1,2,2,2,2,2,2,1,1
C-clinical-11-01927#5,0,0,0,2,2,2,2,2,2,0,0,0,0,2,2,2,2,0,0,0,0,2,2,2,2,2,2,2,2
C-clinical-11-01927#6,0,2,2,2,2,2,2,2,2,2,2,2,2,2,2,2,2,2,2,2,2,2,2,0,0,2,2,2,2
C-clinical-11-01927#7,2,2,2,2,2,2,2,2,2,1,2,0,2,1,2,1,2,0,2,2,2,2,2,2,2,2,2,2,2
C-clinical-11-01927#8,0,2,2,2,2,2,2,2,2,2,2,2,2,2,2,2,2,2,2,0,0,2,2,2,2,2,2,2,2
C-clinical-11-01927#9,0,2,2,2,2,1,1,2,2,2,2,2,2,2,2,2,2,2,2,2,2,2,2,0,0,0,0,2,2
C-clinical-11-01928#0,0,2,2,2,2,2,2,2,2,2,2,1,1,0,0,2,2,2,2,2,2,2,2,2,2,2,2,2,2
C-clinical-11-01928#1,0,2,2,2,2,2,2,2,2,2,2,0,0,0,0,0,2,0,2,2,2,2,2,0,2,0,2,2,2
C-clinical-11-01928#2,0,2,2,2,2,1,1,1,1,2,2,1,1,0,0,0,1,2,2,0,1,1,1,0,1,1,1,2,2
C-clinical-11-01928#3,2,2,2,2,2,2,2,2,2,2,2,2,2,2,2,2,2,0,2,2,2,2,2,2,2,0,2,2,2
C-clinical-11-01928#4,2,2,2,2,2,1,2,2,2,2,2,2,2,2,2,2,2,2,2,1,2,2,2,2,2,2,2,2,2
C-clinical-11-01928#5,0,2,2,1,1,1,1,1,1,2,2,0,0,0,0,0,0,0,0,1,1,1,1,1,1,1,1,1,1
C-clinical-11-01930#0,0,2,2,2,2,2,2,2,2,2,2,0,0,0,0,0,0,2,2,2,2,2,2,2,2,2,2,2,2
C-clinical-11-01930#2,2,2,2,2,2,2,2,2,2,2,2,2,2,2,2,2,2,2,2,2,2,2,2,2,2,2,2,2,2
C-clinical-11-01930#3,0,2,2,2,2,2,2,2,2,2,2,0,0,0,0,0,0,2,2,2,2,2,2,2,2,2,2,2,2
C-clinical-11-01930#4,0,2,2,2,2,2,2,2,2,2,2,2,2,0,0,0,0,2,2,2,2,2,2,2,2,2,2,2,2
C-clinical-11-01930#5,0,1,1,1,1,1,1,1,1,2,2,0,0,0,0,0,0,1,1,1,1,1,1,1,1,1,1,1,1
C-clinical-11-01930#6,2,2,2,2,2,2,2,2,2,2,2,0,2,2,2,2,2,2,2,2,2,2,2,2,2,2,2,2,2
C-clinical-11-01931#0,0,2,2,2,2,2,2,2,2,2,2,2,2,2,2,2,2,2,2,2,2,2,2,2,2,2,2,2,2
C-clinical-11-01931#1,0,2,2,2,2,2,2,2,2,2,2,2,2,2,2,2,2,2,2,0,2,2,2,2,2,2,2,2,2
C-clinical-11-01931#2,0,2,2,2,2,2,2,2,2,2,2,2,2,2,2,2,2,2,2,2,2,2,2,2,2,2,2,2,2
C-clinical-11-01931#3,1,1,1,1,1,1,1,1,1,0,1,0,1,1,1,1,1,0,1,2,2,1,1,2,2,2,2,2,2
C-clinical-11-01932#0,0,2,2,2,2,2,2,2,2,2,2,0,0,1,1,1,1,2,2,2,2,2,2,2,2,2,2,2,2
C-clinical-11-01932#1,0,2,2,2,2,2,2,2,2,2,2,0,0,0,0,0,0,2,2,2,2,2,2,0,2,0,2,2,2
C-clinical-11-01932#10,0,2,2,2,2,2,2,2,2,1,1,0,0,2,2,2,2,2,2,2,2,2,2,2,2,2,2,2,2
C-clinical-11-01932#2,0,2,2,2,2,0,0,2,2,2,2,0,0,2,2,2,2,2,2,0,0,2,2,2,2,0,0,2,2
C-clinical-11-01932#3,0,2,2,2,2,0,0,2,2,2,2,2,2,2,2,2,2,2,2,2,2,2,2,2,2,2,2,2,2
C-clinical-11-01932#4,2,2,2,2,2,2,2,2,2,2,2,2,2,2,2,1,2,2,2,0,2,2,2,2,2,2,2,2,2
C-clinical-11-01932#5,0,2,2,2,2,2,2,2,2,2,2,2,2,2,2,0,0,2,2,0,0,2,2,2,2,2,2,0,0
C-clinical-11-01932#6,0,2,2,2,2,2,2,2,2,2,2,2,2,2,2,2,2,2,2,2,2,2,2,0,0,0,0,2,2
C-clinical-11-01932#7,0,2,2,2,2,2,2,2,2,2,2,0,0,1,1,0,0,2,2,2,2,2,2,2,2,2,2,2,2
C-clinical-11-01932#8,0,2,2,2,2,2,2,2,2,2,2,0,0,0,0,2,2,2,2,0,0,2,2,2,2,2,2,2,2
C-clinical-11-01932#9,0,2,2,2,2,2,2,2,2,2,2,0,0,0,0,0,2,2,2,2,2,2,2,2,2,0,2,0,2
C-clinical-11-01934#0,0,2,2,2,2,2,2,2,2,2,2,1,1,0,0,0,0,2,2,2,2,2,2,2,2,2,2,2,2
C-clinical-11-01934#10,2,2,2,2,2,2,2,2,2,2,2,0,2,2,2,0,2,2,2,2,2,2,2,2,2,2,2,2,2
C-clinical-11-01934#11,0,2,2,2,2,2,2,2,2,2,2,0,0,0,0,0,0,2,2,0,0,2,2,2,2,2,2,2,2
C-clinical-11-01934#12,2,2,2,2,2,2,2,2,2,2,2,2,2,2,2,2,2,2,2,2,2,2,2,2,2,2,2,2,2
C-clinical-11-01934#2,2,2,2,2,2,2,2,2,2,2,2,0,2,2,2,2,2,2,2,2,2,2,2,2,2,2,2,2,2
C-clinical-11-01934#3,0,2,2,2,2,2,2,2,2,2,2,0,0,0,0,2,2,2,2,0,0,2,2,2,2,2,2,2,2
C-clinical-11-01934#4,2,2,2,2,2,2,2,2,2,2,2,0,2,2,2,2,2,2,2,2,2,2,2,2,2,2,2,2,2
C-clinical-11-01934#5,0,2,2,2,2,2,2,2,2,2,2,2,2,0,0,0,0,2,2,2,2,2,2,0,2,0,2,2,2
C-clinical-11-01934#6,2,2,2,2,2,2,2,2,2,1,2,0,2,1,2,0,2,2,2,2,2,2,2,2,2,2,2,2,2
C-clinical-11-01934#7,2,2,2,2,2,0,2,2,2,2,2,2,2,2,2,1,2,2,2,2,2,2,2,2,2,2,2,2,2
C-clinical-11-01934#8,0,2,2,2,2,2,2,2,2,2,2,2,2,2,2,2,2,2,2,2,2,2,2,2,2,2,2,2,2
C-clinical-11-01934#9,2,2,2,2,2,2,2,2,2,2,2,2,2,2,2,1,2,2,2,2,2,2,2,2,2,2,2,2,2
C-clinical-11-01936#0,0,2,2,2,2,2,2,2,2,2,2,1,1,1,1,0,0,2,2,2,2,2,2,2,2,2,2,2,2
C-clinical-11-01936#1,0,2,2,2,2,2,2,2,2,1,1,0,0,1,1,1,1,2,2,0,0,2,2,2,2,0,0,2,2
C-clinical-11-01936#2,0,2,2,2,2,2,2,2,2,2,2,0,0,2,2,0,0,0,2,2,2,2,2,0,2,0,2,2,2
C-clinical-11-01936#3,2,2,2,2,2,2,2,2,2,2,2,0,2,2,2,2,2,2,2,2,2,2,2,2,2,2,2,2,2
C-clinical-11-01936#4,0,1,1,1,1,1,1,1,1,2,2,2,2,0,0,0,0,2,2,1,1,1,1,1,1,0,0,1,1
C-clinical-11-01936#5,0,2,2,2,2,2,2,2,2,2,2,2,2,2,2,2,2,2,2,1,1,2,2,2,2,2,2,2,2
C-clinical-11-01936#6,2,2,2,2,2,2,2,2,2,2,2,0,2,1,2,1,2,2,2,2,2,0,2,2,2,0,2,2,2
C-clinical-11-01936#7,2,2,2,2,2,2,2,2,2,2,2,2,2,2,2,2,2,2,2,2,2,2,2,2,2,2,2,2,2
C-clinical-11-01936#8,2,2,2,2,2,0,2,2,2,2,2,0,2,2,2,1,2,2,2,0,2,2,2,2,2,2,2,2,2
C-clinical-11-01942#0,0,2,2,2,2,2,2,2,2,2,2,0,0,2,2,0,1,2,2,2,2,2,2,2,2,2,2,2,2
C-clinical-11-01942#1,0,2,2,2,2,2,2,2,2,2,2,0,0,2,2,0,2,2,2,0,2,2,2,2,2,2,2,2,2
C-clinical-11-01942#2,0,2,2,2,2,2,2,2,2,2,2,0,0,0,0,0,0,2,2,2,2,2,2,2,2,2,2,2,2
C-clinical-11-01942#3,0,2,2,2,2,2,2,2,2,2,2,0,0,2,2,2,2,2,2,2,2,2,2,2,2,0,2,2,2
C-clinical-11-01943#0,0,2,2,2,2,2,2,2,2,2,2,2,2,1,1,0,0,2,2,2,2,2,2,2,2,2,2,2,2
C-clinical-11-01943#1,0,2,2,2,2,2,2,2,2,2,2,0,2,0,0,0,0,2,2,2,2,2,2,2,2,2,2,2,2
C-clinical-11-01943#2,0,2,2,2,2,2,2,2,2,2,2,2,2,2,2,2,2,2,2,2,2,2,2,2,2,2,2,2,2
C-clinical-11-01943#3,0,2,2,2,2,2,2,2,2,2,2,0,0,2,2,2,2,2,2,2,2,2,2,2,2,2,2,0,2
C-clinical-11-01943#4,0,2,2,2,2,2,2,2,2,2,2,0,0,2,2,0,2,2,2,2,2,2,2,2,2,0,2,2,2
C-clinical-11-01947#0,0,2,2,2,2,2,2,2,2,2,2,0,0,1,1,0,0,2,2,2,2,2,2,2,2,2,2,2,2
C-clinical-11-01947#1,0,2,2,2,2,2,2,2,2,2,2,0,0,0,0,0,0,2,2,2,2,2,2,2,2,0,2,2,2
C-clinical-11-01947#2,2,2,2,2,2,2,2,2,2,2,2,2,2,0,2,2,2,2,2,2,2,2,2,1,2,2,2,2,2
C-clinical-11-01947#3,2,2,2,2,2,2,2,2,2,1,2,0,2,1,2,1,2,2,2,2,2,0,2,2,2,0,2,1,2
C-clinical-11-01947#4,2,2,2,2,2,2,2,2,2,1,2,0,2,2,2,2,2,2,2,0,2,2,2,2,2,2,2,2,2
C-clinical-11-01948#0,0,2,2,2,2,2,2,2,2,2,2,0,2,0,0,0,0,0,0,0,0,2,2,2,2,2,2,2,2
C-clinical-11-01948#1,2,2,2,2,2,2,2,2,2,2,2,0,2,2,2,2,2,2,2,2,2,2,2,2,2,2,2,2,2
C-clinical-11-01948#2,0,2,2,2,2,2,2,2,2,1,1,0,0,2,2,2,2,2,2,0,0,2,2,2,2,0,0,2,2
C-clinical-11-01948#3,1,2,2,2,2,2,2,2,2,2,2,2,2,2,2,2,2,2,2,2,2,2,2,2,2,2,2,2,2
C-clinical-11-01948#4,2,2,2,2,2,2,2,2,2,2,2,0,2,2,2,0,2,2,2,2,2,2,2,2,2,2,2,2,2
C-clinical-11-01948#5,1,2,2,2,2,2,2,2,2,1,1,1,1,1,1,1,1,2,2,0,1,2,2,2,2,0,1,2,2
C-clinical-11-01948#6,0,2,2,2,2,2,2,2,2,2,2,2,2,0,0,0,0,0,0,0,0,2,2,2,2,0,2,2,2
C-clinical-11-01948#7,2,2,2,2,2,2,2,2,2,1,2,0,2,1,2,1,2,0,2,2,2,0,2,1,2,1,2,1,2
C-clinical-11-01948#8,2,2,2,2,2,0,2,2,2,2,2,2,2,2,2,2,2,0,2,2,2,2,2,2,2,2,2,2,2
C-clinical-11-01948#9,2,2,2,2,2,2,2,2,2,1,2,1,2,1,2,0,2,2,2,2,2,2,2,2,2,2,2,2,2
C-clinical-11-01954#0,0,2,2,2,2,2,2,2,2,2,2,0,2,0,0,2,2,2,2,2,2,2,2,2,2,2,2,2,2
C-clinical-11-01954#1,0,2,2,2,2,2,2,2,2,2,2,0,2,1,1,2,2,2,2,2,2,2,2,2,2,2,2,2,2
C-clinical-11-01954#2,0,1,1,1,1,1,1,1,1,1,1,0,0,1,1,1,1,2,2,1,1,0,0,2,2,0,0,1,1
C-clinical-11-01954#3,0,2,2,2,2,2,2,2,2,2,2,0,2,0,0,0,2,2,2,0,0,2,2,2,2,2,2,2,2
C-clinical-11-01954#4,0,2,2,2,2,2,2,2,2,2,2,2,2,2,2,2,2,2,2,2,2,2,2,2,2,2,2,2,2
C-clinical-11-01954#5,0,2,2,2,2,2,2,2,2,2,2,2,2,2,2,2,2,2,2,0,0,2,2,2,2,2,2,2,2
C-clinical-11-01960#0,0,2,2,2,2,2,2,2,2,2,2,2,2,0,0,0,0,2,2,2,2,2,2,2,2,2,2,2,2
C-clinical-11-01960#1,0,2,2,2,2,2,2,2,2,2,2,2,2,0,0,0,0,2,2,2,2,2,2,0,2,0,2,2,2
C-clinical-11-01960#2,0,2,2,2,2,2,2,2,2,0,0,2,2,1,1,1,1,2,2,1,1,2,2,2,2,0,0,2,2
C-clinical-11-01960#3,0,2,2,2,2,2,2,2,2,2,2,2,2,2,2,0,0,2,2,2,2,2,2,2,2,2,2,2,2
C-clinical-11-01961#0,0,2,2,2,2,2,2,2,2,2,2,0,0,1,1,0,0,2,2,2,2,2,2,2,2,2,2,2,2
C-clinical-11-01961#1,0,2,2,2,2,2,2,2,2,2,2,2,2,0,0,0,0,0,0,2,2,2,2,2,2,2,2,2,2
C-clinical-11-01961#10,2,2,2,2,2,2,2,2,2,0,2,0,2,2,2,1,2,2,2,1,2,2,2,2,2,2,2,2,2
C-clinical-11-01961#11,0,2,2,2,2,1,1,2,2,2,2,2,2,2,2,2,2,2,2,2,2,2,2,2,2,2,2,0,0
C-clinical-11-01961#12,2,2,2,2,2,0,2,1,2,1,2,0,2,1,2,1,2,1,2,2,2,1,2,0,2,1,2,1,2
C-clinical-11-01961#13,0,2,2,2,2,2,2,2,2,2,2,0,0,2,2,2,2,2,2,0,0,2,2,2,2,2,2,2,2
C-clinical-11-01961#14,1,2,2,2,2,0,1,2,2,2,2,0,1,1,1,1,1,2,2,0,1,2,2,2,2,2,2,1,1
C-clinical-11-01961#15,0,2,2,2,2,2,2,2,2,2,2,0,0,0,0,0,0,2,2,2,2,2,2,0,2,0,2,0,2
C-clinical-11-01961#2,0,2,2,1,1,0,0,1,1,2,2,0,0,0,0,0,0,0,0,1,1,1,1,1,1,1,1,1,1
C-clinical-11-01961#3,1,2,2,2,2,1,1,1,1,1,1,0,1,2,2,1,1,1,1,1,1,2,2,2,2,2,2,2,2
C-clinical-11-01961#4,2,2,2,2,2,2,2,2,2,0,2,0,2,2,2,1,2,2,2,1,2,2,2,2,2,2,2,2,2
C-clinical-11-01961#5,2,2,2,2,2,0,2,1,2,1,2,0,2,1,2,1,2,0,2,2,2,1,2,0,2,1,2,1,2
C-clinical-11-01961#6,0,2,2,2,2,1,1,2,2,2,2,0,0,2,2,2,2,2,2,2,2,2,2,2,2,2,2,0,0
C-clinical-11-01961#7,2,2,2,2,2,0,2,2,2,2,2,2,2,2,2,2,2,2,2,2,2,2,2,2,2,2,2,2,2
C-clinical-11-01961#8,0,2,2,2,2,2,2,2,2,2,2,0,0,2,2,0,0,2,2,2,2,2,2,0,2,0,2,0,2
C-clinical-11-01961#9,1,2,2,2,2,1,1,2,2,2,2,1,2,1,1,1,1,2,2,0,1,2,2,2,2,0,1,2,2
C-clinical-11-01962#0,0,2,2,2,2,2,2,2,2,2,2,2,2,2,2,1,1,2,2,2,2,2,2,2,2,2,2,2,2
C-clinical-11-01962#1,0,2,2,2,2,2,2,1,1,2,2,1,1,0,0,0,1,2,2,2,2,1,1,2,2,1,1,2,2
C-clinical-11-01962#2,0,2,2,2,2,2,2,2,2,2,2,0,0,2,2,2,2,2,2,2,2,2,2,2,2,2,2,2,2
C-clinical-11-01963#0,0,2,2,2,2,2,2,2,2,2,2,0,0,2,2,2,2,2,2,2,2,2,2,2,2,2,2,2,2
C-clinical-11-01963#1,2,2,2,1,2,1,2,2,2,1,2,0,2,1,2,1,2,0,2,2,2,2,2,2,2,2,2,1,2
C-clinical-11-01963#2,0,2,2,2,2,2,2,2,2,2,2,0,0,0,0,0,2,0,2,2,2,2,2,2,2,2,2,2,2
C-clinical-11-01963#3,2,1,2,1,2,1,2,2,2,1,2,0,2,1,2,1,2,0,2,2,2,2,2,2,2,1,2,1,2
C-clinical-11-01965#0,0,2,2,2,2,2,2,2,2,2,2,0,0,0,0,1,1,2,2,2,2,2,2,2,2,2,2,2,2
C-clinical-11-01965#1,0,2,2,2,2,2,2,2,2,2,2,1,2,0,0,2,2,2,2,2,2,2,2,2,2,2,2,2,2
C-clinical-11-01965#2,0,2,2,1,1,2,2,1,1,2,2,1,1,0,0,0,1,2,2,0,1,1,1,0,1,1,1,0,1
C-clinical-11-01965#3,0,2,2,2,2,2,2,2,2,2,2,0,0,2,2,2,2,2,2,0,0,2,2,2,2,1,1,1,1
C-clinical-11-01967#0,0,2,2,2,2,2,2,2,2,2,2,1,1,2,2,1,1,2,2,2,2,2,2,2,2,2,2,2,2
C-clinical-11-01967#1,2,2,2,2,2,2,2,2,2,2,2,0,2,2,2,2,2,2,2,2,2,2,2,2,2,2,2,2,2
C-clinical-11-01967#2,0,2,2,2,2,2,2,2,2,2,2,2,2,2,2,2,2,2,2,0,0,2,2,0,0,0,0,2,2
C-clinical-11-01967#3,2,2,2,2,2,2,2,2,2,2,2,2,2,2,2,2,2,2,2,2,2,2,2,2,2,0,2,2,2
C-clinical-11-01967#4,2,2,2,2,2,1,2,2,2,2,2,2,2,2,2,2,2,2,2,2,2,2,2,2,2,2,2,2,2
C-clinical-11-01967#5,2,2,2,2,2,2,2,2,2,1,2,1,2,1,2,0,2,2,2,2,2,2,2,2,2,2,2,2,2
C-clinical-11-01967#6,2,2,2,2,2,2,2,2,2,1,2,0,2,1,2,1,2,2,2,2,2,0,2,2,2,1,2,1,2
C-clinical-11-01967#7,0,2,2,2,2,2,2,2,2,2,2,0,0,2,2,2,2,2,2,2,2,2,2,2,2,2,2,2,2
C-clinical-11-01968#0,0,2,2,2,2,2,2,2,2,2,2,2,2,2,2,2,2,2,2,2,2,2,2,2,2,2,2,2,2
C-clinical-11-01968#10,2,2,2,2,2,2,2,2,2,1,2,0,2,1,2,1,2,0,2,0,2,2,2,2,2,2,2,2,2
C-clinical-11-01968#2,0,2,2,2,2,2,2,2,2,2,2,1,1,0,0,0,0,2,2,2,2,2,2,2,2,2,2,2,2
C-clinical-11-01968#3,1,1,1,1,1,1,1,1,1,0,1,0,1,0,1,0,1,0,1,2,2,1,1,1,1,1,1,2,2
C-clinical-11-01968#4,0,2,2,2,2,2,2,2,2,2,2,2,2,2,2,2,2,2,2,2,2,2,2,2,2,2,2,2,2
C-clinical-11-01968#5,2,2,2,2,2,2,2,2,2,1,2,0,2,1,2,1,2,0,2,0,2,2,2,2,2,2,2,2,2
C-clinical-11-01968#6,2,2,2,2,2,2,2,2,2,2,2,2,2,2,2,2,2,0,2,2,2,2,2,2,2,2,2,2,2
C-clinical-11-01968#7,2,2,2,2,2,2,2,2,2,2,2,2,2,0,2,0,2,2,2,2,2,2,2,2,2,2,2,2,2
C-clinical-11-01968#8,0,2,2,2,2,2,2,2,2,2,2,2,2,0,0,0,0,0,2,2,2,2,2,2,2,2,2,0,2
C-clinical-11-01968#9,0,2,2,2,2,2,2,2,2,2,2,2,2,2,2,1,1,0,0,2,2,2,2,2,2,0,0,2,2
C-clinical-11-01971#0,0,2,2,2,2,2,2,2,2,2,2,2,2,1,1,1,1,2,2,2,2,2,2,2,2,2,2,2,2
C-clinical-11-01971#1,0,2,2,2,2,2,2,2,2,2,2,2,2,0,0,0,0,2,2,2,2,2,2,2,2,2,2,2,2
C-clinical-11-01971#2,2,2,2,2,2,2,2,2,2,2,2,0,2,2,2,2,2,2,2,2,2,2,2,2,2,2,2,2,2
C-clinical-11-01971#3,0,2,2,2,2,2,2,2,2,2,2,0,0,2,2,2,2,2,2,2,2,2,2,2,2,2,2,2,2
C-clinical-11-01971#4,2,2,2,2,2,2,2,2,2,2,2,2,2,2,2,2,2,2,2,0,2,2,2,2,2,0,2,0,2
C-clinical-11-01971#5,2,2,2,2,2,2,2,2,2,2,2,2,2,2,2,1,2,2,2,1,2,2,2,2,2,2,2,2,2
C-clinical-11-01971#6,0,2,2,2,2,2,2,2,2,2,2,0,0,2,2,2,2,2,2,2,2,2,2,2,2,2,2,2,2
C-clinical-11-01971#7,2,2,2,2,2,2,2,2,2,2,2,2,2,2,2,2,2,2,2,1,2,2,2,2,2,2,2,2,2
C-clinical-11-01972#0,0,2,2,2,2,2,2,2,2,2,2,2,2,2,2,2,2,2,2,2,2,2,2,2,2,2,2,2,2
C-clinical-11-01972#2,2,2,2,2,2,2,2,2,2,2,2,0,2,2,2,2,2,2,2,2,2,2,2,2,2,2,2,2,2
C-clinical-11-01972#3,0,2,2,2,2,2,2,2,2,2,2,2,2,2,2,2,2,2,2,2,2,2,2,2,2,2,2,2,2
C-clinical-11-01972#4,1,1,1,1,1,1,1,1,1,0,1,0,1,1,1,1,1,0,1,2,2,1,1,1,1,1,1,2,2
C-clinical-11-01972#5,2,2,2,2,2,2,2,2,2,2,2,2,2,2,2,2,2,2,2,2,2,2,2,2,2,2,2,2,2
C-clinical-11-01972#6,0,2,2,2,2,2,2,2,2,2,2,2,2,2,2,2,2,2,2,0,0,2,2,2,2,2,2,2,2
C-clinical-11-01972#7,0,2,2,2,2,2,2,2,2,2,2,0,2,2,2,2,2,2,2,0,0,2,2,2,2,2,2,2,2
C-clinical-11-01972#8,2,2,2,2,2,2,2,2,2,2,2,2,2,2,2,2,2,2,2,2,2,2,2,2,2,2,2,2,2
C-clinical-11-01973#0,2,2,2,2,2,2,2,2,2,2,2,1,2,1,2,0,2,2,2,2,2,2,2,2,2,2,2,2,2
C-clinical-11-01973#1,2,2,2,2,2,2,2,2,2,2,2,2,2,0,2,0,2,2,2,2,2,2,2,2,2,2,2,2,2
C-clinical-11-01973#2,2,2,2,2,2,2,2,2,2,2,2,2,2,2,2,2,2,2,2,0,2,2,2,2,2,2,2,2,2
C-clinical-11-01973#3,2,2,2,2,2,2,2,2,2,2,2,2,2,2,2,2,2,2,2,2,2,2,2,2,2,2,2,2,2
C-clinical-11-01973#4,2,2,2,2,2,2,2,2,2,2,2,1,2,2,2,1,2,2,2,0,2,2,2,2,2,2,2,2,2
C-clinical-11-01973#5,0,2,2,2,2,2,2,2,2,2,2,2,2,2,2,0,0,2,2,2,2,2,2,2,2,2,2,2,2
C-clinical-11-01973#6,0,2,2,2,2,2,2,2,2,2,2,2,2,2,2,2,2,2,2,2,2,2,2,2,2,0,0,2,2
C-clinical-11-01973#7,2,2,2,2,2,2,2,2,2,2,2,0,2,0,2,2,2,2,2,2,2,2,2,2,2,2,2,2,2
C-clinical-11-01973#8,0,2,2,2,2,2,2,2,2,2,2,0,0,1,1,0,0,2,2,2,2,2,2,2,2,2,2,2,2
C-clinical-11-01975#0,0,2,2,2,2,2,2,2,2,2,2,2,2,0,0,0,0,2,2,2,2,2,2,2,2,2,2,2,2
C-clinical-11-01975#1,0,2,2,2,2,2,2,2,2,2,2,2,2,0,0,0,0,0,2,2,2,2,2,0,2,0,2,2,2
C-clinical-11-01975#2,0,2,2,2,2,2,2,2,2,1,1,0,0,2,2,2,2,2,2,0,0,2,2,2,2,2,2,2,2
C-clinical-11-01975#3,0,2,2,1,1,0,0,1,1,2,2,0,0,0,0,0,0,2,2,1,1,1,1,1,1,1,1,0,0
C-clinical-11-01975#4,2,2,2,2,2,2,2,2,2,1,2,0,2,1,2,0,2,2,2,2,2,2,2,0,2,2,2,2,2
C-clinical-11-01975#5,0,2,2,2,2,2,2,2,2,2,2,2,2,2,2,2,2,2,2,0,0,2,2,0,0,0,0,2,2
C-clinical-11-01975#6,0,2,2,2,2,1,1,2,2,2,2,2,2,2,2,2,2,2,2,2,2,2,2,2,2,2,2,2,2
C-clinical-11-01975#7,2,2,2,2,2,1,2,2,2,2,2,1,2,2,2,2,2,2,2,2,2,2,2,2,2,2,2,2,2
C-clinical-11-01979#0,0,2,2,2,2,2,2,2,2,2,2,2,2,2,2,2,2,2,2,2,2,2,2,1,2,2,2,2,2
C-clinical-11-01979#1,0,2,2,2,2,2,2,2,2,2,2,2,2,2,2,2,2,2,2,2,2,2,2,2,2,2,2,2,2
C-clinical-11-01979#2,1,1,1,1,1,1,1,1,1,0,1,0,1,1,1,1,1,0,1,2,2,1,1,2,2,2,2,1,1
C-clinical-11-01979#3,0,2,2,2,2,2,2,2,2,2,2,2,2,2,2,1,1,2,2,0,0,2,2,2,2,0,0,2,2
C-clinical-11-01979#4,0,2,2,2,2,2,2,2,2,2,2,0,0,2,2,2,2,2,2,2,2,2,2,2,2,1,1,2,2
C-clinical-11-01979#5,1,2,2,2,2,2,2,2,2,1,1,0,1,2,2,2,2,2,2,1,1,2,2,2,2,2,2,2,2
C-clinical-11-01979#6,2,2,2,2,2,2,2,2,2,2,2,2,2,2,2,2,2,2,2,2,2,2,2,2,2,2,2,2,2
C-clinical-11-01979#7,2,2,2,2,2,2,2,2,2,2,2,2,2,2,2,2,2,2,2,2,2,2,2,2,2,2,2,2,2
C-clinical-11-01979#8,2,2,2,2,2,2,2,2,2,2,2,0,2,2,2,2,2,2,2,2,2,2,2,2,2,2,2,2,2
C-clinical-11-01979#9,0,2,2,2,2,2,2,2,2,2,2,0,0,2,2,0,0,2,2,2,2,2,2,2,2,0,0,2,2
C-clinical-11-01980#0,0,2,2,2,2,2,2,2,2,2,2,2,2,0,0,0,0,2,2,2,2,2,2,2,2,2,2,2,2
C-clinical-11-01980#1,0,2,2,2,2,2,2,2,2,2,2,0,0,2,2,1,1,2,2,0,0,2,2,2,2,2,2,2,2
C-clinical-11-01980#2,0,2,2,2,2,2,2,2,2,2,2,2,2,0,0,0,0,0,2,2,2,2,2,0,2,0,2,2,2
C-clinical-11-01980#3,0,2,2,2,2,2,2,2,2,2,2,0,0,0,0,0,0,2,2,2,2,2,2,2,2,2,2,2,2
C-clinical-11-01980#4,2,2,2,2,2,2,2,2,2,1,2,0,2,2,2,0,2,2,2,2,2,2,2,0,2,2,2,2,2
C-clinical-11-01980#5,0,2,2,2,2,1,1,2,2,2,2,2,2,2,2,2,2,2,2,2,2,2,2,2,2,0,0,2,2
C-clinical-11-01980#6,0,2,2,2,2,2,2,2,2,2,2,0,0,0,0,0,0,2,2,0,0,2,2,2,2,2,2,2,2
C-clinical-11-01980#7,0,2,2,2,2,2,2,2,2,2,2,2,2,0,0,0,0,0,0,0,0,2,2,2,2,2,2,2,2
C-clinical-11-01980#8,0,2,2,2,2,2,2,2,2,2,2,1,1,2,2,1,1,2,2,0,0,2,2,2,2,2,2,2,2
C-clinical-11-01980#9,2,0,2,0,2,0,2,0,2,2,2,2,2,2,2,2,2,2,2,2,2,2,2,2,2,2,2,2,2
C-clinical-11-01981#0,0,2,2,2,2,2,2,2,2,2,2,2,2,1,1,0,0,2,2,2,2,2,2,1,1,2,2,2,2
C-clinical-11-01981#1,2,2,2,2,2,2,2,2,2,2,2,0,2,2,2,2,2,2,2,2,2,2,2,2,2,2,2,2,2
C-clinical-11-01981#2,0,2,2,2,2,2,2,1,1,2,2,1,1,0,0,0,0,1,1,2,2,1,1,0,0,2,2,1,1
C-clinical-11-01981#3,1,2,2,2,2,2,2,2,2,2,2,2,2,2,2,2,2,0,1,2,2,2,2,0,1,0,1,2,2
C-clinical-11-01981#4,2,2,2,2,2,2,2,2,2,1,2,0,2,1,2,1,2,0,2,2,2,0,2,0,2,1,2,1,2
C-clinical-11-01981#5,2,2,2,2,2,0,2,2,2,2,2,2,2,2,2,2,2,2,2,1,2,2,2,2,2,2,2,2,2
C-clinical-11-01981#6,2,2,2,2,2,2,2,2,2,1,2,1,2,0,2,0,2,2,2,2,2,2,2,2,2,2,2,2,2
C-clinical-11-01981#7,0,2,2,2,2,0,0,2,2,2,2,0,0,2,2,2,2,0,0,0,0,2,2,2,2,2,2,2,2
C-clinical-11-01981#8,2,2,2,2,2,2,2,2,2,1,2,0,2,1,2,1,2,0,2,2,2,0,2,1,2,1,2,1,2
C-clinical-11-01983#0,0,2,2,2,2,2,2,2,2,2,2,0,1,2,2,1,2,2,2,2,2,2,2,2,2,2,2,2,2
C-clinical-11-01983#2,2,2,2,2,2,2,2,2,2,2,2,2,2,2,2,2,2,2,2,2,2,2,2,2,2,2,2,2,2
C-clinical-11-01983#3,0,2,2,2,2,2,2,2,2,2,2,2,2,2,2,2,2,2,2,2,2,2,2,2,2,2,2,2,2
C-clinical-11-01983#4,2,2,2,2,2,2,2,2,2,2,2,2,2,2,2,2,2,2,2,2,2,2,2,2,2,2,2,2,2
C-clinical-11-01983#5,2,2,2,2,2,2,2,2,2,2,2,2,2,2,2,2,2,2,2,2,2,2,2,2,2,2,2,2,2
C-clinical-11-01987#0,0,2,2,2,2,2,2,2,2,2,2,0,0,0,0,0,1,2,2,2,2,2,2,2,2,2,2,2,2
C-clinical-11-01987#2,0,2,2,2,2,2,2,2,2,2,2,0,0,0,0,2,2,0,2,0,2,2,2,2,2,2,2,2,2
C-clinical-11-01987#3,1,1,1,1,1,1,1,1,1,0,1,0,1,0,1,0,1,0,1,2,2,1,1,1,1,1,1,1,1
C-clinical-11-01987#4,0,2,2,2,2,2,2,2,2,2,2,0,0,1,1,2,2,2,2,2,2,2,2,2,2,2,2,2,2
C-clinical-11-01993#0,0,2,2,2,2,2,2,2,2,2,2,2,2,0,0,2,2,2,2,2,2,2,2,2,2,2,2,2,2
C-clinical-11-01993#1,0,2,2,2,2,1,1,1,1,2,2,0,1,0,0,0,1,2,2,2,2,1,1,0,1,2,2,2,2
C-clinical-11-01993#2,2,2,2,2,2,2,2,2,2,2,2,0,2,2,2,2,2,2,2,0,2,2,2,2,2,2,2,2,2
C-clinical-11-01993#3,0,2,2,2,2,2,2,2,2,1,1,2,2,2,2,1,1,2,2,1,1,2,2,2,2,2,2,2,2
C-clinical-11-01995#0,2,2,2,2,2,2,2,2,2,2,2,2,2,0,2,0,2,2,2,2,2,2,2,2,2,2,2,1,2
C-clinical-11-01995#1,2,2,2,2,2,0,2,2,2,2,2,2,2,0,2,0,2,2,2,2,2,2,2,2,2,2,2,2,2
C-clinical-11-01995#10,0,2,2,1,1,1,1,1,1,1,1,0,0,2,2,1,1,1,1,1,1,0,0,2,2,2,2,1,1
C-clinical-11-01995#11,1,2,2,2,2,2,2,2,2,2,2,2,2,2,2,2,2,2,2,1,2,2,2,2,2,2,2,2,2
C-clinical-11-01995#12,0,2,2,2,2,2,2,2,2,2,2,2,2,2,2,2,2,2,2,0,0,2,2,0,0,2,2,2,2
C-clinical-11-01995#13,0,2,2,2,2,2,2,2,2,2,2,2,2,2,2,2,2,2,2,1,1,2,2,2,2,2,2,2,2
C-clinical-11-01995#2,2,2,2,2,2,2,2,2,2,2,2,2,2,0,2,0,2,2,2,2,2,2,2,2,2,2,2,2,2
C-clinical-11-01995#3,1,2,2,2,2,2,2,2,2,2,2,2,2,2,2,2,2,2,2,2,2,2,2,2,2,2,2,2,2
C-clinical-11-01995#4,2,2,2,2,2,2,2,2,2,2,2,2,2,2,2,2,2,2,2,0,2,2,2,2,2,0,2,2,2
C-clinical-11-01995#5,2,2,2,2,2,1,2,1,2,1,2,2,2,2,2,2,2,2,2,2,2,2,2,2,2,2,2,2,2
C-clinical-11-01995#6,2,2,2,2,2,2,2,2,2,2,2,2,2,2,2,2,2,2,2,2,2,2,2,2,2,2,2,2,2
C-clinical-11-01995#7,2,2,2,2,2,2,2,2,2,1,2,1,2,1,2,0,2,2,2,2,2,2,2,2,2,2,2,2,2
C-clinical-11-01995#8,2,1,2,0,2,0,2,0,2,1,2,0,2,1,2,1,2,0,2,2,2,2,2,1,2,1,2,1,2
C-clinical-11-01995#9,2,2,2,2,2,2,2,2,2,2,2,2,2,0,2,0,2,2,2,2,2,2,2,2,2,2,2,2,2
C-clinical-11-01996#0,0,2,2,2,2,2,2,2,2,2,2,0,0,2,2,2,2,2,2,2,2,2,2,2,2,2,2,2,2
C-clinical-11-01996#1,0,2,2,2,2,2,2,2,2,2,2,0,2,2,2,1,1,2,2,2,2,2,2,2,2,2,2,2,2
C-clinical-11-01996#3,2,2,2,2,2,2,2,2,2,2,2,0,2,0,2,0,2,2,2,2,2,2,2,2,2,2,2,2,2
C-clinical-11-01996#4,0,2,2,2,2,2,2,2,2,2,2,2,2,2,2,2,2,2,2,2,2,2,2,0,2,0,2,2,2
C-clinical-11-01996#5,2,2,2,2,2,2,2,2,2,2,2,2,2,2,2,2,2,2,2,2,2,2,2,2,2,2,2,2,2
C-clinical-11-01996#6,0,2,2,2,2,2,2,2,2,2,2,2,2,0,0,0,0,2,2,2,2,2,2,0,2,0,2,2,2
C-clinical-11-01996#7,0,2,2,2,2,2,2,2,2,2,2,0,0,2,2,0,0,2,2,0,0,2,2,2,2,2,2,2,2
C-clinical-11-01999#0,0,2,2,2,2,2,2,2,2,2,2,2,2,2,2,2,2,2,2,2,2,2,2,2,2,2,2,2,2
C-clinical-11-01999#1,0,1,1,2,2,1,1,2,2,2,2,0,0,2,2,1,1,2,2,1,1,2,2,1,1,2,2,2,2
C-clinical-11-01999#2,1,2,2,2,2,2,2,2,2,2,2,2,2,2,2,2,2,2,2,2,2,2,2,2,2,2,2,2,2
C-clinical-11-01999#3,2,2,2,1,2,0,2,1,2,1,2,0,2,2,2,1,2,1,2,2,2,1,2,1,2,1,2,1,2
C-clinical-11-01999#4,0,2,2,2,2,2,2,2,2,2,2,2,2,2,2,1,1,2,2,1,1,2,2,2,2,2,2,2,2
C-clinical-11-01999#5,0,2,2,2,2,2,2,2,2,2,2,2,2,2,2,0,0,2,2,2,2,2,2,2,2,2,2,2,2
C-clinical-11-01999#6,2,0,2,0,2,0,2,0,2,2,2,2,2,2,2,2,2,2,2,2,2,2,2,2,2,2,2,2,2
C-clinical-11-01999#7,0,2,2,2,2,2,2,2,2,2,2,0,0,2,2,2,2,2,2,0,0,2,2,2,2,2,2,2,2
C-clinical-11-01999#8,0,2,2,2,2,2,2,2,2,2,2,2,2,2,2,2,2,2,2,0,0,2,2,2,2,2,2,2,2
C-clinical-11-01999#9,0,2,2,2,2,2,2,2,2,2,2,2,2,1,1,2,2,2,2,0,0,2,2,2,2,2,2,2,2
