item,openmed-large-t0.1,rules+openmed-large-t0.1
C-clinical-12-00002#0,2,2
C-clinical-12-00002#1,2,2
C-clinical-12-00002#2,2,2
C-clinical-12-00002#3,2,2
C-clinical-12-00002#4,2,2
C-clinical-12-00002#5,2,2
C-clinical-12-00002#6,2,2
C-clinical-12-00002#7,2,2
C-clinical-12-00003#0,2,2
C-clinical-12-00003#1,2,2
C-clinical-12-00003#2,2,2
C-clinical-12-00003#3,1,2
C-clinical-12-00003#4,2,2
C-clinical-12-00003#5,2,2
C-clinical-12-00003#6,2,2
C-clinical-12-00004#1,2,2
C-clinical-12-00004#10,2,2
C-clinical-12-00004#11,2,2
C-clinical-12-00004#12,1,2
C-clinical-12-00004#13,2,2
C-clinical-12-00004#2,2,2
C-clinical-12-00004#3,2,2
C-clinical-12-00004#4,2,2
C-clinical-12-00004#5,2,2
C-clinical-12-00004#6,2,2
C-clinical-12-00004#7,1,2
C-clinical-12-00004#8,2,2
C-clinical-12-00004#9,2,2
C-clinical-12-00007#0,2,2
C-clinical-12-00007#1,2,2
C-clinical-12-00007#2,2,2
C-clinical-12-00007#3,2,2
C-clinical-12-00007#4,0,2
C-clinical-12-00007#5,2,2
C-clinical-12-00007#6,2,2
C-clinical-12-00007#7,2,2
C-clinical-12-00007#8,2,2
C-clinical-12-00007#9,2,2
C-clinical-12-00009#0,2,2
C-clinical-12-00009#1,2,2
C-clinical-12-00009#2,2,2
C-clinical-12-00009#3,2,2
C-clinical-12-00009#4,2,2
C-clinical-12-00009#5,2,2
C-clinical-12-00009#6,2,2
C-clinical-12-00009#7,2,2
C-clinical-12-00012#0,2,2
C-clinical-12-00012#1,2,2
C-clinical-12-00012#2,2,2
C-clinical-12-00014#0,2,2
C-clinical-12-00014#1,2,2
C-clinical-12-00014#2,2,2
C-clinical-12-00014#3,2,2
C-clinical-12-00014#4,2,2
C-clinical-12-00017#0,2,2
C-clinical-12-00017#1,1,2
C-clinical-12-00017#2,2,2
C-clinical-12-00022#0,2,2
C-clinical-12-00022#1,2,2
C-clinical-12-00022#2,2,2
C-clinical-12-00022#3,2,2
C-clinical-12-00022#4,2,2
C-clinical-12-00022#5,2,2
C-clinical-12-00022#6,2,2
C-clinical-12-00022#7,1,2
C-clinical-12-00025#0,2,2
C-clinical-12-00025#1,2,2
C-clinical-12-00025#2,2,2
C-clinical-12-00025#3,2,2
C-clinical-12-00025#4,2,2
C-clinical-12-00025#5,2,2
C-clinical-12-00025#6,2,2
C-clinical-12-00025#7,2,2
C-clinical-12-00025#8,2,2
C-clinical-12-00026#0,2,2
C-clinical-12-00026#1,2,2
C-clinical-12-00026#2,2,2
C-clinical-12-00026#3,1,2
C-clinical-12-00026#4,2,2
C-clinical-12-00026#5,2,2
C-clinical-12-00026#6,2,2
C-clinical-12-00029#0,2,2
C-clinical-12-00029#1,2,2
C-clinical-12-00029#2,2,2
C-clinical-12-00029#3,2,2
C-clinical-12-00029#4,2,2
C-clinical-12-00029#5,2,2
C-clinical-12-00029#6,2,2
C-clinical-12-00029#7,2,2
C-clinical-12-00029#8,2,2
C-clinical-12-00029#9,2,2
C-clinical-12-00035#0,2,2
C-clinical-12-00035#1,2,2
C-clinical-12-00035#10,2,2
C-clinical-12-00035#11,2,2
C-clinical-12-00035#12,2,2
C-clinical-12-00035#2,2,2
C-clinical-12-00035#3,2,2
C-clinical-12-00035#4,2,2
C-clinical-12-00035#5,2,2
C-clinical-12-00035#6,2,2
C-clinical-12-00035#7,2,2
C-clinical-12-00035#8,2,2
C-clinical-12-00035#9,2,2
C-clinical-12-00037#0,2,2
C-clinical-12-00037#1,2,2
C-clinical-12-00037#2,2,2
C-clinical-12-00037#3,2,2
C-clinical-12-00037#4,2,2
C-clinical-12-00040#0,2,2
C-clinical-12-00040#1,2,2
C-clinical-12-00040#10,2,2
C-clinical-12-00040#11,2,2
C-clinical-12-00040#12,0,2
C-clinical-12-00040#2,2,2
C-clinical-12-00040#3,2,2
C-clinical-12-00040#4,2,2
C-clinical-12-00040#5,2,2
C-clinical-12-00040#6,2,2
C-clinical-12-00040#7,2,2
C-clinical-12-00040#8,2,2
C-clinical-12-00040#9,2,2
C-clinical-12-00041#0,1,2
C-clinical-12-00041#1,2,2
C-clinical-12-00041#2,2,2
C-clinical-12-00041#4,2,2
C-clinical-12-00041#5,2,2
C-clinical-12-00043#0,2,2
C-clinical-12-00043#1,2,2
C-clinical-12-00043#10,2,2
C-clinical-12-00043#2,2,2
C-clinical-12-00043#3,0,2
C-clinical-12-00043#4,2,2
C-clinical-12-00043#5,2,2
C-clinical-12-00043#6,2,2
C-clinical-12-00043#7,1,2
C-clinical-12-00043#8,2,2
C-clinical-12-00043#9,2,2
C-clinical-12-00045#0,2,2
C-clinical-12-00045#1,2,2
C-clinical-12-00045#2,2,2
C-clinical-12-00045#3,2,2
C-clinical-12-00045#4,2,2
C-clinical-12-00048#0,2,2
C-clinical-12-00048#1,2,2
C-clinical-12-00048#2,2,2
C-clinical-12-00048#3,2,2
C-clinical-12-00048#4,2,2
C-clinical-12-00048#5,2,2
C-clinical-12-00048#6,2,2
C-clinical-12-00049#0,2,2
C-clinical-12-00049#1,2,2
C-clinical-12-00049#2,2,2
C-clinical-12-00049#3,1,2
C-clinical-12-00049#4,2,2
C-clinical-12-00049#5,2,2
C-clinical-12-00049#6,2,2
C-clinical-12-00049#7,2,2
C-clinical-12-00049#8,2,2
C-clinical-12-00050#0,2,2
C-clinical-12-00050#1,2,2
C-clinical-12-00050#2,2,2
C-clinical-12-00050#3,2,2
C-clinical-12-00052#0,2,2
C-clinical-12-00052#1,2,2
C-clinical-12-00052#2,2,2
C-clinical-12-00052#3,2,2
C-clinical-12-00052#4,2,2
C-clinical-12-00052#5,2,2
C-clinical-12-00052#6,2,2
C-clinical-12-00052#7,2,2
C-clinical-12-00054#0,2,2
C-clinical-12-00054#10,2,2
C-clinical-12-00054#11,2,2
C-clinical-12-00054#12,2,2
C-clinical-12-00054#13,2,2
C-clinical-12-00054#2,2,2
C-clinical-12-00054#3,2,2
C-clinical-12-00054#4,2,2
C-clinical-12-00054#5,2,2
C-clinical-12-00054#6,2,2
C-clinical-12-00054#7,2,2
C-clinical-12-00054#8,2,2
C-clinical-12-00062#0,2,2
C-clinical-12-00062#1,2,2
C-clinical-12-00062#2,2,2
C-clinical-12-00062#3,2,2
C-clinical-12-00062#4,2,2
C-clinical-12-00072#1,2,2
C-clinical-12-00072#10,2,2
C-clinical-12-00072#11,2,2
C-clinical-12-00072#12,2,2
C-clinical-12-00072#13,2,2
C-clinical-12-00072#2,2,2
C-clinical-12-00072#3,2,2
C-clinical-12-00072#4,2,2
C-clinical-12-00072#5,2,2
C-clinical-12-00072#6,2,2
C-clinical-12-00072#7,2,2
C-clinical-12-00072#8,2,2
C-clinical-12-00072#9,2,2
C-clinical-12-00076#0,2,2
C-clinical-12-00076#1,2,2
C-clinical-12-00076#2,2,2
C-clinical-12-00076#3,1,2
C-clinical-12-00076#4,2,2
C-clinical-12-00076#5,2,2
C-clinical-12-00079#0,0,2
C-clinical-12-00079#1,2,2
C-clinical-12-00079#10,2,2
C-clinical-12-00079#11,2,2
C-clinical-12-00079#2,2,2
C-clinical-12-00079#3,2,2
C-clinical-12-00079#4,2,2
C-clinical-12-00079#5,2,2
C-clinical-12-00079#6,2,2
C-clinical-12-00079#7,2,2
C-clinical-12-00079#8,2,2
C-clinical-12-00079#9,2,2
C-clinical-12-00081#0,2,2
C-clinical-12-00081#1,2,2
C-clinical-12-00081#2,2,2
C-clinical-12-00081#3,2,2
C-clinical-12-00086#0,2,2
C-clinical-12-00086#1,2,2
C-clinical-12-00086#10,2,2
C-clinical-12-00086#11,2,2
C-clinical-12-00086#12,2,2
C-clinical-12-00086#3,2,2
C-clinical-12-00086#4,2,2
C-clinical-12-00086#5,2,2
C-clinical-12-00086#6,2,2
C-clinical-12-00086#7,2,2
C-clinical-12-00086#8,2,2
C-clinical-12-00086#9,2,2
C-clinical-12-00088#0,2,2
C-clinical-12-00088#1,2,2
C-clinical-12-00088#2,2,2
C-clinical-12-00088#3,2,2
C-clinical-12-00089#0,2,2
C-clinical-12-00089#1,2,2
C-clinical-12-00089#2,2,2
C-clinical-12-00089#3,2,2
C-clinical-12-00089#4,2,2
C-clinical-12-00089#5,2,2
C-clinical-12-00091#0,2,2
C-clinical-12-00091#2,2,2
C-clinical-12-00091#3,2,2
C-clinical-12-00091#4,2,2
C-clinical-12-00091#5,2,2
C-clinical-12-00094#0,2,2
C-clinical-12-00094#1,2,2
C-clinical-12-00094#2,1,2
C-clinical-12-00094#3,2,2
C-clinical-12-00094#5,2,2
C-clinical-12-00094#6,2,2
C-clinical-12-00094#7,2,2
C-clinical-12-00094#8,2,2
C-clinical-12-00104#0,2,2
C-clinical-12-00104#1,2,2
C-clinical-12-00104#3,2,2
C-clinical-12-00104#4,2,2
C-clinical-12-00104#5,2,2
C-clinical-12-00104#6,2,2
C-clinical-12-00104#7,2,2
C-clinical-12-00104#8,2,2
C-clinical-12-00104#9,2,2
C-clinical-12-00105#0,2,2
C-clinical-12-00105#1,2,2
C-clinical-12-00105#2,2,2
C-clinical-12-00105#3,2,2
C-clinical-12-00105#4,2,2
C-clinical-12-00105#5,2,2
C-clinical-12-00105#6,2,2
C-clinical-12-00105#7,2,2
C-clinical-12-00106#0,2,2
C-clinical-12-00106#1,2,2
C-clinical-12-00106#2,2,2
C-clinical-12-00106#3,2,2
C-clinical-12-00106#4,2,2
C-clinical-12-00106#5,1,2
C-clinical-12-00107#0,2,2
C-clinical-12-00107#1,2,2
C-clinical-12-00107#2,2,2
C-clinical-12-00107#3,2,2
C-clinical-12-00107#4,1,1
C-clinical-12-00107#5,1,2
C-clinical-12-00107#6,2,2
C-clinical-12-00107#7,2,2
C-clinical-12-00107#8,2,2
C-clinical-12-00107#9,2,2
C-clinical-12-00112#0,2,2
C-clinical-12-00112#2,2,2
C-clinical-12-00112#3,2,2
C-clinical-12-00112#4,2,2
C-clinical-12-00112#5,2,2
C-clinical-12-00112#6,2,2
C-clinical-12-00112#7,2,2
C-clinical-12-00112#8,2,2
C-clinical-12-00112#9,2,2
C-clinical-12-00113#0,2,2
C-clinical-12-00113#1,2,2
C-clinical-12-00113#2,2,2
C-clinical-12-00113#3,2,2
C-clinical-12-00113#4,2,2
C-clinical-12-00113#5,2,2
C-clinical-12-00113#6,2,2
C-clinical-12-00113#7,2,2
C-clinical-12-00113#8,2,2
C-clinical-12-00113#9,2,2
C-clinical-12-00119#0,2,2
C-clinical-12-00119#1,2,2
C-clinical-12-00119#2,2,2
C-clinical-12-00119#3,2,2
C-clinical-12-00119#4,2,2
C-clinical-12-00119#5,2,2
C-clinical-12-00119#6,2,2
C-clinical-12-00123#1,2,2
C-clinical-12-00123#2,2,2
C-clinical-12-00123#3,2,2
C-clinical-12-00123#4,2,2
C-clinical-12-00123#5,2,2
C-clinical-12-00123#6,2,2
C-clinical-12-00123#7,2,2
C-clinical-12-00127#0,2,2
C-clinical-12-00127#1,2,2
C-clinical-12-00127#2,2,2
C-clinical-12-00127#3,2,2
C-clinical-12-00127#4,2,2
C-clinical-12-00127#5,2,2
C-clinical-12-00133#0,2,2
C-clinical-12-00133#1,2,2
C-clinical-12-00133#2,2,2
C-clinical-12-00133#3,2,2
C-clinical-12-00133#4,2,2
C-clinical-12-00133#5,2,2
C-clinical-12-00133#6,2,2
C-clinical-12-00134#0,2,2
C-clinical-12-00134#1,2,2
C-clinical-12-00134#10,2,2
C-clinical-12-00134#11,2,2
C-clinical-12-00134#2,2,2
C-clinical-12-00134#3,2,2
C-clinical-12-00134#4,2,2
C-clinical-12-00134#5,2,2
C-clinical-12-00134#6,2,2
C-clinical-12-00134#7,2,2
C-clinical-12-00134#8,2,2
C-clinical-12-00134#9,2,2
C-clinical-12-00136#0,2,2
C-clinical-12-00136#10,2,2
C-clinical-12-00136#2,2,2
C-clinical-12-00136#3,2,2
C-clinical-12-00136#4,2,2
C-clinical-12-00136#5,2,2
C-clinical-12-00136#6,2,2
C-clinical-12-00136#7,2,2
C-clinical-12-00136#8,2,2
C-clinical-12-00136#9,2,2
C-clinical-12-00138#0,2,2
C-clinical-12-00138#1,2,2
C-clinical-12-00138#10,2,2
C-clinical-12-00138#2,2,2
C-clinical-12-00138#3,2,2
C-clinical-12-00138#4,2,2
C-clinical-12-00138#5,2,2
C-clinical-12-00138#6,2,2
C-clinical-12-00138#7,2,2
C-clinical-12-00138#8,2,2
C-clinical-12-00138#9,2,2
C-clinical-12-00139#0,2,2
C-clinical-12-00139#1,2,2
C-clinical-12-00139#2,2,2
C-clinical-12-00139#3,2,2
C-clinical-12-00139#4,2,2
C-clinical-12-00141#1,2,2
C-clinical-12-00141#10,2,2
C-clinical-12-00141#11,2,2
C-clinical-12-00141#2,2,2
C-clinical-12-00141#3,2,2
C-clinical-12-00141#4,2,2
C-clinical-12-00141#5,2,2
C-clinical-12-00141#6,2,2
C-clinical-12-00141#7,0,2
C-clinical-12-00141#8,1,2
C-clinical-12-00141#9,2,2
C-clinical-12-00142#0,2,2
C-clinical-12-00142#1,2,2
C-clinical-12-00142#10,2,2
C-clinical-12-00142#11,2,2
C-clinical-12-00142#12,2,2
C-clinical-12-00142#2,2,2
C-clinical-12-00142#3,2,2
C-clinical-12-00142#4,1,2
C-clinical-12-00142#5,2,2
C-clinical-12-00142#6,2,2
C-clinical-12-00142#7,2,2
C-clinical-12-00142#8,2,2
C-clinical-12-00142#9,2,2
C-clinical-12-00143#0,2,2
C-clinical-12-00143#1,2,2
C-clinical-12-00143#2,2,2
C-clinical-12-00143#3,2,2
C-clinical-12-00145#0,2,2
C-clinical-12-00145#1,2,2
C-clinical-12-00145#2,2,2
C-clinical-12-00145#3,2,2
C-clinical-12-00145#4,2,2
C-clinical-12-00145#5,2,2
C-clinical-12-00146#0,2,2
C-clinical-12-00146#1,2,2
C-clinical-12-00146#2,2,2
C-clinical-12-00146#3,2,2
C-clinical-12-00146#4,2,2
C-clinical-12-00146#5,2,2
C-clinical-12-00147#0,2,2
C-clinical-12-00147#10,2,2
C-clinical-12-00147#11,2,2
C-clinical-12-00147#12,2,2
C-clinical-12-00147#2,2,2
C-clinical-12-00147#3,2,2
C-clinical-12-00147#4,2,2
C-clinical-12-00147#5,2,2
C-clinical-12-00147#6,2,2
C-clinical-12-00147#7,2,2
C-clinical-12-00147#8,2,2
C-clinical-12-00147#9,2,2
C-clinical-12-00148#0,2,2
C-clinical-12-00148#1,2,2
C-clinical-12-00148#2,2,2
C-clinical-12-00148#3,2,2
C-clinical-12-00148#4,2,2
C-clinical-12-00148#5,2,2
C-clinical-12-00148#6,2,2
C-clinical-12-00150#0,2,2
C-clinical-12-00150#1,2,2
C-clinical-12-00150#2,2,2
C-clinical-12-00150#3,2,2
C-clinical-12-00150#4,2,2
C-clinical-12-00150#5,2,2
C-clinical-12-00151#0,2,2
C-clinical-12-00151#1,2,2
C-clinical-12-00151#2,2,2
C-clinical-12-00155#0,1,2
C-clinical-12-00155#1,2,2
C-clinical-12-00155#10,2,2
C-clinical-12-00155#11,2,2
C-clinical-12-00155#12,2,2
C-clinical-12-00155#13,2,2
C-clinical-12-00155#2,2,2
C-clinical-12-00155#3,2,2
C-clinical-12-00155#4,2,2
C-clinical-12-00155#5,2,2
C-clinical-12-00155#6,2,2
C-clinical-12-00155#7,2,2
C-clinical-12-00155#8,2,2
C-clinical-12-00155#9,2,2
C-clinical-12-00157#0,2,2
C-clinical-12-00157#1,2,2
C-clinical-12-00157#10,2,2
C-clinical-12-00157#11,2,2
C-clinical-12-00157#2,2,2
C-clinical-12-00157#3,2,2
C-clinical-12-00157#4,2,2
C-clinical-12-00157#5,2,2
C-clinical-12-00157#6,2,2
C-clinical-12-00157#7,2,2
C-clinical-12-00157#8,2,2
C-clinical-12-00157#9,2,2
C-clinical-12-00159#1,2,2
C-clinical-12-00159#10,2,2
C-clinical-12-00159#11,2,2
C-clinical-12-00159#12,2,2
C-clinical-12-00159#13,2,2
C-clinical-12-00159#14,2,2
C-clinical-12-00159#15,2,2
C-clinical-12-00159#16,2,2
C-clinical-12-00159#17,2,2
C-clinical-12-00159#18,2,2
C-clinical-12-00159#19,2,2
C-clinical-12-00159#2,2,2
C-clinical-12-00159#3,2,2
C-clinical-12-00159#4,2,2
C-clinical-12-00159#5,2,2
C-clinical-12-00159#6,2,2
C-clinical-12-00159#7,2,2
C-clinical-12-00159#8,2,2
C-clinical-12-00159#9,2,2
C-clinical-12-00160#0,2,2
C-clinical-12-00160#1,2,2
C-clinical-12-00160#10,2,2
C-clinical-12-00160#2,2,2
C-clinical-12-00160#3,2,2
C-clinical-12-00160#4,2,2
C-clinical-12-00160#5,2,2
C-clinical-12-00160#6,2,2
C-clinical-12-00160#7,2,2
C-clinical-12-00160#8,2,2
C-clinical-12-00160#9,2,2
C-clinical-12-00161#0,2,2
C-clinical-12-00161#10,2,2
C-clinical-12-00161#11,2,2
C-clinical-12-00161#2,2,2
C-clinical-12-00161#3,1,2
C-clinical-12-00161#4,2,2
C-clinical-12-00161#5,2,2
C-clinical-12-00161#6,2,2
C-clinical-12-00161#7,2,2
C-clinical-12-00161#8,2,2
C-clinical-12-00161#9,2,2
C-clinical-12-00163#0,2,2
C-clinical-12-00163#1,2,2
C-clinical-12-00163#2,2,2
C-clinical-12-00163#3,2,2
C-clinical-12-00163#4,2,2
C-clinical-12-00163#5,2,2
C-clinical-12-00163#6,2,2
C-clinical-12-00163#7,2,2
C-clinical-12-00163#8,0,2
C-clinical-12-00163#9,2,2
C-clinical-12-00164#0,2,2
C-clinical-12-00164#1,2,2
C-clinical-12-00164#2,2,2
C-clinical-12-00164#3,2,2
C-clinical-12-00164#4,2,2
C-clinical-12-00164#5,2,2
C-clinical-12-00164#6,2,2
C-clinical-12-00164#7,2,2
C-clinical-12-00166#0,2,2
C-clinical-12-00166#1,2,2
C-clinical-12-00166#10,2,2
C-clinical-12-00166#2,2,2
C-clinical-12-00166#4,2,2
C-clinical-12-00166#5,2,2
C-clinical-12-00166#6,2,2
C-clinical-12-00166#7,2,2
C-clinical-12-00166#8,2,2
C-clinical-12-00166#9,1,2
C-clinical-12-00167#0,2,2
C-clinical-12-00167#1,2,2
C-clinical-12-00167#2,1,2
C-clinical-12-00167#3,2,2
C-clinical-12-00167#4,2,2
C-clinical-12-00167#5,2,2
C-clinical-12-00167#6,2,2
C-clinical-12-00167#7,2,2
C-clinical-12-00169#0,2,2
C-clinical-12-00169#1,2,2
C-clinical-12-00169#2,2,2
C-clinical-12-00169#3,2,2
C-clinical-12-00173#0,2,2
C-clinical-12-00173#1,2,2
C-clinical-12-00173#2,1,2
C-clinical-12-00174#0,2,2
C-clinical-12-00174#2,2,2
C-clinical-12-00174#3,2,2
C-clinical-12-00174#4,2,2
C-clinical-12-00174#5,2,2
C-clinical-12-00174#6,2,2
C-clinical-12-00174#7,2,2
C-clinical-12-00174#8,2,2
C-clinical-12-00175#0,2,2
C-clinical-12-00175#1,2,2
C-clinical-12-00175#2,2,2
C-clinical-12-00175#3,2,2
C-clinical-12-00175#4,2,2
C-clinical-12-00175#5,2,2
C-clinical-12-00179#0,2,2
C-clinical-12-00179#1,2,2
C-clinical-12-00179#2,2,2
C-clinical-12-00179#3,2,2
C-clinical-12-00179#4,2,2
C-clinical-12-00180#0,2,2
C-clinical-12-00180#1,2,2
C-clinical-12-00180#2,2,2
C-clinical-12-00180#3,2,2
C-clinical-12-00180#4,2,2
C-clinical-12-00180#5,2,2
C-clinical-12-00183#0,2,2
C-clinical-12-00183#1,1,2
C-clinical-12-00183#2,2,2
C-clinical-12-00183#3,2,2
C-clinical-12-00183#4,2,2
C-clinical-12-00185#0,2,2
C-clinical-12-00185#1,2,2
C-clinical-12-00185#10,2,2
C-clinical-12-00185#11,2,2
C-clinical-12-00185#12,2,2
C-clinical-12-00185#13,2,2
C-clinical-12-00185#2,2,2
C-clinical-12-00185#4,2,2
C-clinical-12-00185#5,2,2
C-clinical-12-00185#6,2,2
C-clinical-12-00185#7,2,2
C-clinical-12-00185#8,2,2
C-clinical-12-00185#9,2,2
C-clinical-12-00187#0,2,2
C-clinical-12-00187#1,2,2
C-clinical-12-00187#2,2,2
C-clinical-12-00187#3,2,2
C-clinical-12-00187#4,1,2
C-clinical-12-00188#0,2,2
C-clinical-12-00188#1,2,2
C-clinical-12-00188#2,2,2
C-clinical-12-00188#3,2,2
C-clinical-12-00188#4,2,2
C-clinical-12-00188#5,2,2
C-clinical-12-00188#6,2,2
C-clinical-12-00188#7,2,2
C-clinical-12-00189#0,2,2
C-clinical-12-00189#1,2,2
C-clinical-12-00189#2,2,2
C-clinical-12-00189#3,2,2
C-clinical-12-00189#4,2,2
C-clinical-12-00189#5,2,2
C-clinical-12-00191#0,2,2
C-clinical-12-00191#1,2,2
C-clinical-12-00191#10,2,2
C-clinical-12-00191#11,2,2
C-clinical-12-00191#12,2,2
C-clinical-12-00191#13,2,2
C-clinical-12-00191#2,2,2
C-clinical-12-00191#3,2,2
C-clinical-12-00191#4,2,2
C-clinical-12-00191#5,2,2
C-clinical-12-00191#6,2,2
C-clinical-12-00191#7,2,2
C-clinical-12-00191#8,2,2
C-clinical-12-00191#9,2,2
C-clinical-12-00192#0,2,2
C-clinical-12-00192#1,2,2
C-clinical-12-00192#10,2,2
C-clinical-12-00192#11,2,2
C-clinical-12-00192#12,2,2
C-clinical-12-00192#13,2,2
C-clinical-12-00192#14,2,2
C-clinical-12-00192#15,2,2
C-clinical-12-00192#16,2,2
C-clinical-12-00192#2,2,2
C-clinical-12-00192#3,2,2
C-clinical-12-00192#4,2,2
C-clinical-12-00192#5,2,2
C-clinical-12-00192#6,2,2
C-clinical-12-00192#7,2,2
C-clinical-12-00192#8,2,2
C-clinical-12-00192#9,2,2
C-clinical-12-00193#0,2,2
C-clinical-12-00193#3,2,2
C-clinical-12-00193#4,1,2
C-clinical-12-00195#0,2,2
C-clinical-12-00195#1,2,2
C-clinical-12-00195#10,2,2
C-clinical-12-00195#2,2,2
C-clinical-12-00195#3,2,2
C-clinical-12-00195#4,2,2
C-clinical-12-00195#5,2,2
C-clinical-12-00195#6,2,2
C-clinical-12-00195#7,2,2
C-clinical-12-00195#8,2,2
C-clinical-12-00195#9,2,2
C-clinical-12-00198#0,2,2
C-clinical-12-00198#1,2,2
C-clinical-12-00198#2,2,2
C-clinical-12-00198#3,2,2
C-clinical-12-00198#4,2,2
C-clinical-12-00200#0,2,2
C-clinical-12-00200#1,2,2
C-clinical-12-00200#2,2,2
C-clinical-12-00200#3,2,2
C-clinical-12-00201#0,2,2
C-clinical-12-00201#1,2,2
C-clinical-12-00201#2,1,2
C-clinical-12-00201#3,2,2
C-clinical-12-00201#4,2,2
C-clinical-12-00202#0,2,2
C-clinical-12-00202#1,2,2
C-clinical-12-00202#2,2,2
C-clinical-12-00202#3,2,2
C-clinical-12-00202#4,2,2
C-clinical-12-00202#5,2,2
C-clinical-12-00202#6,2,2
C-clinical-12-00202#7,2,2
C-clinical-12-00202#8,2,2
C-clinical-12-00202#9,2,2
C-clinical-12-00203#0,2,2
C-clinical-12-00203#1,2,2
C-clinical-12-00203#2,2,2
C-clinical-12-00203#3,2,2
C-clinical-12-00204#0,2,2
C-clinical-12-00204#1,2,2
C-clinical-12-00204#3,2,2
C-clinical-12-00204#4,2,2
C-clinical-12-00204#5,2,2
C-clinical-12-00204#6,2,2
C-clinical-12-00206#0,2,2
C-clinical-12-00206#1,2,2
C-clinical-12-00206#2,2,2
C-clinical-12-00206#3,2,2
C-clinical-12-00206#4,2,2
C-clinical-12-00206#5,2,2
C-clinical-12-00206#6,2,2
C-clinical-12-00207#0,2,2
C-clinical-12-00207#1,2,2
C-clinical-12-00207#2,2,2
C-clinical-12-00207#3,2,2
C-clinical-12-00207#4,2,2
C-clinical-12-00207#5,2,2
C-clinical-12-00209#0,2,2
C-clinical-12-00209#1,2,2
C-clinical-12-00209#10,2,2
C-clinical-12-00209#11,2,2
C-clinical-12-00209#2,2,2
C-clinical-12-00209#3,2,2
C-clinical-12-00209#4,2,2
C-clinical-12-00209#5,2,2
C-clinical-12-00209#6,2,2
C-clinical-12-00209#7,2,2
C-clinical-12-00209#8,2,2
C-clinical-12-00209#9,2,2
C-clinical-12-00210#0,2,2
C-clinical-12-00210#1,2,2
C-clinical-12-00210#2,2,2
C-clinical-12-00210#3,1,2
C-clinical-12-00210#4,0,2
C-clinical-12-00210#5,2,2
C-clinical-12-00210#6,2,2
C-clinical-12-00210#7,0,2
C-clinical-12-00211#0,2,2
C-clinical-12-00211#1,2,2
C-clinical-12-00211#10,2,2
C-clinical-12-00211#11,2,2
C-clinical-12-00211#12,2,2
C-clinical-12-00211#2,2,2
C-clinical-12-00211#3,2,2
C-clinical-12-00211#4,2,2
C-clinical-12-00211#5,1,1
C-clinical-12-00211#6,2,2
C-clinical-12-00211#7,2,2
C-clinical-12-00211#8,2,2
C-clinical-12-00211#9,2,2
C-clinical-12-00212#0,2,2
C-clinical-12-00212#1,2,2
C-clinical-12-00212#2,2,2
C-clinical-12-00212#3,2,2
C-clinical-12-00212#4,2,2
C-clinical-12-00213#0,2,2
C-clinical-12-00213#1,2,2
C-clinical-12-00213#2,2,2
C-clinical-12-00213#3,2,2
C-clinical-12-00215#0,2,2
C-clinical-12-00215#1,2,2
C-clinical-12-00215#10,2,2
C-clinical-12-00215#2,2,2
C-clinical-12-00215#3,2,2
C-clinical-12-00215#4,2,2
C-clinical-12-00215#5,2,2
C-clinical-12-00215#6,2,2
C-clinical-12-00215#7,2,2
C-clinical-12-00215#8,2,2
C-clinical-12-00215#9,2,2
C-clinical-12-00219#0,2,2
C-clinical-12-00219#1,2,2
C-clinical-12-00219#2,2,2
C-clinical-12-00219#3,2,2
C-clinical-12-00219#4,2,2
C-clinical-12-00219#5,2,2
C-clinical-12-00219#6,2,2
C-clinical-12-00219#7,2,2
C-clinical-12-00219#8,2,2
C-clinical-12-00219#9,1,2
C-clinical-12-00222#1,2,2
C-clinical-12-00222#10,2,2
C-clinical-12-00222#2,2,2
C-clinical-12-00222#3,2,2
C-clinical-12-00222#4,2,2
C-clinical-12-00222#5,2,2
C-clinical-12-00222#6,2,2
C-clinical-12-00222#7,2,2
C-clinical-12-00222#8,2,2
C-clinical-12-00222#9,2,2
C-clinical-12-00223#0,2,2
C-clinical-12-00223#1,2,2
C-clinical-12-00223#2,2,2
C-clinical-12-00223#3,2,2
C-clinical-12-00223#4,1,2
C-clinical-12-00223#5,2,2
C-clinical-12-00223#6,2,2
C-clinical-12-00223#7,2,2
C-clinical-12-00224#0,2,2
C-clinical-12-00224#1,2,2
C-clinical-12-00224#10,2,2
C-clinical-12-00224#2,2,2
C-clinical-12-00224#3,2,2
C-clinical-12-00224#4,2,2
C-clinical-12-00224#5,2,2
C-clinical-12-00224#6,2,2
C-clinical-12-00224#7,2,2
C-clinical-12-00224#8,2,2
C-clinical-12-00224#9,2,2
C-clinical-12-00229#0,2,2
C-clinical-12-00229#1,2,2
C-clinical-12-00229#2,2,2
C-clinical-12-00229#3,1,2
C-clinical-12-00229#4,2,2
C-clinical-12-00229#5,2,2
C-clinical-12-00234#0,2,2
C-clinical-12-00234#1,1,2
C-clinical-12-00234#2,2,2
C-clinical-12-00234#3,2,2
C-clinical-12-00234#4,2,2
C-clinical-12-00234#5,2,2
C-clinical-12-00234#6,2,2
C-clinical-12-00236#0,2,2
C-clinical-12-00236#2,1,2
C-clinical-12-00236#3,2,2
C-clinical-12-00236#4,2,2
C-clinical-12-00236#5,2,2
C-clinical-12-00239#0,2,2
C-clinical-12-00239#1,2,2
C-clinical-12-00239#2,2,2
C-clinical-12-00239#3,2,2
C-clinical-12-00239#4,2,2
C-clinical-12-00239#5,2,2
C-clinical-12-00239#6,2,2
C-clinical-12-00239#7,2,2
C-clinical-12-00240#0,2,2
C-clinical-12-00240#1,2,2
C-clinical-12-00240#10,2,2
C-clinical-12-00240#11,2,2
C-clinical-12-00240#3,2,2
C-clinical-12-00240#4,2,2
C-clinical-12-00240#5,2,2
C-clinical-12-00240#6,2,2
C-clinical-12-00240#7,2,2
C-clinical-12-00240#8,2,2
C-clinical-12-00240#9,2,2
C-clinical-12-00241#0,2,2
C-clinical-12-00241#1,2,2
C-clinical-12-00241#2,2,2
C-clinical-12-00241#3,2,2
C-clinical-12-00241#4,1,2
C-clinical-12-00241#5,2,2
C-clinical-12-00241#6,2,2
C-clinical-12-00241#7,2,2
C-clinical-12-00242#0,2,2
C-clinical-12-00242#1,2,2
C-clinical-12-00242#10,2,2
C-clinical-12-00242#11,2,2
C-clinical-12-00242#12,2,2
C-clinical-12-00242#2,2,2
C-clinical-12-00242#3,2,2
C-clinical-12-00242#4,2,2
C-clinical-12-00242#5,2,2
C-clinical-12-00242#6,2,2
C-clinical-12-00242#7,1,2
C-clinical-12-00242#8,2,2
C-clinical-12-00242#9,2,2
C-clinical-12-00243#0,2,2
C-clinical-12-00243#1,2,2
C-clinical-12-00243#2,2,2
C-clinical-12-00243#3,2,2
C-clinical-12-00244#0,2,2
C-clinical-12-00244#1,2,2
C-clinical-12-00244#10,2,2
C-clinical-12-00244#11,2,2
C-clinical-12-00244#12,2,2
C-clinical-12-00244#2,2,2
C-clinical-12-00244#3,2,2
C-clinical-12-00244#4,2,2
C-clinical-12-00244#6,2,2
C-clinical-12-00244#7,2,2
C-clinical-12-00244#8,2,2
C-clinical-12-00244#9,2,2
C-clinical-12-00246#0,2,2
C-clinical-12-00246#1,2,2
C-clinical-12-00246#2,2,2
C-clinical-12-00246#3,1,2
C-clinical-12-00246#4,2,2
C-clinical-12-00247#0,2,2
C-clinical-12-00247#1,2,2
C-clinical-12-00247#2,2,2
C-clinical-12-00247#3,2,2
C-clinical-12-00247#4,2,2
C-clinical-12-00247#5,2,2
C-clinical-12-00247#6,2,2
C-clinical-12-00249#0,2,2
C-clinical-12-00249#1,2,2
C-clinical-12-00249#10,2,2
C-clinical-12-00249#11,2,2
C-clinical-12-00249#12,2,2
C-clinical-12-00249#2,2,2
C-clinical-12-00249#4,2,2
C-clinical-12-00249#5,1,1
C-clinical-12-00249#6,2,2
C-clinical-12-00249#7,2,2
C-clinical-12-00249#8,2,2
C-clinical-12-00249#9,2,2
C-clinical-12-00251#0,2,2
C-clinical-12-00251#1,2,2
C-clinical-12-00251#3,2,2
C-clinical-12-00251#4,2,2
C-clinical-12-00251#5,2,2
C-clinical-12-00251#6,2,2
C-clinical-12-00251#7,2,2
C-clinical-12-00251#8,2,2
C-clinical-12-00251#9,2,2
C-clinical-12-00253#0,2,2
C-clinical-12-00253#1,2,2
C-clinical-12-00253#10,2,2
C-clinical-12-00253#11,2,2
C-clinical-12-00253#12,2,2
C-clinical-12-00253#2,2,2
C-clinical-12-00253#3,2,2
C-clinical-12-00253#4,2,2
C-clinical-12-00253#5,2,2
C-clinical-12-00253#6,2,2
C-clinical-12-00253#7,2,2
C-clinical-12-00253#8,2,2
C-clinical-12-00253#9,2,2
C-clinical-12-00256#0,2,2
C-clinical-12-00256#1,2,2
C-clinical-12-00256#10,2,2
C-clinical-12-00256#11,2,2
C-clinical-12-00256#2,2,2
C-clinical-12-00256#3,2,2
C-clinical-12-00256#4,2,2
C-clinical-12-00256#5,2,2
C-clinical-12-00256#6,2,2
C-clinical-12-00256#7,2,2
C-clinical-12-00256#8,2,2
C-clinical-12-00256#9,2,2
C-clinical-12-00262#0,2,2
C-clinical-12-00262#1,2,2
C-clinical-12-00262#2,2,2
C-clinical-12-00262#3,2,2
C-clinical-12-00262#4,2,2
C-clinical-12-00262#5,2,2
C-clinical-12-00264#0,2,2
C-clinical-12-00264#1,2,2
C-clinical-12-00264#2,2,2
C-clinical-12-00264#3,2,2
C-clinical-12-00267#0,2,2
C-clinical-12-00267#1,2,2
C-clinical-12-00267#10,2,2
C-clinical-12-00267#3,2,2
C-clinical-12-00267#4,2,2
C-clinical-12-00267#5,2,2
C-clinical-12-00267#6,2,2
C-clinical-12-00267#7,2,2
C-clinical-12-00267#8,2,2
C-clinical-12-00269#0,2,2
C-clinical-12-00269#1,2,2
C-clinical-12-00269#2,2,2
C-clinical-12-00269#3,2,2
C-clinical-12-00269#4,2,2
C-clinical-12-00269#5,2,2
C-clinical-12-00269#6,2,2
C-clinical-12-00269#7,2,2
C-clinical-12-00270#0,2,2
C-clinical-12-00270#1,2,2
C-clinical-12-00270#2,2,2
C-clinical-12-00270#3,2,2
C-clinical-12-00270#4,2,2
C-clinical-12-00270#5,2,2
C-clinical-12-00273#0,2,2
C-clinical-12-00273#1,2,2
C-clinical-12-00273#2,2,2
C-clinical-12-00273#3,2,2
C-clinical-12-00273#4,2,2
C-clinical-12-00273#5,2,2
C-clinical-12-00273#6,2,2
C-clinical-12-00273#7,2,2
C-clinical-12-00274#0,2,2
C-clinical-12-00274#1,2,2
C-clinical-12-00274#2,2,2
C-clinical-12-00274#3,2,2
C-clinical-12-00274#4,2,2
C-clinical-12-00274#5,2,2
C-clinical-12-00275#0,2,2
C-clinical-12-00275#1,0,2
C-clinical-12-00275#2,2,2
C-clinical-12-00275#3,2,2
C-clinical-12-00275#4,2,2
C-clinical-12-00275#5,2,2
C-clinical-12-00275#6,2,2
C-clinical-12-00275#7,2,2
C-clinical-12-00277#0,2,2
C-clinical-12-00277#1,2,2
C-clinical-12-00277#2,2,2
C-clinical-12-00277#3,2,2
C-clinical-12-00277#4,2,2
C-clinical-12-00279#0,2,2
C-clinical-12-00279#1,2,2
C-clinical-12-00279#2,2,2
C-clinical-12-00279#3,2,2
C-clinical-12-00279#4,2,2
C-clinical-12-00281#0,2,2
C-clinical-12-00281#1,2,2
C-clinical-12-00281#2,2,2
C-clinical-12-00281#3,2,2
C-clinical-12-00281#4,2,2
C-clinical-12-00281#5,2,2
C-clinical-12-00281#6,2,2
C-clinical-12-00282#0,2,2
C-clinical-12-00282#1,2,2
C-clinical-12-00282#2,2,2
C-clinical-12-00282#3,2,2
C-clinical-12-00282#4,2,2
C-clinical-12-00283#0,2,2
C-clinical-12-00283#1,2,2
C-clinical-12-00283#2,2,2
C-clinical-12-00283#3,2,2
C-clinical-12-00283#4,2,2
C-clinical-12-00286#0,2,2
C-clinical-12-00286#1,2,2
C-clinical-12-00286#2,2,2
C-clinical-12-00286#4,2,2
C-clinical-12-00286#5,2,2
C-clinical-12-00286#6,2,2
C-clinical-12-00286#7,2,2
C-clinical-12-00287#0,2,2
C-clinical-12-00287#1,2,2
C-clinical-12-00287#2,2,2
C-clinical-12-00287#3,2,2
C-clinical-12-00289#0,2,2
C-clinical-12-00289#1,2,2
C-clinical-12-00289#2,2,2
C-clinical-12-00289#3,2,2
C-clinical-12-00289#4,2,2
C-clinical-12-00289#5,2,2
C-clinical-12-00289#6,2,2
C-clinical-12-00289#7,2,2
C-clinical-12-00289#8,2,2
C-clinical-12-00289#9,2,2
C-clinical-12-00291#0,2,2
C-clinical-12-00291#1,2,2
C-clinical-12-00291#2,2,2
C-clinical-12-00291#3,2,2
C-clinical-12-00296#1,2,2
C-clinical-12-00296#10,2,2
C-clinical-12-00296#11,2,2
C-clinical-12-00296#12,2,2
C-clinical-12-00296#2,2,2
C-clinical-12-00296#3,2,2
C-clinical-12-00296#4,2,2
C-clinical-12-00296#5,2,2
C-clinical-12-00296#6,2,2
C-clinical-12-00296#7,2,2
C-clinical-12-00296#8,2,2
C-clinical-12-00296#9,2,2
C-clinical-12-00298#0,2,2
C-clinical-12-00298#1,2,2
C-clinical-12-00298#2,2,2
C-clinical-12-00298#3,2,2
C-clinical-12-00298#4,2,2
C-clinical-12-00301#0,2,2
C-clinical-12-00301#2,2,2
C-clinical-12-00301#3,2,2
C-clinical-12-00301#5,2,2
C-clinical-12-00301#6,2,2
C-clinical-12-00301#7,1,2
C-clinical-12-00303#0,2,2
C-clinical-12-00303#1,2,2
C-clinical-12-00303#10,2,2
C-clinical-12-00303#11,2,2
C-clinical-12-00303#2,2,2
C-clinical-12-00303#3,2,2
C-clinical-12-00303#4,2,2
C-clinical-12-00303#5,2,2
C-clinical-12-00303#6,2,2
C-clinical-12-00303#7,2,2
C-clinical-12-00303#8,2,2
C-clinical-12-00303#9,2,2
C-clinical-12-00304#0,2,2
C-clinical-12-00304#1,2,2
C-clinical-12-00304#10,2,2
C-clinical-12-00304#11,2,2
C-clinical-12-00304#2,2,2
C-clinical-12-00304#3,2,2
C-clinical-12-00304#4,2,2
C-clinical-12-00304#5,2,2
C-clinical-12-00304#6,2,2
C-clinical-12-00304#7,2,2
C-clinical-12-00304#8,2,2
C-clinical-12-00304#9,2,2
C-clinical-12-00308#0,2,2
C-clinical-12-00308#1,2,2
C-clinical-12-00308#10,2,2
C-clinical-12-00308#3,2,2
C-clinical-12-00308#4,2,2
C-clinical-12-00308#5,2,2
C-clinical-12-00308#6,2,2
C-clinical-12-00308#7,2,2
C-clinical-12-00308#8,2,2
C-clinical-12-00308#9,2,2
C-clinical-12-00314#0,2,2
C-clinical-12-00314#1,2,2
C-clinical-12-00314#2,2,2
C-clinical-12-00314#3,2,2
C-clinical-12-00314#4,2,2
C-clinical-12-00314#5,2,2
C-clinical-12-00314#6,2,2
C-clinical-12-00314#7,2,2
C-clinical-12-00316#0,2,2
C-clinical-12-00316#1,2,2
C-clinical-12-00316#2,2,2
C-clinical-12-00316#3,1,1
C-clinical-12-00316#4,2,2
C-clinical-12-00316#5,2,2
C-clinical-12-00317#0,2,2
C-clinical-12-00317#1,2,2
C-clinical-12-00317#2,2,2
C-clinical-12-00317#3,2,2
C-clinical-12-00317#4,2,2
C-clinical-12-00317#5,2,2
C-clinical-12-00317#6,2,2
C-clinical-12-00317#7,2,2
C-clinical-12-00318#0,2,2
C-clinical-12-00318#1,2,2
C-clinical-12-00318#2,2,2
C-clinical-12-00318#3,2,2
C-clinical-12-00321#0,2,2
C-clinical-12-00321#1,2,2
C-clinical-12-00321#10,2,2
C-clinical-12-00321#11,2,2
C-clinical-12-00321#12,2,2
C-clinical-12-00321#13,2,2
C-clinical-12-00321#2,2,2
C-clinical-12-00321#3,2,2
C-clinical-12-00321#4,2,2
C-clinical-12-00321#5,2,2
C-clinical-12-00321#6,2,2
C-clinical-12-00321#7,2,2
C-clinical-12-00321#8,2,2
C-clinical-12-00321#9,2,2
C-clinical-12-00322#0,2,2
C-clinical-12-00322#1,2,2
C-clinical-12-00322#2,2,2
C-clinical-12-00322#3,2,2
C-clinical-12-00322#4,2,2
C-clinical-12-00322#5,2,2
C-clinical-12-00322#6,2,2
C-clinical-12-00322#7,2,2
C-clinical-12-00324#0,2,2
C-clinical-12-00324#10,2,2
C-clinical-12-00324#2,2,2
C-clinical-12-00324#3,2,2
C-clinical-12-00324#4,2,2
C-clinical-12-00324#5,2,2
C-clinical-12-00324#6,2,2
C-clinical-12-00324#7,2,2
C-clinical-12-00324#8,2,2
C-clinical-12-00324#9,2,2
C-clinical-12-00326#0,2,2
C-clinical-12-00326#1,2,2
C-clinical-12-00326#2,2,2
C-clinical-12-00326#3,2,2
C-clinical-12-00326#4,2,2
C-clinical-12-00326#5,2,2
C-clinical-12-00332#0,2,2
C-clinical-12-00332#1,2,2
C-clinical-12-00332#2,2,2
C-clinical-12-00332#3,2,2
C-clinical-12-00332#4,2,2
C-clinical-12-00332#5,2,2
C-clinical-12-00332#6,2,2
C-clinical-12-00332#7,2,2
C-clinical-12-00332#8,2,2
C-clinical-12-00332#9,2,2
C-clinical-12-00333#0,2,2
C-clinical-12-00333#1,2,2
C-clinical-12-00333#2,2,2
C-clinical-12-00333#3,2,2
C-clinical-12-00333#4,2,2
C-clinical-12-00333#5,2,2
C-clinical-12-00335#0,2,2
C-clinical-12-00335#1,2,2
C-clinical-12-00335#2,2,2
C-clinical-12-00335#3,2,2
C-clinical-12-00335#4,2,2
C-clinical-12-00335#5,1,2
C-clinical-12-00335#6,2,2
C-clinical-12-00336#0,0,2
C-clinical-12-00336#1,2,2
C-clinical-12-00336#10,2,2
C-clinical-12-00336#2,2,2
C-clinical-12-00336#3,2,2
C-clinical-12-00336#4,2,2
C-clinical-12-00336#6,2,2
C-clinical-12-00336#7,2,2
C-clinical-12-00336#8,2,2
C-clinical-12-00336#9,2,2
C-clinical-12-00340#0,2,2
C-clinical-12-00340#1,2,2
C-clinical-12-00340#10,2,2
C-clinical-12-00340#11,2,2
C-clinical-12-00340#2,2,2
C-clinical-12-00340#3,2,2
C-clinical-12-00340#4,2,2
C-clinical-12-00340#5,2,2
C-clinical-12-00340#6,2,2
C-clinical-12-00340#7,2,2
C-clinical-12-00340#8,2,2
C-clinical-12-00340#9,2,2
C-clinical-12-00342#0,2,2
C-clinical-12-00342#1,2,2
C-clinical-12-00342#10,2,2
C-clinical-12-00342#11,2,2
C-clinical-12-00342#2,2,2
C-clinical-12-00342#3,2,2
C-clinical-12-00342#4,2,2
C-clinical-12-00342#5,2,2
C-clinical-12-00342#6,2,2
C-clinical-12-00342#7,2,2
C-clinical-12-00342#8,2,2
C-clinical-12-00342#9,2,2
C-clinical-12-00344#0,2,2
C-clinical-12-00344#1,2,2
C-clinical-12-00344#2,0,0
C-clinical-12-00344#3,2,2
C-clinical-12-00344#4,0,0
C-clinical-12-00344#5,2,2
C-clinical-12-00345#0,2,2
C-clinical-12-00345#1,1,2
C-clinical-12-00345#2,2,2
C-clinical-12-00345#3,2,2
C-clinical-12-00345#4,2,2
C-clinical-12-00345#5,2,2
C-clinical-12-00345#6,2,2
C-clinical-12-00345#7,2,2
C-clinical-12-00345#8,2,2
C-clinical-12-00345#9,2,2
C-clinical-12-00347#0,2,2
C-clinical-12-00347#1,2,2
C-clinical-12-00347#10,2,2
C-clinical-12-00347#11,0,2
C-clinical-12-00347#2,2,2
C-clinical-12-00347#3,2,2
C-clinical-12-00347#4,2,2
C-clinical-12-00347#5,2,2
C-clinical-12-00347#6,2,2
C-clinical-12-00347#7,2,2
C-clinical-12-00347#8,2,2
C-clinical-12-00347#9,2,2
C-clinical-12-00350#0,2,2
C-clinical-12-00350#1,2,2
C-clinical-12-00350#2,2,2
C-clinical-12-00350#3,2,2
C-clinical-12-00350#4,2,2
C-clinical-12-00350#5,2,2
C-clinical-12-00354#0,2,2
C-clinical-12-00354#1,2,2
C-clinical-12-00354#2,2,2
C-clinical-12-00356#0,2,2
C-clinical-12-00356#1,2,2
C-clinical-12-00356#2,2,2
C-clinical-12-00356#3,1,2
C-clinical-12-00356#4,2,2
C-clinical-12-00356#5,2,2
C-clinical-12-00356#6,2,2
C-clinical-12-00357#0,2,2
C-clinical-12-00357#1,2,2
C-clinical-12-00357#2,2,2
C-clinical-12-00357#3,2,2
C-clinical-12-00357#4,2,2
C-clinical-12-00357#5,2,2
C-clinical-12-00357#6,2,2
C-clinical-12-00358#0,2,2
C-clinical-12-00358#1,2,2
C-clinical-12-00358#2,2,2
C-clinical-12-00360#0,2,2
C-clinical-12-00360#1,2,2
C-clinical-12-00360#10,2,2
C-clinical-12-00360#11,1,2
C-clinical-12-00360#2,2,2
C-clinical-12-00360#3,2,2
C-clinical-12-00360#4,2,2
C-clinical-12-00360#5,2,2
C-clinical-12-00360#6,2,2
C-clinical-12-00360#7,2,2
C-clinical-12-00360#8,2,2
C-clinical-12-00360#9,2,2
C-clinical-12-00361#0,2,2
C-clinical-12-00361#1,2,2
C-clinical-12-00361#2,2,2
C-clinical-12-00361#3,2,2
C-clinical-12-00361#4,2,2
C-clinical-12-00361#5,2,2
C-clinical-12-00361#6,2,2
C-clinical-12-00363#1,2,2
C-clinical-12-00363#10,2,2
C-clinical-12-00363#11,2,2
C-clinical-12-00363#12,2,2
C-clinical-12-00363#13,2,2
C-clinical-12-00363#2,2,2
C-clinical-12-00363#3,2,2
C-clinical-12-00363#4,2,2
C-clinical-12-00363#5,2,2
C-clinical-12-00363#6,2,2
C-clinical-12-00363#7,2,2
C-clinical-12-00363#8,2,2
C-clinical-12-00363#9,2,2
C-clinical-12-00365#0,2,2
C-clinical-12-00365#1,2,2
C-clinical-12-00365#2,2,2
C-clinical-12-00365#3,2,2
C-clinical-12-00365#4,2,2
C-clinical-12-00365#5,2,2
C-clinical-12-00365#6,2,2
C-clinical-12-00365#7,2,2
C-clinical-12-00365#8,2,2
C-clinical-12-00365#9,2,2
C-clinical-12-00367#0,2,2
C-clinical-12-00367#1,2,2
C-clinical-12-00367#10,2,2
C-clinical-12-00367#2,2,2
C-clinical-12-00367#4,2,2
C-clinical-12-00367#5,2,2
C-clinical-12-00367#6,2,2
C-clinical-12-00367#7,2,2
C-clinical-12-00367#8,2,2
C-clinical-12-00367#9,2,2
C-clinical-12-00368#0,2,2
C-clinical-12-00368#1,2,2
C-clinical-12-00368#10,2,2
C-clinical-12-00368#11,2,2
C-clinical-12-00368#12,0,0
C-clinical-12-00368#13,2,2
C-clinical-12-00368#2,2,2
C-clinical-12-00368#3,2,2
C-clinical-12-00368#4,0,0
C-clinical-12-00368#5,2,2
C-clinical-12-00368#6,2,2
C-clinical-12-00368#7,2,2
C-clinical-12-00368#8,2,2
C-clinical-12-00368#9,2,2
C-clinical-12-00370#0,2,2
C-clinical-12-00370#1,2,2
C-clinical-12-00370#2,2,2
C-clinical-12-00370#3,2,2
C-clinical-12-00370#4,2,2
C-clinical-12-00370#5,2,2
C-clinical-12-00370#6,2,2
C-clinical-12-00370#7,2,2
C-clinical-12-00371#0,2,2
C-clinical-12-00371#2,2,2
C-clinical-12-00371#3,2,2
C-clinical-12-00371#4,2,2
C-clinical-12-00372#0,2,2
C-clinical-12-00372#1,2,2
C-clinical-12-00372#2,2,2
C-clinical-12-00372#3,2,2
C-clinical-12-00372#4,2,2
C-clinical-12-00372#5,2,2
C-clinical-12-00372#6,2,2
C-clinical-12-00372#7,2,2
C-clinical-12-00373#0,2,2
C-clinical-12-00373#1,2,2
C-clinical-12-00373#2,2,2
C-clinical-12-00373#3,2,2
C-clinical-12-00373#4,2,2
C-clinical-12-00373#5,2,2
C-clinical-12-00373#6,2,2
C-clinical-12-00379#0,2,2
C-clinical-12-00379#1,2,2
C-clinical-12-00379#2,2,2
C-clinical-12-00379#3,2,2
C-clinical-12-00379#4,1,2
C-clinical-12-00379#5,2,2
C-clinical-12-00382#0,2,2
C-clinical-12-00382#1,2,2
C-clinical-12-00382#2,2,2
C-clinical-12-00382#3,2,2
C-clinical-12-00382#4,2,2
C-clinical-12-00382#5,2,2
C-clinical-12-00382#6,2,2
C-clinical-12-00382#7,2,2
C-clinical-12-00382#8,2,2
C-clinical-12-00382#9,2,2
C-clinical-12-00383#0,2,2
C-clinical-12-00383#1,2,2
C-clinical-12-00383#2,2,2
C-clinical-12-00383#3,2,2
C-clinical-12-00384#0,2,2
C-clinical-12-00384#1,2,2
C-clinical-12-00384#2,2,2
C-clinical-12-00384#3,1,2
C-clinical-12-00384#4,2,2
C-clinical-12-00384#5,2,2
C-clinical-12-00384#6,2,2
C-clinical-12-00384#7,2,2
C-clinical-12-00389#0,2,2
C-clinical-12-00389#1,2,2
C-clinical-12-00389#2,2,2
C-clinical-12-00389#3,2,2
C-clinical-12-00389#4,2,2
C-clinical-12-00389#5,2,2
C-clinical-12-00389#6,2,2
C-clinical-12-00389#7,2,2
C-clinical-12-00390#0,2,2
C-clinical-12-00390#1,2,2
C-clinical-12-00390#2,2,2
C-clinical-12-00390#3,2,2
C-clinical-12-00390#4,2,2
C-clinical-12-00390#5,2,2
C-clinical-12-00393#0,2,2
C-clinical-12-00393#1,2,2
C-clinical-12-00393#2,2,2
C-clinical-12-00393#3,2,2
C-clinical-12-00393#4,2,2
C-clinical-12-00393#5,2,2
C-clinical-12-00393#6,2,2
C-clinical-12-00393#7,2,2
C-clinical-12-00394#0,2,2
C-clinical-12-00394#1,2,2
C-clinical-12-00394#10,2,2
C-clinical-12-00394#11,2,2
C-clinical-12-00394#2,2,2
C-clinical-12-00394#3,2,2
C-clinical-12-00394#4,2,2
C-clinical-12-00394#5,2,2
C-clinical-12-00394#6,2,2
C-clinical-12-00394#7,2,2
C-clinical-12-00394#8,2,2
C-clinical-12-00394#9,2,2
C-clinical-12-00395#0,2,2
C-clinical-12-00395#1,2,2
C-clinical-12-00395#2,2,2
C-clinical-12-00395#3,2,2
C-clinical-12-00397#0,0,2
C-clinical-12-00397#1,2,2
C-clinical-12-00397#2,2,2
C-clinical-12-00397#3,2,2
C-clinical-12-00397#4,0,2
C-clinical-12-00397#5,2,2
C-clinical-12-00397#6,2,2
C-clinical-12-00402#0,2,2
C-clinical-12-00402#1,2,2
C-clinical-12-00402#10,2,2
C-clinical-12-00402#2,2,2
C-clinical-12-00402#3,2,2
C-clinical-12-00402#5,1,2
C-clinical-12-00402#6,2,2
C-clinical-12-00402#7,2,2
C-clinical-12-00402#8,2,2
C-clinical-12-00402#9,2,2
C-clinical-12-00403#0,2,2
C-clinical-12-00403#1,2,2
C-clinical-12-00403#2,2,2
C-clinical-12-00403#3,2,2
C-clinical-12-00405#0,2,2
C-clinical-12-00405#1,2,2
C-clinical-12-00405#10,2,2
C-clinical-12-00405#2,2,2
C-clinical-12-00405#3,2,2
C-clinical-12-00405#4,2,2
C-clinical-12-00405#5,2,2
C-clinical-12-00405#6,2,2
C-clinical-12-00405#7,2,2
C-clinical-12-00405#8,2,2
C-clinical-12-00405#9,2,2
C-clinical-12-00406#0,2,2
C-clinical-12-00406#1,2,2
C-clinical-12-00406#10,2,2
C-clinical-12-00406#2,2,2
C-clinical-12-00406#3,2,2
C-clinical-12-00406#4,2,2
C-clinical-12-00406#5,2,2
C-clinical-12-00406#6,2,2
C-clinical-12-00406#7,2,2
C-clinical-12-00406#8,2,2
C-clinical-12-00406#9,2,2
C-clinical-12-00410#0,2,2
C-clinical-12-00410#1,2,2
C-clinical-12-00410#2,2,2
C-clinical-12-00410#3,2,2
C-clinical-12-00410#4,2,2
C-clinical-12-00410#5,2,2
C-clinical-12-00410#6,2,2
C-clinical-12-00410#7,2,2
C-clinical-12-00410#8,2,2
C-clinical-12-00410#9,2,2
C-clinical-12-00411#0,2,2
C-clinical-12-00411#1,2,2
C-clinical-12-00411#2,2,2
C-clinical-12-00411#3,1,2
C-clinical-12-00411#4,2,2
C-clinical-12-00414#0,2,2
C-clinical-12-00414#1,2,2
C-clinical-12-00414#10,2,2
C-clinical-12-00414#2,2,2
C-clinical-12-00414#3,2,2
C-clinical-12-00414#4,2,2
C-clinical-12-00414#5,2,2
C-clinical-12-00414#6,2,2
C-clinical-12-00414#7,2,2
C-clinical-12-00414#8,2,2
C-clinical-12-00414#9,2,2
C-clinical-12-00415#0,2,2
C-clinical-12-00415#1,2,2
C-clinical-12-00415#2,2,2
C-clinical-12-00415#3,2,2
C-clinical-12-00415#4,2,2
C-clinical-12-00415#5,2,2
C-clinical-12-00415#6,2,2
C-clinical-12-00418#0,2,2
C-clinical-12-00418#1,2,2
C-clinical-12-00418#10,2,2
C-clinical-12-00418#11,2,2
C-clinical-12-00418#12,2,2
C-clinical-12-00418#13,2,2
C-clinical-12-00418#2,2,2
C-clinical-12-00418#3,2,2
C-clinical-12-00418#4,2,2
C-clinical-12-00418#5,2,2
C-clinical-12-00418#6,2,2
C-clinical-12-00418#7,2,2
C-clinical-12-00418#8,2,2
C-clinical-12-00418#9,2,2
C-clinical-12-00423#0,2,2
C-clinical-12-00423#1,1,2
C-clinical-12-00423#2,2,2
C-clinical-12-00423#3,2,2
C-clinical-12-00423#4,2,2
C-clinical-12-00423#5,2,2
C-clinical-12-00423#6,2,2
C-clinical-12-00423#7,2,2
C-clinical-12-00423#8,2,2
C-clinical-12-00423#9,2,2
C-clinical-12-00425#1,2,2
C-clinical-12-00425#10,2,2
C-clinical-12-00425#11,2,2
C-clinical-12-00425#12,1,2
C-clinical-12-00425#13,2,2
C-clinical-12-00425#14,2,2
C-clinical-12-00425#15,2,2
C-clinical-12-00425#16,2,2
C-clinical-12-00425#17,2,2
C-clinical-12-00425#2,2,2
C-clinical-12-00425#3,2,2
C-clinical-12-00425#4,2,2
C-clinical-12-00425#5,2,2
C-clinical-12-00425#6,2,2
C-clinical-12-00425#7,2,2
C-clinical-12-00425#8,1,2
C-clinical-12-00425#9,2,2
C-clinical-12-00433#0,2,2
C-clinical-12-00433#1,2,2
C-clinical-12-00433#2,2,2
C-clinical-12-00433#3,2,2
C-clinical-12-00433#4,2,2
C-clinical-12-00433#5,2,2
C-clinical-12-00433#6,2,2
C-clinical-12-00433#7,2,2
C-clinical-12-00433#8,2,2
C-clinical-12-00436#0,2,2
C-clinical-12-00436#1,2,2
C-clinical-12-00436#2,2,2
C-clinical-12-00436#3,2,2
C-clinical-12-00436#4,2,2
C-clinical-12-00436#5,2,2
C-clinical-12-00436#6,2,2
C-clinical-12-00438#0,2,2
C-clinical-12-00438#1,2,2
C-clinical-12-00438#3,2,2
C-clinical-12-00438#4,2,2
C-clinical-12-00438#5,2,2
C-clinical-12-00438#6,2,2
C-clinical-12-00438#7,2,2
C-clinical-12-00438#8,2,2
C-clinical-12-00438#9,2,2
C-clinical-12-00439#0,2,2
C-clinical-12-00439#1,2,2
C-clinical-12-00439#10,2,2
C-clinical-12-00439#11,2,2
C-clinical-12-00439#2,2,2
C-clinical-12-00439#3,2,2
C-clinical-12-00439#4,2,2
C-clinical-12-00439#5,2,2
C-clinical-12-00439#6,2,2
C-clinical-12-00439#7,2,2
C-clinical-12-00439#8,2,2
C-clinical-12-00439#9,2,2
C-clinical-12-00440#0,2,2
C-clinical-12-00440#1,2,2
C-clinical-12-00440#10,2,2
C-clinical-12-00440#2,2,2
C-clinical-12-00440#3,2,2
C-clinical-12-00440#4,2,2
C-clinical-12-00440#5,2,2
C-clinical-12-00440#6,2,2
C-clinical-12-00440#7,2,2
C-clinical-12-00440#8,2,2
C-clinical-12-00440#9,2,2
C-clinical-12-00441#0,2,2
C-clinical-12-00441#1,2,2
C-clinical-12-00441#2,2,2
C-clinical-12-00441#3,2,2
C-clinical-12-00441#4,2,2
C-clinical-12-00444#0,2,2
C-clinical-12-00444#1,2,2
C-clinical-12-00444#10,2,2
C-clinical-12-00444#11,2,2
C-clinical-12-00444#12,2,2
C-clinical-12-00444#13,2,2
C-clinical-12-00444#14,2,2
C-clinical-12-00444#2,2,2
C-clinical-12-00444#3,2,2
C-clinical-12-00444#4,2,2
C-clinical-12-00444#5,2,2
C-clinical-12-00444#6,2,2
C-clinical-12-00444#7,2,2
C-clinical-12-00444#8,2,2
C-clinical-12-00444#9,2,2
C-clinical-12-00445#0,2,2
C-clinical-12-00445#1,2,2
C-clinical-12-00445#2,2,2
C-clinical-12-00445#3,2,2
C-clinical-12-00445#4,1,2
C-clinical-12-00445#5,2,2
C-clinical-12-00448#0,2,2
C-clinical-12-00448#1,2,2
C-clinical-12-00448#2,1,2
C-clinical-12-00448#3,1,2
C-clinical-12-00450#0,2,2
C-clinical-12-00450#1,2,2
C-clinical-12-00450#2,2,2
C-clinical-12-00450#3,1,2
C-clinical-12-00452#0,2,2
C-clinical-12-00452#1,2,2
C-clinical-12-00452#10,2,2
C-clinical-12-00452#11,2,2
C-clinical-12-00452#12,2,2
C-clinical-12-00452#2,2,2
C-clinical-12-00452#3,2,2
C-clinical-12-00452#4,2,2
C-clinical-12-00452#5,2,2
C-clinical-12-00452#6,2,2
C-clinical-12-00452#7,2,2
C-clinical-12-00452#8,2,2
C-clinical-12-00452#9,2,2
C-clinical-12-00454#0,2,2
C-clinical-12-00454#1,2,2
C-clinical-12-00454#2,2,2
C-clinical-12-00454#3,2,2
C-clinical-12-00454#4,2,2
C-clinical-12-00454#5,2,2
C-clinical-12-00455#0,2,2
C-clinical-12-00455#1,2,2
C-clinical-12-00455#2,2,2
C-clinical-12-00455#3,2,2
C-clinical-12-00455#4,2,2
C-clinical-12-00455#5,2,2
C-clinical-12-00455#6,2,2
C-clinical-12-00455#7,2,2
C-clinical-12-00456#1,2,2
C-clinical-12-00456#10,2,2
C-clinical-12-00456#11,2,2
C-clinical-12-00456#2,2,2
C-clinical-12-00456#3,2,2
C-clinical-12-00456#4,2,2
C-clinical-12-00456#5,2,2
C-clinical-12-00456#6,2,2
C-clinical-12-00456#7,2,2
C-clinical-12-00456#8,2,2
C-clinical-12-00456#9,2,2
C-clinical-12-00459#0,2,2
C-clinical-12-00459#1,2,2
C-clinical-12-00459#2,2,2
C-clinical-12-00459#3,2,2
C-clinical-12-00459#4,2,2
C-clinical-12-00459#5,2,2
C-clinical-12-00461#1,2,2
C-clinical-12-00461#2,2,2
C-clinical-12-00461#3,2,2
C-clinical-12-00461#4,2,2
C-clinical-12-00461#5,2,2
C-clinical-12-00461#6,2,2
C-clinical-12-00461#7,2,2
C-clinical-12-00462#0,2,2
C-clinical-12-00462#1,2,2
C-clinical-12-00462#2,2,2
C-clinical-12-00462#3,2,2
C-clinical-12-00462#4,2,2
C-clinical-12-00462#5,2,2
C-clinical-12-00466#0,2,2
C-clinical-12-00466#1,2,2
C-clinical-12-00466#2,2,2
C-clinical-12-00466#3,2,2
C-clinical-12-00468#0,2,2
C-clinical-12-00468#1,2,2
C-clinical-12-00468#2,2,2
C-clinical-12-00470#0,2,2
C-clinical-12-00470#1,2,2
C-clinical-12-00470#10,2,2
C-clinical-12-00470#2,2,2
C-clinical-12-00470#3,2,2
C-clinical-12-00470#4,2,2
C-clinical-12-00470#5,2,2
C-clinical-12-00470#6,2,2
C-clinical-12-00470#7,2,2
C-clinical-12-00470#8,2,2
C-clinical-12-00470#9,2,2
C-clinical-12-00471#0,2,2
C-clinical-12-00471#1,2,2
C-clinical-12-00471#10,2,2
C-clinical-12-00471#11,2,2
C-clinical-12-00471#12,2,2
C-clinical-12-00471#2,2,2
C-clinical-12-00471#3,2,2
C-clinical-12-00471#4,2,2
C-clinical-12-00471#5,2,2
C-clinical-12-00471#6,2,2
C-clinical-12-00471#7,2,2
C-clinical-12-00471#8,2,2
C-clinical-12-00471#9,2,2
C-clinical-12-00473#0,2,2
C-clinical-12-00473#1,2,2
C-clinical-12-00473#2,2,2
C-clinical-12-00473#3,2,2
C-clinical-12-00473#4,2,2
C-clinical-12-00473#5,2,2
C-clinical-12-00475#0,2,2
C-clinical-12-00475#1,2,2
C-clinical-12-00475#10,2,2
C-clinical-12-00475#3,2,2
C-clinical-12-00475#4,2,2
C-clinical-12-00475#5,2,2
C-clinical-12-00475#6,2,2
C-clinical-12-00475#7,2,2
C-clinical-12-00475#8,2,2
C-clinical-12-00475#9,2,2
C-clinical-12-00476#0,2,2
C-clinical-12-00476#1,2,2
C-clinical-12-00476#10,2,2
C-clinical-12-00476#11,2,2
C-clinical-12-00476#12,2,2
C-clinical-12-00476#13,2,2
C-clinical-12-00476#14,2,2
C-clinical-12-00476#15,2,2
C-clinical-12-00476#16,2,2
C-clinical-12-00476#2,2,2
C-clinical-12-00476#3,2,2
C-clinical-12-00476#4,2,2
C-clinical-12-00476#5,2,2
C-clinical-12-00476#6,2,2
C-clinical-12-00476#7,2,2
C-clinical-12-00476#8,2,2
C-clinical-12-00476#9,2,2
C-clinical-12-00480#0,2,2
C-clinical-12-00480#1,2,2
C-clinical-12-00480#2,2,2
C-clinical-12-00480#3,2,2
C-clinical-12-00481#0,2,2
C-clinical-12-00481#1,2,2
C-clinical-12-00481#2,2,2
C-clinical-12-00481#3,2,2
C-clinical-12-00481#4,2,2
C-clinical-12-00481#5,2,2
C-clinical-12-00481#6,2,2
C-clinical-12-00481#7,2,2
C-clinical-12-00481#8,2,2
C-clinical-12-00485#0,2,2
C-clinical-12-00485#1,2,2
C-clinical-12-00485#2,2,2
C-clinical-12-00485#3,1,2
C-clinical-12-00485#4,2,2
C-clinical-12-00485#5,2,2
C-clinical-12-00485#6,2,2
C-clinical-12-00485#7,2,2
C-clinical-12-00485#8,2,2
C-clinical-12-00485#9,2,2
C-clinical-12-00487#1,2,2
C-clinical-12-00487#10,2,2
C-clinical-12-00487#11,2,2
C-clinical-12-00487#2,2,2
C-clinical-12-00487#3,2,2
C-clinical-12-00487#4,2,2
C-clinical-12-00487#5,2,2
C-clinical-12-00487#6,2,2
C-clinical-12-00487#7,2,2
C-clinical-12-00487#8,2,2
C-clinical-12-00487#9,2,2
C-clinical-12-00488#0,2,2
C-clinical-12-00488#1,2,2
C-clinical-12-00488#2,2,2
C-clinical-12-00488#3,2,2
C-clinical-12-00488#4,2,2
C-clinical-12-00488#5,2,2
C-clinical-12-00488#6,2,2
C-clinical-12-00488#7,2,2
C-clinical-12-00488#8,2,2
C-clinical-12-00488#9,2,2
C-clinical-12-00489#0,2,2
C-clinical-12-00489#1,2,2
C-clinical-12-00489#10,2,2
C-clinical-12-00489#2,2,2
C-clinical-12-00489#3,2,2
C-clinical-12-00489#4,2,2
C-clinical-12-00489#5,2,2
C-clinical-12-00489#6,2,2
C-clinical-12-00489#7,2,2
C-clinical-12-00489#8,2,2
C-clinical-12-00489#9,2,2
C-clinical-12-00490#0,2,2
C-clinical-12-00490#1,2,2
C-clinical-12-00490#10,1,2
C-clinical-12-00490#11,2,2
C-clinical-12-00490#3,2,2
C-clinical-12-00490#4,2,2
C-clinical-12-00490#5,2,2
C-clinical-12-00490#6,1,2
C-clinical-12-00490#7,2,2
C-clinical-12-00490#8,2,2
C-clinical-12-00490#9,2,2
C-clinical-12-00493#0,2,2
C-clinical-12-00493#1,2,2
C-clinical-12-00493#2,2,2
C-clinical-12-00493#3,2,2
C-clinical-12-00493#4,2,2
C-clinical-12-00493#5,2,2
C-clinical-12-00493#6,2,2
C-clinical-12-00499#0,2,2
C-clinical-12-00499#1,2,2
C-clinical-12-00499#10,2,2
C-clinical-12-00499#2,2,2
C-clinical-12-00499#4,2,2
C-clinical-12-00499#5,2,2
C-clinical-12-00499#6,2,2
C-clinical-12-00499#7,2,2
C-clinical-12-00499#8,2,2
C-clinical-12-00499#9,2,2
C-clinical-12-00500#0,2,2
C-clinical-12-00500#1,2,2
C-clinical-12-00500#2,2,2
C-clinical-12-00500#3,2,2
C-clinical-12-00500#4,2,2
C-clinical-12-00500#5,2,2
C-clinical-12-00500#6,2,2
C-clinical-12-00500#7,2,2
C-clinical-12-00500#8,2,2
C-clinical-12-00500#9,2,2
C-clinical-12-00501#0,2,2
C-clinical-12-00501#1,2,2
C-clinical-12-00501#2,2,2
C-clinical-12-00501#3,2,2
C-clinical-12-00501#4,2,2
C-clinical-12-00501#5,2,2
C-clinical-12-00501#6,2,2
C-clinical-12-00501#7,2,2
C-clinical-12-00501#8,2,2
C-clinical-12-00501#9,2,2
C-clinical-12-00502#0,2,2
C-clinical-12-00502#1,2,2
C-clinical-12-00502#10,2,2
C-clinical-12-00502#11,2,2
C-clinical-12-00502#12,2,2
C-clinical-12-00502#13,2,2
C-clinical-12-00502#3,2,2
C-clinical-12-00502#4,2,2
C-clinical-12-00502#5,2,2
C-clinical-12-00502#6,2,2
C-clinical-12-00502#7,2,2
C-clinical-12-00502#8,2,2
C-clinical-12-00502#9,2,2
C-clinical-12-00505#0,2,2
C-clinical-12-00505#1,2,2
C-clinical-12-00505#2,2,2
C-clinical-12-00506#0,2,2
C-clinical-12-00506#1,2,2
C-clinical-12-00506#2,2,2
C-clinical-12-00506#3,2,2
C-clinical-12-00510#0,2,2
C-clinical-12-00510#1,2,2
C-clinical-12-00510#10,2,2
C-clinical-12-00510#2,2,2
C-clinical-12-00510#3,2,2
C-clinical-12-00510#4,2,2
C-clinical-12-00510#5,2,2
C-clinical-12-00510#6,2,2
C-clinical-12-00510#7,2,2
C-clinical-12-00510#8,2,2
C-clinical-12-00510#9,2,2
C-clinical-12-00511#0,2,2
C-clinical-12-00511#10,2,2
C-clinical-12-00511#11,2,2
C-clinical-12-00511#12,2,2
C-clinical-12-00511#2,2,2
C-clinical-12-00511#3,2,2
C-clinical-12-00511#4,2,2
C-clinical-12-00511#5,2,2
C-clinical-12-00511#6,2,2
C-clinical-12-00511#7,2,2
C-clinical-12-00511#8,2,2
C-clinical-12-00511#9,2,2
C-clinical-12-00513#0,2,2
C-clinical-12-00513#1,2,2
C-clinical-12-00513#2,2,2
C-clinical-12-00513#3,2,2
C-clinical-12-00513#4,2,2
C-clinical-12-00513#5,2,2
C-clinical-12-00514#0,2,2
C-clinical-12-00514#1,2,2
C-clinical-12-00514#2,2,2
C-clinical-12-00514#3,2,2
C-clinical-12-00514#4,2,2
C-clinical-12-00514#5,2,2
C-clinical-12-00514#6,2,2
C-clinical-12-00514#7,2,2
C-clinical-12-00517#0,2,2
C-clinical-12-00517#1,2,2
C-clinical-12-00517#2,2,2
C-clinical-12-00517#3,2,2
C-clinical-12-00517#4,2,2
C-clinical-12-00517#5,2,2
C-clinical-12-00517#6,2,2
C-clinical-12-00517#7,2,2
C-clinical-12-00518#0,2,2
C-clinical-12-00518#1,2,2
C-clinical-12-00518#2,2,2
C-clinical-12-00518#3,2,2
C-clinical-12-00525#0,2,2
C-clinical-12-00525#1,2,2
C-clinical-12-00525#2,1,2
C-clinical-12-00525#3,2,2
C-clinical-12-00525#4,2,2
C-clinical-12-00525#5,2,2
C-clinical-12-00525#6,2,2
C-clinical-12-00527#0,2,2
C-clinical-12-00527#1,2,2
C-clinical-12-00527#2,2,2
C-clinical-12-00527#3,2,2
C-clinical-12-00527#4,2,2
C-clinical-12-00527#5,2,2
C-clinical-12-00527#6,2,2
C-clinical-12-00530#0,2,2
C-clinical-12-00530#1,2,2
C-clinical-12-00530#2,2,2
C-clinical-12-00530#3,2,2
C-clinical-12-00530#4,2,2
C-clinical-12-00530#5,1,2
C-clinical-12-00530#6,2,2
C-clinical-12-00530#7,2,2
C-clinical-12-00530#8,2,2
C-clinical-12-00534#0,2,2
C-clinical-12-00534#1,2,2
C-clinical-12-00534#10,2,2
C-clinical-12-00534#11,2,2
C-clinical-12-00534#3,2,2
C-clinical-12-00534#4,2,2
C-clinical-12-00534#5,2,2
C-clinical-12-00534#6,2,2
C-clinical-12-00534#7,2,2
C-clinical-12-00534#8,2,2
C-clinical-12-00534#9,2,2
C-clinical-12-00538#0,2,2
C-clinical-12-00538#10,2,2
C-clinical-12-00538#2,2,2
C-clinical-12-00538#3,2,2
C-clinical-12-00538#4,2,2
C-clinical-12-00538#5,2,2
C-clinical-12-00538#6,2,2
C-clinical-12-00538#7,2,2
C-clinical-12-00538#8,2,2
C-clinical-12-00538#9,2,2
C-clinical-12-00539#0,2,2
C-clinical-12-00539#1,2,2
C-clinical-12-00539#2,2,2
C-clinical-12-00539#3,2,2
C-clinical-12-00539#4,2,2
C-clinical-12-00539#5,2,2
C-clinical-12-00542#0,2,2
C-clinical-12-00542#1,2,2
C-clinical-12-00542#2,2,2
C-clinical-12-00542#3,2,2
C-clinical-12-00542#4,2,2
C-clinical-12-00542#5,2,2
C-clinical-12-00542#6,2,2
C-clinical-12-00542#7,2,2
C-clinical-12-00544#0,2,2
C-clinical-12-00544#1,2,2
C-clinical-12-00544#2,2,2
C-clinical-12-00544#3,2,2
C-clinical-12-00544#4,2,2
C-clinical-12-00544#5,2,2
C-clinical-12-00546#0,2,2
C-clinical-12-00546#1,2,2
C-clinical-12-00546#2,2,2
C-clinical-12-00546#3,2,2
C-clinical-12-00546#4,2,2
C-clinical-12-00548#0,2,2
C-clinical-12-00548#1,2,2
C-clinical-12-00548#2,2,2
C-clinical-12-00548#4,2,2
C-clinical-12-00548#5,2,2
C-clinical-12-00548#6,2,2
C-clinical-12-00548#7,2,2
C-clinical-12-00548#8,2,2
C-clinical-12-00548#9,2,2
C-clinical-12-00549#0,2,2
C-clinical-12-00549#1,2,2
C-clinical-12-00549#2,2,2
C-clinical-12-00549#3,2,2
C-clinical-12-00549#4,2,2
C-clinical-12-00549#5,2,2
C-clinical-12-00549#6,2,2
C-clinical-12-00550#0,2,2
C-clinical-12-00550#1,2,2
C-clinical-12-00550#10,2,2
C-clinical-12-00550#2,2,2
C-clinical-12-00550#3,2,2
C-clinical-12-00550#4,2,2
C-clinical-12-00550#5,2,2
C-clinical-12-00550#6,2,2
C-clinical-12-00550#7,2,2
C-clinical-12-00550#8,2,2
C-clinical-12-00550#9,2,2
C-clinical-12-00552#0,2,2
C-clinical-12-00552#1,2,2
C-clinical-12-00552#2,2,2
C-clinical-12-00552#3,1,2
C-clinical-12-00552#4,2,2
C-clinical-12-00552#5,2,2
C-clinical-12-00552#6,2,2
C-clinical-12-00552#7,2,2
C-clinical-12-00554#0,2,2
C-clinical-12-00554#1,2,2
C-clinical-12-00554#2,2,2
C-clinical-12-00554#3,2,2
C-clinical-12-00554#4,2,2
C-clinical-12-00554#5,2,2
C-clinical-12-00554#6,2,2
C-clinical-12-00555#0,2,2
C-clinical-12-00555#1,2,2
C-clinical-12-00555#2,2,2
C-clinical-12-00555#3,1,2
C-clinical-12-00555#4,2,2
C-clinical-12-00555#5,2,2
C-clinical-12-00555#6,2,2
C-clinical-12-00555#7,2,2
C-clinical-12-00555#8,2,2
C-clinical-12-00559#0,2,2
C-clinical-12-00559#1,2,2
C-clinical-12-00559#10,2,2
C-clinical-12-00559#11,2,2
C-clinical-12-00559#12,2,2
C-clinical-12-00559#2,2,2
C-clinical-12-00559#3,2,2
C-clinical-12-00559#4,2,2
C-clinical-12-00559#5,2,2
C-clinical-12-00559#7,2,2
C-clinical-12-00559#8,2,2
C-clinical-12-00559#9,2,2
C-clinical-12-00561#0,2,2
C-clinical-12-00561#1,2,2
C-clinical-12-00561#10,2,2
C-clinical-12-00561#11,2,2
C-clinical-12-00561#2,2,2
C-clinical-12-00561#3,2,2
C-clinical-12-00561#4,2,2
C-clinical-12-00561#5,2,2
C-clinical-12-00561#6,2,2
C-clinical-12-00561#7,1,2
C-clinical-12-00561#8,1,1
C-clinical-12-00561#9,2,2
C-clinical-12-00562#0,2,2
C-clinical-12-00562#1,2,2
C-clinical-12-00562#10,2,2
C-clinical-12-00562#2,2,2
C-clinical-12-00562#3,2,2
C-clinical-12-00562#4,2,2
C-clinical-12-00562#5,2,2
C-clinical-12-00562#6,2,2
C-clinical-12-00562#7,2,2
C-clinical-12-00562#8,2,2
C-clinical-12-00562#9,2,2
C-clinical-12-00564#0,2,2
C-clinical-12-00564#1,2,2
C-clinical-12-00564#2,2,2
C-clinical-12-00564#3,2,2
C-clinical-12-00564#4,2,2
C-clinical-12-00564#5,2,2
C-clinical-12-00564#6,2,2
C-clinical-12-00565#0,2,2
C-clinical-12-00565#1,2,2
C-clinical-12-00565#10,2,2
C-clinical-12-00565#11,2,2
C-clinical-12-00565#12,0,2
C-clinical-12-00565#2,2,2
C-clinical-12-00565#3,2,2
C-clinical-12-00565#4,2,2
C-clinical-12-00565#5,2,2
C-clinical-12-00565#6,2,2
C-clinical-12-00565#7,2,2
C-clinical-12-00565#8,2,2
C-clinical-12-00565#9,2,2
C-clinical-12-00571#0,2,2
C-clinical-12-00571#1,2,2
C-clinical-12-00571#2,2,2
C-clinical-12-00575#0,2,2
C-clinical-12-00575#1,2,2
C-clinical-12-00575#2,2,2
C-clinical-12-00575#3,2,2
C-clinical-12-00575#4,2,2
C-clinical-12-00575#5,2,2
C-clinical-12-00575#6,2,2
C-clinical-12-00575#7,2,2
C-clinical-12-00575#8,2,2
C-clinical-12-00578#0,2,2
C-clinical-12-00578#1,2,2
C-clinical-12-00578#2,2,2
C-clinical-12-00578#3,1,1
C-clinical-12-00578#4,2,2
C-clinical-12-00578#5,2,2
C-clinical-12-00578#6,2,2
C-clinical-12-00578#7,2,2
C-clinical-12-00578#8,2,2
C-clinical-12-00584#0,2,2
C-clinical-12-00584#1,2,2
C-clinical-12-00584#2,2,2
C-clinical-12-00584#3,2,2
C-clinical-12-00584#4,2,2
C-clinical-12-00584#5,2,2
C-clinical-12-00584#6,2,2
C-clinical-12-00584#7,2,2
C-clinical-12-00585#0,2,2
C-clinical-12-00585#1,2,2
C-clinical-12-00585#2,2,2
C-clinical-12-00585#3,1,2
C-clinical-12-00586#0,2,2
C-clinical-12-00586#1,2,2
C-clinical-12-00586#2,2,2
C-clinical-12-00586#3,2,2
C-clinical-12-00586#4,2,2
C-clinical-12-00586#5,2,2
C-clinical-12-00590#0,2,2
C-clinical-12-00590#1,2,2
C-clinical-12-00590#2,2,2
C-clinical-12-00590#3,2,2
C-clinical-12-00590#4,2,2
C-clinical-12-00590#5,2,2
C-clinical-12-00590#6,2,2
C-clinical-12-00592#0,2,2
C-clinical-12-00592#1,2,2
C-clinical-12-00592#2,2,2
C-clinical-12-00592#3,2,2
C-clinical-12-00592#4,2,2
C-clinical-12-00592#5,2,2
C-clinical-12-00592#6,0,2
C-clinical-12-00596#0,2,2
C-clinical-12-00596#1,2,2
C-clinical-12-00596#2,2,2
C-clinical-12-00596#3,2,2
C-clinical-12-00596#4,1,2
C-clinical-12-00596#5,2,2
C-clinical-12-00596#6,2,2
C-clinical-12-00596#7,1,2
C-clinical-12-00599#0,2,2
C-clinical-12-00599#1,2,2
C-clinical-12-00599#2,2,2
C-clinical-12-00599#3,2,2
C-clinical-12-00599#4,2,2
C-clinical-12-00599#5,2,2
C-clinical-12-00599#6,2,2
C-clinical-12-00599#7,2,2
C-clinical-12-00599#8,2,2
C-clinical-12-00603#0,2,2
C-clinical-12-00603#1,2,2
C-clinical-12-00603#2,2,2
C-clinical-12-00603#3,2,2
C-clinical-12-00603#4,2,2
C-clinical-12-00615#0,2,2
C-clinical-12-00615#2,2,2
C-clinical-12-00615#3,2,2
C-clinical-12-00615#4,2,2
C-clinical-12-00615#5,1,2
C-clinical-12-00615#6,2,2
C-clinical-12-00615#7,2,2
C-clinical-12-00621#0,2,2
C-clinical-12-00621#1,2,2
C-clinical-12-00621#10,2,2
C-clinical-12-00621#2,2,2
C-clinical-12-00621#3,2,2
C-clinical-12-00621#4,2,2
C-clinical-12-00621#5,2,2
C-clinical-12-00621#6,2,2
C-clinical-12-00621#7,2,2
C-clinical-12-00621#8,2,2
C-clinical-12-00621#9,2,2
C-clinical-12-00624#0,2,2
C-clinical-12-00624#1,2,2
C-clinical-12-00624#2,2,2
C-clinical-12-00624#3,2,2
C-clinical-12-00624#4,2,2
C-clinical-12-00624#5,2,2
C-clinical-12-00624#6,2,2
C-clinical-12-00624#7,2,2
C-clinical-12-00626#0,0,2
C-clinical-12-00626#1,0,2
C-clinical-12-00626#2,2,2
C-clinical-12-00626#3,2,2
C-clinical-12-00626#4,2,2
C-clinical-12-00626#5,2,2
C-clinical-12-00626#6,2,2
C-clinical-12-00626#7,2,2
C-clinical-12-00626#8,2,2
C-clinical-12-00626#9,2,2
C-clinical-12-00627#0,2,2
C-clinical-12-00627#1,2,2
C-clinical-12-00627#2,2,2
C-clinical-12-00627#3,2,2
C-clinical-12-00627#4,2,2
C-clinical-12-00627#5,2,2
C-clinical-12-00629#0,2,2
C-clinical-12-00629#10,2,2
C-clinical-12-00629#11,2,2
C-clinical-12-00629#13,2,2
C-clinical-12-00629#2,2,2
C-clinical-12-00629#3,2,2
C-clinical-12-00629#4,2,2
C-clinical-12-00629#5,2,2
C-clinical-12-00629#6,2,2
C-clinical-12-00629#7,2,2
C-clinical-12-00629#8,2,2
C-clinical-12-00629#9,2,2
C-clinical-12-00634#0,2,2
C-clinical-12-00634#1,1,2
C-clinical-12-00634#10,2,2
C-clinical-12-00634#11,2,2
C-clinical-12-00634#12,2,2
C-clinical-12-00634#13,2,2
C-clinical-12-00634#2,2,2
C-clinical-12-00634#3,2,2
C-clinical-12-00634#4,2,2
C-clinical-12-00634#5,2,2
C-clinical-12-00634#6,2,2
C-clinical-12-00634#7,2,2
C-clinical-12-00634#8,2,2
C-clinical-12-00634#9,2,2
C-clinical-12-00642#0,2,2
C-clinical-12-00642#1,2,2
C-clinical-12-00642#2,2,2
C-clinical-12-00642#3,2,2
C-clinical-12-00642#4,2,2
C-clinical-12-00643#0,2,2
C-clinical-12-00643#10,2,2
C-clinical-12-00643#11,2,2
C-clinical-12-00643#2,2,2
C-clinical-12-00643#3,2,2
C-clinical-12-00643#4,2,2
C-clinical-12-00643#5,2,2
C-clinical-12-00643#6,2,2
C-clinical-12-00643#7,2,2
C-clinical-12-00643#8,2,2
C-clinical-12-00643#9,2,2
C-clinical-12-00645#0,2,2
C-clinical-12-00645#1,2,2
C-clinical-12-00645#10,2,2
C-clinical-12-00645#11,2,2
C-clinical-12-00645#12,2,2
C-clinical-12-00645#13,2,2
C-clinical-12-00645#14,2,2
C-clinical-12-00645#2,2,2
C-clinical-12-00645#3,2,2
C-clinical-12-00645#4,2,2
C-clinical-12-00645#5,2,2
C-clinical-12-00645#6,2,2
C-clinical-12-00645#7,2,2
C-clinical-12-00645#8,2,2
C-clinical-12-00645#9,1,2
C-clinical-12-00647#0,2,2
C-clinical-12-00647#1,2,2
C-clinical-12-00647#10,2,2
C-clinical-12-00647#11,2,2
C-clinical-12-00647#3,2,2
C-clinical-12-00647#4,2,2
C-clinical-12-00647#5,2,2
C-clinical-12-00647#6,2,2
C-clinical-12-00647#7,2,2
C-clinical-12-00647#8,2,2
C-clinical-12-00647#9,2,2
C-clinical-12-00649#0,2,2
C-clinical-12-00649#1,2,2
C-clinical-12-00649#10,2,2
C-clinical-12-00649#11,2,2
C-clinical-12-00649#12,2,2
C-clinical-12-00649#2,2,2
C-clinical-12-00649#3,2,2
C-clinical-12-00649#4,2,2
C-clinical-12-00649#5,2,2
C-clinical-12-00649#6,2,2
C-clinical-12-00649#7,2,2
C-clinical-12-00649#8,2,2
C-clinical-12-00649#9,2,2
C-clinical-12-00650#0,2,2
C-clinical-12-00650#1,2,2
C-clinical-12-00650#10,2,2
C-clinical-12-00650#11,2,2
C-clinical-12-00650#3,2,2
C-clinical-12-00650#4,2,2
C-clinical-12-00650#5,2,2
C-clinical-12-00650#6,2,2
C-clinical-12-00650#7,1,1
C-clinical-12-00650#8,2,2
C-clinical-12-00650#9,2,2
C-clinical-12-00654#0,2,2
C-clinical-12-00654#1,2,2
C-clinical-12-00654#2,2,2
C-clinical-12-00654#3,2,2
C-clinical-12-00657#0,2,2
C-clinical-12-00657#1,2,2
C-clinical-12-00657#10,2,2
C-clinical-12-00657#11,2,2
C-clinical-12-00657#12,2,2
C-clinical-12-00657#13,2,2
C-clinical-12-00657#2,2,2
C-clinical-12-00657#3,2,2
C-clinical-12-00657#4,2,2
C-clinical-12-00657#5,2,2
C-clinical-12-00657#6,2,2
C-clinical-12-00657#7,2,2
C-clinical-12-00657#8,2,2
C-clinical-12-00657#9,2,2
C-clinical-12-00658#1,2,2
C-clinical-12-00658#10,2,2
C-clinical-12-00658#11,2,2
C-clinical-12-00658#2,2,2
C-clinical-12-00658#3,2,2
C-clinical-12-00658#4,2,2
C-clinical-12-00658#5,2,2
C-clinical-12-00658#6,2,2
C-clinical-12-00658#7,2,2
C-clinical-12-00658#8,2,2
C-clinical-12-00658#9,2,2
C-clinical-12-00662#0,2,2
C-clinical-12-00662#1,2,2
C-clinical-12-00662#2,2,2
C-clinical-12-00662#3,1,2
C-clinical-12-00663#0,2,2
C-clinical-12-00663#1,2,2
C-clinical-12-00663#10,2,2
C-clinical-12-00663#11,2,2
C-clinical-12-00663#2,2,2
C-clinical-12-00663#3,2,2
C-clinical-12-00663#4,1,2
C-clinical-12-00663#5,2,2
C-clinical-12-00663#6,2,2
C-clinical-12-00663#7,2,2
C-clinical-12-00663#8,2,2
C-clinical-12-00663#9,2,2
C-clinical-12-00666#0,2,2
C-clinical-12-00666#1,2,2
C-clinical-12-00666#10,2,2
C-clinical-12-00666#11,2,2
C-clinical-12-00666#12,2,2
C-clinical-12-00666#2,2,2
C-clinical-12-00666#3,2,2
C-clinical-12-00666#4,2,2
C-clinical-12-00666#5,2,2
C-clinical-12-00666#6,2,2
C-clinical-12-00666#7,2,2
C-clinical-12-00666#8,2,2
C-clinical-12-00666#9,2,2
C-clinical-12-00670#0,2,2
C-clinical-12-00670#1,2,2
C-clinical-12-00670#2,2,2
C-clinical-12-00670#3,2,2
C-clinical-12-00670#4,2,2
C-clinical-12-00670#5,2,2
C-clinical-12-00675#0,2,2
C-clinical-12-00675#1,2,2
C-clinical-12-00675#10,2,2
C-clinical-12-00675#3,2,2
C-clinical-12-00675#4,2,2
C-clinical-12-00675#5,2,2
C-clinical-12-00675#6,2,2
C-clinical-12-00675#7,2,2
C-clinical-12-00675#8,2,2
C-clinical-12-00675#9,2,2
C-clinical-12-00676#0,2,2
C-clinical-12-00676#1,2,2
C-clinical-12-00676#10,2,2
C-clinical-12-00676#11,2,2
C-clinical-12-00676#12,2,2
C-clinical-12-00676#13,2,2
C-clinical-12-00676#2,2,2
C-clinical-12-00676#3,2,2
C-clinical-12-00676#4,2,2
C-clinical-12-00676#5,2,2
C-clinical-12-00676#6,2,2
C-clinical-12-00676#7,2,2
C-clinical-12-00676#8,2,2
C-clinical-12-00676#9,2,2
C-clinical-12-00680#0,2,2
C-clinical-12-00680#2,2,2
C-clinical-12-00680#3,2,2
C-clinical-12-00680#4,2,2
C-clinical-12-00680#5,2,2
C-clinical-12-00680#6,2,2
C-clinical-12-00681#0,2,2
C-clinical-12-00681#1,2,2
C-clinical-12-00681#2,2,2
C-clinical-12-00681#3,2,2
C-clinical-12-00681#4,2,2
C-clinical-12-00682#0,2,2
C-clinical-12-00682#1,2,2
C-clinical-12-00682#2,2,2
C-clinical-12-00682#3,2,2
C-clinical-12-00682#4,2,2
C-clinical-12-00684#0,2,2
C-clinical-12-00684#1,2,2
C-clinical-12-00684#10,2,2
C-clinical-12-00684#11,2,2
C-clinical-12-00684#2,2,2
C-clinical-12-00684#3,2,2
C-clinical-12-00684#4,2,2
C-clinical-12-00684#5,2,2
C-clinical-12-00684#6,2,2
C-clinical-12-00684#7,2,2
C-clinical-12-00684#8,2,2
C-clinical-12-00684#9,2,2
C-clinical-12-00690#0,2,2
C-clinical-12-00690#1,2,2
C-clinical-12-00690#2,2,2
C-clinical-12-00690#3,2,2
C-clinical-12-00691#0,2,2
C-clinical-12-00691#1,2,2
C-clinical-12-00691#3,2,2
C-clinical-12-00691#4,2,2
C-clinical-12-00691#5,2,2
C-clinical-12-00692#0,2,2
C-clinical-12-00692#1,2,2
C-clinical-12-00692#2,2,2
C-clinical-12-00692#3,2,2
C-clinical-12-00692#4,2,2
C-clinical-12-00692#5,2,2
C-clinical-12-00692#6,2,2
C-clinical-12-00693#0,2,2
C-clinical-12-00693#1,2,2
C-clinical-12-00693#2,2,2
C-clinical-12-00693#3,1,2
C-clinical-12-00694#0,2,2
C-clinical-12-00694#1,2,2
C-clinical-12-00694#2,2,2
C-clinical-12-00694#3,2,2
C-clinical-12-00694#4,2,2
C-clinical-12-00694#5,1,1
C-clinical-12-00694#6,2,2
C-clinical-12-00694#7,2,2
C-clinical-12-00694#8,2,2
C-clinical-12-00694#9,2,2
C-clinical-12-00695#0,2,2
C-clinical-12-00695#1,2,2
C-clinical-12-00695#2,2,2
C-clinical-12-00695#3,2,2
C-clinical-12-00695#4,2,2
C-clinical-12-00698#0,2,2
C-clinical-12-00698#1,2,2
C-clinical-12-00698#2,2,2
C-clinical-12-00698#3,2,2
C-clinical-12-00698#4,2,2
C-clinical-12-00702#0,2,2
C-clinical-12-00702#1,2,2
C-clinical-12-00702#3,2,2
C-clinical-12-00702#4,2,2
C-clinical-12-00702#5,2,2
C-clinical-12-00702#6,2,2
C-clinical-12-00702#7,2,2
C-clinical-12-00702#8,2,2
C-clinical-12-00703#0,2,2
C-clinical-12-00703#1,2,2
C-clinical-12-00703#10,2,2
C-clinical-12-00703#11,2,2
C-clinical-12-00703#2,2,2
C-clinical-12-00703#3,2,2
C-clinical-12-00703#4,2,2
C-clinical-12-00703#5,2,2
C-clinical-12-00703#6,2,2
C-clinical-12-00703#7,2,2
C-clinical-12-00703#8,2,2
C-clinical-12-00703#9,2,2
C-clinical-12-00706#0,2,2
C-clinical-12-00706#1,2,2
C-clinical-12-00706#2,2,2
C-clinical-12-00706#3,2,2
C-clinical-12-00706#4,1,2
C-clinical-12-00706#5,2,2
C-clinical-12-00711#0,2,2
C-clinical-12-00711#1,2,2
C-clinical-12-00711#2,2,2
C-clinical-12-00711#3,2,2
C-clinical-12-00713#0,2,2
C-clinical-12-00713#1,2,2
C-clinical-12-00713#10,2,2
C-clinical-12-00713#11,2,2
C-clinical-12-00713#12,2,2
C-clinical-12-00713#13,2,2
C-clinical-12-00713#14,2,2
C-clinical-12-00713#15,2,2
C-clinical-12-00713#2,2,2
C-clinical-12-00713#3,2,2
C-clinical-12-00713#4,2,2
C-clinical-12-00713#5,2,2
C-clinical-12-00713#6,2,2
C-clinical-12-00713#7,2,2
C-clinical-12-00713#8,2,2
C-clinical-12-00713#9,2,2
C-clinical-12-00716#0,2,2
C-clinical-12-00716#1,2,2
C-clinical-12-00716#2,2,2
C-clinical-12-00716#3,2,2
C-clinical-12-00716#4,1,2
C-clinical-12-00716#5,2,2
C-clinical-12-00717#0,2,2
C-clinical-12-00717#1,2,2
C-clinical-12-00717#2,2,2
C-clinical-12-00717#3,2,2
C-clinical-12-00719#0,2,2
C-clinical-12-00719#1,2,2
C-clinical-12-00719#2,2,2
C-clinical-12-00719#3,2,2
C-clinical-12-00719#4,1,2
C-clinical-12-00719#5,2,2
C-clinical-12-00723#0,2,2
C-clinical-12-00723#1,2,2
C-clinical-12-00723#2,2,2
C-clinical-12-00723#3,2,2
C-clinical-12-00723#4,2,2
C-clinical-12-00724#0,2,2
C-clinical-12-00724#1,1,2
C-clinical-12-00724#2,2,2
C-clinical-12-00724#3,2,2
C-clinical-12-00724#4,2,2
C-clinical-12-00724#5,2,2
C-clinical-12-00724#6,2,2
C-clinical-12-00735#0,2,2
C-clinical-12-00735#1,2,2
C-clinical-12-00735#2,2,2
C-clinical-12-00735#3,2,2
C-clinical-12-00735#4,2,2
C-clinical-12-00735#5,2,2
C-clinical-12-00736#0,2,2
C-clinical-12-00736#1,2,2
C-clinical-12-00736#10,2,2
C-clinical-12-00736#2,2,2
C-clinical-12-00736#3,2,2
C-clinical-12-00736#4,2,2
C-clinical-12-00736#6,0,2
C-clinical-12-00736#7,2,2
C-clinical-12-00736#8,2,2
C-clinical-12-00736#9,2,2
C-clinical-12-00737#0,2,2
C-clinical-12-00737#1,1,2
C-clinical-12-00737#2,2,2
C-clinical-12-00737#3,2,2
C-clinical-12-00737#4,2,2
C-clinical-12-00740#0,2,2
C-clinical-12-00740#2,2,2
C-clinical-12-00740#3,1,2
C-clinical-12-00740#4,2,2
C-clinical-12-00740#5,2,2
C-clinical-12-00741#0,2,2
C-clinical-12-00741#1,2,2
C-clinical-12-00741#10,2,2
C-clinical-12-00741#11,2,2
C-clinical-12-00741#12,1,2
C-clinical-12-00741#2,2,2
C-clinical-12-00741#3,2,2
C-clinical-12-00741#4,2,2
C-clinical-12-00741#5,2,2
C-clinical-12-00741#6,2,2
C-clinical-12-00741#7,2,2
C-clinical-12-00741#8,2,2
C-clinical-12-00741#9,2,2
C-clinical-12-00744#0,2,2
C-clinical-12-00744#1,2,2
C-clinical-12-00744#10,2,2
C-clinical-12-00744#11,2,2
C-clinical-12-00744#2,2,2
C-clinical-12-00744#3,2,2
C-clinical-12-00744#4,1,2
C-clinical-12-00744#5,2,2
C-clinical-12-00744#6,2,2
C-clinical-12-00744#7,2,2
C-clinical-12-00744#8,2,2
C-clinical-12-00744#9,2,2
C-clinical-12-00745#0,2,2
C-clinical-12-00745#1,2,2
C-clinical-12-00745#10,2,2
C-clinical-12-00745#11,2,2
C-clinical-12-00745#12,2,2
C-clinical-12-00745#13,2,2
C-clinical-12-00745#2,2,2
C-clinical-12-00745#3,2,2
C-clinical-12-00745#4,2,2
C-clinical-12-00745#5,2,2
C-clinical-12-00745#6,2,2
C-clinical-12-00745#7,2,2
C-clinical-12-00745#8,2,2
C-clinical-12-00745#9,2,2
C-clinical-12-00746#0,2,2
C-clinical-12-00746#1,2,2
C-clinical-12-00746#3,2,2
C-clinical-12-00746#4,2,2
C-clinical-12-00746#5,2,2
C-clinical-12-00746#6,2,2
C-clinical-12-00746#7,2,2
C-clinical-12-00746#8,2,2
C-clinical-12-00746#9,2,2
C-clinical-12-00749#0,2,2
C-clinical-12-00749#1,2,2
C-clinical-12-00749#2,2,2
C-clinical-12-00749#3,2,2
C-clinical-12-00749#4,1,2
C-clinical-12-00749#5,2,2
C-clinical-12-00749#6,0,2
C-clinical-12-00749#7,2,2
C-clinical-12-00752#0,2,2
C-clinical-12-00752#1,2,2
C-clinical-12-00752#2,2,2
C-clinical-12-00752#3,2,2
C-clinical-12-00753#0,2,2
C-clinical-12-00753#1,2,2
C-clinical-12-00753#10,2,2
C-clinical-12-00753#11,2,2
C-clinical-12-00753#12,2,2
C-clinical-12-00753#13,2,2
C-clinical-12-00753#3,2,2
C-clinical-12-00753#4,2,2
C-clinical-12-00753#5,2,2
C-clinical-12-00753#6,2,2
C-clinical-12-00753#7,2,2
C-clinical-12-00753#8,2,2
C-clinical-12-00753#9,2,2
C-clinical-12-00754#0,2,2
C-clinical-12-00754#1,2,2
C-clinical-12-00754#2,2,2
C-clinical-12-00754#3,2,2
C-clinical-12-00754#4,2,2
C-clinical-12-00754#5,2,2
C-clinical-12-00754#6,2,2
C-clinical-12-00756#0,2,2
C-clinical-12-00756#1,2,2
C-clinical-12-00756#2,2,2
C-clinical-12-00756#3,2,2
C-clinical-12-00765#0,2,2
C-clinical-12-00765#1,2,2
C-clinical-12-00765#2,1,2
C-clinical-12-00765#3,0,2
C-clinical-12-00765#4,2,2
C-clinical-12-00765#5,2,2
C-clinical-12-00765#6,2,2
C-clinical-12-00765#7,2,2
C-clinical-12-00765#8,2,2
C-clinical-12-00765#9,2,2
C-clinical-12-00767#0,2,2
C-clinical-12-00767#1,2,2
C-clinical-12-00767#2,2,2
C-clinical-12-00767#3,2,2
C-clinical-12-00769#0,2,2
C-clinical-12-00769#1,2,2
C-clinical-12-00769#2,2,2
C-clinical-12-00769#3,2,2
C-clinical-12-00769#4,2,2
C-clinical-12-00769#5,2,2
C-clinical-12-00771#0,2,2
C-clinical-12-00771#10,2,2
C-clinical-12-00771#11,2,2
C-clinical-12-00771#12,2,2
C-clinical-12-00771#2,2,2
C-clinical-12-00771#3,2,2
C-clinical-12-00771#4,2,2
C-clinical-12-00771#5,2,2
C-clinical-12-00771#6,2,2
C-clinical-12-00771#7,2,2
C-clinical-12-00771#8,2,2
C-clinical-12-00771#9,2,2
C-clinical-12-00772#0,2,2
C-clinical-12-00772#1,2,2
C-clinical-12-00772#2,2,2
C-clinical-12-00772#3,2,2
C-clinical-12-00772#4,2,2
C-clinical-12-00772#5,2,2
C-clinical-12-00772#6,2,2
C-clinical-12-00772#7,2,2
C-clinical-12-00772#8,2,2
C-clinical-12-00778#0,2,2
C-clinical-12-00778#1,2,2
C-clinical-12-00778#10,2,2
C-clinical-12-00778#11,2,2
C-clinical-12-00778#12,2,2
C-clinical-12-00778#2,2,2
C-clinical-12-00778#3,2,2
C-clinical-12-00778#4,2,2
C-clinical-12-00778#5,2,2
C-clinical-12-00778#6,2,2
C-clinical-12-00778#7,2,2
C-clinical-12-00778#8,2,2
C-clinical-12-00778#9,2,2
C-clinical-12-00779#0,2,2
C-clinical-12-00779#2,2,2
C-clinical-12-00779#3,2,2
C-clinical-12-00779#4,2,2
C-clinical-12-00780#0,2,2
C-clinical-12-00780#1,2,2
C-clinical-12-00780#2,2,2
C-clinical-12-00780#3,2,2
C-clinical-12-00780#4,2,2
C-clinical-12-00780#5,2,2
C-clinical-12-00780#6,2,2
C-clinical-12-00780#7,2,2
C-clinical-12-00780#8,2,2
C-clinical-12-00782#0,2,2
C-clinical-12-00782#1,2,2
C-clinical-12-00782#2,2,2
C-clinical-12-00782#3,2,2
C-clinical-12-00787#0,2,2
C-clinical-12-00787#1,2,2
C-clinical-12-00787#2,2,2
C-clinical-12-00787#3,2,2
C-clinical-12-00787#4,2,2
C-clinical-12-00787#5,2,2
C-clinical-12-00787#6,2,2
C-clinical-12-00787#7,2,2
C-clinical-12-00787#8,2,2
C-clinical-12-00791#0,2,2
C-clinical-12-00791#1,2,2
C-clinical-12-00791#2,2,2
C-clinical-12-00791#3,2,2
C-clinical-12-00791#4,2,2
C-clinical-12-00791#5,1,2
C-clinical-12-00791#6,2,2
C-clinical-12-00799#0,2,2
C-clinical-12-00799#1,2,2
C-clinical-12-00799#2,1,2
C-clinical-12-00799#3,2,2
C-clinical-12-00799#4,2,2
C-clinical-12-00799#5,2,2
C-clinical-12-00799#6,2,2
C-clinical-12-00799#7,2,2
C-clinical-12-00799#8,2,2
C-clinical-12-00801#0,2,2
C-clinical-12-00801#1,2,2
C-clinical-12-00801#2,2,2
C-clinical-12-00801#3,2,2
C-clinical-12-00801#4,2,2
C-clinical-12-00802#0,2,2
C-clinical-12-00802#1,2,2
C-clinical-12-00802#2,2,2
C-clinical-12-00802#3,2,2
C-clinical-12-00802#4,2,2
C-clinical-12-00802#5,2,2
C-clinical-12-00805#0,2,2
C-clinical-12-00805#1,2,2
C-clinical-12-00805#10,2,2
C-clinical-12-00805#11,2,2
C-clinical-12-00805#2,2,2
C-clinical-12-00805#3,2,2
C-clinical-12-00805#5,2,2
C-clinical-12-00805#6,2,2
C-clinical-12-00805#7,0,2
C-clinical-12-00805#8,2,2
C-clinical-12-00805#9,2,2
C-clinical-12-00807#0,2,2
C-clinical-12-00807#1,2,2
C-clinical-12-00807#2,1,2
C-clinical-12-00807#3,2,2
C-clinical-12-00807#4,2,2
C-clinical-12-00808#0,2,2
C-clinical-12-00808#1,2,2
C-clinical-12-00808#2,2,2
C-clinical-12-00808#3,1,2
C-clinical-12-00808#4,2,2
C-clinical-12-00808#5,2,2
C-clinical-12-00808#6,2,2
C-clinical-12-00809#0,2,2
C-clinical-12-00809#1,2,2
C-clinical-12-00809#10,2,2
C-clinical-12-00809#2,2,2
C-clinical-12-00809#3,2,2
C-clinical-12-00809#4,2,2
C-clinical-12-00809#5,2,2
C-clinical-12-00809#6,2,2
C-clinical-12-00809#7,2,2
C-clinical-12-00809#8,2,2
C-clinical-12-00809#9,2,2
C-clinical-12-00810#0,2,2
C-clinical-12-00810#1,2,2
C-clinical-12-00810#2,2,2
C-clinical-12-00810#3,2,2
C-clinical-12-00810#4,2,2
C-clinical-12-00810#5,2,2
C-clinical-12-00812#0,2,2
C-clinical-12-00812#10,2,2
C-clinical-12-00812#2,2,2
C-clinical-12-00812#3,2,2
C-clinical-12-00812#4,2,2
C-clinical-12-00812#5,2,2
C-clinical-12-00812#6,2,2
C-clinical-12-00812#7,2,2
C-clinical-12-00812#8,2,2
C-clinical-12-00812#9,2,2
C-clinical-12-00813#0,2,2
C-clinical-12-00813#1,2,2
C-clinical-12-00813#10,2,2
C-clinical-12-00813#11,2,2
C-clinical-12-00813#2,2,2
C-clinical-12-00813#3,2,2
C-clinical-12-00813#4,2,2
C-clinical-12-00813#5,0,2
C-clinical-12-00813#6,0,2
C-clinical-12-00813#7,0,2
C-clinical-12-00813#8,2,2
C-clinical-12-00813#9,2,2
C-clinical-12-00814#0,2,2
C-clinical-12-00814#1,2,2
C-clinical-12-00814#2,2,2
C-clinical-12-00814#3,2,2
C-clinical-12-00814#4,2,2
C-clinical-12-00814#5,2,2
C-clinical-12-00814#6,2,2
C-clinical-12-00815#0,2,2
C-clinical-12-00815#1,2,2
C-clinical-12-00815#10,2,2
C-clinical-12-00815#11,2,2
C-clinical-12-00815#13,2,2
C-clinical-12-00815#3,2,2
C-clinical-12-00815#4,2,2
C-clinical-12-00815#5,2,2
C-clinical-12-00815#6,2,2
C-clinical-12-00815#7,2,2
C-clinical-12-00815#8,2,2
C-clinical-12-00815#9,2,2
C-clinical-12-00819#0,2,2
C-clinical-12-00819#1,2,2
C-clinical-12-00819#2,2,2
C-clinical-12-00819#3,2,2
C-clinical-12-00819#4,2,2
C-clinical-12-00819#5,2,2
C-clinical-12-00819#6,2,2
C-clinical-12-00819#7,2,2
C-clinical-12-00820#0,2,2
C-clinical-12-00820#1,2,2
C-clinical-12-00820#10,2,2
C-clinical-12-00820#11,2,2
C-clinical-12-00820#12,2,2
C-clinical-12-00820#3,2,2
C-clinical-12-00820#4,2,2
C-clinical-12-00820#5,2,2
C-clinical-12-00820#6,2,2
C-clinical-12-00820#7,2,2
C-clinical-12-00820#8,2,2
C-clinical-12-00820#9,2,2
C-clinical-12-00822#0,2,2
C-clinical-12-00822#1,2,2
C-clinical-12-00822#2,2,2
C-clinical-12-00822#3,2,2
C-clinical-12-00822#4,2,2
C-clinical-12-00823#0,2,2
C-clinical-12-00823#1,2,2
C-clinical-12-00823#2,2,2
C-clinical-12-00826#0,2,2
C-clinical-12-00826#1,2,2
C-clinical-12-00826#2,2,2
C-clinical-12-00826#3,2,2
C-clinical-12-00826#4,2,2
C-clinical-12-00826#5,2,2
C-clinical-12-00826#6,2,2
C-clinical-12-00826#7,2,2
C-clinical-12-00826#8,2,2
C-clinical-12-00826#9,2,2
C-clinical-12-00829#0,2,2
C-clinical-12-00829#1,2,2
C-clinical-12-00829#10,2,2
C-clinical-12-00829#11,2,2
C-clinical-12-00829#2,2,2
C-clinical-12-00829#3,2,2
C-clinical-12-00829#4,2,2
C-clinical-12-00829#5,2,2
C-clinical-12-00829#6,2,2
C-clinical-12-00829#7,2,2
C-clinical-12-00829#8,2,2
C-clinical-12-00829#9,2,2
C-clinical-12-00830#0,2,2
C-clinical-12-00830#1,2,2
C-clinical-12-00830#10,2,2
C-clinical-12-00830#2,2,2
C-clinical-12-00830#3,2,2
C-clinical-12-00830#4,2,2
C-clinical-12-00830#5,2,2
C-clinical-12-00830#6,2,2
C-clinical-12-00830#7,2,2
C-clinical-12-00830#8,2,2
C-clinical-12-00830#9,2,2
C-clinical-12-00832#0,2,2
C-clinical-12-00832#1,2,2
C-clinical-12-00832#2,1,2
C-clinical-12-00832#3,2,2
C-clinical-12-00832#4,2,2
C-clinical-12-00833#0,2,2
C-clinical-12-00833#1,2,2
C-clinical-12-00833#10,2,2
C-clinical-12-00833#11,2,2
C-clinical-12-00833#2,2,2
C-clinical-12-00833#3,2,2
C-clinical-12-00833#4,2,2
C-clinical-12-00833#5,2,2
C-clinical-12-00833#6,2,2
C-clinical-12-00833#7,2,2
C-clinical-12-00833#8,2,2
C-clinical-12-00833#9,2,2
C-clinical-12-00835#0,2,2
C-clinical-12-00835#1,2,2
C-clinical-12-00835#2,2,2
C-clinical-12-00835#3,2,2
C-clinical-12-00835#4,2,2
C-clinical-12-00835#5,2,2
C-clinical-12-00836#0,2,2
C-clinical-12-00836#10,2,2
C-clinical-12-00836#2,2,2
C-clinical-12-00836#3,2,2
C-clinical-12-00836#4,2,2
C-clinical-12-00836#5,2,2
C-clinical-12-00836#6,2,2
C-clinical-12-00836#7,2,2
C-clinical-12-00836#8,2,2
C-clinical-12-00836#9,2,2
C-clinical-12-00839#0,2,2
C-clinical-12-00839#1,2,2
C-clinical-12-00839#10,2,2
C-clinical-12-00839#2,2,2
C-clinical-12-00839#3,2,2
C-clinical-12-00839#4,2,2
C-clinical-12-00839#5,2,2
C-clinical-12-00839#6,2,2
C-clinical-12-00839#7,2,2
C-clinical-12-00839#8,2,2
C-clinical-12-00839#9,2,2
C-clinical-12-00840#0,2,2
C-clinical-12-00840#1,2,2
C-clinical-12-00840#2,2,2
C-clinical-12-00840#3,1,2
C-clinical-12-00840#4,2,2
C-clinical-12-00840#5,1,2
C-clinical-12-00843#0,2,2
C-clinical-12-00843#1,2,2
C-clinical-12-00843#2,2,2
C-clinical-12-00843#3,2,2
C-clinical-12-00843#4,2,2
C-clinical-12-00843#5,2,2
C-clinical-12-00843#6,2,2
C-clinical-12-00843#7,2,2
C-clinical-12-00844#0,2,2
C-clinical-12-00844#1,2,2
C-clinical-12-00844#2,2,2
C-clinical-12-00844#3,2,2
C-clinical-12-00844#4,2,2
C-clinical-12-00844#5,2,2
C-clinical-12-00844#6,2,2
C-clinical-12-00844#7,2,2
C-clinical-12-00845#0,2,2
C-clinical-12-00845#1,2,2
C-clinical-12-00845#2,2,2
C-clinical-12-00845#3,2,2
C-clinical-12-00845#5,2,2
C-clinical-12-00845#6,2,2
C-clinical-12-00845#8,2,2
C-clinical-12-00846#0,2,2
C-clinical-12-00846#1,2,2
C-clinical-12-00846#10,2,2
C-clinical-12-00846#2,2,2
C-clinical-12-00846#3,2,2
C-clinical-12-00846#4,2,2
C-clinical-12-00846#5,2,2
C-clinical-12-00846#6,2,2
C-clinical-12-00846#7,2,2
C-clinical-12-00846#8,2,2
C-clinical-12-00846#9,2,2
C-clinical-12-00848#0,2,2
C-clinical-12-00848#1,2,2
C-clinical-12-00848#2,2,2
C-clinical-12-00848#3,2,2
C-clinical-12-00851#1,2,2
C-clinical-12-00851#10,2,2
C-clinical-12-00851#11,2,2
C-clinical-12-00851#12,2,2
C-clinical-12-00851#2,2,2
C-clinical-12-00851#3,2,2
C-clinical-12-00851#4,2,2
C-clinical-12-00851#5,2,2
C-clinical-12-00851#6,2,2
C-clinical-12-00851#7,2,2
C-clinical-12-00851#8,2,2
C-clinical-12-00851#9,2,2
C-clinical-12-00855#0,2,2
C-clinical-12-00855#1,2,2
C-clinical-12-00855#2,2,2
C-clinical-12-00855#3,2,2
C-clinical-12-00855#4,1,2
C-clinical-12-00855#5,2,2
C-clinical-12-00855#6,2,2
C-clinical-12-00859#0,2,2
C-clinical-12-00859#1,2,2
C-clinical-12-00859#10,2,2
C-clinical-12-00859#2,2,2
C-clinical-12-00859#3,2,2
C-clinical-12-00859#4,2,2
C-clinical-12-00859#5,2,2
C-clinical-12-00859#6,2,2
C-clinical-12-00859#7,2,2
C-clinical-12-00859#8,2,2
C-clinical-12-00859#9,2,2
C-clinical-12-00861#0,2,2
C-clinical-12-00861#1,2,2
C-clinical-12-00861#10,2,2
C-clinical-12-00861#3,2,2
C-clinical-12-00861#4,2,2
C-clinical-12-00861#5,2,2
C-clinical-12-00861#6,2,2
C-clinical-12-00861#7,2,2
C-clinical-12-00861#8,2,2
C-clinical-12-00861#9,2,2
C-clinical-12-00865#0,2,2
C-clinical-12-00865#1,2,2
C-clinical-12-00865#2,2,2
C-clinical-12-00865#3,2,2
C-clinical-12-00865#4,2,2
C-clinical-12-00865#5,2,2
C-clinical-12-00865#6,2,2
C-clinical-12-00865#7,2,2
C-clinical-12-00865#8,2,2
C-clinical-12-00866#0,2,2
C-clinical-12-00866#1,2,2
C-clinical-12-00866#2,0,2
C-clinical-12-00866#3,2,2
C-clinical-12-00866#4,2,2
C-clinical-12-00866#5,2,2
C-clinical-12-00866#6,2,2
C-clinical-12-00866#7,1,2
C-clinical-12-00866#8,2,2
C-clinical-12-00867#0,2,2
C-clinical-12-00867#1,2,2
C-clinical-12-00867#10,1,2
C-clinical-12-00867#11,2,2
C-clinical-12-00867#12,2,2
C-clinical-12-00867#2,2,2
C-clinical-12-00867#3,2,2
C-clinical-12-00867#4,2,2
C-clinical-12-00867#5,2,2
C-clinical-12-00867#6,2,2
C-clinical-12-00867#7,2,2
C-clinical-12-00867#8,2,2
C-clinical-12-00867#9,2,2
C-clinical-12-00869#0,2,2
C-clinical-12-00869#2,2,2
C-clinical-12-00869#3,2,2
C-clinical-12-00869#4,2,2
C-clinical-12-00869#5,2,2
C-clinical-12-00869#6,2,2
C-clinical-12-00869#7,2,2
C-clinical-12-00869#8,2,2
C-clinical-12-00871#0,2,2
C-clinical-12-00871#2,2,2
C-clinical-12-00871#3,2,2
C-clinical-12-00871#4,2,2
C-clinical-12-00872#0,2,2
C-clinical-12-00872#1,2,2
C-clinical-12-00872#2,2,2
C-clinical-12-00872#3,2,2
C-clinical-12-00872#4,2,2
C-clinical-12-00872#5,2,2
C-clinical-12-00872#6,2,2
C-clinical-12-00875#0,2,2
C-clinical-12-00875#1,2,2
C-clinical-12-00875#2,2,2
C-clinical-12-00875#3,2,2
C-clinical-12-00875#4,2,2
C-clinical-12-00879#0,2,2
C-clinical-12-00879#1,2,2
C-clinical-12-00879#2,2,2
C-clinical-12-00879#3,2,2
C-clinical-12-00879#4,2,2
C-clinical-12-00880#0,2,2
C-clinical-12-00880#1,2,2
C-clinical-12-00880#10,2,2
C-clinical-12-00880#2,2,2
C-clinical-12-00880#3,2,2
C-clinical-12-00880#4,2,2
C-clinical-12-00880#5,2,2
C-clinical-12-00880#6,2,2
C-clinical-12-00880#7,2,2
C-clinical-12-00880#8,2,2
C-clinical-12-00880#9,2,2
C-clinical-12-00881#0,2,2
C-clinical-12-00881#2,2,2
C-clinical-12-00881#3,2,2
C-clinical-12-00881#4,2,2
C-clinical-12-00881#5,2,2
C-clinical-12-00881#6,2,2
C-clinical-12-00881#7,2,2
C-clinical-12-00882#0,2,2
C-clinical-12-00882#1,2,2
C-clinical-12-00882#2,2,2
C-clinical-12-00882#3,2,2
C-clinical-12-00882#4,2,2
C-clinical-12-00882#5,2,2
C-clinical-12-00882#6,2,2
C-clinical-12-00882#7,2,2
C-clinical-12-00886#0,2,2
C-clinical-12-00886#1,2,2
C-clinical-12-00886#10,2,2
C-clinical-12-00886#11,2,2
C-clinical-12-00886#2,2,2
C-clinical-12-00886#3,2,2
C-clinical-12-00886#4,2,2
C-clinical-12-00886#5,2,2
C-clinical-12-00886#6,2,2
C-clinical-12-00886#7,2,2
C-clinical-12-00886#8,2,2
C-clinical-12-00886#9,2,2
C-clinical-12-00889#0,2,2
C-clinical-12-00889#1,2,2
C-clinical-12-00889#2,2,2
C-clinical-12-00889#3,2,2
C-clinical-12-00892#0,2,2
C-clinical-12-00892#1,2,2
C-clinical-12-00892#10,2,2
C-clinical-12-00892#11,2,2
C-clinical-12-00892#12,2,2
C-clinical-12-00892#14,2,2
C-clinical-12-00892#3,2,2
C-clinical-12-00892#4,2,2
C-clinical-12-00892#5,2,2
C-clinical-12-00892#6,2,2
C-clinical-12-00892#7,2,2
C-clinical-12-00892#8,2,2
C-clinical-12-00892#9,2,2
C-clinical-12-00895#0,2,2
C-clinical-12-00895#1,2,2
C-clinical-12-00895#2,2,2
C-clinical-12-00895#3,2,2
C-clinical-12-00895#4,2,2
C-clinical-12-00896#0,2,2
C-clinical-12-00896#1,2,2
C-clinical-12-00896#2,2,2
C-clinical-12-00896#3,2,2
C-clinical-12-00899#0,2,2
C-clinical-12-00899#1,2,2
C-clinical-12-00899#2,2,2
C-clinical-12-00901#0,2,2
C-clinical-12-00901#1,2,2
C-clinical-12-00901#10,2,2
C-clinical-12-00901#2,2,2
C-clinical-12-00901#3,2,2
C-clinical-12-00901#4,2,2
C-clinical-12-00901#5,2,2
C-clinical-12-00901#6,2,2
C-clinical-12-00901#7,2,2
C-clinical-12-00901#8,2,2
C-clinical-12-00901#9,2,2
C-clinical-12-00902#0,2,2
C-clinical-12-00902#1,2,2
C-clinical-12-00902#10,2,2
C-clinical-12-00902#11,2,2
C-clinical-12-00902#12,2,2
C-clinical-12-00902#13,2,2
C-clinical-12-00902#2,2,2
C-clinical-12-00902#4,2,2
C-clinical-12-00902#5,2,2
C-clinical-12-00902#6,2,2
C-clinical-12-00902#7,2,2
C-clinical-12-00902#8,2,2
C-clinical-12-00902#9,2,2
C-clinical-12-00903#0,2,2
C-clinical-12-00903#1,2,2
C-clinical-12-00903#10,2,2
C-clinical-12-00903#11,2,2
C-clinical-12-00903#2,2,2
C-clinical-12-00903#3,2,2
C-clinical-12-00903#4,2,2
C-clinical-12-00903#5,2,2
C-clinical-12-00903#6,2,2
C-clinical-12-00903#7,2,2
C-clinical-12-00903#8,2,2
C-clinical-12-00903#9,2,2
C-clinical-12-00909#0,2,2
C-clinical-12-00909#1,2,2
C-clinical-12-00909#2,2,2
C-clinical-12-00909#3,2,2
C-clinical-12-00909#4,2,2
C-clinical-12-00911#0,2,2
C-clinical-12-00911#1,2,2
C-clinical-12-00911#2,2,2
C-clinical-12-00911#3,2,2
C-clinical-12-00913#0,2,2
C-clinical-12-00913#1,2,2
C-clinical-12-00913#10,2,2
C-clinical-12-00913#2,2,2
C-clinical-12-00913#3,2,2
C-clinical-12-00913#4,2,2
C-clinical-12-00913#5,2,2
C-clinical-12-00913#6,2,2
C-clinical-12-00913#7,2,2
C-clinical-12-00913#8,2,2
C-clinical-12-00913#9,2,2
C-clinical-12-00917#0,2,2
C-clinical-12-00917#1,2,2
C-clinical-12-00917#2,2,2
C-clinical-12-00917#3,2,2
C-clinical-12-00917#4,2,2
C-clinical-12-00917#5,2,2
C-clinical-12-00917#6,2,2
C-clinical-12-00918#1,2,2
C-clinical-12-00918#10,2,2
C-clinical-12-00918#11,2,2
C-clinical-12-00918#12,2,2
C-clinical-12-00918#13,2,2
C-clinical-12-00918#14,2,2
C-clinical-12-00918#15,2,2
C-clinical-12-00918#16,2,2
C-clinical-12-00918#2,2,2
C-clinical-12-00918#3,2,2
C-clinical-12-00918#4,2,2
C-clinical-12-00918#5,2,2
C-clinical-12-00918#6,2,2
C-clinical-12-00918#7,2,2
C-clinical-12-00918#8,2,2
C-clinical-12-00918#9,2,2
C-clinical-12-00919#0,2,2
C-clinical-12-00919#1,2,2
C-clinical-12-00919#2,2,2
C-clinical-12-00919#3,2,2
C-clinical-12-00921#0,2,2
C-clinical-12-00921#1,2,2
C-clinical-12-00921#2,2,2
C-clinical-12-00923#0,2,2
C-clinical-12-00923#1,2,2
C-clinical-12-00923#2,2,2
C-clinical-12-00923#3,2,2
C-clinical-12-00923#4,2,2
C-clinical-12-00923#5,2,2
C-clinical-12-00924#0,2,2
C-clinical-12-00924#1,2,2
C-clinical-12-00924#10,2,2
C-clinical-12-00924#2,2,2
C-clinical-12-00924#3,1,2
C-clinical-12-00924#4,2,2
C-clinical-12-00924#5,2,2
C-clinical-12-00924#6,2,2
C-clinical-12-00924#7,2,2
C-clinical-12-00924#8,2,2
C-clinical-12-00924#9,2,2
C-clinical-12-00927#0,2,2
C-clinical-12-00927#1,2,2
C-clinical-12-00927#2,2,2
C-clinical-12-00927#3,2,2
C-clinical-12-00927#4,2,2
C-clinical-12-00927#5,2,2
C-clinical-12-00927#6,2,2
C-clinical-12-00927#7,2,2
C-clinical-12-00927#8,2,2
C-clinical-12-00927#9,2,2
C-clinical-12-00931#0,2,2
C-clinical-12-00931#1,2,2
C-clinical-12-00931#2,2,2
C-clinical-12-00931#3,2,2
C-clinical-12-00931#4,2,2
C-clinical-12-00931#5,2,2
C-clinical-12-00935#0,2,2
C-clinical-12-00935#1,2,2
C-clinical-12-00935#2,2,2
C-clinical-12-00935#3,2,2
C-clinical-12-00935#4,2,2
C-clinical-12-00935#5,2,2
C-clinical-12-00935#6,2,2
C-clinical-12-00938#0,2,2
C-clinical-12-00938#1,2,2
C-clinical-12-00938#2,2,2
C-clinical-12-00938#3,2,2
C-clinical-12-00938#4,2,2
C-clinical-12-00938#5,2,2
C-clinical-12-00938#6,2,2
C-clinical-12-00944#0,2,2
C-clinical-12-00944#1,2,2
C-clinical-12-00944#10,1,2
C-clinical-12-00944#2,2,2
C-clinical-12-00944#3,2,2
C-clinical-12-00944#4,2,2
C-clinical-12-00944#5,2,2
C-clinical-12-00944#6,2,2
C-clinical-12-00944#7,2,2
C-clinical-12-00944#8,2,2
C-clinical-12-00944#9,2,2
C-clinical-12-00945#0,2,2
C-clinical-12-00945#1,2,2
C-clinical-12-00945#2,2,2
C-clinical-12-00945#3,2,2
C-clinical-12-00945#4,2,2
C-clinical-12-00945#5,2,2
C-clinical-12-00945#6,2,2
C-clinical-12-00945#7,2,2
C-clinical-12-00945#8,2,2
C-clinical-12-00947#0,2,2
C-clinical-12-00947#1,1,2
C-clinical-12-00947#2,2,2
C-clinical-12-00947#3,2,2
C-clinical-12-00949#0,2,2
C-clinical-12-00949#1,2,2
C-clinical-12-00949#2,2,2
C-clinical-12-00949#3,2,2
C-clinical-12-00949#4,2,2
C-clinical-12-00949#5,1,1
C-clinical-12-00949#6,2,2
C-clinical-12-00949#7,2,2
C-clinical-12-00949#8,2,2
C-clinical-12-00951#0,2,2
C-clinical-12-00951#1,2,2
C-clinical-12-00951#2,2,2
C-clinical-12-00951#3,1,1
C-clinical-12-00951#4,2,2
C-clinical-12-00954#0,2,2
C-clinical-12-00954#1,2,2
C-clinical-12-00954#10,2,2
C-clinical-12-00954#11,2,2
C-clinical-12-00954#2,2,2
C-clinical-12-00954#3,2,2
C-clinical-12-00954#4,2,2
C-clinical-12-00954#5,2,2
C-clinical-12-00954#6,2,2
C-clinical-12-00954#7,2,2
C-clinical-12-00954#8,2,2
C-clinical-12-00954#9,2,2
C-clinical-12-00955#0,2,2
C-clinical-12-00955#1,2,2
C-clinical-12-00955#10,2,2
C-clinical-12-00955#2,2,2
C-clinical-12-00955#3,2,2
C-clinical-12-00955#4,2,2
C-clinical-12-00955#5,2,2
C-clinical-12-00955#6,2,2
C-clinical-12-00955#7,2,2
C-clinical-12-00955#8,2,2
C-clinical-12-00955#9,2,2
C-clinical-12-00956#0,2,2
C-clinical-12-00956#1,2,2
C-clinical-12-00956#2,2,2
C-clinical-12-00956#3,2,2
C-clinical-12-00956#4,2,2
C-clinical-12-00956#5,2,2
C-clinical-12-00958#0,2,2
C-clinical-12-00958#2,1,2
C-clinical-12-00958#3,2,2
C-clinical-12-00958#4,2,2
C-clinical-12-00958#5,2,2
C-clinical-12-00959#0,2,2
C-clinical-12-00959#1,2,2
C-clinical-12-00959#2,2,2
C-clinical-12-00959#3,1,2
C-clinical-12-00964#0,2,2
C-clinical-12-00964#1,2,2
C-clinical-12-00964#2,2,2
C-clinical-12-00964#3,2,2
C-clinical-12-00964#4,2,2
C-clinical-12-00964#5,2,2
C-clinical-12-00967#1,2,2
C-clinical-12-00967#10,2,2
C-clinical-12-00967#2,2,2
C-clinical-12-00967#3,2,2
C-clinical-12-00967#4,2,2
C-clinical-12-00967#5,2,2
C-clinical-12-00967#6,2,2
C-clinical-12-00967#7,2,2
C-clinical-12-00967#8,2,2
C-clinical-12-00967#9,2,2
C-clinical-12-00971#0,2,2
C-clinical-12-00971#1,2,2
C-clinical-12-00971#2,2,2
C-clinical-12-00971#3,2,2
C-clinical-12-00971#4,2,2
C-clinical-12-00971#5,1,2
C-clinical-12-00971#6,2,2
C-clinical-12-00975#1,2,2
C-clinical-12-00975#10,2,2
C-clinical-12-00975#11,1,2
C-clinical-12-00975#12,2,2
C-clinical-12-00975#13,2,2
C-clinical-12-00975#14,2,2
C-clinical-12-00975#15,2,2
C-clinical-12-00975#2,2,2
C-clinical-12-00975#3,2,2
C-clinical-12-00975#4,2,2
C-clinical-12-00975#5,2,2
C-clinical-12-00975#6,2,2
C-clinical-12-00975#7,1,2
C-clinical-12-00975#8,2,2
C-clinical-12-00975#9,2,2
C-clinical-12-00976#0,2,2
C-clinical-12-00976#1,2,2
C-clinical-12-00976#2,2,2
C-clinical-12-00976#3,2,2
C-clinical-12-00976#4,2,2
C-clinical-12-00977#0,2,2
C-clinical-12-00977#1,2,2
C-clinical-12-00977#2,2,2
C-clinical-12-00977#3,2,2
C-clinical-12-00978#0,2,2
C-clinical-12-00978#1,2,2
C-clinical-12-00978#2,2,2
C-clinical-12-00978#3,2,2
C-clinical-12-00978#4,2,2
C-clinical-12-00978#5,2,2
C-clinical-12-00978#6,0,2
C-clinical-12-00978#7,2,2
C-clinical-12-00978#8,2,2
C-clinical-12-00978#9,1,2
C-clinical-12-00979#0,2,2
C-clinical-12-00979#1,2,2
C-clinical-12-00979#2,2,2
C-clinical-12-00979#3,2,2
C-clinical-12-00979#4,2,2
C-clinical-12-00979#5,2,2
C-clinical-12-00979#6,2,2
C-clinical-12-00980#1,2,2
C-clinical-12-00980#10,2,2
C-clinical-12-00980#2,2,2
C-clinical-12-00980#3,2,2
C-clinical-12-00980#4,2,2
C-clinical-12-00980#5,2,2
C-clinical-12-00980#6,2,2
C-clinical-12-00980#7,2,2
C-clinical-12-00980#8,2,2
C-clinical-12-00980#9,2,2
C-clinical-12-00981#0,2,2
C-clinical-12-00981#1,2,2
C-clinical-12-00981#2,2,2
C-clinical-12-00981#3,2,2
C-clinical-12-00983#0,2,2
C-clinical-12-00983#1,2,2
C-clinical-12-00983#2,2,2
C-clinical-12-00983#3,2,2
C-clinical-12-00984#0,2,2
C-clinical-12-00984#1,2,2
C-clinical-12-00984#2,2,2
C-clinical-12-00984#3,2,2
C-clinical-12-00984#4,2,2
C-clinical-12-00985#0,2,2
C-clinical-12-00985#1,2,2
C-clinical-12-00985#10,2,2
C-clinical-12-00985#11,2,2
C-clinical-12-00985#12,2,2
C-clinical-12-00985#2,2,2
C-clinical-12-00985#3,2,2
C-clinical-12-00985#4,2,2
C-clinical-12-00985#5,2,2
C-clinical-12-00985#6,2,2
C-clinical-12-00985#7,2,2
C-clinical-12-00985#8,2,2
C-clinical-12-00985#9,2,2
C-clinical-12-00987#0,2,2
C-clinical-12-00987#1,2,2
C-clinical-12-00987#2,2,2
C-clinical-12-00987#3,1,2
C-clinical-12-00987#4,2,2
C-clinical-12-00987#5,2,2
C-clinical-12-00988#0,2,2
C-clinical-12-00988#1,2,2
C-clinical-12-00988#10,2,2
C-clinical-12-00988#11,2,2
C-clinical-12-00988#2,2,2
C-clinical-12-00988#4,2,2
C-clinical-12-00988#5,2,2
C-clinical-12-00988#6,2,2
C-clinical-12-00988#7,1,2
C-clinical-12-00988#8,2,2
C-clinical-12-00988#9,2,2
C-clinical-12-00989#0,2,2
C-clinical-12-00989#1,2,2
C-clinical-12-00989#2,2,2
C-clinical-12-00989#3,2,2
C-clinical-12-00991#0,2,2
C-clinical-12-00991#1,2,2
C-clinical-12-00991#2,2,2
C-clinical-12-00991#3,2,2
C-clinical-12-00991#4,2,2
C-clinical-12-00991#5,2,2
C-clinical-12-00991#6,2,2
C-clinical-12-00992#0,2,2
C-clinical-12-00992#1,2,2
C-clinical-12-00992#3,2,2
C-clinical-12-00992#4,2,2
C-clinical-12-00992#5,2,2
C-clinical-12-00992#6,2,2
C-clinical-12-00992#7,2,2
C-clinical-12-00992#8,1,2
C-clinical-12-00996#0,2,2
C-clinical-12-00996#2,2,2
C-clinical-12-00996#3,2,2
C-clinical-12-00996#4,2,2
C-clinical-12-00996#5,2,2
C-clinical-12-00996#6,2,2
C-clinical-12-00996#7,2,2
C-clinical-12-00996#8,2,2
C-clinical-12-01001#0,2,2
C-clinical-12-01001#1,2,2
C-clinical-12-01001#2,2,2
C-clinical-12-01001#3,2,2
C-clinical-12-01001#4,2,2
C-clinical-12-01001#5,2,2
C-clinical-12-01001#6,2,2
C-clinical-12-01001#7,2,2
C-clinical-12-01001#8,2,2
C-clinical-12-01009#0,2,2
C-clinical-12-01009#1,2,2
C-clinical-12-01009#2,1,1
C-clinical-12-01009#3,2,2
C-clinical-12-01009#4,2,2
C-clinical-12-01009#5,2,2
C-clinical-12-01009#6,2,2
C-clinical-12-01011#0,2,2
C-clinical-12-01011#1,2,2
C-clinical-12-01011#10,2,2
C-clinical-12-01011#11,2,2
C-clinical-12-01011#2,2,2
C-clinical-12-01011#3,2,2
C-clinical-12-01011#4,2,2
C-clinical-12-01011#5,2,2
C-clinical-12-01011#6,2,2
C-clinical-12-01011#7,2,2
C-clinical-12-01011#8,2,2
C-clinical-12-01011#9,2,2
C-clinical-12-01012#0,2,2
C-clinical-12-01012#1,2,2
C-clinical-12-01012#3,2,2
C-clinical-12-01013#0,2,2
C-clinical-12-01013#1,2,2
C-clinical-12-01013#10,2,2
C-clinical-12-01013#2,2,2
C-clinical-12-01013#3,2,2
C-clinical-12-01013#4,2,2
C-clinical-12-01013#5,2,2
C-clinical-12-01013#6,2,2
C-clinical-12-01013#7,2,2
C-clinical-12-01013#8,2,2
C-clinical-12-01013#9,2,2
C-clinical-12-01014#0,2,2
C-clinical-12-01014#1,2,2
C-clinical-12-01014#2,2,2
C-clinical-12-01014#3,2,2
C-clinical-12-01014#4,2,2
C-clinical-12-01015#0,2,2
C-clinical-12-01015#1,2,2
C-clinical-12-01015#2,2,2
C-clinical-12-01015#3,2,2
C-clinical-12-01017#0,2,2
C-clinical-12-01017#1,2,2
C-clinical-12-01017#2,2,2
C-clinical-12-01017#3,2,2
C-clinical-12-01017#4,2,2
C-clinical-12-01017#5,2,2
C-clinical-12-01017#6,2,2
C-clinical-12-01017#7,2,2
C-clinical-12-01017#8,2,2
C-clinical-12-01017#9,2,2
C-clinical-12-01019#0,2,2
C-clinical-12-01019#1,2,2
C-clinical-12-01019#2,1,2
C-clinical-12-01019#3,2,2
C-clinical-12-01019#4,2,2
C-clinical-12-01022#0,2,2
C-clinical-12-01022#2,2,2
C-clinical-12-01022#3,2,2
C-clinical-12-01022#4,2,2
C-clinical-12-01022#5,2,2
C-clinical-12-01022#6,2,2
C-clinical-12-01022#7,2,2
C-clinical-12-01024#0,2,2
C-clinical-12-01024#1,2,2
C-clinical-12-01024#2,2,2
C-clinical-12-01024#3,1,2
C-clinical-12-01024#4,2,2
C-clinical-12-01024#5,2,2
C-clinical-12-01024#6,1,2
C-clinical-12-01024#7,2,2
C-clinical-12-01028#0,2,2
C-clinical-12-01028#1,2,2
C-clinical-12-01028#2,2,2
C-clinical-12-01028#3,1,2
C-clinical-12-01030#0,2,2
C-clinical-12-01030#1,2,2
C-clinical-12-01030#10,2,2
C-clinical-12-01030#2,2,2
C-clinical-12-01030#3,2,2
C-clinical-12-01030#4,2,2
C-clinical-12-01030#5,2,2
C-clinical-12-01030#6,2,2
C-clinical-12-01030#7,2,2
C-clinical-12-01030#8,2,2
C-clinical-12-01030#9,2,2
C-clinical-12-01031#0,1,2
C-clinical-12-01031#10,2,2
C-clinical-12-01031#11,2,2
C-clinical-12-01031#2,2,2
C-clinical-12-01031#3,2,2
C-clinical-12-01031#4,2,2
C-clinical-12-01031#5,2,2
C-clinical-12-01031#6,2,2
C-clinical-12-01031#7,2,2
C-clinical-12-01031#8,2,2
C-clinical-12-01031#9,2,2
C-clinical-12-01032#0,2,2
C-clinical-12-01032#1,2,2
C-clinical-12-01032#2,2,2
C-clinical-12-01032#3,2,2
C-clinical-12-01032#4,2,2
C-clinical-12-01032#5,2,2
C-clinical-12-01032#6,2,2
C-clinical-12-01032#7,2,2
C-clinical-12-01032#8,2,2
C-clinical-12-01033#0,2,2
C-clinical-12-01033#1,2,2
C-clinical-12-01033#2,2,2
C-clinical-12-01033#3,2,2
C-clinical-12-01039#0,2,2
C-clinical-12-01039#1,2,2
C-clinical-12-01039#2,2,2
C-clinical-12-01039#3,2,2
C-clinical-12-01039#4,2,2
C-clinical-12-01039#5,0,2
C-clinical-12-01039#6,2,2
C-clinical-12-01039#7,2,2
C-clinical-12-01039#8,0,2
C-clinical-12-01040#0,2,2
C-clinical-12-01040#1,2,2
C-clinical-12-01040#10,2,2
C-clinical-12-01040#11,2,2
C-clinical-12-01040#2,2,2
C-clinical-12-01040#3,2,2
C-clinical-12-01040#4,2,2
C-clinical-12-01040#5,2,2
C-clinical-12-01040#6,2,2
C-clinical-12-01040#7,2,2
C-clinical-12-01040#8,2,2
C-clinical-12-01040#9,2,2
C-clinical-12-01043#0,2,2
C-clinical-12-01043#1,2,2
C-clinical-12-01043#2,2,2
C-clinical-12-01043#3,2,2
C-clinical-12-01043#4,2,2
C-clinical-12-01046#0,2,2
C-clinical-12-01046#1,2,2
C-clinical-12-01046#2,2,2
C-clinical-12-01046#3,2,2
C-clinical-12-01046#4,2,2
C-clinical-12-01046#5,2,2
C-clinical-12-01046#6,2,2
C-clinical-12-01046#7,2,2
C-clinical-12-01046#8,2,2
C-clinical-12-01046#9,2,2
C-clinical-12-01047#0,2,2
C-clinical-12-01047#1,2,2
C-clinical-12-01047#2,2,2
C-clinical-12-01047#3,1,2
C-clinical-12-01047#4,2,2
C-clinical-12-01047#5,2,2
C-clinical-12-01048#0,2,2
C-clinical-12-01048#1,2,2
C-clinical-12-01048#2,2,2
C-clinical-12-01048#3,2,2
C-clinical-12-01048#4,2,2
C-clinical-12-01051#1,2,2
C-clinical-12-01051#10,2,2
C-clinical-12-01051#11,2,2
C-clinical-12-01051#2,2,2
C-clinical-12-01051#3,2,2
C-clinical-12-01051#4,2,2
C-clinical-12-01051#5,2,2
C-clinical-12-01051#6,2,2
C-clinical-12-01051#7,2,2
C-clinical-12-01051#8,2,2
C-clinical-12-01051#9,2,2
C-clinical-12-01052#0,2,2
C-clinical-12-01052#1,2,2
C-clinical-12-01052#2,2,2
C-clinical-12-01052#3,2,2
C-clinical-12-01052#4,2,2
C-clinical-12-01052#5,2,2
C-clinical-12-01052#6,1,2
C-clinical-12-01052#7,2,2
C-clinical-12-01052#8,2,2
C-clinical-12-01052#9,2,2
C-clinical-12-01053#0,2,2
C-clinical-12-01053#1,2,2
C-clinical-12-01053#10,2,2
C-clinical-12-01053#11,2,2
C-clinical-12-01053#12,2,2
C-clinical-12-01053#2,2,2
C-clinical-12-01053#3,2,2
C-clinical-12-01053#4,2,2
C-clinical-12-01053#5,2,2
C-clinical-12-01053#6,2,2
C-clinical-12-01053#7,1,2
C-clinical-12-01053#8,2,2
C-clinical-12-01053#9,2,2
C-clinical-12-01054#0,2,2
C-clinical-12-01054#1,2,2
C-clinical-12-01054#2,2,2
C-clinical-12-01058#0,2,2
C-clinical-12-01058#1,2,2
C-clinical-12-01058#10,2,2
C-clinical-12-01058#11,2,2
C-clinical-12-01058#12,2,2
C-clinical-12-01058#2,2,2
C-clinical-12-01058#3,2,2
C-clinical-12-01058#4,2,2
C-clinical-12-01058#5,2,2
C-clinical-12-01058#6,2,2
C-clinical-12-01058#7,2,2
C-clinical-12-01058#8,2,2
C-clinical-12-01058#9,2,2
C-clinical-12-01059#0,0,2
C-clinical-12-01059#1,2,2
C-clinical-12-01059#10,2,2
C-clinical-12-01059#2,2,2
C-clinical-12-01059#3,2,2
C-clinical-12-01059#4,2,2
C-clinical-12-01059#5,2,2
C-clinical-12-01059#6,0,2
C-clinical-12-01059#7,0,2
C-clinical-12-01059#8,2,2
C-clinical-12-01059#9,2,2
C-clinical-12-01060#0,2,2
C-clinical-12-01060#1,2,2
C-clinical-12-01060#2,2,2
C-clinical-12-01060#3,1,2
C-clinical-12-01062#0,2,2
C-clinical-12-01062#1,0,0
C-clinical-12-01062#2,2,2
C-clinical-12-01062#3,0,0
C-clinical-12-01063#0,2,2
C-clinical-12-01063#1,2,2
C-clinical-12-01063#10,2,2
C-clinical-12-01063#11,2,2
C-clinical-12-01063#2,2,2
C-clinical-12-01063#3,2,2
C-clinical-12-01063#4,2,2
C-clinical-12-01063#5,2,2
C-clinical-12-01063#6,2,2
C-clinical-12-01063#7,2,2
C-clinical-12-01063#8,2,2
C-clinical-12-01063#9,2,2
C-clinical-12-01064#0,2,2
C-clinical-12-01064#1,2,2
C-clinical-12-01064#2,2,2
C-clinical-12-01064#3,2,2
C-clinical-12-01064#4,2,2
C-clinical-12-01064#5,2,2
C-clinical-12-01065#0,2,2
C-clinical-12-01065#1,2,2
C-clinical-12-01065#10,2,2
C-clinical-12-01065#11,2,2
C-clinical-12-01065#12,2,2
C-clinical-12-01065#3,2,2
C-clinical-12-01065#4,2,2
C-clinical-12-01065#5,2,2
C-clinical-12-01065#6,2,2
C-clinical-12-01065#7,0,0
C-clinical-12-01065#8,2,2
C-clinical-12-01065#9,2,2
C-clinical-12-01066#0,2,2
C-clinical-12-01066#1,2,2
C-clinical-12-01066#2,2,2
C-clinical-12-01066#3,1,2
C-clinical-12-01066#4,2,2
C-clinical-12-01066#5,2,2
C-clinical-12-01066#6,2,2
C-clinical-12-01066#7,2,2
C-clinical-12-01067#0,2,2
C-clinical-12-01067#1,2,2
C-clinical-12-01067#2,2,2
C-clinical-12-01067#3,2,2
C-clinical-12-01067#4,2,2
C-clinical-12-01067#5,2,2
C-clinical-12-01067#6,2,2
C-clinical-12-01067#7,2,2
C-clinical-12-01067#8,2,2
C-clinical-12-01067#9,2,2
C-clinical-12-01068#0,2,2
C-clinical-12-01068#1,2,2
C-clinical-12-01068#2,2,2
C-clinical-12-01068#3,2,2
C-clinical-12-01068#4,2,2
C-clinical-12-01068#5,2,2
C-clinical-12-01068#6,2,2
C-clinical-12-01068#7,2,2
C-clinical-12-01070#0,2,2
C-clinical-12-01070#1,2,2
C-clinical-12-01070#2,2,2
C-clinical-12-01070#3,2,2
C-clinical-12-01070#4,2,2
C-clinical-12-01078#0,2,2
C-clinical-12-01078#1,2,2
C-clinical-12-01078#2,2,2
C-clinical-12-01078#3,2,2
C-clinical-12-01078#4,2,2
C-clinical-12-01078#5,2,2
C-clinical-12-01082#0,2,2
C-clinical-12-01082#1,2,2
C-clinical-12-01082#2,2,2
C-clinical-12-01082#3,2,2
C-clinical-12-01082#4,2,2
C-clinical-12-01082#5,2,2
C-clinical-12-01082#6,2,2
C-clinical-12-01082#7,2,2
C-clinical-12-01086#0,2,2
C-clinical-12-01086#1,2,2
C-clinical-12-01086#2,2,2
C-clinical-12-01086#3,2,2
C-clinical-12-01086#4,2,2
C-clinical-12-01086#5,2,2
C-clinical-12-01086#6,2,2
C-clinical-12-01087#0,2,2
C-clinical-12-01087#1,2,2
C-clinical-12-01087#2,2,2
C-clinical-12-01087#3,2,2
C-clinical-12-01087#4,2,2
C-clinical-12-01089#0,2,2
C-clinical-12-01089#1,2,2
C-clinical-12-01089#2,1,2
C-clinical-12-01089#3,0,2
C-clinical-12-01089#4,2,2
C-clinical-12-01092#0,2,2
C-clinical-12-01092#1,2,2
C-clinical-12-01092#10,2,2
C-clinical-12-01092#2,2,2
C-clinical-12-01092#3,2,2
C-clinical-12-01092#4,2,2
C-clinical-12-01092#5,2,2
C-clinical-12-01092#6,2,2
C-clinical-12-01092#7,2,2
C-clinical-12-01092#8,2,2
C-clinical-12-01092#9,2,2
C-clinical-12-01093#0,2,2
C-clinical-12-01093#1,2,2
C-clinical-12-01093#2,2,2
C-clinical-12-01093#3,2,2
C-clinical-12-01093#4,2,2
C-clinical-12-01093#5,2,2
C-clinical-12-01093#6,2,2
C-clinical-12-01093#7,2,2
C-clinical-12-01097#0,2,2
C-clinical-12-01097#1,2,2
C-clinical-12-01097#2,2,2
C-clinical-12-01097#3,2,2
C-clinical-12-01097#4,1,2
C-clinical-12-01097#5,2,2
C-clinical-12-01097#6,2,2
C-clinical-12-01097#7,2,2
C-clinical-12-01097#8,2,2
C-clinical-12-01097#9,2,2
C-clinical-12-01098#0,2,2
C-clinical-12-01098#1,2,2
C-clinical-12-01098#10,2,2
C-clinical-12-01098#2,2,2
C-clinical-12-01098#3,2,2
C-clinical-12-01098#4,1,2
C-clinical-12-01098#5,2,2
C-clinical-12-01098#6,2,2
C-clinical-12-01098#7,2,2
C-clinical-12-01098#8,2,2
C-clinical-12-01098#9,2,2
C-clinical-12-01099#0,2,2
C-clinical-12-01099#1,2,2
C-clinical-12-01099#2,2,2
C-clinical-12-01099#3,2,2
C-clinical-12-01099#4,1,2
C-clinical-12-01099#5,2,2
C-clinical-12-01099#6,2,2
C-clinical-12-01099#7,2,2
C-clinical-12-01099#8,2,2
C-clinical-12-01099#9,2,2
C-clinical-12-01104#0,2,2
C-clinical-12-01104#1,2,2
C-clinical-12-01104#2,2,2
C-clinical-12-01104#3,2,2
C-clinical-12-01104#4,2,2
C-clinical-12-01105#0,2,2
C-clinical-12-01105#1,2,2
C-clinical-12-01105#2,2,2
C-clinical-12-01105#3,2,2
C-clinical-12-01109#0,2,2
C-clinical-12-01109#1,2,2
C-clinical-12-01109#2,2,2
C-clinical-12-01109#3,2,2
C-clinical-12-01109#4,2,2
C-clinical-12-01109#5,2,2
C-clinical-12-01110#0,2,2
C-clinical-12-01110#1,2,2
C-clinical-12-01110#10,2,2
C-clinical-12-01110#11,2,2
C-clinical-12-01110#2,2,2
C-clinical-12-01110#3,2,2
C-clinical-12-01110#4,2,2
C-clinical-12-01110#5,2,2
C-clinical-12-01110#6,2,2
C-clinical-12-01110#7,2,2
C-clinical-12-01110#8,2,2
C-clinical-12-01110#9,2,2
C-clinical-12-01111#0,2,2
C-clinical-12-01111#1,2,2
C-clinical-12-01111#3,2,2
C-clinical-12-01111#4,2,2
C-clinical-12-01111#5,2,2
C-clinical-12-01111#6,2,2
C-clinical-12-01112#0,2,2
C-clinical-12-01112#1,2,2
C-clinical-12-01112#2,2,2
C-clinical-12-01112#3,2,2
C-clinical-12-01112#4,2,2
C-clinical-12-01112#5,2,2
C-clinical-12-01112#6,2,2
C-clinical-12-01112#7,2,2
C-clinical-12-01112#8,2,2
C-clinical-12-01112#9,2,2
C-clinical-12-01114#0,2,2
C-clinical-12-01114#1,2,2
C-clinical-12-01114#2,2,2
C-clinical-12-01114#3,2,2
C-clinical-12-01114#4,1,2
C-clinical-12-01114#5,2,2
C-clinical-12-01114#6,2,2
C-clinical-12-01114#7,2,2
C-clinical-12-01116#0,2,2
C-clinical-12-01116#1,2,2
C-clinical-12-01116#2,2,2
C-clinical-12-01116#3,2,2
C-clinical-12-01116#4,2,2
C-clinical-12-01116#5,2,2
C-clinical-12-01117#0,2,2
C-clinical-12-01117#1,2,2
C-clinical-12-01117#10,2,2
C-clinical-12-01117#2,2,2
C-clinical-12-01117#3,1,2
C-clinical-12-01117#4,2,2
C-clinical-12-01117#5,2,2
C-clinical-12-01117#6,2,2
C-clinical-12-01117#7,2,2
C-clinical-12-01117#8,2,2
C-clinical-12-01117#9,2,2
C-clinical-12-01118#0,2,2
C-clinical-12-01118#1,2,2
C-clinical-12-01118#2,2,2
C-clinical-12-01118#3,2,2
C-clinical-12-01118#4,2,2
C-clinical-12-01118#5,2,2
C-clinical-12-01118#6,2,2
C-clinical-12-01118#7,2,2
C-clinical-12-01121#0,2,2
C-clinical-12-01121#1,2,2
C-clinical-12-01121#2,2,2
C-clinical-12-01121#3,2,2
C-clinical-12-01121#4,2,2
C-clinical-12-01121#5,2,2
C-clinical-12-01121#6,2,2
C-clinical-12-01121#7,2,2
C-clinical-12-01122#0,2,2
C-clinical-12-01122#2,2,2
C-clinical-12-01122#3,2,2
C-clinical-12-01122#4,2,2
C-clinical-12-01122#5,2,2
C-clinical-12-01122#6,2,2
C-clinical-12-01122#7,2,2
C-clinical-12-01122#8,2,2
C-clinical-12-01122#9,2,2
C-clinical-12-01123#0,2,2
C-clinical-12-01123#1,2,2
C-clinical-12-01123#2,2,2
C-clinical-12-01123#3,2,2
C-clinical-12-01123#4,1,2
C-clinical-12-01123#5,2,2
C-clinical-12-01129#0,2,2
C-clinical-12-01129#1,2,2
C-clinical-12-01129#2,2,2
C-clinical-12-01129#3,2,2
C-clinical-12-01132#0,2,2
C-clinical-12-01132#1,2,2
C-clinical-12-01132#2,2,2
C-clinical-12-01132#3,2,2
C-clinical-12-01132#4,2,2
C-clinical-12-01132#5,2,2
C-clinical-12-01132#6,2,2
C-clinical-12-01135#0,2,2
C-clinical-12-01135#1,2,2
C-clinical-12-01135#10,2,2
C-clinical-12-01135#2,2,2
C-clinical-12-01135#3,2,2
C-clinical-12-01135#4,2,2
C-clinical-12-01135#5,2,2
C-clinical-12-01135#6,2,2
C-clinical-12-01135#7,2,2
C-clinical-12-01135#8,2,2
C-clinical-12-01135#9,2,2
C-clinical-12-01138#0,2,2
C-clinical-12-01138#1,2,2
C-clinical-12-01138#10,2,2
C-clinical-12-01138#11,2,2
C-clinical-12-01138#2,2,2
C-clinical-12-01138#3,2,2
C-clinical-12-01138#4,2,2
C-clinical-12-01138#5,2,2
C-clinical-12-01138#6,2,2
C-clinical-12-01138#7,2,2
C-clinical-12-01138#8,2,2
C-clinical-12-01138#9,2,2
C-clinical-12-01140#0,2,2
C-clinical-12-01140#1,2,2
C-clinical-12-01140#10,2,2
C-clinical-12-01140#11,2,2
C-clinical-12-01140#2,2,2
C-clinical-12-01140#4,2,2
C-clinical-12-01140#5,2,2
C-clinical-12-01140#6,2,2
C-clinical-12-01140#7,2,2
C-clinical-12-01140#8,2,2
C-clinical-12-01140#9,2,2
C-clinical-12-01141#0,2,2
C-clinical-12-01141#1,2,2
C-clinical-12-01141#10,2,2
C-clinical-12-01141#2,2,2
C-clinical-12-01141#3,2,2
C-clinical-12-01141#4,2,2
C-clinical-12-01141#5,2,2
C-clinical-12-01141#6,2,2
C-clinical-12-01141#7,2,2
C-clinical-12-01141#8,2,2
C-clinical-12-01141#9,2,2
C-clinical-12-01142#0,2,2
C-clinical-12-01142#1,2,2
C-clinical-12-01142#2,2,2
C-clinical-12-01142#3,2,2
C-clinical-12-01142#4,2,2
C-clinical-12-01145#0,2,2
C-clinical-12-01145#1,2,2
C-clinical-12-01145#2,2,2
C-clinical-12-01145#3,2,2
C-clinical-12-01145#4,2,2
C-clinical-12-01149#1,2,2
C-clinical-12-01149#10,2,2
C-clinical-12-01149#11,2,2
C-clinical-12-01149#2,2,2
C-clinical-12-01149#3,2,2
C-clinical-12-01149#4,2,2
C-clinical-12-01149#5,2,2
C-clinical-12-01149#6,2,2
C-clinical-12-01149#7,2,2
C-clinical-12-01149#8,2,2
C-clinical-12-01149#9,2,2
C-clinical-12-01150#0,2,2
C-clinical-12-01150#1,2,2
C-clinical-12-01150#10,2,2
C-clinical-12-01150#11,2,2
C-clinical-12-01150#12,2,2
C-clinical-12-01150#13,2,2
C-clinical-12-01150#14,2,2
C-clinical-12-01150#15,2,2
C-clinical-12-01150#16,2,2
C-clinical-12-01150#2,2,2
C-clinical-12-01150#3,2,2
C-clinical-12-01150#4,2,2
C-clinical-12-01150#5,2,2
C-clinical-12-01150#6,2,2
C-clinical-12-01150#7,2,2
C-clinical-12-01150#8,2,2
C-clinical-12-01150#9,2,2
C-clinical-12-01152#0,2,2
C-clinical-12-01152#1,2,2
C-clinical-12-01152#3,2,2
C-clinical-12-01152#4,2,2
C-clinical-12-01152#5,2,2
C-clinical-12-01152#6,2,2
C-clinical-12-01152#7,2,2
C-clinical-12-01152#8,2,2
C-clinical-12-01152#9,2,2
C-clinical-12-01153#0,2,2
C-clinical-12-01153#1,2,2
C-clinical-12-01153#2,2,2
C-clinical-12-01153#3,2,2
C-clinical-12-01153#4,2,2
C-clinical-12-01153#5,2,2
C-clinical-12-01153#6,2,2
C-clinical-12-01153#7,2,2
C-clinical-12-01153#8,2,2
C-clinical-12-01156#1,2,2
C-clinical-12-01156#2,2,2
C-clinical-12-01156#3,2,2
C-clinical-12-01156#4,2,2
C-clinical-12-01156#5,1,2
C-clinical-12-01156#6,2,2
C-clinical-12-01156#7,1,2
C-clinical-12-01156#8,2,2
C-clinical-12-01157#0,2,2
C-clinical-12-01157#1,2,2
C-clinical-12-01157#2,2,2
C-clinical-12-01157#3,2,2
C-clinical-12-01157#4,2,2
C-clinical-12-01158#0,2,2
C-clinical-12-01158#1,2,2
C-clinical-12-01158#2,2,2
C-clinical-12-01158#3,2,2
C-clinical-12-01158#4,1,2
C-clinical-12-01158#5,2,2
C-clinical-12-01158#6,2,2
C-clinical-12-01158#7,2,2
C-clinical-12-01158#8,1,2
C-clinical-12-01158#9,2,2
C-clinical-12-01163#0,2,2
C-clinical-12-01163#1,2,2
C-clinical-12-01163#10,2,2
C-clinical-12-01163#11,2,2
C-clinical-12-01163#12,2,2
C-clinical-12-01163#13,2,2
C-clinical-12-01163#14,2,2
C-clinical-12-01163#2,2,2
C-clinical-12-01163#3,2,2
C-clinical-12-01163#4,2,2
C-clinical-12-01163#5,2,2
C-clinical-12-01163#6,2,2
C-clinical-12-01163#7,2,2
C-clinical-12-01163#8,2,2
C-clinical-12-01163#9,2,2
C-clinical-12-01164#0,2,2
C-clinical-12-01164#2,2,2
C-clinical-12-01164#3,2,2
C-clinical-12-01164#4,2,2
C-clinical-12-01164#5,2,2
C-clinical-12-01164#6,2,2
C-clinical-12-01164#7,2,2
C-clinical-12-01164#8,2,2
C-clinical-12-01166#0,2,2
C-clinical-12-01166#1,2,2
C-clinical-12-01166#2,2,2
C-clinical-12-01166#3,2,2
C-clinical-12-01166#4,2,2
C-clinical-12-01166#5,2,2
C-clinical-12-01167#0,2,2
C-clinical-12-01167#1,2,2
C-clinical-12-01167#10,2,2
C-clinical-12-01167#11,2,2
C-clinical-12-01167#12,2,2
C-clinical-12-01167#13,2,2
C-clinical-12-01167#14,2,2
C-clinical-12-01167#2,2,2
C-clinical-12-01167#3,2,2
C-clinical-12-01167#4,2,2
C-clinical-12-01167#5,2,2
C-clinical-12-01167#6,2,2
C-clinical-12-01167#7,2,2
C-clinical-12-01167#8,1,1
C-clinical-12-01167#9,2,2
C-clinical-12-01168#0,2,2
C-clinical-12-01168#1,2,2
C-clinical-12-01168#2,2,2
C-clinical-12-01169#0,2,2
C-clinical-12-01169#1,2,2
C-clinical-12-01169#2,2,2
C-clinical-12-01169#3,2,2
C-clinical-12-01169#4,2,2
C-clinical-12-01169#5,2,2
C-clinical-12-01171#0,2,2
C-clinical-12-01171#1,2,2
C-clinical-12-01171#2,2,2
C-clinical-12-01171#3,2,2
C-clinical-12-01173#0,2,2
C-clinical-12-01173#1,2,2
C-clinical-12-01173#10,2,2
C-clinical-12-01173#11,0,2
C-clinical-12-01173#2,2,2
C-clinical-12-01173#3,2,2
C-clinical-12-01173#4,2,2
C-clinical-12-01173#5,2,2
C-clinical-12-01173#6,2,2
C-clinical-12-01173#7,2,2
C-clinical-12-01173#8,2,2
C-clinical-12-01173#9,2,2
C-clinical-12-01174#0,2,2
C-clinical-12-01174#1,2,2
C-clinical-12-01174#2,2,2
C-clinical-12-01174#3,2,2
C-clinical-12-01174#4,2,2
C-clinical-12-01174#5,2,2
C-clinical-12-01174#6,2,2
C-clinical-12-01174#7,2,2
C-clinical-12-01174#8,2,2
C-clinical-12-01175#0,2,2
C-clinical-12-01175#2,2,2
C-clinical-12-01175#3,2,2
C-clinical-12-01175#4,1,2
C-clinical-12-01175#5,2,2
C-clinical-12-01176#0,2,2
C-clinical-12-01176#1,2,2
C-clinical-12-01176#2,2,2
C-clinical-12-01176#3,2,2
C-clinical-12-01176#4,2,2
C-clinical-12-01176#5,2,2
C-clinical-12-01176#6,2,2
C-clinical-12-01176#7,2,2
C-clinical-12-01176#8,2,2
C-clinical-12-01176#9,2,2
C-clinical-12-01179#0,2,2
C-clinical-12-01179#1,2,2
C-clinical-12-01179#2,2,2
C-clinical-12-01179#3,1,2
C-clinical-12-01179#4,2,2
C-clinical-12-01179#5,2,2
C-clinical-12-01182#0,2,2
C-clinical-12-01182#1,2,2
C-clinical-12-01182#2,2,2
C-clinical-12-01182#3,2,2
C-clinical-12-01182#4,2,2
C-clinical-12-01182#5,2,2
C-clinical-12-01183#0,2,2
C-clinical-12-01183#1,2,2
C-clinical-12-01183#2,2,2
C-clinical-12-01183#3,2,2
C-clinical-12-01183#4,2,2
C-clinical-12-01183#5,2,2
C-clinical-12-01183#6,2,2
C-clinical-12-01184#0,2,2
C-clinical-12-01184#1,2,2
C-clinical-12-01184#10,2,2
C-clinical-12-01184#11,2,2
C-clinical-12-01184#12,2,2
C-clinical-12-01184#2,2,2
C-clinical-12-01184#3,2,2
C-clinical-12-01184#4,2,2
C-clinical-12-01184#5,2,2
C-clinical-12-01184#6,2,2
C-clinical-12-01184#7,2,2
C-clinical-12-01184#8,2,2
C-clinical-12-01184#9,2,2
C-clinical-12-01185#0,2,2
C-clinical-12-01185#1,2,2
C-clinical-12-01185#2,2,2
C-clinical-12-01185#3,2,2
C-clinical-12-01185#4,2,2
C-clinical-12-01185#5,2,2
C-clinical-12-01185#6,2,2
C-clinical-12-01190#0,2,2
C-clinical-12-01190#1,2,2
C-clinical-12-01190#2,2,2
C-clinical-12-01190#3,2,2
C-clinical-12-01190#4,2,2
C-clinical-12-01194#0,1,2
C-clinical-12-01194#1,2,2
C-clinical-12-01194#2,2,2
C-clinical-12-01194#3,2,2
C-clinical-12-01194#4,2,2
C-clinical-12-01194#5,2,2
C-clinical-12-01194#6,2,2
C-clinical-12-01194#7,2,2
C-clinical-12-01194#8,2,2
C-clinical-12-01195#0,2,2
C-clinical-12-01195#1,2,2
C-clinical-12-01195#2,2,2
C-clinical-12-01195#3,2,2
C-clinical-12-01195#4,2,2
C-clinical-12-01195#5,2,2
C-clinical-12-01195#6,2,2
C-clinical-12-01196#0,2,2
C-clinical-12-01196#1,2,2
C-clinical-12-01196#2,2,2
C-clinical-12-01196#3,2,2
C-clinical-12-01196#4,2,2
C-clinical-12-01196#5,2,2
C-clinical-12-01196#6,2,2
C-clinical-12-01196#7,2,2
C-clinical-12-01198#0,2,2
C-clinical-12-01198#10,2,2
C-clinical-12-01198#11,2,2
C-clinical-12-01198#13,2,2
C-clinical-12-01198#3,2,2
C-clinical-12-01198#4,2,2
C-clinical-12-01198#5,2,2
C-clinical-12-01198#6,2,2
C-clinical-12-01198#7,2,2
C-clinical-12-01198#8,2,2
C-clinical-12-01198#9,2,2
C-clinical-12-01206#0,2,2
C-clinical-12-01206#1,2,2
C-clinical-12-01206#2,2,2
C-clinical-12-01206#3,2,2
C-clinical-12-01206#4,2,2
C-clinical-12-01206#5,2,2
C-clinical-12-01206#6,2,2
C-clinical-12-01206#7,2,2
C-clinical-12-01208#0,2,2
C-clinical-12-01208#1,2,2
C-clinical-12-01208#2,1,2
C-clinical-12-01211#0,2,2
C-clinical-12-01211#1,2,2
C-clinical-12-01211#2,2,2
C-clinical-12-01211#3,1,2
C-clinical-12-01214#0,2,2
C-clinical-12-01214#1,2,2
C-clinical-12-01214#10,2,2
C-clinical-12-01214#11,2,2
C-clinical-12-01214#2,2,2
C-clinical-12-01214#3,2,2
C-clinical-12-01214#4,2,2
C-clinical-12-01214#5,2,2
C-clinical-12-01214#6,2,2
C-clinical-12-01214#8,2,2
C-clinical-12-01214#9,2,2
C-clinical-12-01219#0,2,2
C-clinical-12-01219#1,2,2
C-clinical-12-01219#10,2,2
C-clinical-12-01219#2,2,2
C-clinical-12-01219#3,2,2
C-clinical-12-01219#4,2,2
C-clinical-12-01219#5,2,2
C-clinical-12-01219#6,2,2
C-clinical-12-01219#7,2,2
C-clinical-12-01219#8,2,2
C-clinical-12-01219#9,2,2
C-clinical-12-01225#0,2,2
C-clinical-12-01225#1,2,2
C-clinical-12-01225#2,2,2
C-clinical-12-01225#3,1,2
C-clinical-12-01225#4,2,2
C-clinical-12-01226#0,2,2
C-clinical-12-01226#1,2,2
C-clinical-12-01226#2,2,2
C-clinical-12-01226#3,2,2
C-clinical-12-01227#0,2,2
C-clinical-12-01227#1,2,2
C-clinical-12-01227#10,2,2
C-clinical-12-01227#11,2,2
C-clinical-12-01227#12,0,2
C-clinical-12-01227#13,0,2
C-clinical-12-01227#14,2,2
C-clinical-12-01227#15,2,2
C-clinical-12-01227#16,2,2
C-clinical-12-01227#17,2,2
C-clinical-12-01227#18,2,2
C-clinical-12-01227#19,2,2
C-clinical-12-01227#2,2,2
C-clinical-12-01227#3,2,2
C-clinical-12-01227#4,2,2
C-clinical-12-01227#5,2,2
C-clinical-12-01227#6,2,2
C-clinical-12-01227#7,2,2
C-clinical-12-01227#8,2,2
C-clinical-12-01227#9,2,2
C-clinical-12-01228#0,2,2
C-clinical-12-01228#1,2,2
C-clinical-12-01228#2,2,2
C-clinical-12-01228#3,2,2
C-clinical-12-01228#4,2,2
C-clinical-12-01228#5,2,2
C-clinical-12-01228#6,2,2
C-clinical-12-01228#7,0,2
C-clinical-12-01228#8,2,2
C-clinical-12-01229#0,2,2
C-clinical-12-01229#1,2,2
C-clinical-12-01229#2,2,2
C-clinical-12-01229#3,2,2
C-clinical-12-01230#0,2,2
C-clinical-12-01230#1,2,2
C-clinical-12-01230#11,2,2
C-clinical-12-01230#12,2,2
C-clinical-12-01230#13,2,2
C-clinical-12-01230#14,2,2
C-clinical-12-01230#2,2,2
C-clinical-12-01230#3,2,2
C-clinical-12-01230#5,2,2
C-clinical-12-01230#6,2,2
C-clinical-12-01230#7,2,2
C-clinical-12-01230#8,2,2
C-clinical-12-01230#9,2,2
C-clinical-12-01237#0,2,2
C-clinical-12-01237#2,2,2
C-clinical-12-01237#3,2,2
C-clinical-12-01237#4,1,2
C-clinical-12-01237#5,2,2
C-clinical-12-01237#6,2,2
C-clinical-12-01237#7,2,2
C-clinical-12-01237#8,2,2
C-clinical-12-01237#9,2,2
C-clinical-12-01238#0,2,2
C-clinical-12-01238#1,2,2
C-clinical-12-01238#2,1,2
C-clinical-12-01238#3,2,2
C-clinical-12-01238#4,2,2
C-clinical-12-01239#0,2,2
C-clinical-12-01239#1,2,2
C-clinical-12-01239#2,2,2
C-clinical-12-01239#3,2,2
C-clinical-12-01243#0,2,2
C-clinical-12-01243#1,2,2
C-clinical-12-01243#10,2,2
C-clinical-12-01243#11,2,2
C-clinical-12-01243#12,2,2
C-clinical-12-01243#2,2,2
C-clinical-12-01243#3,2,2
C-clinical-12-01243#4,2,2
C-clinical-12-01243#5,2,2
C-clinical-12-01243#6,0,2
C-clinical-12-01243#7,2,2
C-clinical-12-01243#8,2,2
C-clinical-12-01243#9,2,2
C-clinical-12-01244#0,2,2
C-clinical-12-01244#1,2,2
C-clinical-12-01244#2,2,2
C-clinical-12-01244#3,2,2
C-clinical-12-01244#4,2,2
C-clinical-12-01244#5,2,2
C-clinical-12-01244#6,2,2
C-clinical-12-01247#0,2,2
C-clinical-12-01247#1,2,2
C-clinical-12-01247#10,2,2
C-clinical-12-01247#11,2,2
C-clinical-12-01247#12,2,2
C-clinical-12-01247#13,2,2
C-clinical-12-01247#2,2,2
C-clinical-12-01247#3,2,2
C-clinical-12-01247#4,2,2
C-clinical-12-01247#5,2,2
C-clinical-12-01247#6,2,2
C-clinical-12-01247#7,2,2
C-clinical-12-01247#8,2,2
C-clinical-12-01247#9,2,2
C-clinical-12-01248#0,2,2
C-clinical-12-01248#1,2,2
C-clinical-12-01248#2,2,2
C-clinical-12-01248#3,2,2
C-clinical-12-01248#4,2,2
C-clinical-12-01248#6,2,2
C-clinical-12-01248#7,2,2
C-clinical-12-01248#8,2,2
C-clinical-12-01250#0,2,2
C-clinical-12-01250#1,2,2
C-clinical-12-01250#10,2,2
C-clinical-12-01250#2,2,2
C-clinical-12-01250#3,2,2
C-clinical-12-01250#4,2,2
C-clinical-12-01250#5,2,2
C-clinical-12-01250#6,1,2
C-clinical-12-01250#7,2,2
C-clinical-12-01250#8,2,2
C-clinical-12-01250#9,2,2
C-clinical-12-01251#0,2,2
C-clinical-12-01251#1,1,2
C-clinical-12-01251#2,2,2
C-clinical-12-01251#3,2,2
C-clinical-12-01251#4,2,2
C-clinical-12-01255#0,2,2
C-clinical-12-01255#1,2,2
C-clinical-12-01255#2,2,2
C-clinical-12-01255#3,2,2
C-clinical-12-01255#4,2,2
C-clinical-12-01255#5,2,2
C-clinical-12-01255#6,2,2
C-clinical-12-01256#0,2,2
C-clinical-12-01256#1,2,2
C-clinical-12-01256#2,2,2
C-clinical-12-01256#4,1,2
C-clinical-12-01256#5,2,2
C-clinical-12-01256#6,2,2
C-clinical-12-01256#7,2,2
C-clinical-12-01256#8,2,2
C-clinical-12-01257#0,2,2
C-clinical-12-01257#1,2,2
C-clinical-12-01257#2,2,2
C-clinical-12-01257#3,2,2
C-clinical-12-01257#4,2,2
C-clinical-12-01257#5,2,2
C-clinical-12-01258#0,2,2
C-clinical-12-01258#1,2,2
C-clinical-12-01258#2,2,2
C-clinical-12-01258#3,2,2
C-clinical-12-01258#4,2,2
C-clinical-12-01260#0,2,2
C-clinical-12-01260#1,2,2
C-clinical-12-01260#10,2,2
C-clinical-12-01260#2,2,2
C-clinical-12-01260#3,2,2
C-clinical-12-01260#4,1,1
C-clinical-12-01260#5,2,2
C-clinical-12-01260#6,2,2
C-clinical-12-01260#7,2,2
C-clinical-12-01260#8,2,2
C-clinical-12-01260#9,2,2
C-clinical-12-01262#0,2,2
C-clinical-12-01262#1,2,2
C-clinical-12-01262#2,2,2
C-clinical-12-01262#4,2,2
C-clinical-12-01262#5,2,2
C-clinical-12-01262#6,2,2
C-clinical-12-01262#7,2,2
C-clinical-12-01262#8,2,2
C-clinical-12-01264#0,2,2
C-clinical-12-01264#1,2,2
C-clinical-12-01264#2,2,2
C-clinical-12-01264#3,2,2
C-clinical-12-01264#4,2,2
C-clinical-12-01264#5,2,2
C-clinical-12-01264#6,2,2
C-clinical-12-01264#7,2,2
C-clinical-12-01264#8,2,2
C-clinical-12-01265#0,2,2
C-clinical-12-01265#1,1,2
C-clinical-12-01265#2,2,2
C-clinical-12-01265#3,2,2
C-clinical-12-01265#4,2,2
C-clinical-12-01266#0,2,2
C-clinical-12-01266#1,2,2
C-clinical-12-01266#2,2,2
C-clinical-12-01266#3,2,2
C-clinical-12-01266#4,2,2
C-clinical-12-01266#5,2,2
C-clinical-12-01267#1,2,2
C-clinical-12-01267#10,2,2
C-clinical-12-01267#12,2,2
C-clinical-12-01267#13,2,2
C-clinical-12-01267#14,2,2
C-clinical-12-01267#15,2,2
C-clinical-12-01267#2,2,2
C-clinical-12-01267#3,2,2
C-clinical-12-01267#4,2,2
C-clinical-12-01267#5,2,2
C-clinical-12-01267#6,2,2
C-clinical-12-01267#7,2,2
C-clinical-12-01267#8,2,2
C-clinical-12-01267#9,2,2
C-clinical-12-01268#0,2,2
C-clinical-12-01268#1,2,2
C-clinical-12-01268#2,2,2
C-clinical-12-01268#3,1,1
C-clinical-12-01268#4,2,2
C-clinical-12-01268#5,2,2
C-clinical-12-01268#6,2,2
C-clinical-12-01268#7,2,2
C-clinical-12-01269#0,2,2
C-clinical-12-01269#1,2,2
C-clinical-12-01269#2,2,2
C-clinical-12-01269#3,2,2
C-clinical-12-01269#4,2,2
C-clinical-12-01269#5,2,2
C-clinical-12-01269#6,2,2
C-clinical-12-01269#7,2,2
C-clinical-12-01269#8,2,2
C-clinical-12-01269#9,2,2
C-clinical-12-01273#0,2,2
C-clinical-12-01273#1,2,2
C-clinical-12-01273#2,2,2
C-clinical-12-01273#3,2,2
C-clinical-12-01273#4,2,2
C-clinical-12-01273#5,2,2
C-clinical-12-01273#6,1,1
C-clinical-12-01275#0,2,2
C-clinical-12-01275#1,2,2
C-clinical-12-01275#10,2,2
C-clinical-12-01275#2,2,2
C-clinical-12-01275#3,2,2
C-clinical-12-01275#5,2,2
C-clinical-12-01275#6,1,2
C-clinical-12-01275#7,2,2
C-clinical-12-01275#8,2,2
C-clinical-12-01275#9,2,2
C-clinical-12-01279#0,2,2
C-clinical-12-01279#1,2,2
C-clinical-12-01279#10,2,2
C-clinical-12-01279#11,2,2
C-clinical-12-01279#2,2,2
C-clinical-12-01279#3,2,2
C-clinical-12-01279#4,2,2
C-clinical-12-01279#5,2,2
C-clinical-12-01279#6,2,2
C-clinical-12-01279#7,2,2
C-clinical-12-01279#8,2,2
C-clinical-12-01279#9,2,2
C-clinical-12-01280#0,2,2
C-clinical-12-01280#1,2,2
C-clinical-12-01280#2,2,2
C-clinical-12-01280#3,2,2
C-clinical-12-01280#4,2,2
C-clinical-12-01280#5,2,2
C-clinical-12-01280#6,2,2
C-clinical-12-01280#7,2,2
C-clinical-12-01280#8,2,2
C-clinical-12-01280#9,2,2
C-clinical-12-01281#0,2,2
C-clinical-12-01281#1,2,2
C-clinical-12-01281#3,2,2
C-clinical-12-01281#4,2,2
C-clinical-12-01281#5,2,2
C-clinical-12-01281#6,2,2
C-clinical-12-01281#7,2,2
C-clinical-12-01285#0,2,2
C-clinical-12-01285#1,2,2
C-clinical-12-01285#2,2,2
C-clinical-12-01285#3,2,2
C-clinical-12-01285#4,2,2
C-clinical-12-01285#5,2,2
C-clinical-12-01289#0,2,2
C-clinical-12-01289#1,2,2
C-clinical-12-01289#10,2,2
C-clinical-12-01289#11,2,2
C-clinical-12-01289#12,2,2
C-clinical-12-01289#13,2,2
C-clinical-12-01289#2,2,2
C-clinical-12-01289#3,2,2
C-clinical-12-01289#4,2,2
C-clinical-12-01289#5,0,2
C-clinical-12-01289#6,2,2
C-clinical-12-01289#7,2,2
C-clinical-12-01289#8,2,2
C-clinical-12-01289#9,2,2
C-clinical-12-01291#0,2,2
C-clinical-12-01291#1,2,2
C-clinical-12-01291#2,2,2
C-clinical-12-01291#3,2,2
C-clinical-12-01291#4,2,2
C-clinical-12-01291#5,2,2
C-clinical-12-01292#0,2,2
C-clinical-12-01292#1,2,2
C-clinical-12-01292#10,2,2
C-clinical-12-01292#11,2,2
C-clinical-12-01292#2,2,2
C-clinical-12-01292#3,2,2
C-clinical-12-01292#4,2,2
C-clinical-12-01292#5,2,2
C-clinical-12-01292#6,2,2
C-clinical-12-01292#7,2,2
C-clinical-12-01292#8,2,2
C-clinical-12-01292#9,1,2
C-clinical-12-01293#0,2,2
C-clinical-12-01293#1,2,2
C-clinical-12-01293#10,2,2
C-clinical-12-01293#11,2,2
C-clinical-12-01293#12,2,2
C-clinical-12-01293#2,2,2
C-clinical-12-01293#3,2,2
C-clinical-12-01293#4,2,2
C-clinical-12-01293#5,2,2
C-clinical-12-01293#6,1,1
C-clinical-12-01293#7,2,2
C-clinical-12-01293#8,2,2
C-clinical-12-01293#9,2,2
C-clinical-12-01294#0,2,2
C-clinical-12-01294#10,2,2
C-clinical-12-01294#11,2,2
C-clinical-12-01294#2,2,2
C-clinical-12-01294#3,2,2
C-clinical-12-01294#4,2,2
C-clinical-12-01294#5,1,2
C-clinical-12-01294#6,0,2
C-clinical-12-01294#7,2,2
C-clinical-12-01294#8,2,2
C-clinical-12-01294#9,2,2
C-clinical-12-01300#0,2,2
C-clinical-12-01300#1,2,2
C-clinical-12-01300#10,2,2
C-clinical-12-01300#11,2,2
C-clinical-12-01300#2,2,2
C-clinical-12-01300#3,2,2
C-clinical-12-01300#4,2,2
C-clinical-12-01300#5,2,2
C-clinical-12-01300#6,0,2
C-clinical-12-01300#7,0,2
C-clinical-12-01300#8,2,2
C-clinical-12-01300#9,2,2
C-clinical-12-01303#0,2,2
C-clinical-12-01303#1,2,2
C-clinical-12-01303#10,2,2
C-clinical-12-01303#2,2,2
C-clinical-12-01303#3,2,2
C-clinical-12-01303#4,0,2
C-clinical-12-01303#5,0,2
C-clinical-12-01303#6,2,2
C-clinical-12-01303#7,2,2
C-clinical-12-01303#8,2,2
C-clinical-12-01303#9,2,2
C-clinical-12-01305#0,2,2
C-clinical-12-01305#1,2,2
C-clinical-12-01305#2,1,2
C-clinical-12-01305#3,2,2
C-clinical-12-01305#4,2,2
C-clinical-12-01305#5,2,2
C-clinical-12-01305#6,2,2
C-clinical-12-01308#0,2,2
C-clinical-12-01308#1,2,2
C-clinical-12-01308#2,2,2
C-clinical-12-01308#3,2,2
C-clinical-12-01308#4,2,2
C-clinical-12-01308#5,2,2
C-clinical-12-01308#6,2,2
C-clinical-12-01309#0,2,2
C-clinical-12-01309#1,2,2
C-clinical-12-01309#2,2,2
C-clinical-12-01310#0,2,2
C-clinical-12-01310#1,2,2
C-clinical-12-01310#10,2,2
C-clinical-12-01310#11,2,2
C-clinical-12-01310#12,2,2
C-clinical-12-01310#2,2,2
C-clinical-12-01310#3,2,2
C-clinical-12-01310#4,2,2
C-clinical-12-01310#5,2,2
C-clinical-12-01310#6,2,2
C-clinical-12-01310#7,2,2
C-clinical-12-01310#8,2,2
C-clinical-12-01310#9,2,2
C-clinical-12-01312#0,2,2
C-clinical-12-01312#1,2,2
C-clinical-12-01312#2,2,2
C-clinical-12-01312#3,2,2
C-clinical-12-01319#0,2,2
C-clinical-12-01319#1,2,2
C-clinical-12-01319#2,2,2
C-clinical-12-01321#0,2,2
C-clinical-12-01321#1,2,2
C-clinical-12-01321#10,2,2
C-clinical-12-01321#11,2,2
C-clinical-12-01321#12,2,2
C-clinical-12-01321#2,2,2
C-clinical-12-01321#3,2,2
C-clinical-12-01321#4,2,2
C-clinical-12-01321#5,2,2
C-clinical-12-01321#6,2,2
C-clinical-12-01321#7,2,2
C-clinical-12-01321#8,2,2
C-clinical-12-01321#9,2,2
C-clinical-12-01322#0,2,2
C-clinical-12-01322#1,2,2
C-clinical-12-01322#2,2,2
C-clinical-12-01322#3,2,2
C-clinical-12-01328#0,1,1
C-clinical-12-01328#1,2,2
C-clinical-12-01328#2,2,2
C-clinical-12-01328#3,2,2
C-clinical-12-01328#4,2,2
C-clinical-12-01328#5,2,2
C-clinical-12-01328#6,2,2
C-clinical-12-01328#7,2,2
C-clinical-12-01328#8,2,2
C-clinical-12-01328#9,2,2
C-clinical-12-01329#0,2,2
C-clinical-12-01329#1,2,2
C-clinical-12-01329#10,2,2
C-clinical-12-01329#2,2,2
C-clinical-12-01329#3,2,2
C-clinical-12-01329#4,2,2
C-clinical-12-01329#5,2,2
C-clinical-12-01329#6,2,2
C-clinical-12-01329#7,2,2
C-clinical-12-01329#8,2,2
C-clinical-12-01329#9,2,2
C-clinical-12-01330#0,2,2
C-clinical-12-01330#1,2,2
C-clinical-12-01330#2,2,2
C-clinical-12-01330#3,2,2
C-clinical-12-01330#4,2,2
C-clinical-12-01331#0,2,2
C-clinical-12-01331#1,2,2
C-clinical-12-01331#2,2,2
C-clinical-12-01331#3,2,2
C-clinical-12-01332#0,2,2
C-clinical-12-01332#1,2,2
C-clinical-12-01332#2,2,2
C-clinical-12-01332#3,2,2
C-clinical-12-01334#0,2,2
C-clinical-12-01334#1,2,2
C-clinical-12-01334#2,2,2
C-clinical-12-01334#3,2,2
C-clinical-12-01334#4,2,2
C-clinical-12-01334#5,2,2
C-clinical-12-01334#6,2,2
C-clinical-12-01334#7,2,2
C-clinical-12-01337#0,2,2
C-clinical-12-01337#1,2,2
C-clinical-12-01337#2,2,2
C-clinical-12-01337#3,2,2
C-clinical-12-01337#4,2,2
C-clinical-12-01337#5,2,2
C-clinical-12-01340#1,2,2
C-clinical-12-01340#10,2,2
C-clinical-12-01340#11,2,2
C-clinical-12-01340#12,2,2
C-clinical-12-01340#2,2,2
C-clinical-12-01340#3,2,2
C-clinical-12-01340#4,2,2
C-clinical-12-01340#5,2,2
C-clinical-12-01340#6,2,2
C-clinical-12-01340#7,2,2
C-clinical-12-01340#8,2,2
C-clinical-12-01340#9,2,2
C-clinical-12-01347#0,2,2
C-clinical-12-01347#1,2,2
C-clinical-12-01347#2,2,2
C-clinical-12-01347#3,2,2
C-clinical-12-01347#4,2,2
C-clinical-12-01352#0,2,2
C-clinical-12-01352#1,2,2
C-clinical-12-01352#2,2,2
C-clinical-12-01352#3,2,2
C-clinical-12-01353#0,2,2
C-clinical-12-01353#1,2,2
C-clinical-12-01353#2,0,2
C-clinical-12-01353#3,2,2
C-clinical-12-01353#4,2,2
C-clinical-12-01359#0,2,2
C-clinical-12-01359#1,2,2
C-clinical-12-01359#2,2,2
C-clinical-12-01359#3,2,2
C-clinical-12-01359#4,2,2
C-clinical-12-01360#0,2,2
C-clinical-12-01360#1,2,2
C-clinical-12-01360#2,2,2
C-clinical-12-01360#3,2,2
C-clinical-12-01360#4,2,2
C-clinical-12-01360#5,1,2
C-clinical-12-01360#6,2,2
C-clinical-12-01362#1,2,2
C-clinical-12-01362#2,2,2
C-clinical-12-01362#3,2,2
C-clinical-12-01362#4,2,2
C-clinical-12-01362#5,2,2
C-clinical-12-01362#6,2,2
C-clinical-12-01362#7,2,2
C-clinical-12-01362#8,2,2
C-clinical-12-01363#0,2,2
C-clinical-12-01363#1,2,2
C-clinical-12-01363#10,2,2
C-clinical-12-01363#11,2,2
C-clinical-12-01363#12,2,2
C-clinical-12-01363#2,2,2
C-clinical-12-01363#3,2,2
C-clinical-12-01363#4,2,2
C-clinical-12-01363#5,2,2
C-clinical-12-01363#6,2,2
C-clinical-12-01363#7,2,2
C-clinical-12-01363#8,2,2
C-clinical-12-01363#9,2,2
C-clinical-12-01364#0,2,2
C-clinical-12-01364#1,2,2
C-clinical-12-01364#2,2,2
C-clinical-12-01364#3,2,2
C-clinical-12-01364#4,2,2
C-clinical-12-01364#5,2,2
C-clinical-12-01364#6,2,2
C-clinical-12-01364#7,2,2
C-clinical-12-01365#0,2,2
C-clinical-12-01365#1,2,2
C-clinical-12-01365#10,2,2
C-clinical-12-01365#11,2,2
C-clinical-12-01365#2,2,2
C-clinical-12-01365#4,2,2
C-clinical-12-01365#5,2,2
C-clinical-12-01365#6,2,2
C-clinical-12-01365#7,2,2
C-clinical-12-01365#8,2,2
C-clinical-12-01365#9,2,2
C-clinical-12-01366#0,2,2
C-clinical-12-01366#1,2,2
C-clinical-12-01366#10,2,2
C-clinical-12-01366#11,2,2
C-clinical-12-01366#12,2,2
C-clinical-12-01366#13,2,2
C-clinical-12-01366#2,2,2
C-clinical-12-01366#3,2,2
C-clinical-12-01366#4,2,2
C-clinical-12-01366#5,2,2
C-clinical-12-01366#6,2,2
C-clinical-12-01366#7,2,2
C-clinical-12-01366#8,2,2
C-clinical-12-01366#9,2,2
C-clinical-12-01369#0,2,2
C-clinical-12-01369#1,2,2
C-clinical-12-01369#10,2,2
C-clinical-12-01369#2,2,2
C-clinical-12-01369#3,2,2
C-clinical-12-01369#4,2,2
C-clinical-12-01369#5,2,2
C-clinical-12-01369#6,2,2
C-clinical-12-01369#7,2,2
C-clinical-12-01369#8,2,2
C-clinical-12-01369#9,2,2
C-clinical-12-01373#0,2,2
C-clinical-12-01373#1,2,2
C-clinical-12-01373#2,2,2
C-clinical-12-01373#3,2,2
C-clinical-12-01373#4,2,2
C-clinical-12-01373#5,2,2
C-clinical-12-01373#6,2,2
C-clinical-12-01373#7,2,2
C-clinical-12-01373#8,2,2
C-clinical-12-01375#0,2,2
C-clinical-12-01375#10,2,2
C-clinical-12-01375#11,2,2
C-clinical-12-01375#2,2,2
C-clinical-12-01375#3,2,2
C-clinical-12-01375#4,2,2
C-clinical-12-01375#5,2,2
C-clinical-12-01375#6,2,2
C-clinical-12-01375#7,2,2
C-clinical-12-01375#8,2,2
C-clinical-12-01375#9,2,2
C-clinical-12-01377#0,2,2
C-clinical-12-01377#1,1,2
C-clinical-12-01377#10,2,2
C-clinical-12-01377#11,2,2
C-clinical-12-01377#12,1,2
C-clinical-12-01377#13,2,2
C-clinical-12-01377#2,2,2
C-clinical-12-01377#3,2,2
C-clinical-12-01377#4,2,2
C-clinical-12-01377#5,2,2
C-clinical-12-01377#6,2,2
C-clinical-12-01377#7,2,2
C-clinical-12-01377#8,2,2
C-clinical-12-01377#9,2,2
C-clinical-12-01381#0,2,2
C-clinical-12-01381#1,2,2
C-clinical-12-01381#10,2,2
C-clinical-12-01381#11,2,2
C-clinical-12-01381#12,2,2
C-clinical-12-01381#13,2,2
C-clinical-12-01381#2,2,2
C-clinical-12-01381#3,2,2
C-clinical-12-01381#4,2,2
C-clinical-12-01381#5,2,2
C-clinical-12-01381#6,2,2
C-clinical-12-01381#7,2,2
C-clinical-12-01381#8,2,2
C-clinical-12-01381#9,2,2
C-clinical-12-01384#0,2,2
C-clinical-12-01384#1,2,2
C-clinical-12-01384#10,2,2
C-clinical-12-01384#2,2,2
C-clinical-12-01384#4,2,2
C-clinical-12-01384#5,2,2
C-clinical-12-01384#6,2,2
C-clinical-12-01384#7,2,2
C-clinical-12-01384#8,2,2
C-clinical-12-01384#9,2,2
C-clinical-12-01386#0,2,2
C-clinical-12-01386#1,2,2
C-clinical-12-01386#2,2,2
C-clinical-12-01386#3,2,2
C-clinical-12-01386#4,2,2
C-clinical-12-01386#5,2,2
C-clinical-12-01387#0,2,2
C-clinical-12-01387#1,2,2
C-clinical-12-01387#2,2,2
C-clinical-12-01387#3,2,2
C-clinical-12-01391#0,2,2
C-clinical-12-01391#1,2,2
C-clinical-12-01391#2,2,2
C-clinical-12-01391#3,2,2
C-clinical-12-01391#4,2,2
C-clinical-12-01391#5,2,2
C-clinical-12-01393#0,2,2
C-clinical-12-01393#1,2,2
C-clinical-12-01393#3,1,2
C-clinical-12-01393#4,2,2
C-clinical-12-01393#5,2,2
C-clinical-12-01393#6,2,2
C-clinical-12-01393#7,2,2
C-clinical-12-01393#8,2,2
C-clinical-12-01393#9,2,2
C-clinical-12-01394#0,2,2
C-clinical-12-01394#1,2,2
C-clinical-12-01394#10,2,2
C-clinical-12-01394#11,2,2
C-clinical-12-01394#12,2,2
C-clinical-12-01394#2,2,2
C-clinical-12-01394#3,2,2
C-clinical-12-01394#4,2,2
C-clinical-12-01394#5,0,0
C-clinical-12-01394#6,2,2
C-clinical-12-01394#7,2,2
C-clinical-12-01394#8,2,2
C-clinical-12-01394#9,2,2
C-clinical-12-01397#0,2,2
C-clinical-12-01397#1,2,2
C-clinical-12-01397#10,2,2
C-clinical-12-01397#11,2,2
C-clinical-12-01397#2,2,2
C-clinical-12-01397#3,2,2
C-clinical-12-01397#4,2,2
C-clinical-12-01397#5,2,2
C-clinical-12-01397#6,2,2
C-clinical-12-01397#7,2,2
C-clinical-12-01397#8,2,2
C-clinical-12-01397#9,2,2
C-clinical-12-01399#0,2,2
C-clinical-12-01399#1,2,2
C-clinical-12-01399#10,2,2
C-clinical-12-01399#11,2,2
C-clinical-12-01399#2,2,2
C-clinical-12-01399#3,2,2
C-clinical-12-01399#4,2,2
C-clinical-12-01399#5,2,2
C-clinical-12-01399#6,2,2
C-clinical-12-01399#7,2,2
C-clinical-12-01399#8,2,2
C-clinical-12-01399#9,2,2
C-clinical-12-01402#0,2,2
C-clinical-12-01402#1,2,2
C-clinical-12-01402#2,2,2
C-clinical-12-01402#3,2,2
C-clinical-12-01402#4,2,2
C-clinical-12-01402#5,2,2
C-clinical-12-01402#6,2,2
C-clinical-12-01402#7,2,2
C-clinical-12-01402#8,2,2
C-clinical-12-01402#9,2,2
C-clinical-12-01417#0,2,2
C-clinical-12-01417#1,2,2
C-clinical-12-01417#2,2,2
C-clinical-12-01417#3,1,2
C-clinical-12-01418#0,2,2
C-clinical-12-01418#1,2,2
C-clinical-12-01418#10,2,2
C-clinical-12-01418#11,2,2
C-clinical-12-01418#12,2,2
C-clinical-12-01418#4,2,2
C-clinical-12-01418#5,2,2
C-clinical-12-01418#6,2,2
C-clinical-12-01418#7,2,2
C-clinical-12-01418#8,2,2
C-clinical-12-01418#9,2,2
C-clinical-12-01420#0,2,2
C-clinical-12-01420#1,2,2
C-clinical-12-01420#2,2,2
C-clinical-12-01420#3,2,2
C-clinical-12-01420#4,2,2
C-clinical-12-01422#0,2,2
C-clinical-12-01422#1,2,2
C-clinical-12-01422#2,2,2
C-clinical-12-01422#4,2,2
C-clinical-12-01422#5,2,2
C-clinical-12-01422#6,2,2
C-clinical-12-01422#7,2,2
C-clinical-12-01422#8,2,2
C-clinical-12-01423#0,2,2
C-clinical-12-01423#1,2,2
C-clinical-12-01423#2,2,2
C-clinical-12-01423#3,2,2
C-clinical-12-01423#4,2,2
C-clinical-12-01426#0,2,2
C-clinical-12-01426#1,2,2
C-clinical-12-01426#2,2,2
C-clinical-12-01426#3,2,2
C-clinical-12-01426#5,2,2
C-clinical-12-01426#6,2,2
C-clinical-12-01426#8,2,2
C-clinical-12-01427#0,2,2
C-clinical-12-01427#10,2,2
C-clinical-12-01427#11,2,2
C-clinical-12-01427#12,2,2
C-clinical-12-01427#2,2,2
C-clinical-12-01427#3,2,2
C-clinical-12-01427#4,2,2
C-clinical-12-01427#5,2,2
C-clinical-12-01427#6,2,2
C-clinical-12-01427#7,2,2
C-clinical-12-01427#8,1,2
C-clinical-12-01427#9,2,2
C-clinical-12-01430#0,2,2
C-clinical-12-01430#1,2,2
C-clinical-12-01430#2,2,2
C-clinical-12-01430#3,2,2
C-clinical-12-01430#4,2,2
C-clinical-12-01430#5,2,2
C-clinical-12-01432#0,2,2
C-clinical-12-01432#1,2,2
C-clinical-12-01432#2,2,2
C-clinical-12-01432#3,2,2
C-clinical-12-01432#4,2,2
C-clinical-12-01432#5,2,2
C-clinical-12-01432#6,2,2
C-clinical-12-01432#7,2,2
C-clinical-12-01433#0,2,2
C-clinical-12-01433#1,2,2
C-clinical-12-01433#2,2,2
C-clinical-12-01433#3,2,2
C-clinical-12-01433#4,2,2
C-clinical-12-01433#5,0,2
C-clinical-12-01433#6,2,2
C-clinical-12-01433#7,2,2
C-clinical-12-01433#8,2,2
C-clinical-12-01433#9,2,2
C-clinical-12-01437#0,2,2
C-clinical-12-01437#1,2,2
C-clinical-12-01437#2,2,2
C-clinical-12-01437#3,2,2
C-clinical-12-01437#4,2,2
C-clinical-12-01437#5,2,2
C-clinical-12-01443#0,2,2
C-clinical-12-01443#1,2,2
C-clinical-12-01443#10,2,2
C-clinical-12-01443#2,2,2
C-clinical-12-01443#4,2,2
C-clinical-12-01443#5,2,2
C-clinical-12-01443#6,2,2
C-clinical-12-01443#7,2,2
C-clinical-12-01443#8,2,2
C-clinical-12-01443#9,2,2
C-clinical-12-01445#0,2,2
C-clinical-12-01445#1,2,2
C-clinical-12-01445#2,2,2
C-clinical-12-01445#3,2,2
C-clinical-12-01445#4,2,2
C-clinical-12-01445#5,2,2
C-clinical-12-01445#6,2,2
C-clinical-12-01445#7,2,2
C-clinical-12-01446#0,2,2
C-clinical-12-01446#1,1,2
C-clinical-12-01446#2,2,2
C-clinical-12-01447#0,2,2
C-clinical-12-01447#1,2,2
C-clinical-12-01447#2,2,2
C-clinical-12-01447#3,2,2
C-clinical-12-01447#4,2,2
C-clinical-12-01447#5,1,2
C-clinical-12-01447#6,2,2
C-clinical-12-01448#0,2,2
C-clinical-12-01448#10,2,2
C-clinical-12-01448#11,2,2
C-clinical-12-01448#12,2,2
C-clinical-12-01448#13,2,2
C-clinical-12-01448#14,2,2
C-clinical-12-01448#2,2,2
C-clinical-12-01448#3,2,2
C-clinical-12-01448#4,2,2
C-clinical-12-01448#5,2,2
C-clinical-12-01448#6,2,2
C-clinical-12-01448#7,1,1
C-clinical-12-01448#8,2,2
C-clinical-12-01448#9,2,2
C-clinical-12-01451#0,2,2
C-clinical-12-01451#1,2,2
C-clinical-12-01451#2,2,2
C-clinical-12-01451#3,1,2
C-clinical-12-01451#4,2,2
C-clinical-12-01456#0,2,2
C-clinical-12-01456#1,2,2
C-clinical-12-01456#2,1,2
C-clinical-12-01456#3,2,2
C-clinical-12-01456#4,2,2
C-clinical-12-01460#0,2,2
C-clinical-12-01460#1,2,2
C-clinical-12-01460#2,2,2
C-clinical-12-01460#3,2,2
C-clinical-12-01460#4,2,2
C-clinical-12-01460#5,2,2
C-clinical-12-01460#6,2,2
C-clinical-12-01460#7,2,2
C-clinical-12-01460#8,2,2
C-clinical-12-01461#0,2,2
C-clinical-12-01461#1,2,2
C-clinical-12-01461#3,2,2
C-clinical-12-01464#0,2,2
C-clinical-12-01464#1,2,2
C-clinical-12-01464#2,2,2
C-clinical-12-01464#3,2,2
C-clinical-12-01464#4,2,2
C-clinical-12-01464#5,2,2
C-clinical-12-01464#6,2,2
C-clinical-12-01464#7,2,2
C-clinical-12-01464#8,2,2
C-clinical-12-01468#0,2,2
C-clinical-12-01468#1,2,2
C-clinical-12-01468#2,2,2
C-clinical-12-01468#3,2,2
C-clinical-12-01468#4,2,2
C-clinical-12-01468#5,2,2
C-clinical-12-01468#6,2,2
C-clinical-12-01469#0,2,2
C-clinical-12-01469#1,2,2
C-clinical-12-01469#2,2,2
C-clinical-12-01469#3,2,2
C-clinical-12-01469#4,2,2
C-clinical-12-01469#5,2,2
C-clinical-12-01469#6,2,2
C-clinical-12-01470#0,2,2
C-clinical-12-01470#1,2,2
C-clinical-12-01470#10,2,2
C-clinical-12-01470#12,2,2
C-clinical-12-01470#13,2,2
C-clinical-12-01470#14,2,2
C-clinical-12-01470#2,2,2
C-clinical-12-01470#3,2,2
C-clinical-12-01470#4,2,2
C-clinical-12-01470#5,2,2
C-clinical-12-01470#6,2,2
C-clinical-12-01470#7,2,2
C-clinical-12-01470#8,2,2
C-clinical-12-01470#9,2,2
C-clinical-12-01472#0,2,2
C-clinical-12-01472#1,2,2
C-clinical-12-01472#2,2,2
C-clinical-12-01472#3,2,2
C-clinical-12-01472#4,2,2
C-clinical-12-01472#5,1,2
C-clinical-12-01472#6,2,2
C-clinical-12-01476#0,2,2
C-clinical-12-01476#1,2,2
C-clinical-12-01476#10,2,2
C-clinical-12-01476#11,2,2
C-clinical-12-01476#12,2,2
C-clinical-12-01476#13,2,2
C-clinical-12-01476#14,2,2
C-clinical-12-01476#2,2,2
C-clinical-12-01476#4,2,2
C-clinical-12-01476#5,2,2
C-clinical-12-01476#6,2,2
C-clinical-12-01476#7,2,2
C-clinical-12-01476#8,2,2
C-clinical-12-01476#9,2,2
C-clinical-12-01477#0,2,2
C-clinical-12-01477#1,2,2
C-clinical-12-01477#10,2,2
C-clinical-12-01477#2,2,2
C-clinical-12-01477#3,2,2
C-clinical-12-01477#4,1,2
C-clinical-12-01477#5,2,2
C-clinical-12-01477#6,2,2
C-clinical-12-01477#7,2,2
C-clinical-12-01477#8,2,2
C-clinical-12-01477#9,2,2
C-clinical-12-01481#0,2,2
C-clinical-12-01481#1,2,2
C-clinical-12-01481#10,2,2
C-clinical-12-01481#11,2,2
C-clinical-12-01481#12,2,2
C-clinical-12-01481#13,2,2
C-clinical-12-01481#2,2,2
C-clinical-12-01481#3,2,2
C-clinical-12-01481#4,2,2
C-clinical-12-01481#5,2,2
C-clinical-12-01481#6,2,2
C-clinical-12-01481#7,2,2
C-clinical-12-01481#8,2,2
C-clinical-12-01481#9,2,2
C-clinical-12-01486#0,2,2
C-clinical-12-01486#1,2,2
C-clinical-12-01486#2,2,2
C-clinical-12-01486#3,2,2
C-clinical-12-01486#4,2,2
C-clinical-12-01486#5,2,2
C-clinical-12-01486#6,2,2
C-clinical-12-01486#7,2,2
C-clinical-12-01486#8,2,2
C-clinical-12-01487#1,2,2
C-clinical-12-01487#10,2,2
C-clinical-12-01487#11,2,2
C-clinical-12-01487#12,2,2
C-clinical-12-01487#2,2,2
C-clinical-12-01487#3,2,2
C-clinical-12-01487#4,2,2
C-clinical-12-01487#5,2,2
C-clinical-12-01487#6,2,2
C-clinical-12-01487#7,2,2
C-clinical-12-01487#8,2,2
C-clinical-12-01487#9,2,2
C-clinical-12-01489#0,2,2
C-clinical-12-01489#1,2,2
C-clinical-12-01489#2,2,2
C-clinical-12-01489#3,2,2
C-clinical-12-01489#4,2,2
C-clinical-12-01489#5,2,2
C-clinical-12-01489#6,2,2
C-clinical-12-01492#0,2,2
C-clinical-12-01492#2,2,2
C-clinical-12-01492#3,2,2
C-clinical-12-01492#4,2,2
C-clinical-12-01492#5,2,2
C-clinical-12-01492#6,2,2
C-clinical-12-01492#7,2,2
C-clinical-12-01493#0,2,2
C-clinical-12-01493#1,2,2
C-clinical-12-01493#2,1,1
C-clinical-12-01493#3,2,2
C-clinical-12-01493#4,2,2
C-clinical-12-01494#0,2,2
C-clinical-12-01494#1,2,2
C-clinical-12-01494#2,2,2
C-clinical-12-01494#3,2,2
C-clinical-12-01494#4,2,2
C-clinical-12-01499#0,2,2
C-clinical-12-01499#1,2,2
C-clinical-12-01499#2,2,2
C-clinical-12-01499#3,2,2
C-clinical-12-01499#4,0,2
C-clinical-12-01499#5,2,2
C-clinical-12-01499#6,2,2
C-clinical-12-01499#7,2,2
C-clinical-12-01499#8,2,2
C-clinical-12-01499#9,2,2
C-clinical-12-01501#0,2,2
C-clinical-12-01501#1,2,2
C-clinical-12-01501#2,2,2
C-clinical-12-01501#3,1,2
C-clinical-12-01501#4,2,2
C-clinical-12-01501#5,1,2
C-clinical-12-01501#6,2,2
C-clinical-12-01501#7,2,2
C-clinical-12-01501#8,2,2
C-clinical-12-01503#0,2,2
C-clinical-12-01503#2,2,2
C-clinical-12-01503#3,2,2
C-clinical-12-01503#4,2,2
C-clinical-12-01503#5,1,2
C-clinical-12-01503#6,2,2
C-clinical-12-01503#7,2,2
C-clinical-12-01503#8,2,2
C-clinical-12-01508#0,2,2
C-clinical-12-01508#1,2,2
C-clinical-12-01508#2,2,2
C-clinical-12-01508#3,2,2
C-clinical-12-01508#4,2,2
C-clinical-12-01508#5,0,2
C-clinical-12-01508#6,2,2
C-clinical-12-01508#7,2,2
C-clinical-12-01510#0,2,2
C-clinical-12-01510#1,2,2
C-clinical-12-01510#2,2,2
C-clinical-12-01510#3,2,2
C-clinical-12-01510#4,2,2
C-clinical-12-01514#0,2,2
C-clinical-12-01514#1,2,2
C-clinical-12-01514#10,2,2
C-clinical-12-01514#3,2,2
C-clinical-12-01514#4,2,2
C-clinical-12-01514#5,2,2
C-clinical-12-01514#6,2,2
C-clinical-12-01514#7,2,2
C-clinical-12-01514#8,2,2
C-clinical-12-01514#9,2,2
C-clinical-12-01516#0,2,2
C-clinical-12-01516#1,2,2
C-clinical-12-01516#2,2,2
C-clinical-12-01516#3,2,2
C-clinical-12-01516#4,2,2
C-clinical-12-01518#0,2,2
C-clinical-12-01518#1,2,2
C-clinical-12-01518#10,2,2
C-clinical-12-01518#2,2,2
C-clinical-12-01518#3,2,2
C-clinical-12-01518#4,0,2
C-clinical-12-01518#5,2,2
C-clinical-12-01518#6,2,2
C-clinical-12-01518#7,2,2
C-clinical-12-01518#8,2,2
C-clinical-12-01518#9,2,2
C-clinical-12-01522#0,2,2
C-clinical-12-01522#1,2,2
C-clinical-12-01522#10,2,2
C-clinical-12-01522#11,2,2
C-clinical-12-01522#12,2,2
C-clinical-12-01522#2,2,2
C-clinical-12-01522#3,2,2
C-clinical-12-01522#4,2,2
C-clinical-12-01522#5,2,2
C-clinical-12-01522#6,2,2
C-clinical-12-01522#7,2,2
C-clinical-12-01522#8,2,2
C-clinical-12-01522#9,2,2
C-clinical-12-01526#0,2,2
C-clinical-12-01526#1,2,2
C-clinical-12-01526#2,2,2
C-clinical-12-01526#3,2,2
C-clinical-12-01526#4,2,2
C-clinical-12-01526#5,2,2
C-clinical-12-01530#1,2,2
C-clinical-12-01530#2,2,2
C-clinical-12-01530#3,2,2
C-clinical-12-01530#4,2,2
C-clinical-12-01530#5,2,2
C-clinical-12-01530#6,2,2
C-clinical-12-01530#7,2,2
C-clinical-12-01534#0,2,2
C-clinical-12-01534#1,2,2
C-clinical-12-01534#10,2,2
C-clinical-12-01534#11,2,2
C-clinical-12-01534#2,2,2
C-clinical-12-01534#3,2,2
C-clinical-12-01534#4,2,2
C-clinical-12-01534#5,2,2
C-clinical-12-01534#6,2,2
C-clinical-12-01534#7,2,2
C-clinical-12-01534#8,2,2
C-clinical-12-01534#9,2,2
C-clinical-12-01535#0,2,2
C-clinical-12-01535#1,2,2
C-clinical-12-01535#11,2,2
C-clinical-12-01535#12,2,2
C-clinical-12-01535#13,2,2
C-clinical-12-01535#2,2,2
C-clinical-12-01535#3,2,2
C-clinical-12-01535#4,2,2
C-clinical-12-01535#5,2,2
C-clinical-12-01535#6,2,2
C-clinical-12-01535#7,2,2
C-clinical-12-01535#8,2,2
C-clinical-12-01535#9,2,2
C-clinical-12-01536#0,2,2
C-clinical-12-01536#1,2,2
C-clinical-12-01536#2,2,2
C-clinical-12-01536#3,2,2
C-clinical-12-01536#4,2,2
C-clinical-12-01536#5,2,2
C-clinical-12-01536#6,2,2
C-clinical-12-01537#0,2,2
C-clinical-12-01537#1,2,2
C-clinical-12-01537#2,2,2
C-clinical-12-01537#3,2,2
C-clinical-12-01537#4,2,2
C-clinical-12-01537#5,2,2
C-clinical-12-01537#6,2,2
C-clinical-12-01543#0,2,2
C-clinical-12-01543#2,2,2
C-clinical-12-01543#3,2,2
C-clinical-12-01543#4,2,2
C-clinical-12-01543#5,2,2
C-clinical-12-01548#0,2,2
C-clinical-12-01548#1,2,2
C-clinical-12-01548#2,2,2
C-clinical-12-01548#3,2,2
C-clinical-12-01548#4,2,2
C-clinical-12-01548#5,2,2
C-clinical-12-01548#6,2,2
C-clinical-12-01548#7,2,2
C-clinical-12-01548#8,2,2
C-clinical-12-01548#9,2,2
C-clinical-12-01551#0,2,2
C-clinical-12-01551#1,2,2
C-clinical-12-01551#2,2,2
C-clinical-12-01551#3,2,2
C-clinical-12-01551#4,2,2
C-clinical-12-01551#5,2,2
C-clinical-12-01556#0,2,2
C-clinical-12-01556#1,2,2
C-clinical-12-01556#2,2,2
C-clinical-12-01556#3,2,2
C-clinical-12-01556#4,2,2
C-clinical-12-01556#5,2,2
C-clinical-12-01556#6,2,2
C-clinical-12-01556#7,2,2
C-clinical-12-01556#8,2,2
C-clinical-12-01556#9,2,2
C-clinical-12-01557#1,2,2
C-clinical-12-01557#10,2,2
C-clinical-12-01557#11,2,2
C-clinical-12-01557#2,2,2
C-clinical-12-01557#3,2,2
C-clinical-12-01557#4,2,2
C-clinical-12-01557#5,2,2
C-clinical-12-01557#6,2,2
C-clinical-12-01557#7,2,2
C-clinical-12-01557#8,2,2
C-clinical-12-01557#9,2,2
C-clinical-12-01558#0,2,2
C-clinical-12-01558#1,2,2
C-clinical-12-01558#2,2,2
C-clinical-12-01558#3,2,2
C-clinical-12-01558#4,2,2
C-clinical-12-01558#5,2,2
C-clinical-12-01558#6,2,2
C-clinical-12-01559#0,2,2
C-clinical-12-01559#1,1,2
C-clinical-12-01559#2,2,2
C-clinical-12-01559#3,2,2
C-clinical-12-01565#0,2,2
C-clinical-12-01565#1,2,2
C-clinical-12-01565#10,2,2
C-clinical-12-01565#11,2,2
C-clinical-12-01565#2,2,2
C-clinical-12-01565#3,1,2
C-clinical-12-01565#4,2,2
C-clinical-12-01565#5,2,2
C-clinical-12-01565#6,2,2
C-clinical-12-01565#7,2,2
C-clinical-12-01565#8,2,2
C-clinical-12-01565#9,2,2
C-clinical-12-01568#0,2,2
C-clinical-12-01568#1,2,2
C-clinical-12-01568#3,2,2
C-clinical-12-01568#4,2,2
C-clinical-12-01568#5,2,2
C-clinical-12-01568#6,2,2
C-clinical-12-01568#7,2,2
C-clinical-12-01569#0,2,2
C-clinical-12-01569#1,2,2
C-clinical-12-01569#10,2,2
C-clinical-12-01569#2,2,2
C-clinical-12-01569#3,2,2
C-clinical-12-01569#4,2,2
C-clinical-12-01569#5,2,2
C-clinical-12-01569#6,2,2
C-clinical-12-01569#7,2,2
C-clinical-12-01569#8,2,2
C-clinical-12-01569#9,2,2
C-clinical-12-01570#0,2,2
C-clinical-12-01570#1,2,2
C-clinical-12-01570#2,2,2
C-clinical-12-01570#3,2,2
C-clinical-12-01570#4,2,2
C-clinical-12-01570#5,2,2
C-clinical-12-01570#6,2,2
C-clinical-12-01570#7,2,2
C-clinical-12-01572#0,2,2
C-clinical-12-01572#10,2,2
C-clinical-12-01572#2,2,2
C-clinical-12-01572#3,2,2
C-clinical-12-01572#4,2,2
C-clinical-12-01572#5,2,2
C-clinical-12-01572#6,2,2
C-clinical-12-01572#7,2,2
C-clinical-12-01572#8,2,2
C-clinical-12-01572#9,2,2
C-clinical-12-01574#0,2,2
C-clinical-12-01574#1,2,2
C-clinical-12-01574#2,2,2
C-clinical-12-01574#3,2,2
C-clinical-12-01574#4,2,2
C-clinical-12-01579#0,2,2
C-clinical-12-01579#1,2,2
C-clinical-12-01579#2,2,2
C-clinical-12-01579#3,2,2
C-clinical-12-01579#4,2,2
C-clinical-12-01579#5,2,2
C-clinical-12-01580#0,2,2
C-clinical-12-01580#1,2,2
C-clinical-12-01580#2,2,2
C-clinical-12-01580#3,2,2
C-clinical-12-01580#4,2,2
C-clinical-12-01580#5,2,2
C-clinical-12-01580#6,2,2
C-clinical-12-01580#7,2,2
C-clinical-12-01580#8,2,2
C-clinical-12-01580#9,2,2
C-clinical-12-01581#0,2,2
C-clinical-12-01581#1,2,2
C-clinical-12-01581#2,2,2
C-clinical-12-01581#3,2,2
C-clinical-12-01588#0,2,2
C-clinical-12-01588#1,2,2
C-clinical-12-01588#2,2,2
C-clinical-12-01588#3,2,2
C-clinical-12-01588#4,2,2
C-clinical-12-01588#5,2,2
C-clinical-12-01588#6,2,2
C-clinical-12-01590#0,2,2
C-clinical-12-01590#1,2,2
C-clinical-12-01590#2,2,2
C-clinical-12-01590#3,2,2
C-clinical-12-01590#4,2,2
C-clinical-12-01590#5,1,2
C-clinical-12-01593#0,2,2
C-clinical-12-01593#1,2,2
C-clinical-12-01593#10,2,2
C-clinical-12-01593#2,2,2
C-clinical-12-01593#3,2,2
C-clinical-12-01593#4,2,2
C-clinical-12-01593#5,2,2
C-clinical-12-01593#6,2,2
C-clinical-12-01593#7,2,2
C-clinical-12-01593#8,2,2
C-clinical-12-01593#9,2,2
C-clinical-12-01594#0,2,2
C-clinical-12-01594#1,1,2
C-clinical-12-01594#2,2,2
C-clinical-12-01594#3,2,2
C-clinical-12-01594#4,2,2
C-clinical-12-01594#5,2,2
C-clinical-12-01594#6,2,2
C-clinical-12-01594#7,2,2
C-clinical-12-01595#0,2,2
C-clinical-12-01595#1,2,2
C-clinical-12-01595#2,2,2
C-clinical-12-01595#3,2,2
C-clinical-12-01595#4,2,2
C-clinical-12-01596#0,2,2
C-clinical-12-01596#1,2,2
C-clinical-12-01596#2,2,2
C-clinical-12-01596#3,2,2
C-clinical-12-01596#4,2,2
C-clinical-12-01596#5,2,2
C-clinical-12-01596#6,2,2
C-clinical-12-01600#0,2,2
C-clinical-12-01600#1,0,2
C-clinical-12-01600#2,2,2
C-clinical-12-01600#3,2,2
C-clinical-12-01600#4,2,2
C-clinical-12-01600#5,2,2
C-clinical-12-01600#6,2,2
C-clinical-12-01603#0,2,2
C-clinical-12-01603#1,2,2
C-clinical-12-01603#10,2,2
C-clinical-12-01603#2,2,2
C-clinical-12-01603#3,2,2
C-clinical-12-01603#4,2,2
C-clinical-12-01603#5,2,2
C-clinical-12-01603#6,2,2
C-clinical-12-01603#7,2,2
C-clinical-12-01603#8,2,2
C-clinical-12-01603#9,2,2
C-clinical-12-01605#0,2,2
C-clinical-12-01605#1,2,2
C-clinical-12-01605#2,2,2
C-clinical-12-01605#3,2,2
C-clinical-12-01605#4,2,2
C-clinical-12-01605#5,2,2
C-clinical-12-01605#6,2,2
C-clinical-12-01605#7,2,2
C-clinical-12-01605#8,2,2
C-clinical-12-01606#0,2,2
C-clinical-12-01606#1,2,2
C-clinical-12-01606#2,2,2
C-clinical-12-01606#3,2,2
C-clinical-12-01606#4,2,2
C-clinical-12-01606#5,2,2
C-clinical-12-01606#7,2,2
C-clinical-12-01606#8,2,2
C-clinical-12-01610#0,2,2
C-clinical-12-01610#1,2,2
C-clinical-12-01610#2,2,2
C-clinical-12-01610#3,2,2
C-clinical-12-01610#4,2,2
C-clinical-12-01610#5,2,2
C-clinical-12-01610#6,2,2
C-clinical-12-01610#7,2,2
C-clinical-12-01614#0,2,2
C-clinical-12-01614#1,2,2
C-clinical-12-01614#2,2,2
C-clinical-12-01614#3,2,2
C-clinical-12-01614#4,2,2
C-clinical-12-01615#0,2,2
C-clinical-12-01615#1,2,2
C-clinical-12-01615#2,2,2
C-clinical-12-01615#3,2,2
C-clinical-12-01615#4,2,2
C-clinical-12-01615#5,2,2
C-clinical-12-01615#6,2,2
C-clinical-12-01615#7,2,2
C-clinical-12-01620#0,2,2
C-clinical-12-01620#1,2,2
C-clinical-12-01620#2,2,2
C-clinical-12-01620#3,2,2
C-clinical-12-01620#4,2,2
C-clinical-12-01620#5,2,2
C-clinical-12-01622#0,2,2
C-clinical-12-01622#2,2,2
C-clinical-12-01622#3,2,2
C-clinical-12-01622#4,2,2
C-clinical-12-01622#5,2,2
C-clinical-12-01622#6,2,2
C-clinical-12-01622#7,2,2
C-clinical-12-01622#8,2,2
C-clinical-12-01623#0,2,2
C-clinical-12-01623#1,2,2
C-clinical-12-01623#2,2,2
C-clinical-12-01623#3,1,2
C-clinical-12-01623#4,2,2
C-clinical-12-01623#5,2,2
C-clinical-12-01624#0,2,2
C-clinical-12-01624#1,2,2
C-clinical-12-01624#2,2,2
C-clinical-12-01624#3,2,2
C-clinical-12-01626#0,2,2
C-clinical-12-01626#10,2,2
C-clinical-12-01626#2,2,2
C-clinical-12-01626#3,2,2
C-clinical-12-01626#4,2,2
C-clinical-12-01626#5,2,2
C-clinical-12-01626#6,2,2
C-clinical-12-01626#7,2,2
C-clinical-12-01626#8,2,2
C-clinical-12-01626#9,2,2
C-clinical-12-01627#0,2,2
C-clinical-12-01627#1,2,2
C-clinical-12-01627#10,2,2
C-clinical-12-01627#11,2,2
C-clinical-12-01627#2,2,2
C-clinical-12-01627#3,2,2
C-clinical-12-01627#4,2,2
C-clinical-12-01627#5,2,2
C-clinical-12-01627#6,2,2
C-clinical-12-01627#7,2,2
C-clinical-12-01627#8,2,2
C-clinical-12-01627#9,2,2
C-clinical-12-01628#0,2,2
C-clinical-12-01628#1,2,2
C-clinical-12-01628#2,2,2
C-clinical-12-01628#3,2,2
C-clinical-12-01628#4,1,2
C-clinical-12-01628#5,2,2
C-clinical-12-01628#6,2,2
C-clinical-12-01628#7,2,2
C-clinical-12-01628#8,2,2
C-clinical-12-01630#0,2,2
C-clinical-12-01630#1,2,2
C-clinical-12-01630#3,2,2
C-clinical-12-01630#4,2,2
C-clinical-12-01630#5,2,2
C-clinical-12-01630#6,2,2
C-clinical-12-01630#7,2,2
C-clinical-12-01630#8,2,2
C-clinical-12-01633#0,2,2
C-clinical-12-01633#1,2,2
C-clinical-12-01633#2,2,2
C-clinical-12-01633#3,2,2
C-clinical-12-01633#4,2,2
C-clinical-12-01633#5,2,2
C-clinical-12-01634#0,2,2
C-clinical-12-01634#1,2,2
C-clinical-12-01634#10,2,2
C-clinical-12-01634#2,2,2
C-clinical-12-01634#3,2,2
C-clinical-12-01634#4,2,2
C-clinical-12-01634#5,2,2
C-clinical-12-01634#6,2,2
C-clinical-12-01634#7,2,2
C-clinical-12-01634#8,2,2
C-clinical-12-01634#9,2,2
C-clinical-12-01635#0,2,2
C-clinical-12-01635#2,2,2
C-clinical-12-01635#3,2,2
C-clinical-12-01635#4,2,2
C-clinical-12-01635#5,2,2
C-clinical-12-01635#6,2,2
C-clinical-12-01635#7,2,2
C-clinical-12-01635#8,2,2
C-clinical-12-01636#0,2,2
C-clinical-12-01636#1,2,2
C-clinical-12-01636#10,2,2
C-clinical-12-01636#11,2,2
C-clinical-12-01636#12,2,2
C-clinical-12-01636#13,2,2
C-clinical-12-01636#14,2,2
C-clinical-12-01636#2,2,2
C-clinical-12-01636#3,2,2
C-clinical-12-01636#4,2,2
C-clinical-12-01636#5,2,2
C-clinical-12-01636#6,2,2
C-clinical-12-01636#7,2,2
C-clinical-12-01636#8,2,2
C-clinical-12-01636#9,2,2
C-clinical-12-01637#0,2,2
C-clinical-12-01637#1,2,2
C-clinical-12-01637#2,2,2
C-clinical-12-01637#3,2,2
C-clinical-12-01637#4,2,2
C-clinical-12-01637#5,2,2
C-clinical-12-01639#0,2,2
C-clinical-12-01639#1,2,2
C-clinical-12-01639#10,2,2
C-clinical-12-01639#2,2,2
C-clinical-12-01639#3,2,2
C-clinical-12-01639#4,2,2
C-clinical-12-01639#5,2,2
C-clinical-12-01639#6,2,2
C-clinical-12-01639#7,2,2
C-clinical-12-01639#8,2,2
C-clinical-12-01639#9,2,2
C-clinical-12-01640#0,2,2
C-clinical-12-01640#1,2,2
C-clinical-12-01640#10,1,2
C-clinical-12-01640#11,2,2
C-clinical-12-01640#12,2,2
C-clinical-12-01640#2,2,2
C-clinical-12-01640#4,2,2
C-clinical-12-01640#5,2,2
C-clinical-12-01640#6,2,2
C-clinical-12-01640#7,2,2
C-clinical-12-01640#8,2,2
C-clinical-12-01640#9,2,2
C-clinical-12-01641#0,2,2
C-clinical-12-01641#1,2,2
C-clinical-12-01641#2,2,2
C-clinical-12-01641#3,2,2
C-clinical-12-01641#4,2,2
C-clinical-12-01641#5,2,2
C-clinical-12-01641#6,2,2
C-clinical-12-01641#7,2,2
C-clinical-12-01643#1,2,2
C-clinical-12-01643#10,2,2
C-clinical-12-01643#2,2,2
C-clinical-12-01643#3,2,2
C-clinical-12-01643#4,2,2
C-clinical-12-01643#5,2,2
C-clinical-12-01643#6,2,2
C-clinical-12-01643#7,2,2
C-clinical-12-01643#8,2,2
C-clinical-12-01643#9,2,2
C-clinical-12-01645#0,2,2
C-clinical-12-01645#1,2,2
C-clinical-12-01645#2,2,2
C-clinical-12-01645#3,2,2
C-clinical-12-01645#4,2,2
C-clinical-12-01645#5,2,2
C-clinical-12-01649#0,2,2
C-clinical-12-01649#1,2,2
C-clinical-12-01649#10,2,2
C-clinical-12-01649#2,2,2
C-clinical-12-01649#3,2,2
C-clinical-12-01649#4,2,2
C-clinical-12-01649#5,2,2
C-clinical-12-01649#6,2,2
C-clinical-12-01649#7,2,2
C-clinical-12-01649#8,2,2
C-clinical-12-01649#9,2,2
C-clinical-12-01650#0,2,2
C-clinical-12-01650#1,2,2
C-clinical-12-01650#2,2,2
C-clinical-12-01650#3,2,2
C-clinical-12-01650#4,2,2
C-clinical-12-01650#5,2,2
C-clinical-12-01650#6,2,2
C-clinical-12-01650#7,2,2
C-clinical-12-01652#0,2,2
C-clinical-12-01652#1,2,2
C-clinical-12-01652#2,2,2
C-clinical-12-01652#3,2,2
C-clinical-12-01652#4,2,2
C-clinical-12-01652#5,2,2
C-clinical-12-01654#0,2,2
C-clinical-12-01654#1,2,2
C-clinical-12-01654#2,2,2
C-clinical-12-01656#0,2,2
C-clinical-12-01656#1,2,2
C-clinical-12-01656#2,2,2
C-clinical-12-01656#3,1,2
C-clinical-12-01656#4,2,2
C-clinical-12-01656#5,2,2
C-clinical-12-01656#6,2,2
C-clinical-12-01656#7,2,2
C-clinical-12-01661#0,2,2
C-clinical-12-01661#1,2,2
C-clinical-12-01661#2,2,2
C-clinical-12-01661#3,2,2
C-clinical-12-01661#4,2,2
C-clinical-12-01661#5,2,2
C-clinical-12-01668#0,2,2
C-clinical-12-01668#1,2,2
C-clinical-12-01668#10,2,2
C-clinical-12-01668#2,2,2
C-clinical-12-01668#3,2,2
C-clinical-12-01668#4,1,2
C-clinical-12-01668#5,2,2
C-clinical-12-01668#6,2,2
C-clinical-12-01668#7,2,2
C-clinical-12-01668#8,2,2
C-clinical-12-01668#9,2,2
C-clinical-12-01669#0,2,2
C-clinical-12-01669#1,2,2
C-clinical-12-01669#2,2,2
C-clinical-12-01669#3,2,2
C-clinical-12-01669#4,2,2
C-clinical-12-01669#5,2,2
C-clinical-12-01669#6,2,2
C-clinical-12-01669#7,2,2
C-clinical-12-01669#8,2,2
C-clinical-12-01671#0,2,2
C-clinical-12-01671#1,2,2
C-clinical-12-01671#2,2,2
C-clinical-12-01671#3,2,2
C-clinical-12-01671#4,2,2
C-clinical-12-01671#5,2,2
C-clinical-12-01671#6,2,2
C-clinical-12-01675#0,2,2
C-clinical-12-01675#1,2,2
C-clinical-12-01675#10,1,1
C-clinical-12-01675#2,2,2
C-clinical-12-01675#3,1,2
C-clinical-12-01675#4,2,2
C-clinical-12-01675#5,2,2
C-clinical-12-01675#6,2,2
C-clinical-12-01675#7,2,2
C-clinical-12-01675#8,1,2
C-clinical-12-01675#9,2,2
C-clinical-12-01676#0,2,2
C-clinical-12-01676#2,2,2
C-clinical-12-01676#3,2,2
C-clinical-12-01676#4,2,2
C-clinical-12-01676#5,2,2
C-clinical-12-01677#0,2,2
C-clinical-12-01677#1,2,2
C-clinical-12-01677#2,2,2
C-clinical-12-01677#3,1,2
C-clinical-12-01677#4,2,2
C-clinical-12-01679#0,2,2
C-clinical-12-01679#1,2,2
C-clinical-12-01679#2,2,2
C-clinical-12-01679#3,2,2
C-clinical-12-01679#4,2,2
C-clinical-12-01679#5,2,2
C-clinical-12-01680#0,2,2
C-clinical-12-01680#1,2,2
C-clinical-12-01680#10,2,2
C-clinical-12-01680#2,2,2
C-clinical-12-01680#3,2,2
C-clinical-12-01680#4,2,2
C-clinical-12-01680#5,1,2
C-clinical-12-01680#6,2,2
C-clinical-12-01680#7,2,2
C-clinical-12-01680#8,2,2
C-clinical-12-01680#9,2,2
C-clinical-12-01681#0,2,2
C-clinical-12-01681#1,2,2
C-clinical-12-01681#2,2,2
C-clinical-12-01681#3,2,2
C-clinical-12-01681#4,2,2
C-clinical-12-01681#5,2,2
C-clinical-12-01681#6,2,2
C-clinical-12-01681#7,2,2
C-clinical-12-01682#0,2,2
C-clinical-12-01682#2,2,2
C-clinical-12-01682#3,2,2
C-clinical-12-01682#4,2,2
C-clinical-12-01682#5,2,2
C-clinical-12-01682#6,2,2
C-clinical-12-01682#7,2,2
C-clinical-12-01682#8,2,2
C-clinical-12-01683#0,2,2
C-clinical-12-01683#1,2,2
C-clinical-12-01683#2,2,2
C-clinical-12-01683#3,2,2
C-clinical-12-01683#4,2,2
C-clinical-12-01686#0,2,2
C-clinical-12-01686#1,2,2
C-clinical-12-01686#2,2,2
C-clinical-12-01686#3,1,2
C-clinical-12-01686#4,2,2
C-clinical-12-01686#5,2,2
C-clinical-12-01688#0,2,2
C-clinical-12-01688#2,2,2
C-clinical-12-01688#3,2,2
C-clinical-12-01688#4,2,2
C-clinical-12-01688#5,2,2
C-clinical-12-01689#0,2,2
C-clinical-12-01689#1,2,2
C-clinical-12-01689#2,2,2
C-clinical-12-01689#3,1,2
C-clinical-12-01689#4,2,2
C-clinical-12-01690#0,2,2
C-clinical-12-01690#1,2,2
C-clinical-12-01690#2,2,2
C-clinical-12-01691#0,2,2
C-clinical-12-01691#1,2,2
C-clinical-12-01691#2,2,2
C-clinical-12-01691#3,2,2
C-clinical-12-01691#4,2,2
C-clinical-12-01691#5,2,2
C-clinical-12-01696#0,2,2
C-clinical-12-01696#1,2,2
C-clinical-12-01696#2,2,2
C-clinical-12-01696#3,2,2
C-clinical-12-01696#4,2,2
C-clinical-12-01699#0,2,2
C-clinical-12-01699#1,2,2
C-clinical-12-01699#2,2,2
C-clinical-12-01699#3,2,2
C-clinical-12-01699#4,2,2
C-clinical-12-01699#5,2,2
C-clinical-12-01699#6,2,2
C-clinical-12-01699#7,2,2
C-clinical-12-01699#8,2,2
C-clinical-12-01700#0,2,2
C-clinical-12-01700#1,2,2
C-clinical-12-01700#2,2,2
C-clinical-12-01700#3,2,2
C-clinical-12-01700#4,2,2
C-clinical-12-01700#5,2,2
C-clinical-12-01702#0,2,2
C-clinical-12-01702#1,2,2
C-clinical-12-01702#2,2,2
C-clinical-12-01702#3,2,2
C-clinical-12-01705#0,2,2
C-clinical-12-01705#1,1,1
C-clinical-12-01705#2,2,2
C-clinical-12-01705#3,2,2
C-clinical-12-01705#4,2,2
C-clinical-12-01705#5,2,2
C-clinical-12-01705#6,2,2
C-clinical-12-01709#0,2,2
C-clinical-12-01709#1,2,2
C-clinical-12-01709#2,2,2
C-clinical-12-01709#3,2,2
C-clinical-12-01709#4,2,2
C-clinical-12-01709#5,2,2
C-clinical-12-01709#6,2,2
C-clinical-12-01710#0,2,2
C-clinical-12-01710#1,2,2
C-clinical-12-01710#2,2,2
C-clinical-12-01710#3,2,2
C-clinical-12-01710#4,2,2
C-clinical-12-01710#5,1,2
C-clinical-12-01710#6,2,2
C-clinical-12-01710#7,2,2
C-clinical-12-01710#8,2,2
C-clinical-12-01711#0,2,2
C-clinical-12-01711#10,2,2
C-clinical-12-01711#2,2,2
C-clinical-12-01711#3,2,2
C-clinical-12-01711#4,2,2
C-clinical-12-01711#5,2,2
C-clinical-12-01711#6,2,2
C-clinical-12-01711#7,2,2
C-clinical-12-01711#8,2,2
C-clinical-12-01711#9,2,2
C-clinical-12-01714#0,2,2
C-clinical-12-01714#1,2,2
C-clinical-12-01714#2,2,2
C-clinical-12-01714#3,2,2
C-clinical-12-01714#4,2,2
C-clinical-12-01714#5,2,2
C-clinical-12-01714#6,2,2
C-clinical-12-01716#0,2,2
C-clinical-12-01716#1,2,2
C-clinical-12-01716#2,2,2
C-clinical-12-01716#3,2,2
C-clinical-12-01716#4,2,2
C-clinical-12-01716#5,2,2
C-clinical-12-01719#0,2,2
C-clinical-12-01719#1,2,2
C-clinical-12-01719#2,2,2
C-clinical-12-01719#3,2,2
C-clinical-12-01722#0,2,2
C-clinical-12-01722#1,2,2
C-clinical-12-01722#10,2,2
C-clinical-12-01722#2,2,2
C-clinical-12-01722#4,2,2
C-clinical-12-01722#5,2,2
C-clinical-12-01722#6,2,2
C-clinical-12-01722#7,2,2
C-clinical-12-01722#8,2,2
C-clinical-12-01722#9,2,2
C-clinical-12-01724#0,2,2
C-clinical-12-01724#1,2,2
C-clinical-12-01724#2,2,2
C-clinical-12-01724#3,2,2
C-clinical-12-01724#4,2,2
C-clinical-12-01726#0,2,2
C-clinical-12-01726#2,2,2
C-clinical-12-01726#3,2,2
C-clinical-12-01726#4,2,2
C-clinical-12-01726#5,2,2
C-clinical-12-01726#6,2,2
C-clinical-12-01726#7,2,2
C-clinical-12-01730#0,2,2
C-clinical-12-01730#1,2,2
C-clinical-12-01730#2,2,2
C-clinical-12-01730#3,2,2
C-clinical-12-01730#4,1,2
C-clinical-12-01730#5,2,2
C-clinical-12-01731#0,2,2
C-clinical-12-01731#1,2,2
C-clinical-12-01731#10,2,2
C-clinical-12-01731#2,2,2
C-clinical-12-01731#3,2,2
C-clinical-12-01731#4,2,2
C-clinical-12-01731#5,2,2
C-clinical-12-01731#6,2,2
C-clinical-12-01731#7,2,2
C-clinical-12-01731#8,2,2
C-clinical-12-01731#9,2,2
C-clinical-12-01734#0,2,2
C-clinical-12-01734#1,2,2
C-clinical-12-01734#2,2,2
C-clinical-12-01734#3,2,2
C-clinical-12-01734#4,2,2
C-clinical-12-01734#5,2,2
C-clinical-12-01734#6,2,2
C-clinical-12-01734#7,2,2
C-clinical-12-01734#8,2,2
C-clinical-12-01734#9,2,2
C-clinical-12-01737#1,2,2
C-clinical-12-01737#10,2,2
C-clinical-12-01737#11,2,2
C-clinical-12-01737#12,2,2
C-clinical-12-01737#2,2,2
C-clinical-12-01737#3,2,2
C-clinical-12-01737#4,2,2
C-clinical-12-01737#5,2,2
C-clinical-12-01737#6,2,2
C-clinical-12-01737#7,2,2
C-clinical-12-01737#8,2,2
C-clinical-12-01737#9,2,2
C-clinical-12-01739#0,2,2
C-clinical-12-01739#1,2,2
C-clinical-12-01739#2,2,2
C-clinical-12-01739#3,2,2
C-clinical-12-01739#4,2,2
C-clinical-12-01742#0,2,2
C-clinical-12-01742#1,2,2
C-clinical-12-01742#3,2,2
C-clinical-12-01742#4,2,2
C-clinical-12-01742#5,2,2
C-clinical-12-01742#6,2,2
C-clinical-12-01742#7,2,2
C-clinical-12-01742#8,2,2
C-clinical-12-01742#9,1,2
C-clinical-12-01744#0,2,2
C-clinical-12-01744#1,1,2
C-clinical-12-01744#2,2,2
C-clinical-12-01744#3,2,2
C-clinical-12-01744#4,2,2
C-clinical-12-01745#0,2,2
C-clinical-12-01745#1,2,2
C-clinical-12-01745#2,2,2
C-clinical-12-01745#3,2,2
C-clinical-12-01745#4,2,2
C-clinical-12-01745#5,2,2
C-clinical-12-01745#6,2,2
C-clinical-12-01747#0,2,2
C-clinical-12-01747#1,2,2
C-clinical-12-01747#10,2,2
C-clinical-12-01747#3,2,2
C-clinical-12-01747#4,1,2
C-clinical-12-01747#5,2,2
C-clinical-12-01747#6,2,2
C-clinical-12-01747#7,2,2
C-clinical-12-01747#8,2,2
C-clinical-12-01747#9,2,2
C-clinical-12-01748#0,2,2
C-clinical-12-01748#1,2,2
C-clinical-12-01748#2,2,2
C-clinical-12-01748#3,2,2
C-clinical-12-01748#4,2,2
C-clinical-12-01749#0,2,2
C-clinical-12-01749#1,2,2
C-clinical-12-01749#2,2,2
C-clinical-12-01749#3,0,2
C-clinical-12-01749#4,2,2
C-clinical-12-01749#5,2,2
C-clinical-12-01749#6,2,2
C-clinical-12-01751#0,2,2
C-clinical-12-01751#1,1,2
C-clinical-12-01751#2,2,2
C-clinical-12-01751#3,2,2
C-clinical-12-01751#4,2,2
C-clinical-12-01751#5,2,2
C-clinical-12-01752#0,2,2
C-clinical-12-01752#1,2,2
C-clinical-12-01752#2,2,2
C-clinical-12-01752#3,2,2
C-clinical-12-01752#4,2,2
C-clinical-12-01752#5,2,2
C-clinical-12-01752#6,2,2
C-clinical-12-01752#7,2,2
C-clinical-12-01752#8,2,2
C-clinical-12-01752#9,2,2
C-clinical-12-01754#0,2,2
C-clinical-12-01754#1,2,2
C-clinical-12-01754#2,2,2
C-clinical-12-01754#3,2,2
C-clinical-12-01754#4,2,2
C-clinical-12-01754#5,2,2
C-clinical-12-01754#6,2,2
C-clinical-12-01754#7,2,2
C-clinical-12-01754#8,2,2
C-clinical-12-01755#0,2,2
C-clinical-12-01755#1,2,2
C-clinical-12-01755#10,2,2
C-clinical-12-01755#11,2,2
C-clinical-12-01755#12,2,2
C-clinical-12-01755#2,2,2
C-clinical-12-01755#3,1,2
C-clinical-12-01755#4,2,2
C-clinical-12-01755#5,2,2
C-clinical-12-01755#6,2,2
C-clinical-12-01755#7,2,2
C-clinical-12-01755#8,2,2
C-clinical-12-01755#9,2,2
C-clinical-12-01760#0,2,2
C-clinical-12-01760#1,2,2
C-clinical-12-01760#10,2,2
C-clinical-12-01760#2,2,2
C-clinical-12-01760#3,2,2
C-clinical-12-01760#4,2,2
C-clinical-12-01760#5,2,2
C-clinical-12-01760#6,2,2
C-clinical-12-01760#7,2,2
C-clinical-12-01760#8,2,2
C-clinical-12-01760#9,2,2
C-clinical-12-01761#0,2,2
C-clinical-12-01761#2,2,2
C-clinical-12-01761#3,2,2
C-clinical-12-01761#4,2,2
C-clinical-12-01761#5,2,2
C-clinical-12-01761#6,2,2
C-clinical-12-01761#7,2,2
C-clinical-12-01762#0,2,2
C-clinical-12-01762#1,2,2
C-clinical-12-01762#3,2,2
C-clinical-12-01762#4,1,2
C-clinical-12-01762#5,2,2
C-clinical-12-01767#0,2,2
C-clinical-12-01767#1,2,2
C-clinical-12-01767#2,2,2
C-clinical-12-01767#3,1,2
C-clinical-12-01767#4,2,2
C-clinical-12-01767#5,2,2
C-clinical-12-01767#6,2,2
C-clinical-12-01767#7,2,2
C-clinical-12-01767#8,2,2
C-clinical-12-01767#9,2,2
C-clinical-12-01772#0,2,2
C-clinical-12-01772#2,2,2
C-clinical-12-01772#3,2,2
C-clinical-12-01772#4,2,2
C-clinical-12-01772#5,2,2
C-clinical-12-01772#6,2,2
C-clinical-12-01772#7,2,2
C-clinical-12-01772#8,2,2
C-clinical-12-01772#9,2,2
C-clinical-12-01773#0,2,2
C-clinical-12-01773#1,2,2
C-clinical-12-01773#10,2,2
C-clinical-12-01773#2,2,2
C-clinical-12-01773#3,2,2
C-clinical-12-01773#4,2,2
C-clinical-12-01773#5,2,2
C-clinical-12-01773#6,2,2
C-clinical-12-01773#7,2,2
C-clinical-12-01773#8,2,2
C-clinical-12-01773#9,2,2
C-clinical-12-01774#0,2,2
C-clinical-12-01774#1,2,2
C-clinical-12-01774#2,2,2
C-clinical-12-01774#3,2,2
C-clinical-12-01774#4,2,2
C-clinical-12-01774#5,2,2
C-clinical-12-01774#6,2,2
C-clinical-12-01774#7,2,2
C-clinical-12-01776#0,2,2
C-clinical-12-01776#1,2,2
C-clinical-12-01776#10,2,2
C-clinical-12-01776#2,2,2
C-clinical-12-01776#3,2,2
C-clinical-12-01776#4,2,2
C-clinical-12-01776#5,2,2
C-clinical-12-01776#6,2,2
C-clinical-12-01776#7,2,2
C-clinical-12-01776#8,2,2
C-clinical-12-01776#9,2,2
C-clinical-12-01777#0,2,2
C-clinical-12-01777#2,1,2
C-clinical-12-01777#3,2,2
C-clinical-12-01777#4,2,2
C-clinical-12-01777#5,2,2
C-clinical-12-01778#0,2,2
C-clinical-12-01778#1,2,2
C-clinical-12-01778#10,2,2
C-clinical-12-01778#11,2,2
C-clinical-12-01778#2,2,2
C-clinical-12-01778#3,2,2
C-clinical-12-01778#4,2,2
C-clinical-12-01778#5,2,2
C-clinical-12-01778#6,2,2
C-clinical-12-01778#7,2,2
C-clinical-12-01778#8,2,2
C-clinical-12-01778#9,2,2
C-clinical-12-01780#0,2,2
C-clinical-12-01780#1,2,2
C-clinical-12-01780#2,2,2
C-clinical-12-01780#3,2,2
C-clinical-12-01786#0,2,2
C-clinical-12-01786#1,2,2
C-clinical-12-01786#2,2,2
C-clinical-12-01786#3,2,2
C-clinical-12-01786#4,2,2
C-clinical-12-01786#5,2,2
C-clinical-12-01786#6,2,2
C-clinical-12-01786#7,2,2
C-clinical-12-01786#8,2,2
C-clinical-12-01787#0,2,2
C-clinical-12-01787#1,2,2
C-clinical-12-01787#10,2,2
C-clinical-12-01787#11,2,2
C-clinical-12-01787#12,2,2
C-clinical-12-01787#13,2,2
C-clinical-12-01787#2,2,2
C-clinical-12-01787#3,2,2
C-clinical-12-01787#4,2,2
C-clinical-12-01787#5,2,2
C-clinical-12-01787#6,2,2
C-clinical-12-01787#7,2,2
C-clinical-12-01787#8,2,2
C-clinical-12-01787#9,2,2
C-clinical-12-01790#0,2,2
C-clinical-12-01790#1,2,2
C-clinical-12-01790#2,2,2
C-clinical-12-01790#3,2,2
C-clinical-12-01790#4,2,2
C-clinical-12-01790#5,2,2
C-clinical-12-01791#0,2,2
C-clinical-12-01791#2,2,2
C-clinical-12-01791#3,2,2
C-clinical-12-01791#4,2,2
C-clinical-12-01791#5,2,2
C-clinical-12-01791#6,2,2
C-clinical-12-01791#7,2,2
C-clinical-12-01792#0,2,2
C-clinical-12-01792#1,2,2
C-clinical-12-01792#10,2,2
C-clinical-12-01792#2,2,2
C-clinical-12-01792#3,2,2
C-clinical-12-01792#4,2,2
C-clinical-12-01792#5,2,2
C-clinical-12-01792#6,2,2
C-clinical-12-01792#7,2,2
C-clinical-12-01792#8,2,2
C-clinical-12-01792#9,2,2
C-clinical-12-01795#0,2,2
C-clinical-12-01795#1,2,2
C-clinical-12-01795#10,2,2
C-clinical-12-01795#2,2,2
C-clinical-12-01795#3,2,2
C-clinical-12-01795#4,2,2
C-clinical-12-01795#5,2,2
C-clinical-12-01795#6,2,2
C-clinical-12-01795#7,2,2
C-clinical-12-01795#8,2,2
C-clinical-12-01795#9,2,2
C-clinical-12-01801#0,2,2
C-clinical-12-01801#1,2,2
C-clinical-12-01801#2,2,2
C-clinical-12-01801#3,2,2
C-clinical-12-01802#0,2,2
C-clinical-12-01802#1,2,2
C-clinical-12-01802#2,2,2
C-clinical-12-01802#3,2,2
C-clinical-12-01802#4,2,2
C-clinical-12-01802#5,2,2
C-clinical-12-01802#6,2,2
C-clinical-12-01802#7,2,2
C-clinical-12-01802#8,2,2
C-clinical-12-01803#0,2,2
C-clinical-12-01803#1,2,2
C-clinical-12-01803#2,2,2
C-clinical-12-01803#3,2,2
C-clinical-12-01803#4,2,2
C-clinical-12-01803#5,2,2
C-clinical-12-01803#6,2,2
C-clinical-12-01803#7,2,2
C-clinical-12-01803#8,2,2
C-clinical-12-01803#9,2,2
C-clinical-12-01805#0,2,2
C-clinical-12-01805#1,2,2
C-clinical-12-01805#2,2,2
C-clinical-12-01805#3,2,2
C-clinical-12-01805#4,2,2
C-clinical-12-01805#5,2,2
C-clinical-12-01807#0,2,2
C-clinical-12-01807#1,2,2
C-clinical-12-01807#2,2,2
C-clinical-12-01807#3,2,2
C-clinical-12-01807#4,2,2
C-clinical-12-01807#5,2,2
C-clinical-12-01808#0,2,2
C-clinical-12-01808#1,2,2
C-clinical-12-01808#2,2,2
C-clinical-12-01808#3,1,2
C-clinical-12-01808#4,2,2
C-clinical-12-01809#0,2,2
C-clinical-12-01809#1,2,2
C-clinical-12-01809#2,2,2
C-clinical-12-01809#3,2,2
C-clinical-12-01809#4,2,2
C-clinical-12-01809#5,2,2
C-clinical-12-01812#0,2,2
C-clinical-12-01812#1,2,2
C-clinical-12-01812#2,2,2
C-clinical-12-01812#3,2,2
C-clinical-12-01812#4,2,2
C-clinical-12-01812#5,2,2
C-clinical-12-01815#0,2,2
C-clinical-12-01815#1,2,2
C-clinical-12-01815#2,2,2
C-clinical-12-01815#3,2,2
C-clinical-12-01815#4,1,2
C-clinical-12-01815#5,2,2
C-clinical-12-01819#0,2,2
C-clinical-12-01819#2,2,2
C-clinical-12-01819#3,2,2
C-clinical-12-01819#4,2,2
C-clinical-12-01819#5,2,2
C-clinical-12-01819#6,2,2
C-clinical-12-01819#7,2,2
C-clinical-12-01819#8,2,2
C-clinical-12-01821#0,2,2
C-clinical-12-01821#1,2,2
C-clinical-12-01821#2,2,2
C-clinical-12-01821#3,2,2
C-clinical-12-01821#4,2,2
C-clinical-12-01821#5,2,2
C-clinical-12-01821#6,2,2
C-clinical-12-01821#7,2,2
C-clinical-12-01821#8,2,2
C-clinical-12-01821#9,2,2
C-clinical-12-01824#0,2,2
C-clinical-12-01824#1,2,2
C-clinical-12-01824#10,2,2
C-clinical-12-01824#3,2,2
C-clinical-12-01824#4,2,2
C-clinical-12-01824#5,2,2
C-clinical-12-01824#6,2,2
C-clinical-12-01824#7,2,2
C-clinical-12-01824#8,2,2
C-clinical-12-01824#9,2,2
C-clinical-12-01825#0,2,2
C-clinical-12-01825#1,2,2
C-clinical-12-01825#2,2,2
C-clinical-12-01825#3,2,2
C-clinical-12-01826#0,2,2
C-clinical-12-01826#1,2,2
C-clinical-12-01826#2,2,2
C-clinical-12-01826#3,2,2
C-clinical-12-01826#4,1,2
C-clinical-12-01826#5,2,2
C-clinical-12-01826#6,2,2
C-clinical-12-01826#7,2,2
C-clinical-12-01826#8,2,2
C-clinical-12-01826#9,2,2
C-clinical-12-01828#1,2,2
C-clinical-12-01828#2,2,2
C-clinical-12-01828#3,2,2
C-clinical-12-01828#4,2,2
C-clinical-12-01828#5,2,2
C-clinical-12-01828#6,1,2
C-clinical-12-01828#7,2,2
C-clinical-12-01828#8,2,2
C-clinical-12-01828#9,2,2
C-clinical-12-01830#0,2,2
C-clinical-12-01830#1,2,2
C-clinical-12-01830#10,2,2
C-clinical-12-01830#11,2,2
C-clinical-12-01830#12,2,2
C-clinical-12-01830#2,2,2
C-clinical-12-01830#3,2,2
C-clinical-12-01830#4,1,2
C-clinical-12-01830#5,2,2
C-clinical-12-01830#6,2,2
C-clinical-12-01830#7,2,2
C-clinical-12-01830#8,2,2
C-clinical-12-01830#9,2,2
C-clinical-12-01832#0,2,2
C-clinical-12-01832#1,2,2
C-clinical-12-01832#10,2,2
C-clinical-12-01832#11,2,2
C-clinical-12-01832#2,2,2
C-clinical-12-01832#3,2,2
C-clinical-12-01832#4,2,2
C-clinical-12-01832#5,2,2
C-clinical-12-01832#6,2,2
C-clinical-12-01832#7,2,2
C-clinical-12-01832#8,2,2
C-clinical-12-01832#9,2,2
C-clinical-12-01834#0,2,2
C-clinical-12-01834#1,2,2
C-clinical-12-01834#2,2,2
C-clinical-12-01834#3,2,2
C-clinical-12-01834#4,2,2
C-clinical-12-01842#0,2,2
C-clinical-12-01842#1,2,2
C-clinical-12-01842#10,2,2
C-clinical-12-01842#11,2,2
C-clinical-12-01842#12,2,2
C-clinical-12-01842#13,2,2
C-clinical-12-01842#14,2,2
C-clinical-12-01842#15,2,2
C-clinical-12-01842#16,2,2
C-clinical-12-01842#3,2,2
C-clinical-12-01842#4,2,2
C-clinical-12-01842#5,2,2
C-clinical-12-01842#6,2,2
C-clinical-12-01842#7,2,2
C-clinical-12-01842#8,2,2
C-clinical-12-01842#9,2,2
C-clinical-12-01843#0,2,2
C-clinical-12-01843#1,2,2
C-clinical-12-01843#10,2,2
C-clinical-12-01843#11,2,2
C-clinical-12-01843#2,2,2
C-clinical-12-01843#3,2,2
C-clinical-12-01843#4,1,2
C-clinical-12-01843#5,2,2
C-clinical-12-01843#6,2,2
C-clinical-12-01843#7,2,2
C-clinical-12-01843#8,2,2
C-clinical-12-01843#9,2,2
C-clinical-12-01844#0,2,2
C-clinical-12-01844#1,2,2
C-clinical-12-01844#2,2,2
C-clinical-12-01844#3,2,2
C-clinical-12-01844#4,2,2
C-clinical-12-01846#0,2,2
C-clinical-12-01846#1,2,2
C-clinical-12-01846#2,2,2
C-clinical-12-01846#3,2,2
C-clinical-12-01846#4,2,2
C-clinical-12-01850#0,2,2
C-clinical-12-01850#1,2,2
C-clinical-12-01850#2,2,2
C-clinical-12-01850#3,2,2
C-clinical-12-01852#0,2,2
C-clinical-12-01852#1,2,2
C-clinical-12-01852#2,2,2
C-clinical-12-01852#3,2,2
C-clinical-12-01852#4,2,2
C-clinical-12-01852#5,2,2
C-clinical-12-01852#6,2,2
C-clinical-12-01852#7,2,2
C-clinical-12-01852#8,2,2
C-clinical-12-01858#0,2,2
C-clinical-12-01858#1,2,2
C-clinical-12-01858#10,2,2
C-clinical-12-01858#2,2,2
C-clinical-12-01858#3,2,2
C-clinical-12-01858#5,2,2
C-clinical-12-01858#6,2,2
C-clinical-12-01858#7,2,2
C-clinical-12-01858#8,1,2
C-clinical-12-01858#9,2,2
C-clinical-12-01861#0,2,2
C-clinical-12-01861#1,2,2
C-clinical-12-01861#2,2,2
C-clinical-12-01861#3,2,2
C-clinical-12-01861#4,2,2
C-clinical-12-01862#0,2,2
C-clinical-12-01862#1,2,2
C-clinical-12-01862#2,2,2
C-clinical-12-01866#0,2,2
C-clinical-12-01866#1,2,2
C-clinical-12-01866#10,2,2
C-clinical-12-01866#11,2,2
C-clinical-12-01866#12,2,2
C-clinical-12-01866#13,2,2
C-clinical-12-01866#2,2,2
C-clinical-12-01866#3,2,2
C-clinical-12-01866#4,2,2
C-clinical-12-01866#5,2,2
C-clinical-12-01866#6,2,2
C-clinical-12-01866#7,2,2
C-clinical-12-01866#8,2,2
C-clinical-12-01866#9,2,2
C-clinical-12-01868#0,2,2
C-clinical-12-01868#1,2,2
C-clinical-12-01868#2,2,2
C-clinical-12-01868#3,2,2
C-clinical-12-01868#4,2,2
C-clinical-12-01868#5,2,2
C-clinical-12-01868#6,2,2
C-clinical-12-01868#7,2,2
C-clinical-12-01868#8,2,2
C-clinical-12-01875#0,2,2
C-clinical-12-01875#10,2,2
C-clinical-12-01875#2,2,2
C-clinical-12-01875#3,2,2
C-clinical-12-01875#4,2,2
C-clinical-12-01875#5,2,2
C-clinical-12-01875#6,2,2
C-clinical-12-01875#7,2,2
C-clinical-12-01875#8,2,2
C-clinical-12-01875#9,2,2
C-clinical-12-01876#0,2,2
C-clinical-12-01876#1,2,2
C-clinical-12-01876#10,2,2
C-clinical-12-01876#2,2,2
C-clinical-12-01876#3,2,2
C-clinical-12-01876#4,0,2
C-clinical-12-01876#5,2,2
C-clinical-12-01876#6,2,2
C-clinical-12-01876#7,2,2
C-clinical-12-01876#8,2,2
C-clinical-12-01876#9,2,2
C-clinical-12-01879#0,2,2
C-clinical-12-01879#2,2,2
C-clinical-12-01881#0,2,2
C-clinical-12-01881#1,2,2
C-clinical-12-01881#2,2,2
C-clinical-12-01881#3,2,2
C-clinical-12-01883#0,2,2
C-clinical-12-01883#1,2,2
C-clinical-12-01883#10,2,2
C-clinical-12-01883#11,2,2
C-clinical-12-01883#12,2,2
C-clinical-12-01883#2,1,2
C-clinical-12-01883#3,2,2
C-clinical-12-01883#4,2,2
C-clinical-12-01883#5,2,2
C-clinical-12-01883#6,2,2
C-clinical-12-01883#7,2,2
C-clinical-12-01883#8,2,2
C-clinical-12-01883#9,2,2
C-clinical-12-01884#1,2,2
C-clinical-12-01884#2,2,2
C-clinical-12-01884#3,2,2
C-clinical-12-01884#4,2,2
C-clinical-12-01884#5,2,2
C-clinical-12-01884#6,2,2
C-clinical-12-01889#0,2,2
C-clinical-12-01889#1,2,2
C-clinical-12-01889#2,2,2
C-clinical-12-01889#3,2,2
C-clinical-12-01889#4,2,2
C-clinical-12-01890#1,2,2
C-clinical-12-01890#10,2,2
C-clinical-12-01890#11,2,2
C-clinical-12-01890#12,2,2
C-clinical-12-01890#13,2,2
C-clinical-12-01890#14,2,2
C-clinical-12-01890#15,2,2
C-clinical-12-01890#2,2,2
C-clinical-12-01890#3,2,2
C-clinical-12-01890#4,2,2
C-clinical-12-01890#5,2,2
C-clinical-12-01890#6,2,2
C-clinical-12-01890#7,2,2
C-clinical-12-01890#8,2,2
C-clinical-12-01890#9,2,2
C-clinical-12-01891#0,2,2
C-clinical-12-01891#1,2,2
C-clinical-12-01891#10,2,2
C-clinical-12-01891#2,2,2
C-clinical-12-01891#3,2,2
C-clinical-12-01891#4,2,2
C-clinical-12-01891#5,2,2
C-clinical-12-01891#6,2,2
C-clinical-12-01891#7,2,2
C-clinical-12-01891#8,2,2
C-clinical-12-01891#9,2,2
C-clinical-12-01892#0,2,2
C-clinical-12-01892#1,2,2
C-clinical-12-01892#2,1,2
C-clinical-12-01892#3,2,2
C-clinical-12-01892#4,2,2
C-clinical-12-01892#5,2,2
C-clinical-12-01894#0,2,2
C-clinical-12-01894#1,2,2
C-clinical-12-01894#10,2,2
C-clinical-12-01894#11,2,2
C-clinical-12-01894#2,2,2
C-clinical-12-01894#3,2,2
C-clinical-12-01894#4,2,2
C-clinical-12-01894#5,2,2
C-clinical-12-01894#6,2,2
C-clinical-12-01894#7,2,2
C-clinical-12-01894#8,2,2
C-clinical-12-01894#9,2,2
C-clinical-12-01895#0,2,2
C-clinical-12-01895#1,2,2
C-clinical-12-01895#10,2,2
C-clinical-12-01895#11,2,2
C-clinical-12-01895#12,2,2
C-clinical-12-01895#3,2,2
C-clinical-12-01895#4,2,2
C-clinical-12-01895#5,2,2
C-clinical-12-01895#6,2,2
C-clinical-12-01895#7,2,2
C-clinical-12-01895#8,2,2
C-clinical-12-01895#9,2,2
C-clinical-12-01898#0,2,2
C-clinical-12-01898#1,2,2
C-clinical-12-01898#10,2,2
C-clinical-12-01898#11,2,2
C-clinical-12-01898#2,2,2
C-clinical-12-01898#3,2,2
C-clinical-12-01898#4,2,2
C-clinical-12-01898#5,2,2
C-clinical-12-01898#6,2,2
C-clinical-12-01898#7,2,2
C-clinical-12-01898#8,2,2
C-clinical-12-01898#9,2,2
C-clinical-12-01902#0,2,2
C-clinical-12-01902#1,2,2
C-clinical-12-01902#2,2,2
C-clinical-12-01902#3,2,2
C-clinical-12-01902#4,2,2
C-clinical-12-01902#5,2,2
C-clinical-12-01902#6,2,2
C-clinical-12-01902#7,2,2
C-clinical-12-01902#8,2,2
C-clinical-12-01902#9,2,2
C-clinical-12-01903#0,2,2
C-clinical-12-01903#1,2,2
C-clinical-12-01903#2,2,2
C-clinical-12-01903#3,1,2
C-clinical-12-01903#4,2,2
C-clinical-12-01903#5,1,2
C-clinical-12-01903#6,2,2
C-clinical-12-01904#0,2,2
C-clinical-12-01904#1,2,2
C-clinical-12-01904#2,2,2
C-clinical-12-01904#3,2,2
C-clinical-12-01904#4,2,2
C-clinical-12-01904#5,2,2
C-clinical-12-01905#0,2,2
C-clinical-12-01905#2,2,2
C-clinical-12-01905#3,2,2
C-clinical-12-01905#4,2,2
C-clinical-12-01905#5,2,2
C-clinical-12-01906#0,2,2
C-clinical-12-01906#1,2,2
C-clinical-12-01906#2,2,2
C-clinical-12-01906#3,2,2
C-clinical-12-01906#4,2,2
C-clinical-12-01906#5,2,2
C-clinical-12-01906#6,2,2
C-clinical-12-01906#7,2,2
C-clinical-12-01909#0,2,2
C-clinical-12-01909#1,2,2
C-clinical-12-01909#2,2,2
C-clinical-12-01909#3,2,2
C-clinical-12-01909#4,2,2
C-clinical-12-01909#5,2,2
C-clinical-12-01909#6,2,2
C-clinical-12-01909#7,2,2
C-clinical-12-01909#8,2,2
C-clinical-12-01910#0,2,2
C-clinical-12-01910#1,2,2
C-clinical-12-01910#10,2,2
C-clinical-12-01910#2,2,2
C-clinical-12-01910#3,1,2
C-clinical-12-01910#4,2,2
C-clinical-12-01910#5,2,2
C-clinical-12-01910#6,2,2
C-clinical-12-01910#7,2,2
C-clinical-12-01910#8,1,2
C-clinical-12-01910#9,2,2
C-clinical-12-01912#0,2,2
C-clinical-12-01912#1,2,2
C-clinical-12-01912#2,2,2
C-clinical-12-01912#3,2,2
C-clinical-12-01912#4,2,2
C-clinical-12-01912#5,2,2
C-clinical-12-01913#0,2,2
C-clinical-12-01913#1,2,2
C-clinical-12-01913#2,2,2
C-clinical-12-01913#3,2,2
C-clinical-12-01913#4,2,2
C-clinical-12-01913#5,2,2
C-clinical-12-01919#0,2,2
C-clinical-12-01919#1,1,1
C-clinical-12-01919#2,2,2
C-clinical-12-01919#4,2,2
C-clinical-12-01919#5,2,2
C-clinical-12-01919#6,2,2
C-clinical-12-01919#7,2,2
C-clinical-12-01919#8,2,2
C-clinical-12-01919#9,2,2
C-clinical-12-01922#0,2,2
C-clinical-12-01922#1,2,2
C-clinical-12-01922#2,1,2
C-clinical-12-01922#3,2,2
C-clinical-12-01922#4,2,2
C-clinical-12-01922#5,2,2
C-clinical-12-01922#6,2,2
C-clinical-12-01924#0,2,2
C-clinical-12-01924#1,2,2
C-clinical-12-01924#10,2,2
C-clinical-12-01924#11,2,2
C-clinical-12-01924#12,2,2
C-clinical-12-01924#13,2,2
C-clinical-12-01924#2,2,2
C-clinical-12-01924#3,2,2
C-clinical-12-01924#4,2,2
C-clinical-12-01924#5,2,2
C-clinical-12-01924#6,2,2
C-clinical-12-01924#7,2,2
C-clinical-12-01924#8,1,2
C-clinical-12-01924#9,2,2
C-clinical-12-01927#0,2,2
C-clinical-12-01927#1,2,2
C-clinical-12-01927#2,2,2
C-clinical-12-01927#3,2,2
C-clinical-12-01927#4,2,2
C-clinical-12-01933#0,2,2
C-clinical-12-01933#1,2,2
C-clinical-12-01933#2,1,2
C-clinical-12-01933#3,2,2
C-clinical-12-01933#4,2,2
C-clinical-12-01933#5,2,2
C-clinical-12-01933#6,2,2
C-clinical-12-01933#7,2,2
C-clinical-12-01935#0,2,2
C-clinical-12-01935#10,2,2
C-clinical-12-01935#11,2,2
C-clinical-12-01935#12,2,2
C-clinical-12-01935#13,2,2
C-clinical-12-01935#3,2,2
C-clinical-12-01935#4,2,2
C-clinical-12-01935#5,2,2
C-clinical-12-01935#6,2,2
C-clinical-12-01935#7,2,2
C-clinical-12-01935#8,2,2
C-clinical-12-01935#9,2,2
C-clinical-12-01936#0,2,2
C-clinical-12-01936#1,2,2
C-clinical-12-01936#10,2,2
C-clinical-12-01936#2,2,2
C-clinical-12-01936#3,2,2
C-clinical-12-01936#4,2,2
C-clinical-12-01936#5,0,2
C-clinical-12-01936#6,2,2
C-clinical-12-01936#7,2,2
C-clinical-12-01936#8,2,2
C-clinical-12-01936#9,0,2
C-clinical-12-01938#1,2,2
C-clinical-12-01938#10,2,2
C-clinical-12-01938#11,2,2
C-clinical-12-01938#12,2,2
C-clinical-12-01938#13,2,2
C-clinical-12-01938#14,2,2
C-clinical-12-01938#15,2,2
C-clinical-12-01938#16,2,2
C-clinical-12-01938#17,2,2
C-clinical-12-01938#2,2,2
C-clinical-12-01938#3,2,2
C-clinical-12-01938#4,2,2
C-clinical-12-01938#5,2,2
C-clinical-12-01938#6,2,2
C-clinical-12-01938#7,2,2
C-clinical-12-01938#8,2,2
C-clinical-12-01938#9,2,2
C-clinical-12-01940#0,2,2
C-clinical-12-01940#1,2,2
C-clinical-12-01940#10,2,2
C-clinical-12-01940#2,2,2
C-clinical-12-01940#3,2,2
C-clinical-12-01940#4,2,2
C-clinical-12-01940#5,2,2
C-clinical-12-01940#6,2,2
C-clinical-12-01940#7,2,2
C-clinical-12-01940#8,2,2
C-clinical-12-01940#9,2,2
C-clinical-12-01941#0,2,2
C-clinical-12-01941#2,2,2
C-clinical-12-01941#3,2,2
C-clinical-12-01941#4,2,2
C-clinical-12-01941#5,2,2
C-clinical-12-01941#6,2,2
C-clinical-12-01941#7,2,2
C-clinical-12-01941#8,2,2
C-clinical-12-01942#0,2,2
C-clinical-12-01942#1,2,2
C-clinical-12-01942#10,2,2
C-clinical-12-01942#11,0,2
C-clinical-12-01942#12,2,2
C-clinical-12-01942#13,2,2
C-clinical-12-01942#14,0,2
C-clinical-12-01942#2,2,2
C-clinical-12-01942#3,2,2
C-clinical-12-01942#4,2,2
C-clinical-12-01942#5,2,2
C-clinical-12-01942#6,2,2
C-clinical-12-01942#7,2,2
C-clinical-12-01942#8,2,2
C-clinical-12-01942#9,2,2
C-clinical-12-01943#0,2,2
C-clinical-12-01943#1,2,2
C-clinical-12-01943#2,2,2
C-clinical-12-01943#3,2,2
C-clinical-12-01943#4,2,2
C-clinical-12-01943#5,2,2
C-clinical-12-01943#6,2,2
C-clinical-12-01949#0,2,2
C-clinical-12-01949#1,2,2
C-clinical-12-01949#2,2,2
C-clinical-12-01949#3,2,2
C-clinical-12-01949#4,2,2
C-clinical-12-01949#5,2,2
C-clinical-12-01949#6,2,2
C-clinical-12-01950#0,2,2
C-clinical-12-01950#1,2,2
C-clinical-12-01950#10,2,2
C-clinical-12-01950#11,2,2
C-clinical-12-01950#2,2,2
C-clinical-12-01950#3,2,2
C-clinical-12-01950#4,2,2
C-clinical-12-01950#5,2,2
C-clinical-12-01950#6,2,2
C-clinical-12-01950#7,2,2
C-clinical-12-01950#8,2,2
C-clinical-12-01950#9,2,2
C-clinical-12-01952#0,2,2
C-clinical-12-01952#1,2,2
C-clinical-12-01952#2,2,2
C-clinical-12-01952#3,2,2
C-clinical-12-01952#4,2,2
C-clinical-12-01952#5,2,2
C-clinical-12-01953#0,2,2
C-clinical-12-01953#1,2,2
C-clinical-12-01953#2,2,2
C-clinical-12-01953#3,2,2
C-clinical-12-01953#4,1,2
C-clinical-12-01953#5,2,2
C-clinical-12-01953#6,2,2
C-clinical-12-01953#7,2,2
C-clinical-12-01953#8,2,2
C-clinical-12-01954#0,2,2
C-clinical-12-01954#1,2,2
C-clinical-12-01954#2,1,1
C-clinical-12-01954#3,2,2
C-clinical-12-01954#4,2,2
C-clinical-12-01954#5,2,2
C-clinical-12-01954#6,1,1
C-clinical-12-01959#0,2,2
C-clinical-12-01959#1,2,2
C-clinical-12-01959#2,2,2
C-clinical-12-01959#3,2,2
C-clinical-12-01959#4,2,2
C-clinical-12-01959#5,2,2
C-clinical-12-01959#7,2,2
C-clinical-12-01960#0,2,2
C-clinical-12-01960#1,2,2
C-clinical-12-01960#2,2,2
C-clinical-12-01960#3,2,2
C-clinical-12-01960#4,2,2
C-clinical-12-01960#5,2,2
C-clinical-12-01964#0,2,2
C-clinical-12-01964#1,2,2
C-clinical-12-01964#2,2,2
C-clinical-12-01964#3,2,2
C-clinical-12-01964#4,2,2
C-clinical-12-01964#5,2,2
C-clinical-12-01964#6,2,2
C-clinical-12-01964#7,2,2
C-clinical-12-01964#8,1,2
C-clinical-12-01964#9,2,2
C-clinical-12-01965#0,2,2
C-clinical-12-01965#1,2,2
C-clinical-12-01965#2,1,2
C-clinical-12-01965#3,2,2
C-clinical-12-01965#4,2,2
C-clinical-12-01965#5,2,2
C-clinical-12-01970#0,2,2
C-clinical-12-01970#1,2,2
C-clinical-12-01970#2,2,2
C-clinical-12-01970#3,2,2
C-clinical-12-01970#4,2,2
C-clinical-12-01972#0,2,2
C-clinical-12-01972#1,2,2
C-clinical-12-01972#2,2,2
C-clinical-12-01972#3,2,2
C-clinical-12-01972#4,2,2
C-clinical-12-01972#5,2,2
C-clinical-12-01972#6,2,2
C-clinical-12-01972#7,2,2
C-clinical-12-01972#8,2,2
C-clinical-12-01972#9,0,2
C-clinical-12-01973#0,2,2
C-clinical-12-01973#1,2,2
C-clinical-12-01973#2,2,2
C-clinical-12-01973#3,2,2
C-clinical-12-01973#4,2,2
C-clinical-12-01973#5,2,2
C-clinical-12-01973#6,2,2
C-clinical-12-01977#0,2,2
C-clinical-12-01977#1,2,2
C-clinical-12-01977#2,2,2
C-clinical-12-01977#3,2,2
C-clinical-12-01977#4,2,2
C-clinical-12-01977#5,2,2
C-clinical-12-01977#6,2,2
C-clinical-12-01977#7,2,2
C-clinical-12-01977#8,2,2
C-clinical-12-01978#1,2,2
C-clinical-12-01978#10,2,2
C-clinical-12-01978#2,2,2
C-clinical-12-01978#3,2,2
C-clinical-12-01978#4,2,2
C-clinical-12-01978#5,2,2
C-clinical-12-01978#6,2,2
C-clinical-12-01978#7,2,2
C-clinical-12-01978#8,2,2
C-clinical-12-01978#9,2,2
C-clinical-12-01982#0,2,2
C-clinical-12-01982#1,2,2
C-clinical-12-01982#10,2,2
C-clinical-12-01982#11,2,2
C-clinical-12-01982#12,2,2
C-clinical-12-01982#13,2,2
C-clinical-12-01982#2,2,2
C-clinical-12-01982#3,2,2
C-clinical-12-01982#4,2,2
C-clinical-12-01982#5,1,1
C-clinical-12-01982#6,0,2
C-clinical-12-01982#7,2,2
C-clinical-12-01982#8,2,2
C-clinical-12-01982#9,2,2
C-clinical-12-01983#0,2,2
C-clinical-12-01983#1,2,2
C-clinical-12-01983#2,2,2
C-clinical-12-01983#3,2,2
C-clinical-12-01984#0,2,2
C-clinical-12-01984#1,2,2
C-clinical-12-01984#2,2,2
C-clinical-12-01986#0,2,2
C-clinical-12-01986#1,2,2
C-clinical-12-01986#10,2,2
C-clinical-12-01986#11,2,2
C-clinical-12-01986#12,2,2
C-clinical-12-01986#2,2,2
C-clinical-12-01986#3,2,2
C-clinical-12-01986#5,2,2
C-clinical-12-01986#6,2,2
C-clinical-12-01986#7,2,2
C-clinical-12-01986#8,2,2
C-clinical-12-01986#9,2,2
C-clinical-12-01990#0,2,2
C-clinical-12-01990#1,2,2
C-clinical-12-01990#10,2,2
C-clinical-12-01990#11,2,2
C-clinical-12-01990#2,2,2
C-clinical-12-01990#3,2,2
C-clinical-12-01990#4,2,2
C-clinical-12-01990#5,2,2
C-clinical-12-01990#6,2,2
C-clinical-12-01990#7,2,2
C-clinical-12-01990#8,2,2
C-clinical-12-01990#9,2,2
C-clinical-12-01991#0,2,2
C-clinical-12-01991#1,2,2
C-clinical-12-01991#10,2,2
C-clinical-12-01991#11,2,2
C-clinical-12-01991#3,2,2
C-clinical-12-01991#4,2,2
C-clinical-12-01991#5,2,2
C-clinical-12-01991#6,2,2
C-clinical-12-01991#7,2,2
C-clinical-12-01991#8,2,2
C-clinical-12-01991#9,2,2
C-clinical-12-01992#0,2,2
C-clinical-12-01992#1,2,2
C-clinical-12-01992#10,2,2
C-clinical-12-01992#2,2,2
C-clinical-12-01992#3,2,2
C-clinical-12-01992#4,2,2
C-clinical-12-01992#5,2,2
C-clinical-12-01992#6,2,2
C-clinical-12-01992#7,2,2
C-clinical-12-01992#8,2,2
C-clinical-12-01992#9,2,2
C-clinical-12-01993#0,2,2
C-clinical-12-01993#1,2,2
C-clinical-12-01993#10,2,2
C-clinical-12-01993#11,2,2
C-clinical-12-01993#12,2,2
C-clinical-12-01993#13,2,2
C-clinical-12-01993#2,2,2
C-clinical-12-01993#3,2,2
C-clinical-12-01993#4,2,2
C-clinical-12-01993#5,2,2
C-clinical-12-01993#6,2,2
C-clinical-12-01993#7,2,2
C-clinical-12-01993#8,2,2
C-clinical-12-01993#9,2,2
C-clinical-12-01994#0,2,2
C-clinical-12-01994#1,2,2
C-clinical-12-01994#10,2,2
C-clinical-12-01994#11,2,2
C-clinical-12-01994#12,1,2
C-clinical-12-01994#2,2,2
C-clinical-12-01994#3,2,2
C-clinical-12-01994#5,2,2
C-clinical-12-01994#6,2,2
C-clinical-12-01994#7,2,2
C-clinical-12-01994#8,2,2
C-clinical-12-01994#9,2,2
C-clinical-12-01995#0,2,2
C-clinical-12-01995#1,2,2
C-clinical-12-01995#2,2,2
C-clinical-12-01995#3,2,2
C-clinical-12-01995#4,2,2
C-clinical-12-01995#5,2,2
C-clinical-12-01997#0,2,2
C-clinical-12-01997#1,2,2
C-clinical-12-01997#2,2,2
C-clinical-12-01997#3,2,2
