item,ours-int8pc,ours-fp32,ours-int8
C-clinical-11-00457#0,1,1,1
C-clinical-11-00457#1,2,2,2
C-clinical-11-00457#2,2,2,2
C-clinical-11-00457#3,2,2,2
C-clinical-11-00457#4,2,2,2
C-clinical-11-00457#5,2,2,2
C-clinical-11-00457#6,2,2,2
C-clinical-11-00457#7,2,2,2
C-clinical-11-00457#8,2,2,2
C-clinical-11-00457#9,2,2,2
C-clinical-11-00458#1,2,2,2
C-clinical-11-00458#10,2,2,2
C-clinical-11-00458#11,2,2,2
C-clinical-11-00458#12,2,2,2
C-clinical-11-00458#13,2,2,2
C-clinical-11-00458#14,2,2,2
C-clinical-11-00458#15,0,2,0
C-clinical-11-00458#2,2,2,2
C-clinical-11-00458#3,2,2,2
C-clinical-11-00458#4,2,2,2
C-clinical-11-00458#5,2,2,2
C-clinical-11-00458#6,2,2,2
C-clinical-11-00458#7,2,2,2
C-clinical-11-00458#8,2,2,2
C-clinical-11-00458#9,2,2,2
C-clinical-11-00460#0,2,2,2
C-clinical-11-00460#1,2,2,2
C-clinical-11-00460#2,2,2,2
C-clinical-11-00460#3,2,2,2
C-clinical-11-00460#4,0,2,0
C-clinical-11-00460#5,2,2,2
C-clinical-11-00460#6,2,2,2
C-clinical-11-00460#7,2,2,2
C-clinical-11-00460#8,2,2,2
C-clinical-11-00460#9,2,2,2
C-clinical-11-00461#0,2,2,2
C-clinical-11-00461#1,2,2,2
C-clinical-11-00461#2,2,2,2
C-clinical-11-00461#3,1,1,1
C-clinical-11-00461#4,2,2,2
C-clinical-11-00461#5,2,2,2
C-clinical-11-00461#6,2,2,2
C-clinical-11-00462#0,2,2,2
C-clinical-11-00462#1,2,2,2
C-clinical-11-00462#10,2,2,2
C-clinical-11-00462#11,2,2,2
C-clinical-11-00462#2,2,2,2
C-clinical-11-00462#3,2,2,2
C-clinical-11-00462#4,2,2,2
C-clinical-11-00462#5,2,2,2
C-clinical-11-00462#6,2,2,2
C-clinical-11-00462#7,2,2,2
C-clinical-11-00462#8,2,2,2
C-clinical-11-00462#9,2,2,2
C-clinical-11-00464#0,2,2,2
C-clinical-11-00464#1,2,2,2
C-clinical-11-00464#10,2,2,2
C-clinical-11-00464#11,2,2,2
C-clinical-11-00464#2,2,2,2
C-clinical-11-00464#3,2,2,2
C-clinical-11-00464#4,2,2,2
C-clinical-11-00464#5,2,2,2
C-clinical-11-00464#6,2,2,2
C-clinical-11-00464#7,2,2,2
C-clinical-11-00464#8,1,2,1
C-clinical-11-00464#9,2,2,2
C-clinical-11-00468#0,2,2,2
C-clinical-11-00468#1,2,2,2
C-clinical-11-00468#2,2,2,2
C-clinical-11-00468#3,2,2,2
C-clinical-11-00468#4,2,2,2
C-clinical-11-00470#0,2,2,2
C-clinical-11-00470#1,2,2,2
C-clinical-11-00470#3,2,2,2
C-clinical-11-00470#4,2,2,2
C-clinical-11-00470#5,2,2,2
C-clinical-11-00470#6,2,2,2
C-clinical-11-00470#7,2,2,2
C-clinical-11-00470#8,1,1,1
C-clinical-11-00470#9,2,2,2
C-clinical-11-00474#0,2,2,2
C-clinical-11-00474#1,2,2,2
C-clinical-11-00474#2,2,2,2
C-clinical-11-00474#3,2,2,2
C-clinical-11-00476#0,2,2,2
C-clinical-11-00476#1,2,2,2
C-clinical-11-00476#2,2,2,2
C-clinical-11-00476#3,2,2,2
C-clinical-11-00476#4,2,2,2
C-clinical-11-00478#0,2,2,2
C-clinical-11-00478#1,2,2,2
C-clinical-11-00478#10,2,2,2
C-clinical-11-00478#11,2,2,2
C-clinical-11-00478#12,1,2,1
C-clinical-11-00478#13,2,2,2
C-clinical-11-00478#14,2,2,2
C-clinical-11-00478#2,2,2,2
C-clinical-11-00478#3,2,2,2
C-clinical-11-00478#4,2,2,2
C-clinical-11-00478#5,1,2,1
C-clinical-11-00478#6,2,2,2
C-clinical-11-00478#7,2,2,2
C-clinical-11-00478#8,2,2,2
C-clinical-11-00478#9,2,2,2
C-clinical-11-00479#0,2,2,2
C-clinical-11-00479#10,2,2,2
C-clinical-11-00479#11,2,2,2
C-clinical-11-00479#2,2,2,2
C-clinical-11-00479#3,2,2,2
C-clinical-11-00479#4,2,2,2
C-clinical-11-00479#5,2,2,2
C-clinical-11-00479#6,2,2,2
C-clinical-11-00479#7,2,2,2
C-clinical-11-00479#8,2,2,2
C-clinical-11-00479#9,2,2,2
C-clinical-11-00480#0,2,2,2
C-clinical-11-00480#1,2,2,2
C-clinical-11-00480#10,2,2,2
C-clinical-11-00480#11,2,2,2
C-clinical-11-00480#2,2,2,2
C-clinical-11-00480#3,2,2,2
C-clinical-11-00480#4,2,2,2
C-clinical-11-00480#5,2,2,2
C-clinical-11-00480#6,0,2,0
C-clinical-11-00480#7,1,2,0
C-clinical-11-00480#8,2,2,2
C-clinical-11-00480#9,2,2,2
C-clinical-11-00484#0,2,2,2
C-clinical-11-00484#1,2,2,2
C-clinical-11-00484#10,2,2,2
C-clinical-11-00484#11,2,2,2
C-clinical-11-00484#12,2,2,2
C-clinical-11-00484#2,2,2,2
C-clinical-11-00484#3,2,2,2
C-clinical-11-00484#4,2,2,2
C-clinical-11-00484#5,2,2,2
C-clinical-11-00484#6,2,2,2
C-clinical-11-00484#7,2,2,2
C-clinical-11-00484#8,2,2,2
C-clinical-11-00484#9,2,2,2
C-clinical-11-00485#0,2,2,2
C-clinical-11-00485#1,2,2,2
C-clinical-11-00485#2,2,2,2
C-clinical-11-00485#3,2,2,2
C-clinical-11-00485#4,2,2,2
C-clinical-11-00485#5,2,2,2
C-clinical-11-00485#6,2,2,2
C-clinical-11-00485#7,2,2,2
C-clinical-11-00486#0,2,2,2
C-clinical-11-00486#1,2,2,2
C-clinical-11-00486#2,2,2,2
C-clinical-11-00486#3,2,2,2
C-clinical-11-00486#4,2,2,2
C-clinical-11-00486#5,2,2,2
C-clinical-11-00488#0,2,2,2
C-clinical-11-00488#1,2,2,2
C-clinical-11-00488#2,2,2,2
C-clinical-11-00488#3,2,2,2
C-clinical-11-00489#0,2,2,2
C-clinical-11-00489#1,2,2,2
C-clinical-11-00489#2,2,2,2
C-clinical-11-00489#3,2,2,2
C-clinical-11-00489#4,0,1,0
C-clinical-11-00492#0,2,2,2
C-clinical-11-00492#1,2,2,2
C-clinical-11-00492#2,1,2,2
C-clinical-11-00492#3,2,2,2
C-clinical-11-00492#4,2,2,2
C-clinical-11-00492#5,2,2,2
C-clinical-11-00492#6,1,2,1
C-clinical-11-00492#7,2,2,2
C-clinical-11-00492#8,2,2,2
C-clinical-11-00492#9,2,2,2
C-clinical-11-00493#0,2,2,2
C-clinical-11-00493#1,2,2,2
C-clinical-11-00493#2,2,2,2
C-clinical-11-00493#3,2,2,2
C-clinical-11-00493#4,2,2,2
C-clinical-11-00493#5,2,2,2
C-clinical-11-00495#0,2,2,2
C-clinical-11-00495#1,2,2,2
C-clinical-11-00495#2,2,2,2
C-clinical-11-00495#3,2,2,2
C-clinical-11-00495#4,2,2,2
C-clinical-11-00495#5,2,2,2
C-clinical-11-00495#6,2,2,2
C-clinical-11-00495#7,2,2,2
C-clinical-11-00495#8,2,2,2
C-clinical-11-00496#0,2,2,2
C-clinical-11-00496#1,2,2,2
C-clinical-11-00496#2,2,2,2
C-clinical-11-00496#3,2,2,2
C-clinical-11-00496#4,2,2,2
C-clinical-11-00497#0,2,2,2
C-clinical-11-00497#1,2,2,2
C-clinical-11-00497#2,2,2,2
C-clinical-11-00497#3,2,2,2
C-clinical-11-00502#0,2,2,2
C-clinical-11-00502#1,2,2,2
C-clinical-11-00502#10,2,2,2
C-clinical-11-00502#2,2,2,2
C-clinical-11-00502#3,2,2,2
C-clinical-11-00502#4,2,2,2
C-clinical-11-00502#5,2,2,2
C-clinical-11-00502#6,1,2,1
C-clinical-11-00502#7,2,2,2
C-clinical-11-00502#8,2,2,2
C-clinical-11-00502#9,2,2,2
C-clinical-11-00505#0,2,2,2
C-clinical-11-00505#1,0,1,2
C-clinical-11-00505#10,2,2,2
C-clinical-11-00505#11,2,2,2
C-clinical-11-00505#2,1,1,1
C-clinical-11-00505#3,2,2,2
C-clinical-11-00505#4,2,2,2
C-clinical-11-00505#5,2,2,2
C-clinical-11-00505#6,2,2,2
C-clinical-11-00505#7,2,2,2
C-clinical-11-00505#8,2,2,2
C-clinical-11-00505#9,2,2,2
C-clinical-11-00506#1,2,2,2
C-clinical-11-00506#10,2,2,2
C-clinical-11-00506#11,2,2,2
C-clinical-11-00506#12,2,2,1
C-clinical-11-00506#13,2,2,2
C-clinical-11-00506#14,2,2,2
C-clinical-11-00506#2,2,2,2
C-clinical-11-00506#3,2,2,2
C-clinical-11-00506#4,2,2,2
C-clinical-11-00506#5,2,2,2
C-clinical-11-00506#6,2,2,2
C-clinical-11-00506#7,2,2,2
C-clinical-11-00506#8,2,2,2
C-clinical-11-00506#9,2,2,2
C-clinical-11-00509#0,2,2,2
C-clinical-11-00509#1,2,2,2
C-clinical-11-00509#2,2,2,2
C-clinical-11-00509#3,2,2,2
C-clinical-11-00519#0,2,2,2
C-clinical-11-00519#1,2,2,2
C-clinical-11-00519#10,2,2,2
C-clinical-11-00519#2,2,2,2
C-clinical-11-00519#3,2,2,2
C-clinical-11-00519#4,2,2,2
C-clinical-11-00519#5,2,2,2
C-clinical-11-00519#6,2,2,2
C-clinical-11-00519#7,2,2,2
C-clinical-11-00519#8,2,2,2
C-clinical-11-00519#9,2,2,2
C-clinical-11-00520#0,2,2,2
C-clinical-11-00520#1,2,2,2
C-clinical-11-00520#10,2,2,2
C-clinical-11-00520#11,2,2,2
C-clinical-11-00520#2,1,1,1
C-clinical-11-00520#3,2,2,2
C-clinical-11-00520#4,2,2,2
C-clinical-11-00520#5,2,2,2
C-clinical-11-00520#6,2,2,2
C-clinical-11-00520#7,2,2,2
C-clinical-11-00520#8,2,2,2
C-clinical-11-00520#9,2,2,2
C-clinical-11-00521#0,2,2,2
C-clinical-11-00521#1,2,2,2
C-clinical-11-00521#10,1,2,0
C-clinical-11-00521#11,2,2,2
C-clinical-11-00521#12,2,2,2
C-clinical-11-00521#3,2,2,2
C-clinical-11-00521#4,2,2,2
C-clinical-11-00521#5,2,2,2
C-clinical-11-00521#6,2,2,2
C-clinical-11-00521#7,2,2,2
C-clinical-11-00521#8,2,2,2
C-clinical-11-00521#9,2,2,2
C-clinical-11-00528#0,2,2,2
C-clinical-11-00528#1,2,2,2
C-clinical-11-00528#10,2,2,2
C-clinical-11-00528#2,2,2,2
C-clinical-11-00528#3,1,1,1
C-clinical-11-00528#4,2,2,2
C-clinical-11-00528#5,2,2,2
C-clinical-11-00528#6,2,2,2
C-clinical-11-00528#7,0,2,0
C-clinical-11-00528#8,2,2,2
C-clinical-11-00528#9,2,2,2
C-clinical-11-00529#0,2,2,2
C-clinical-11-00529#1,2,2,2
C-clinical-11-00529#2,2,2,2
C-clinical-11-00529#3,2,2,2
C-clinical-11-00529#4,2,2,2
C-clinical-11-00532#0,2,2,2
C-clinical-11-00532#1,2,2,2
C-clinical-11-00532#2,2,2,2
C-clinical-11-00532#3,2,2,2
C-clinical-11-00532#4,2,2,2
C-clinical-11-00532#5,2,2,2
C-clinical-11-00539#1,2,2,2
C-clinical-11-00539#10,2,2,2
C-clinical-11-00539#11,2,2,2
C-clinical-11-00539#12,2,2,2
C-clinical-11-00539#2,2,2,2
C-clinical-11-00539#3,2,2,2
C-clinical-11-00539#4,2,2,2
C-clinical-11-00539#5,2,2,2
C-clinical-11-00539#6,0,1,0
C-clinical-11-00539#7,2,2,2
C-clinical-11-00539#8,2,2,2
C-clinical-11-00539#9,2,2,2
C-clinical-11-00540#0,2,2,2
C-clinical-11-00540#1,2,2,2
C-clinical-11-00540#10,2,2,2
C-clinical-11-00540#11,2,2,2
C-clinical-11-00540#2,2,2,2
C-clinical-11-00540#3,2,2,2
C-clinical-11-00540#4,2,2,2
C-clinical-11-00540#5,2,2,2
C-clinical-11-00540#6,2,2,2
C-clinical-11-00540#7,2,2,2
C-clinical-11-00540#8,0,2,2
C-clinical-11-00540#9,2,2,2
C-clinical-11-00541#0,2,2,2
C-clinical-11-00541#1,2,2,2
C-clinical-11-00541#10,0,2,0
C-clinical-11-00541#11,2,2,2
C-clinical-11-00541#2,2,2,2
C-clinical-11-00541#3,1,1,1
C-clinical-11-00541#4,2,2,2
C-clinical-11-00541#5,2,2,2
C-clinical-11-00541#6,2,2,2
C-clinical-11-00541#7,2,2,2
C-clinical-11-00541#8,2,2,2
C-clinical-11-00541#9,2,2,2
C-clinical-11-00542#0,2,2,2
C-clinical-11-00542#1,2,2,2
C-clinical-11-00542#2,2,2,2
C-clinical-11-00542#3,2,2,2
C-clinical-11-00542#4,1,2,1
C-clinical-11-00542#5,2,2,2
C-clinical-11-00542#6,2,2,2
C-clinical-11-00543#0,2,2,2
C-clinical-11-00543#1,2,2,2
C-clinical-11-00543#2,2,2,2
C-clinical-11-00543#3,2,2,2
C-clinical-11-00543#4,2,2,2
C-clinical-11-00545#0,2,2,2
C-clinical-11-00545#1,2,2,2
C-clinical-11-00545#10,2,2,2
C-clinical-11-00545#11,2,2,2
C-clinical-11-00545#12,2,2,2
C-clinical-11-00545#2,2,2,2
C-clinical-11-00545#3,2,2,2
C-clinical-11-00545#4,0,2,0
C-clinical-11-00545#6,2,2,2
C-clinical-11-00545#7,2,2,2
C-clinical-11-00545#8,2,2,2
C-clinical-11-00545#9,2,2,2
C-clinical-11-00561#0,2,2,2
C-clinical-11-00561#1,2,2,2
C-clinical-11-00561#2,2,2,2
C-clinical-11-00561#3,2,2,2
C-clinical-11-00561#4,2,2,2
C-clinical-11-00561#5,2,2,2
C-clinical-11-00563#0,2,2,2
C-clinical-11-00563#1,1,1,1
C-clinical-11-00563#2,2,2,2
C-clinical-11-00563#3,2,2,2
C-clinical-11-00563#4,2,2,2
C-clinical-11-00563#5,2,2,2
C-clinical-11-00563#6,2,2,2
C-clinical-11-00563#7,2,2,2
C-clinical-11-00565#0,2,2,2
C-clinical-11-00565#1,2,2,2
C-clinical-11-00565#10,2,2,2
C-clinical-11-00565#11,2,2,2
C-clinical-11-00565#12,2,2,2
C-clinical-11-00565#2,2,2,0
C-clinical-11-00565#4,2,2,2
C-clinical-11-00565#5,2,2,2
C-clinical-11-00565#6,2,2,2
C-clinical-11-00565#7,2,2,2
C-clinical-11-00565#8,2,2,2
C-clinical-11-00565#9,2,2,2
C-clinical-11-00571#0,2,2,2
C-clinical-11-00571#1,2,2,2
C-clinical-11-00571#2,2,2,2
C-clinical-11-00571#3,2,2,2
C-clinical-11-00571#4,2,2,2
C-clinical-11-00571#5,2,2,2
C-clinical-11-00571#6,2,2,2
C-clinical-11-00571#7,2,2,2
C-clinical-11-00571#8,2,2,2
C-clinical-11-00573#0,2,2,2
C-clinical-11-00573#1,2,2,2
C-clinical-11-00573#2,2,2,2
C-clinical-11-00573#3,2,2,2
C-clinical-11-00573#4,2,2,2
C-clinical-11-00573#5,2,2,2
C-clinical-11-00573#6,2,2,2
C-clinical-11-00573#7,2,2,2
C-clinical-11-00573#8,2,2,2
C-clinical-11-00577#0,2,2,2
C-clinical-11-00577#1,2,2,2
C-clinical-11-00577#10,2,2,2
C-clinical-11-00577#11,2,2,2
C-clinical-11-00577#12,2,2,2
C-clinical-11-00577#13,2,2,2
C-clinical-11-00577#14,2,2,2
C-clinical-11-00577#2,2,2,2
C-clinical-11-00577#3,2,2,2
C-clinical-11-00577#4,2,2,2
C-clinical-11-00577#5,2,2,2
C-clinical-11-00577#6,2,2,2
C-clinical-11-00577#7,2,2,2
C-clinical-11-00577#8,2,2,2
C-clinical-11-00577#9,2,2,2
C-clinical-11-00579#0,2,2,2
C-clinical-11-00579#1,2,2,2
C-clinical-11-00579#10,1,2,1
C-clinical-11-00579#2,2,2,2
C-clinical-11-00579#3,2,2,2
C-clinical-11-00579#4,2,2,2
C-clinical-11-00579#5,2,2,2
C-clinical-11-00579#6,1,2,2
C-clinical-11-00579#7,2,2,2
C-clinical-11-00579#8,2,2,2
C-clinical-11-00579#9,2,2,2
C-clinical-11-00580#0,2,2,2
C-clinical-11-00580#1,0,1,0
C-clinical-11-00580#2,2,2,2
C-clinical-11-00580#4,2,2,2
C-clinical-11-00580#5,2,2,0
C-clinical-11-00580#6,2,2,2
C-clinical-11-00580#7,2,2,2
C-clinical-11-00580#8,2,2,0
C-clinical-11-00581#0,2,2,2
C-clinical-11-00581#1,2,2,2
C-clinical-11-00581#2,2,2,2
C-clinical-11-00581#3,2,2,2
C-clinical-11-00581#4,2,2,2
C-clinical-11-00582#0,2,2,2
C-clinical-11-00582#1,2,2,1
C-clinical-11-00582#10,2,2,2
C-clinical-11-00582#11,2,2,2
C-clinical-11-00582#12,2,2,2
C-clinical-11-00582#2,2,2,2
C-clinical-11-00582#3,2,2,2
C-clinical-11-00582#4,2,2,2
C-clinical-11-00582#5,2,2,2
C-clinical-11-00582#6,2,2,2
C-clinical-11-00582#7,2,2,2
C-clinical-11-00582#8,2,2,2
C-clinical-11-00582#9,2,2,2
C-clinical-11-00584#0,1,1,1
C-clinical-11-00584#1,2,2,2
C-clinical-11-00584#2,2,2,2
C-clinical-11-00584#3,1,1,1
C-clinical-11-00584#4,2,2,2
C-clinical-11-00584#5,2,2,2
C-clinical-11-00587#0,2,2,2
C-clinical-11-00587#1,2,2,2
C-clinical-11-00587#2,2,2,2
C-clinical-11-00587#3,2,2,2
C-clinical-11-00587#4,2,2,2
C-clinical-11-00587#5,2,2,2
C-clinical-11-00587#6,2,2,2
C-clinical-11-00587#7,2,2,2
C-clinical-11-00589#0,2,2,2
C-clinical-11-00589#1,2,2,2
C-clinical-11-00589#2,2,2,2
C-clinical-11-00589#3,2,2,2
C-clinical-11-00589#4,1,1,1
C-clinical-11-00589#5,2,2,2
C-clinical-11-00589#6,2,2,2
C-clinical-11-00589#7,2,2,2
C-clinical-11-00589#8,2,2,2
C-clinical-11-00589#9,2,2,2
C-clinical-11-00591#0,2,2,2
C-clinical-11-00591#1,2,2,2
C-clinical-11-00591#10,2,2,2
C-clinical-11-00591#11,2,2,2
C-clinical-11-00591#2,2,2,2
C-clinical-11-00591#3,2,2,2
C-clinical-11-00591#4,2,2,2
C-clinical-11-00591#5,2,2,2
C-clinical-11-00591#6,2,2,2
C-clinical-11-00591#7,2,2,2
C-clinical-11-00591#8,1,2,2
C-clinical-11-00591#9,2,2,2
C-clinical-11-00593#0,2,2,2
C-clinical-11-00593#1,2,2,2
C-clinical-11-00593#2,2,2,2
C-clinical-11-00593#3,2,2,2
C-clinical-11-00593#4,2,2,2
C-clinical-11-00593#5,1,1,1
C-clinical-11-00593#6,2,2,2
C-clinical-11-00593#7,1,2,0
C-clinical-11-00593#8,2,2,2
C-clinical-11-00593#9,1,1,1
C-clinical-11-00594#0,2,2,2
C-clinical-11-00594#1,2,2,2
C-clinical-11-00594#2,2,2,2
C-clinical-11-00594#3,2,2,2
C-clinical-11-00594#4,2,2,2
C-clinical-11-00594#5,2,2,2
C-clinical-11-00595#0,2,2,2
C-clinical-11-00595#1,2,2,2
C-clinical-11-00595#2,2,2,2
C-clinical-11-00595#3,2,2,2
C-clinical-11-00595#4,2,2,2
C-clinical-11-00595#5,2,2,2
C-clinical-11-00595#6,2,2,2
C-clinical-11-00597#0,2,2,2
C-clinical-11-00597#1,2,2,2
C-clinical-11-00597#3,1,1,1
C-clinical-11-00597#4,2,2,2
C-clinical-11-00597#5,2,2,2
C-clinical-11-00597#6,2,2,2
C-clinical-11-00598#0,2,2,2
C-clinical-11-00598#1,2,2,2
C-clinical-11-00598#2,2,2,2
C-clinical-11-00598#3,2,2,2
C-clinical-11-00599#0,2,2,2
C-clinical-11-00599#1,2,2,2
C-clinical-11-00599#2,2,2,2
C-clinical-11-00599#3,2,2,2
C-clinical-11-00599#4,2,2,2
C-clinical-11-00599#5,2,2,2
C-clinical-11-00599#6,2,2,2
C-clinical-11-00599#7,2,2,2
C-clinical-11-00600#0,2,2,2
C-clinical-11-00600#1,2,2,2
C-clinical-11-00600#2,2,2,2
C-clinical-11-00600#3,0,1,0
C-clinical-11-00600#4,2,2,2
C-clinical-11-00600#5,2,2,2
C-clinical-11-00602#0,2,2,2
C-clinical-11-00602#1,2,2,2
C-clinical-11-00602#2,2,2,2
C-clinical-11-00602#3,2,2,2
C-clinical-11-00602#4,2,2,2
C-clinical-11-00602#5,2,2,2
C-clinical-11-00602#6,2,2,2
C-clinical-11-00602#7,2,2,2
C-clinical-11-00602#8,2,2,2
C-clinical-11-00602#9,2,2,2
C-clinical-11-00603#0,2,2,2
C-clinical-11-00603#1,2,2,0
C-clinical-11-00603#10,2,2,2
C-clinical-11-00603#11,2,2,2
C-clinical-11-00603#12,2,2,2
C-clinical-11-00603#2,2,2,2
C-clinical-11-00603#4,2,2,2
C-clinical-11-00603#5,2,2,2
C-clinical-11-00603#6,2,2,2
C-clinical-11-00603#7,2,2,2
C-clinical-11-00603#8,2,2,2
C-clinical-11-00603#9,2,2,2
C-clinical-11-00608#0,2,2,2
C-clinical-11-00608#1,2,2,2
C-clinical-11-00608#2,2,2,2
C-clinical-11-00608#3,2,2,2
C-clinical-11-00608#4,2,2,2
C-clinical-11-00608#5,1,2,1
C-clinical-11-00608#6,1,1,1
C-clinical-11-00613#0,2,2,2
C-clinical-11-00613#1,2,2,2
C-clinical-11-00613#10,2,2,1
C-clinical-11-00613#2,2,2,2
C-clinical-11-00613#3,2,2,2
C-clinical-11-00613#4,2,2,2
C-clinical-11-00613#6,0,2,0
C-clinical-11-00613#7,2,2,2
C-clinical-11-00613#8,2,2,2
C-clinical-11-00613#9,2,2,2
C-clinical-11-00614#0,2,2,2
C-clinical-11-00614#1,2,2,2
C-clinical-11-00614#10,2,2,2
C-clinical-11-00614#11,2,2,2
C-clinical-11-00614#12,0,2,0
C-clinical-11-00614#13,2,2,2
C-clinical-11-00614#2,2,2,2
C-clinical-11-00614#3,2,2,2
C-clinical-11-00614#4,2,2,2
C-clinical-11-00614#5,2,2,2
C-clinical-11-00614#6,2,2,2
C-clinical-11-00614#7,2,2,2
C-clinical-11-00614#8,2,2,2
C-clinical-11-00614#9,2,2,2
C-clinical-11-00619#0,2,2,2
C-clinical-11-00619#1,2,2,2
C-clinical-11-00619#2,2,2,2
C-clinical-11-00619#3,2,2,2
C-clinical-11-00619#4,2,2,2
C-clinical-11-00620#0,2,2,2
C-clinical-11-00620#1,2,2,2
C-clinical-11-00620#2,1,1,0
C-clinical-11-00620#3,2,2,2
C-clinical-11-00620#4,1,1,1
C-clinical-11-00626#0,2,2,2
C-clinical-11-00626#1,2,2,2
C-clinical-11-00626#2,2,2,2
C-clinical-11-00626#3,2,2,2
C-clinical-11-00626#4,2,2,2
C-clinical-11-00627#0,2,2,2
C-clinical-11-00627#1,2,2,2
C-clinical-11-00627#2,2,2,2
C-clinical-11-00630#0,2,2,2
C-clinical-11-00630#1,2,2,2
C-clinical-11-00630#10,2,2,2
C-clinical-11-00630#3,2,2,2
C-clinical-11-00630#4,2,2,2
C-clinical-11-00630#5,2,2,2
C-clinical-11-00630#6,2,2,2
C-clinical-11-00630#7,2,2,2
C-clinical-11-00630#8,2,2,2
C-clinical-11-00630#9,2,2,2
C-clinical-11-00631#0,2,2,2
C-clinical-11-00631#1,2,2,2
C-clinical-11-00631#10,1,2,1
C-clinical-11-00631#11,2,2,2
C-clinical-11-00631#12,0,2,2
C-clinical-11-00631#13,2,2,2
C-clinical-11-00631#14,2,2,2
C-clinical-11-00631#2,2,2,1
C-clinical-11-00631#3,2,2,2
C-clinical-11-00631#4,2,2,2
C-clinical-11-00631#5,2,2,2
C-clinical-11-00631#6,2,2,2
C-clinical-11-00631#7,2,2,1
C-clinical-11-00631#8,2,2,2
C-clinical-11-00631#9,2,2,2
C-clinical-11-00634#0,2,2,2
C-clinical-11-00634#1,2,2,2
C-clinical-11-00634#2,2,2,2
C-clinical-11-00634#3,2,2,2
C-clinical-11-00634#4,2,2,2
C-clinical-11-00634#5,2,2,2
C-clinical-11-00636#0,2,2,2
C-clinical-11-00636#1,2,2,2
C-clinical-11-00636#2,2,2,2
C-clinical-11-00636#3,2,2,2
C-clinical-11-00636#4,2,2,2
C-clinical-11-00636#5,2,2,2
C-clinical-11-00640#0,2,2,2
C-clinical-11-00640#1,2,2,2
C-clinical-11-00640#10,2,2,2
C-clinical-11-00640#11,2,2,2
C-clinical-11-00640#2,2,2,2
C-clinical-11-00640#3,2,2,2
C-clinical-11-00640#4,2,2,2
C-clinical-11-00640#5,2,2,2
C-clinical-11-00640#6,2,2,2
C-clinical-11-00640#7,2,2,2
C-clinical-11-00640#8,2,2,2
C-clinical-11-00640#9,2,2,2
C-clinical-11-00641#0,2,2,2
C-clinical-11-00641#1,2,2,2
C-clinical-11-00641#3,2,2,2
C-clinical-11-00642#0,2,2,2
C-clinical-11-00642#1,2,2,2
C-clinical-11-00642#2,2,2,2
C-clinical-11-00642#3,2,2,2
C-clinical-11-00642#4,2,2,2
C-clinical-11-00642#5,2,2,2
C-clinical-11-00642#6,2,2,2
C-clinical-11-00642#7,1,1,1
C-clinical-11-00642#8,2,2,2
C-clinical-11-00646#0,2,2,2
C-clinical-11-00646#1,2,2,2
C-clinical-11-00646#2,2,2,2
C-clinical-11-00646#3,2,2,2
C-clinical-11-00646#4,2,2,2
C-clinical-11-00646#5,2,2,2
C-clinical-11-00646#6,2,2,2
C-clinical-11-00646#7,2,2,2
C-clinical-11-00646#8,2,2,2
C-clinical-11-00647#0,2,2,2
C-clinical-11-00647#1,2,2,2
C-clinical-11-00647#2,2,2,2
C-clinical-11-00650#0,2,2,2
C-clinical-11-00650#1,2,2,2
C-clinical-11-00650#2,2,2,2
C-clinical-11-00650#3,1,1,1
C-clinical-11-00650#4,2,2,2
C-clinical-11-00650#5,2,2,2
C-clinical-11-00650#6,2,2,2
C-clinical-11-00650#7,2,2,2
C-clinical-11-00650#8,2,2,2
C-clinical-11-00652#0,2,2,2
C-clinical-11-00652#1,2,2,2
C-clinical-11-00652#2,2,2,2
C-clinical-11-00652#3,1,1,2
C-clinical-11-00652#4,1,1,2
C-clinical-11-00654#0,2,2,2
C-clinical-11-00654#1,2,2,2
C-clinical-11-00654#2,2,2,2
C-clinical-11-00654#3,2,2,2
C-clinical-11-00654#4,2,2,2
C-clinical-11-00655#0,2,2,2
C-clinical-11-00655#1,1,1,1
C-clinical-11-00655#10,2,2,2
C-clinical-11-00655#11,2,2,2
C-clinical-11-00655#12,0,0,0
C-clinical-11-00655#2,2,2,2
C-clinical-11-00655#3,2,2,2
C-clinical-11-00655#4,0,2,2
C-clinical-11-00655#5,2,2,2
C-clinical-11-00655#6,2,2,2
C-clinical-11-00655#7,2,2,2
C-clinical-11-00655#8,0,0,0
C-clinical-11-00655#9,2,2,2
C-clinical-11-00656#0,2,2,2
C-clinical-11-00656#1,2,2,2
C-clinical-11-00656#10,2,2,2
C-clinical-11-00656#11,2,2,2
C-clinical-11-00656#2,2,2,2
C-clinical-11-00656#3,0,1,0
C-clinical-11-00656#4,2,2,2
C-clinical-11-00656#5,1,1,1
C-clinical-11-00656#6,2,2,2
C-clinical-11-00656#7,2,2,2
C-clinical-11-00656#8,2,2,2
C-clinical-11-00656#9,2,2,2
C-clinical-11-00658#0,2,2,2
C-clinical-11-00658#2,0,2,0
C-clinical-11-00658#3,2,2,2
C-clinical-11-00658#4,2,2,2
C-clinical-11-00661#0,2,2,2
C-clinical-11-00661#1,2,2,2
C-clinical-11-00661#2,2,2,2
C-clinical-11-00661#3,2,2,2
C-clinical-11-00661#4,2,2,2
C-clinical-11-00661#5,2,2,2
C-clinical-11-00661#6,2,2,2
C-clinical-11-00662#0,2,2,2
C-clinical-11-00662#1,2,2,2
C-clinical-11-00662#10,2,2,2
C-clinical-11-00662#11,2,2,2
C-clinical-11-00662#12,2,2,2
C-clinical-11-00662#13,2,2,2
C-clinical-11-00662#2,1,1,1
C-clinical-11-00662#3,2,2,2
C-clinical-11-00662#4,2,2,2
C-clinical-11-00662#5,2,2,2
C-clinical-11-00662#6,2,2,2
C-clinical-11-00662#7,2,2,2
C-clinical-11-00662#8,2,2,2
C-clinical-11-00662#9,2,2,1
C-clinical-11-00663#0,2,2,2
C-clinical-11-00663#1,2,2,2
C-clinical-11-00663#2,2,2,2
C-clinical-11-00663#3,1,1,1
C-clinical-11-00663#4,2,2,2
C-clinical-11-00663#5,2,2,2
C-clinical-11-00663#6,1,1,0
C-clinical-11-00664#0,2,2,2
C-clinical-11-00664#1,2,2,2
C-clinical-11-00664#3,2,2,2
C-clinical-11-00664#4,2,2,2
C-clinical-11-00665#0,2,2,2
C-clinical-11-00665#1,2,2,2
C-clinical-11-00665#2,2,2,2
C-clinical-11-00665#3,2,2,2
C-clinical-11-00665#4,2,2,2
C-clinical-11-00665#5,2,2,2
C-clinical-11-00667#0,2,2,2
C-clinical-11-00667#1,2,2,2
C-clinical-11-00667#2,2,2,2
C-clinical-11-00667#3,2,2,2
C-clinical-11-00671#0,2,2,2
C-clinical-11-00671#1,2,2,2
C-clinical-11-00671#2,2,2,2
C-clinical-11-00671#3,2,2,2
C-clinical-11-00671#4,2,2,2
C-clinical-11-00671#5,2,2,2
C-clinical-11-00671#6,2,2,1
C-clinical-11-00671#7,2,2,2
C-clinical-11-00671#8,2,2,2
C-clinical-11-00671#9,2,2,2
C-clinical-11-00674#0,2,2,2
C-clinical-11-00674#1,2,2,2
C-clinical-11-00674#10,2,2,2
C-clinical-11-00674#11,2,2,2
C-clinical-11-00674#2,2,2,2
C-clinical-11-00674#3,2,2,2
C-clinical-11-00674#4,2,2,2
C-clinical-11-00674#5,2,2,2
C-clinical-11-00674#6,2,2,2
C-clinical-11-00674#7,2,2,2
C-clinical-11-00674#8,2,2,2
C-clinical-11-00674#9,2,2,2
C-clinical-11-00677#0,2,2,2
C-clinical-11-00677#1,2,2,2
C-clinical-11-00677#10,2,2,2
C-clinical-11-00677#11,2,2,2
C-clinical-11-00677#2,2,2,2
C-clinical-11-00677#3,2,2,1
C-clinical-11-00677#5,2,2,2
C-clinical-11-00677#6,2,2,2
C-clinical-11-00677#7,2,2,2
C-clinical-11-00677#8,2,2,2
C-clinical-11-00677#9,2,2,2
C-clinical-11-00686#0,2,2,2
C-clinical-11-00686#1,2,2,2
C-clinical-11-00686#2,2,2,2
C-clinical-11-00686#3,2,2,2
C-clinical-11-00686#4,2,2,2
C-clinical-11-00686#5,2,2,2
C-clinical-11-00686#6,2,2,2
C-clinical-11-00686#7,2,2,2
C-clinical-11-00689#0,2,2,2
C-clinical-11-00689#1,2,2,2
C-clinical-11-00689#10,0,2,0
C-clinical-11-00689#11,2,2,2
C-clinical-11-00689#12,2,2,2
C-clinical-11-00689#2,2,2,2
C-clinical-11-00689#3,2,2,2
C-clinical-11-00689#4,2,2,2
C-clinical-11-00689#5,2,2,2
C-clinical-11-00689#6,2,2,2
C-clinical-11-00689#7,2,2,2
C-clinical-11-00689#8,2,2,2
C-clinical-11-00689#9,2,2,2
C-clinical-11-00691#0,2,2,2
C-clinical-11-00691#1,2,2,2
C-clinical-11-00691#2,2,2,2
C-clinical-11-00691#3,2,2,2
C-clinical-11-00691#4,2,2,2
C-clinical-11-00691#5,0,1,0
C-clinical-11-00691#6,2,2,2
C-clinical-11-00693#0,2,2,2
C-clinical-11-00693#1,2,2,2
C-clinical-11-00693#2,2,2,2
C-clinical-11-00693#3,2,2,2
C-clinical-11-00693#4,2,2,2
C-clinical-11-00693#5,2,2,2
C-clinical-11-00693#6,2,2,2
C-clinical-11-00693#7,2,2,2
C-clinical-11-00693#8,2,2,2
C-clinical-11-00693#9,2,2,2
C-clinical-11-00694#0,2,2,2
C-clinical-11-00694#1,1,1,1
C-clinical-11-00694#2,2,2,2
C-clinical-11-00694#3,2,2,2
C-clinical-11-00697#0,2,2,2
C-clinical-11-00697#1,2,2,2
C-clinical-11-00697#10,2,2,2
C-clinical-11-00697#2,2,2,2
C-clinical-11-00697#3,2,2,2
C-clinical-11-00697#4,2,2,2
C-clinical-11-00697#5,2,2,2
C-clinical-11-00697#6,2,2,2
C-clinical-11-00697#7,2,2,2
C-clinical-11-00697#8,2,2,2
C-clinical-11-00697#9,2,2,2
C-clinical-11-00701#0,2,2,2
C-clinical-11-00701#1,2,2,2
C-clinical-11-00701#2,2,2,2
C-clinical-11-00701#3,2,2,2
C-clinical-11-00701#4,2,2,2
C-clinical-11-00701#5,2,2,2
C-clinical-11-00701#6,2,2,2
C-clinical-11-00701#7,2,2,2
C-clinical-11-00702#0,2,2,2
C-clinical-11-00702#1,2,2,2
C-clinical-11-00702#2,2,2,2
C-clinical-11-00702#3,2,2,2
C-clinical-11-00702#4,1,1,1
C-clinical-11-00705#0,2,2,2
C-clinical-11-00705#1,2,2,2
C-clinical-11-00705#2,2,2,2
C-clinical-11-00705#3,2,2,2
C-clinical-11-00705#4,2,2,2
C-clinical-11-00705#5,2,2,2
C-clinical-11-00705#6,2,2,2
C-clinical-11-00705#7,2,2,2
C-clinical-11-00705#8,2,2,2
C-clinical-11-00707#0,2,2,2
C-clinical-11-00707#1,2,2,0
C-clinical-11-00707#3,2,2,2
C-clinical-11-00707#4,2,2,2
C-clinical-11-00707#5,2,2,2
C-clinical-11-00707#6,2,2,2
C-clinical-11-00707#7,2,2,2
C-clinical-11-00707#8,2,2,2
C-clinical-11-00709#0,2,2,2
C-clinical-11-00709#1,2,2,2
C-clinical-11-00709#10,2,2,1
C-clinical-11-00709#11,2,2,1
C-clinical-11-00709#12,2,2,2
C-clinical-11-00709#13,2,2,2
C-clinical-11-00709#14,2,2,2
C-clinical-11-00709#15,2,2,2
C-clinical-11-00709#16,0,2,0
C-clinical-11-00709#2,2,2,2
C-clinical-11-00709#3,2,2,2
C-clinical-11-00709#4,2,2,2
C-clinical-11-00709#5,1,1,1
C-clinical-11-00709#6,2,2,2
C-clinical-11-00709#7,2,2,2
C-clinical-11-00709#8,2,2,2
C-clinical-11-00709#9,2,2,2
C-clinical-11-00711#0,2,2,2
C-clinical-11-00711#1,2,2,2
C-clinical-11-00711#10,2,2,2
C-clinical-11-00711#2,2,2,2
C-clinical-11-00711#3,2,2,2
C-clinical-11-00711#4,2,2,2
C-clinical-11-00711#5,2,2,2
C-clinical-11-00711#7,2,2,2
C-clinical-11-00711#8,2,2,2
C-clinical-11-00711#9,2,2,2
C-clinical-11-00715#0,2,2,2
C-clinical-11-00715#2,2,2,2
C-clinical-11-00715#3,1,2,2
C-clinical-11-00715#4,2,2,2
C-clinical-11-00715#5,2,2,2
C-clinical-11-00715#6,1,1,1
C-clinical-11-00715#7,2,2,2
C-clinical-11-00716#0,2,2,2
C-clinical-11-00716#1,2,2,2
C-clinical-11-00716#2,2,2,2
C-clinical-11-00716#3,2,2,2
C-clinical-11-00716#4,2,2,2
C-clinical-11-00717#0,2,2,2
C-clinical-11-00717#1,2,2,2
C-clinical-11-00717#10,2,2,2
C-clinical-11-00717#2,2,2,2
C-clinical-11-00717#3,2,2,2
C-clinical-11-00717#4,2,2,2
C-clinical-11-00717#5,2,2,2
C-clinical-11-00717#6,2,2,2
C-clinical-11-00717#7,2,2,2
C-clinical-11-00717#8,2,2,2
C-clinical-11-00717#9,2,2,2
C-clinical-11-00719#0,2,2,2
C-clinical-11-00719#1,2,2,2
C-clinical-11-00719#2,2,2,2
C-clinical-11-00719#3,1,1,1
C-clinical-11-00719#4,2,2,2
C-clinical-11-00719#5,2,2,2
C-clinical-11-00719#6,2,2,2
C-clinical-11-00719#7,2,2,2
C-clinical-11-00721#0,2,2,2
C-clinical-11-00721#1,2,2,2
C-clinical-11-00721#2,2,2,2
C-clinical-11-00721#3,2,2,2
C-clinical-11-00721#4,2,2,2
C-clinical-11-00721#5,2,2,2
C-clinical-11-00721#6,2,2,2
C-clinical-11-00721#7,2,2,2
C-clinical-11-00721#8,2,2,2
C-clinical-11-00721#9,2,2,2
C-clinical-11-00727#0,2,2,2
C-clinical-11-00727#1,2,2,2
C-clinical-11-00727#10,2,2,2
C-clinical-11-00727#12,2,2,2
C-clinical-11-00727#2,2,2,2
C-clinical-11-00727#4,2,2,2
C-clinical-11-00727#5,2,2,2
C-clinical-11-00727#6,2,2,2
C-clinical-11-00727#7,2,2,2
C-clinical-11-00727#8,2,2,2
C-clinical-11-00727#9,2,2,2
C-clinical-11-00729#0,2,2,2
C-clinical-11-00729#1,1,2,2
C-clinical-11-00729#2,2,2,2
C-clinical-11-00729#3,2,2,2
C-clinical-11-00729#4,2,2,0
C-clinical-11-00729#5,2,2,2
C-clinical-11-00730#0,2,2,2
C-clinical-11-00730#1,0,2,1
C-clinical-11-00730#2,2,2,2
C-clinical-11-00730#3,1,2,1
C-clinical-11-00730#4,0,2,0
C-clinical-11-00730#5,2,2,2
C-clinical-11-00730#6,2,2,2
C-clinical-11-00730#7,2,2,2
C-clinical-11-00730#8,2,2,2
C-clinical-11-00732#1,2,2,2
C-clinical-11-00732#10,2,2,2
C-clinical-11-00732#11,2,2,2
C-clinical-11-00732#2,2,2,2
C-clinical-11-00732#3,2,2,2
C-clinical-11-00732#4,2,2,2
C-clinical-11-00732#5,2,2,2
C-clinical-11-00732#6,2,2,2
C-clinical-11-00732#7,2,2,2
C-clinical-11-00732#8,2,2,2
C-clinical-11-00732#9,2,2,2
C-clinical-11-00736#0,2,2,2
C-clinical-11-00736#1,2,2,2
C-clinical-11-00736#2,2,2,2
C-clinical-11-00736#3,2,2,2
C-clinical-11-00738#0,2,2,2
C-clinical-11-00738#1,2,2,2
C-clinical-11-00738#2,2,2,2
C-clinical-11-00738#3,2,2,2
C-clinical-11-00738#4,2,2,2
C-clinical-11-00738#5,2,2,2
C-clinical-11-00738#6,2,2,2
C-clinical-11-00738#7,0,0,0
C-clinical-11-00738#8,2,2,2
C-clinical-11-00738#9,2,2,2
C-clinical-11-00741#0,2,2,2
C-clinical-11-00741#1,2,2,2
C-clinical-11-00741#2,2,2,2
C-clinical-11-00741#3,2,2,2
C-clinical-11-00741#4,2,2,2
C-clinical-11-00741#5,2,2,2
C-clinical-11-00743#0,2,2,2
C-clinical-11-00743#1,2,2,2
C-clinical-11-00743#2,2,2,2
C-clinical-11-00743#3,2,2,2
C-clinical-11-00743#4,2,2,2
C-clinical-11-00743#5,2,2,2
C-clinical-11-00743#6,2,2,2
C-clinical-11-00743#7,2,2,2
C-clinical-11-00743#8,2,2,2
C-clinical-11-00745#0,2,2,2
C-clinical-11-00745#1,2,2,2
C-clinical-11-00745#2,0,1,0
C-clinical-11-00745#3,2,2,2
C-clinical-11-00745#4,2,2,2
C-clinical-11-00745#5,2,2,2
C-clinical-11-00745#6,2,2,2
C-clinical-11-00745#7,2,2,2
C-clinical-11-00746#0,2,2,2
C-clinical-11-00746#1,2,2,2
C-clinical-11-00746#2,2,2,2
C-clinical-11-00746#3,2,2,2
C-clinical-11-00746#4,1,2,1
C-clinical-11-00746#5,2,2,2
C-clinical-11-00746#6,1,2,1
C-clinical-11-00746#7,1,2,1
C-clinical-11-00746#8,2,2,2
C-clinical-11-00747#0,2,2,2
C-clinical-11-00747#1,2,2,2
C-clinical-11-00747#2,2,2,2
C-clinical-11-00747#3,2,2,1
C-clinical-11-00747#4,2,2,2
C-clinical-11-00748#1,2,2,2
C-clinical-11-00748#2,2,2,2
C-clinical-11-00748#3,2,2,2
C-clinical-11-00748#5,2,2,2
C-clinical-11-00748#6,2,2,2
C-clinical-11-00753#0,2,2,2
C-clinical-11-00753#1,2,2,2
C-clinical-11-00753#2,2,2,2
C-clinical-11-00753#3,2,2,2
C-clinical-11-00753#4,2,2,2
C-clinical-11-00753#5,2,2,2
C-clinical-11-00753#6,2,2,2
C-clinical-11-00753#7,2,2,2
C-clinical-11-00753#8,2,2,2
C-clinical-11-00754#0,2,2,2
C-clinical-11-00754#1,2,2,2
C-clinical-11-00754#2,2,2,2
C-clinical-11-00754#3,2,2,2
C-clinical-11-00754#4,2,2,2
C-clinical-11-00754#5,2,2,2
C-clinical-11-00754#6,2,2,2
C-clinical-11-00754#7,2,2,2
C-clinical-11-00761#0,2,2,2
C-clinical-11-00761#1,2,2,2
C-clinical-11-00761#2,2,2,2
C-clinical-11-00761#3,2,2,2
C-clinical-11-00761#4,2,2,2
C-clinical-11-00762#0,2,2,2
C-clinical-11-00762#1,2,2,2
C-clinical-11-00762#10,2,2,2
C-clinical-11-00762#11,2,2,2
C-clinical-11-00762#12,2,2,2
C-clinical-11-00762#13,2,2,2
C-clinical-11-00762#2,2,2,2
C-clinical-11-00762#3,2,2,2
C-clinical-11-00762#4,2,2,2
C-clinical-11-00762#5,2,2,2
C-clinical-11-00762#6,2,2,2
C-clinical-11-00762#7,2,2,2
C-clinical-11-00762#8,2,2,2
C-clinical-11-00762#9,2,2,2
C-clinical-11-00765#0,2,2,2
C-clinical-11-00765#1,2,2,2
C-clinical-11-00765#2,2,2,2
C-clinical-11-00765#3,2,2,2
C-clinical-11-00765#4,2,2,2
C-clinical-11-00765#5,2,2,2
C-clinical-11-00765#6,2,2,2
C-clinical-11-00765#7,2,2,2
C-clinical-11-00765#8,2,2,2
C-clinical-11-00765#9,2,2,2
C-clinical-11-00768#0,2,2,2
C-clinical-11-00768#1,2,2,2
C-clinical-11-00768#2,1,2,1
C-clinical-11-00768#3,2,2,2
C-clinical-11-00768#4,2,2,2
C-clinical-11-00768#5,2,2,2
C-clinical-11-00768#6,1,2,1
C-clinical-11-00769#0,2,2,2
C-clinical-11-00769#1,2,2,2
C-clinical-11-00769#2,2,2,2
C-clinical-11-00769#3,2,2,2
C-clinical-11-00769#4,2,2,2
C-clinical-11-00769#5,2,2,2
C-clinical-11-00769#6,2,2,2
C-clinical-11-00769#7,1,2,2
C-clinical-11-00769#8,2,2,2
C-clinical-11-00771#0,2,2,2
C-clinical-11-00771#1,1,1,1
C-clinical-11-00771#2,2,2,2
C-clinical-11-00771#3,2,2,2
C-clinical-11-00771#4,2,2,2
C-clinical-11-00771#5,2,2,2
C-clinical-11-00771#6,2,2,2
C-clinical-11-00774#0,2,2,2
C-clinical-11-00774#1,2,2,2
C-clinical-11-00774#2,1,1,1
C-clinical-11-00774#3,2,2,2
C-clinical-11-00774#4,2,2,2
C-clinical-11-00774#5,2,2,2
C-clinical-11-00774#6,2,2,2
C-clinical-11-00774#7,2,2,2
C-clinical-11-00775#0,2,2,2
C-clinical-11-00775#1,2,2,2
C-clinical-11-00775#2,2,2,2
C-clinical-11-00775#3,2,2,2
C-clinical-11-00775#4,2,2,2
C-clinical-11-00776#0,2,2,2
C-clinical-11-00776#2,2,2,2
C-clinical-11-00776#3,2,2,2
C-clinical-11-00776#4,2,2,2
C-clinical-11-00776#5,2,2,2
C-clinical-11-00776#6,2,2,2
C-clinical-11-00776#7,2,2,2
C-clinical-11-00777#0,2,2,2
C-clinical-11-00777#1,2,2,0
C-clinical-11-00777#2,2,2,2
C-clinical-11-00777#3,0,2,0
C-clinical-11-00777#4,2,2,2
C-clinical-11-00778#0,2,2,2
C-clinical-11-00778#1,2,2,2
C-clinical-11-00778#10,2,2,2
C-clinical-11-00778#2,2,2,2
C-clinical-11-00778#3,2,2,2
C-clinical-11-00778#4,2,2,2
C-clinical-11-00778#5,2,2,2
C-clinical-11-00778#6,1,2,2
C-clinical-11-00778#7,1,1,1
C-clinical-11-00778#8,2,2,2
C-clinical-11-00778#9,2,2,2
C-clinical-11-00779#0,2,2,2
C-clinical-11-00779#1,2,2,2
C-clinical-11-00779#10,2,2,2
C-clinical-11-00779#2,2,2,2
C-clinical-11-00779#3,1,2,1
C-clinical-11-00779#4,2,2,2
C-clinical-11-00779#5,2,2,2
C-clinical-11-00779#6,2,2,2
C-clinical-11-00779#7,2,2,2
C-clinical-11-00779#8,2,2,2
C-clinical-11-00779#9,2,2,2
C-clinical-11-00780#0,2,2,2
C-clinical-11-00780#1,2,2,2
C-clinical-11-00780#2,2,2,2
C-clinical-11-00780#3,2,2,2
C-clinical-11-00780#4,2,2,2
C-clinical-11-00783#0,2,2,2
C-clinical-11-00783#1,1,1,0
C-clinical-11-00783#2,2,2,2
C-clinical-11-00783#3,2,2,2
C-clinical-11-00783#4,2,2,2
C-clinical-11-00783#5,2,2,2
C-clinical-11-00783#6,2,2,2
C-clinical-11-00783#7,2,2,2
C-clinical-11-00783#8,2,2,2
C-clinical-11-00788#0,2,2,2
C-clinical-11-00788#1,2,2,2
C-clinical-11-00788#10,2,2,2
C-clinical-11-00788#11,1,2,1
C-clinical-11-00788#12,2,2,2
C-clinical-11-00788#13,2,2,2
C-clinical-11-00788#2,2,2,2
C-clinical-11-00788#3,2,2,2
C-clinical-11-00788#4,2,2,2
C-clinical-11-00788#5,2,2,2
C-clinical-11-00788#6,2,2,2
C-clinical-11-00788#7,2,2,2
C-clinical-11-00788#8,0,2,1
C-clinical-11-00788#9,2,2,2
C-clinical-11-00789#0,2,2,2
C-clinical-11-00789#1,2,2,2
C-clinical-11-00789#2,2,2,2
C-clinical-11-00789#3,2,2,2
C-clinical-11-00789#4,2,2,2
C-clinical-11-00789#5,2,2,2
C-clinical-11-00790#0,2,2,2
C-clinical-11-00790#1,2,2,2
C-clinical-11-00790#3,2,2,2
C-clinical-11-00790#4,2,2,2
C-clinical-11-00790#5,2,2,2
C-clinical-11-00790#6,2,2,2
C-clinical-11-00790#7,2,2,2
C-clinical-11-00791#0,2,2,2
C-clinical-11-00791#1,2,2,2
C-clinical-11-00791#2,2,2,2
C-clinical-11-00791#3,2,2,2
C-clinical-11-00791#4,2,2,2
C-clinical-11-00792#0,2,2,2
C-clinical-11-00792#1,2,2,2
C-clinical-11-00792#10,2,2,2
C-clinical-11-00792#11,2,2,2
C-clinical-11-00792#2,2,2,2
C-clinical-11-00792#3,2,2,2
C-clinical-11-00792#4,2,2,2
C-clinical-11-00792#5,2,2,2
C-clinical-11-00792#6,2,2,2
C-clinical-11-00792#7,2,2,1
C-clinical-11-00792#8,2,2,2
C-clinical-11-00792#9,2,2,2
C-clinical-11-00793#0,2,2,2
C-clinical-11-00793#1,2,2,2
C-clinical-11-00793#2,1,1,1
C-clinical-11-00793#3,2,2,2
C-clinical-11-00793#4,2,2,2
C-clinical-11-00793#5,2,2,2
C-clinical-11-00798#0,2,2,2
C-clinical-11-00798#1,2,2,2
C-clinical-11-00798#10,2,2,2
C-clinical-11-00798#3,2,2,2
C-clinical-11-00798#4,2,2,2
C-clinical-11-00798#5,0,2,0
C-clinical-11-00798#6,1,2,1
C-clinical-11-00798#7,2,2,2
C-clinical-11-00798#8,2,2,2
C-clinical-11-00798#9,2,2,2
C-clinical-11-00800#0,2,2,2
C-clinical-11-00800#1,2,2,2
C-clinical-11-00800#10,2,2,2
C-clinical-11-00800#11,2,2,2
C-clinical-11-00800#12,2,2,2
C-clinical-11-00800#13,2,2,2
C-clinical-11-00800#14,2,2,2
C-clinical-11-00800#15,2,2,2
C-clinical-11-00800#16,2,2,1
C-clinical-11-00800#17,2,2,2
C-clinical-11-00800#2,2,2,2
C-clinical-11-00800#3,2,2,2
C-clinical-11-00800#4,2,2,2
C-clinical-11-00800#5,0,2,0
C-clinical-11-00800#6,2,2,0
C-clinical-11-00800#7,2,2,2
C-clinical-11-00800#8,2,2,2
C-clinical-11-00800#9,2,2,2
C-clinical-11-00801#0,2,2,2
C-clinical-11-00801#1,2,2,2
C-clinical-11-00801#2,2,2,2
C-clinical-11-00801#3,2,2,2
C-clinical-11-00802#0,2,2,2
C-clinical-11-00802#1,2,2,2
C-clinical-11-00802#2,2,2,2
C-clinical-11-00802#3,2,2,2
C-clinical-11-00802#4,2,2,2
C-clinical-11-00803#0,2,2,2
C-clinical-11-00803#1,2,2,2
C-clinical-11-00803#2,2,2,2
C-clinical-11-00803#3,2,2,2
C-clinical-11-00803#4,2,2,2
C-clinical-11-00803#5,2,2,2
C-clinical-11-00803#6,2,2,2
C-clinical-11-00806#0,2,2,2
C-clinical-11-00806#1,2,2,2
C-clinical-11-00806#2,2,2,2
C-clinical-11-00806#3,2,2,2
C-clinical-11-00806#4,2,2,2
C-clinical-11-00814#0,2,2,2
C-clinical-11-00814#1,2,2,2
C-clinical-11-00814#2,2,2,2
C-clinical-11-00814#3,2,2,2
C-clinical-11-00815#0,2,2,2
C-clinical-11-00815#1,2,2,2
C-clinical-11-00815#2,0,2,0
C-clinical-11-00815#3,2,2,2
C-clinical-11-00815#4,2,2,2
C-clinical-11-00817#0,2,2,2
C-clinical-11-00817#1,2,2,2
C-clinical-11-00817#2,2,2,2
C-clinical-11-00817#3,1,1,1
C-clinical-11-00817#4,2,2,2
C-clinical-11-00821#0,2,2,2
C-clinical-11-00821#1,2,2,2
C-clinical-11-00821#2,2,2,2
C-clinical-11-00821#3,2,2,2
C-clinical-11-00821#4,2,2,2
C-clinical-11-00821#5,2,2,2
C-clinical-11-00821#6,2,2,2
C-clinical-11-00821#7,2,2,2
C-clinical-11-00823#0,2,2,2
C-clinical-11-00823#1,2,2,2
C-clinical-11-00823#2,2,2,2
C-clinical-11-00823#3,2,2,2
C-clinical-11-00823#4,2,2,2
C-clinical-11-00829#0,2,2,2
C-clinical-11-00829#1,2,2,2
C-clinical-11-00829#2,1,1,1
C-clinical-11-00829#3,2,2,2
C-clinical-11-00829#4,1,2,1
C-clinical-11-00829#5,2,2,2
C-clinical-11-00829#6,2,2,2
C-clinical-11-00829#7,2,2,2
C-clinical-11-00829#8,2,2,2
C-clinical-11-00835#0,2,2,2
C-clinical-11-00835#2,2,2,2
C-clinical-11-00835#3,2,2,2
C-clinical-11-00835#4,2,2,2
C-clinical-11-00836#0,2,2,2
C-clinical-11-00836#1,2,2,2
C-clinical-11-00836#2,2,2,2
C-clinical-11-00836#3,2,2,2
C-clinical-11-00836#4,2,2,2
C-clinical-11-00836#5,2,2,2
C-clinical-11-00836#6,2,2,2
C-clinical-11-00837#0,2,2,2
C-clinical-11-00837#1,2,2,2
C-clinical-11-00837#2,2,2,2
C-clinical-11-00837#3,2,2,2
C-clinical-11-00837#4,2,2,2
C-clinical-11-00838#0,2,2,2
C-clinical-11-00838#1,2,2,2
C-clinical-11-00838#2,2,2,2
C-clinical-11-00838#3,2,2,2
C-clinical-11-00838#4,2,2,2
C-clinical-11-00838#5,2,2,2
C-clinical-11-00839#0,2,2,2
C-clinical-11-00839#1,2,2,2
C-clinical-11-00839#2,2,2,2
C-clinical-11-00839#3,2,2,2
C-clinical-11-00839#4,2,2,2
C-clinical-11-00839#5,2,2,2
C-clinical-11-00839#6,2,2,2
C-clinical-11-00839#7,2,2,2
C-clinical-11-00843#0,2,2,2
C-clinical-11-00843#1,2,2,2
C-clinical-11-00843#2,2,2,2
C-clinical-11-00843#3,2,2,2
C-clinical-11-00843#4,2,2,2
C-clinical-11-00843#5,2,2,2
C-clinical-11-00843#6,2,2,2
C-clinical-11-00843#7,2,2,2
C-clinical-11-00843#8,2,2,2
C-clinical-11-00845#0,2,2,2
C-clinical-11-00845#1,2,2,2
C-clinical-11-00845#10,2,2,2
C-clinical-11-00845#11,2,2,2
C-clinical-11-00845#2,2,2,2
C-clinical-11-00845#3,2,2,2
C-clinical-11-00845#4,2,2,2
C-clinical-11-00845#5,2,2,2
C-clinical-11-00845#6,2,2,2
C-clinical-11-00845#7,2,2,2
C-clinical-11-00845#8,2,2,2
C-clinical-11-00845#9,2,2,2
C-clinical-11-00846#1,2,2,2
C-clinical-11-00846#10,2,2,2
C-clinical-11-00846#2,2,2,2
C-clinical-11-00846#3,2,2,2
C-clinical-11-00846#4,2,2,2
C-clinical-11-00846#5,2,2,2
C-clinical-11-00846#6,2,2,2
C-clinical-11-00846#7,2,2,2
C-clinical-11-00846#8,2,2,2
C-clinical-11-00846#9,2,2,2
C-clinical-11-00848#0,2,2,2
C-clinical-11-00848#1,2,2,2
C-clinical-11-00848#2,2,2,2
C-clinical-11-00848#3,2,2,2
C-clinical-11-00848#4,1,1,1
C-clinical-11-00848#5,2,2,2
C-clinical-11-00848#6,2,2,2
C-clinical-11-00848#7,2,2,2
C-clinical-11-00848#8,0,0,0
C-clinical-11-00852#0,2,2,2
C-clinical-11-00852#1,2,2,2
C-clinical-11-00852#10,2,2,2
C-clinical-11-00852#11,2,2,2
C-clinical-11-00852#12,2,2,2
C-clinical-11-00852#2,2,2,2
C-clinical-11-00852#3,2,2,1
C-clinical-11-00852#4,2,2,2
C-clinical-11-00852#5,2,2,2
C-clinical-11-00852#6,2,2,2
C-clinical-11-00852#7,2,2,2
C-clinical-11-00852#8,2,2,2
C-clinical-11-00852#9,2,2,2
C-clinical-11-00854#0,2,2,2
C-clinical-11-00854#1,2,2,2
C-clinical-11-00854#2,2,2,2
C-clinical-11-00854#3,2,2,2
C-clinical-11-00854#4,2,2,2
C-clinical-11-00854#5,2,2,2
C-clinical-11-00854#6,2,2,2
C-clinical-11-00854#7,2,2,2
C-clinical-11-00857#0,2,2,2
C-clinical-11-00857#1,2,2,2
C-clinical-11-00857#10,2,2,2
C-clinical-11-00857#11,2,2,2
C-clinical-11-00857#12,1,1,1
C-clinical-11-00857#13,2,2,2
C-clinical-11-00857#2,2,2,2
C-clinical-11-00857#3,2,2,2
C-clinical-11-00857#4,2,2,2
C-clinical-11-00857#5,2,2,2
C-clinical-11-00857#6,2,2,2
C-clinical-11-00857#7,0,2,0
C-clinical-11-00857#8,2,2,2
C-clinical-11-00857#9,2,2,2
C-clinical-11-00860#0,2,2,2
C-clinical-11-00860#2,2,2,2
C-clinical-11-00860#3,1,2,1
C-clinical-11-00860#4,2,2,2
C-clinical-11-00860#5,1,1,1
C-clinical-11-00860#6,2,2,2
C-clinical-11-00860#7,2,2,2
C-clinical-11-00860#8,2,2,2
C-clinical-11-00860#9,2,2,2
C-clinical-11-00861#0,2,2,2
C-clinical-11-00861#1,2,2,2
C-clinical-11-00861#2,2,2,2
C-clinical-11-00861#3,2,2,2
C-clinical-11-00861#4,2,2,2
C-clinical-11-00861#5,2,2,2
C-clinical-11-00861#6,2,2,2
C-clinical-11-00863#0,2,2,2
C-clinical-11-00863#1,2,2,2
C-clinical-11-00863#2,2,2,2
C-clinical-11-00863#3,2,2,2
C-clinical-11-00863#4,2,2,2
C-clinical-11-00863#5,2,2,2
C-clinical-11-00863#6,2,2,2
C-clinical-11-00863#7,2,2,2
C-clinical-11-00863#8,2,2,2
C-clinical-11-00863#9,2,2,2
C-clinical-11-00867#0,2,2,2
C-clinical-11-00867#1,2,2,2
C-clinical-11-00867#2,2,2,2
C-clinical-11-00867#3,2,2,2
C-clinical-11-00867#4,2,2,2
C-clinical-11-00867#5,2,2,0
C-clinical-11-00867#6,2,2,2
C-clinical-11-00867#7,2,2,2
C-clinical-11-00868#0,2,2,2
C-clinical-11-00868#1,2,2,2
C-clinical-11-00868#2,2,2,2
C-clinical-11-00868#3,2,2,2
C-clinical-11-00869#0,2,2,2
C-clinical-11-00869#1,2,2,2
C-clinical-11-00869#2,2,2,2
C-clinical-11-00869#3,2,2,2
C-clinical-11-00869#4,2,2,2
C-clinical-11-00869#5,2,2,2
C-clinical-11-00869#6,2,2,2
C-clinical-11-00869#7,2,2,2
C-clinical-11-00873#0,2,2,2
C-clinical-11-00873#1,2,2,2
C-clinical-11-00873#2,2,2,2
C-clinical-11-00873#3,2,2,2
C-clinical-11-00873#4,0,1,0
C-clinical-11-00877#0,2,2,2
C-clinical-11-00877#1,2,2,2
C-clinical-11-00877#2,2,2,2
C-clinical-11-00877#3,2,2,2
C-clinical-11-00877#4,2,2,2
C-clinical-11-00877#5,2,2,2
C-clinical-11-00879#0,2,2,2
C-clinical-11-00879#1,2,2,2
C-clinical-11-00879#2,2,2,2
C-clinical-11-00879#3,2,2,2
C-clinical-11-00879#4,2,2,2
C-clinical-11-00879#5,2,2,2
C-clinical-11-00879#6,2,2,2
C-clinical-11-00879#7,2,2,2
C-clinical-11-00879#8,2,2,2
C-clinical-11-00879#9,2,2,2
C-clinical-11-00883#0,2,2,2
C-clinical-11-00883#1,2,2,2
C-clinical-11-00883#2,2,2,2
C-clinical-11-00883#3,2,2,2
C-clinical-11-00883#4,2,2,2
C-clinical-11-00883#5,2,2,2
C-clinical-11-00885#0,2,2,2
C-clinical-11-00885#1,2,2,1
C-clinical-11-00885#2,2,2,2
C-clinical-11-00885#3,1,1,1
C-clinical-11-00885#4,2,2,2
C-clinical-11-00885#5,2,2,2
C-clinical-11-00885#6,2,2,2
C-clinical-11-00885#7,2,2,2
C-clinical-11-00885#8,2,2,2
C-clinical-11-00885#9,2,2,2
C-clinical-11-00888#0,2,2,2
C-clinical-11-00888#2,2,2,2
C-clinical-11-00888#3,2,2,2
C-clinical-11-00889#0,2,2,2
C-clinical-11-00889#1,2,2,2
C-clinical-11-00889#2,2,2,2
C-clinical-11-00889#3,2,2,2
C-clinical-11-00889#4,2,2,2
C-clinical-11-00889#5,2,2,2
C-clinical-11-00889#6,0,1,0
C-clinical-11-00889#7,2,2,2
C-clinical-11-00889#8,2,2,2
C-clinical-11-00890#0,2,2,2
C-clinical-11-00890#1,2,2,2
C-clinical-11-00890#2,2,2,2
C-clinical-11-00890#3,2,2,2
C-clinical-11-00890#4,2,2,2
C-clinical-11-00891#0,2,2,2
C-clinical-11-00891#1,2,2,2
C-clinical-11-00891#2,2,2,2
C-clinical-11-00891#3,2,2,2
C-clinical-11-00891#4,2,2,2
C-clinical-11-00891#5,2,2,2
C-clinical-11-00891#6,2,2,2
C-clinical-11-00891#7,2,2,2
C-clinical-11-00892#0,2,2,2
C-clinical-11-00892#1,2,2,1
C-clinical-11-00892#2,2,2,2
C-clinical-11-00893#0,2,2,2
C-clinical-11-00893#1,2,2,2
C-clinical-11-00893#2,2,2,2
C-clinical-11-00893#3,2,2,2
C-clinical-11-00893#4,2,2,2
C-clinical-11-00893#5,1,1,1
C-clinical-11-00893#6,2,2,2
C-clinical-11-00893#7,2,2,2
C-clinical-11-00893#8,1,1,1
C-clinical-11-00894#0,2,2,2
C-clinical-11-00894#1,2,2,2
C-clinical-11-00894#2,2,2,2
C-clinical-11-00894#3,2,2,2
C-clinical-11-00894#4,2,2,2
C-clinical-11-00895#0,2,2,2
C-clinical-11-00895#1,2,2,2
C-clinical-11-00895#2,1,1,0
C-clinical-11-00895#3,2,2,2
C-clinical-11-00895#4,2,2,2
C-clinical-11-00895#5,2,2,2
C-clinical-11-00895#6,2,2,2
C-clinical-11-00895#7,2,2,2
C-clinical-11-00896#0,2,2,2
C-clinical-11-00896#1,2,2,2
C-clinical-11-00896#2,2,2,2
C-clinical-11-00896#3,1,1,1
C-clinical-11-00896#4,2,2,2
C-clinical-11-00896#5,2,2,2
C-clinical-11-00896#6,2,2,2
C-clinical-11-00896#7,2,2,2
C-clinical-11-00896#8,1,2,0
C-clinical-11-00896#9,2,2,2
C-clinical-11-00899#0,2,2,2
C-clinical-11-00899#1,2,2,2
C-clinical-11-00899#10,2,2,2
C-clinical-11-00899#2,2,2,2
C-clinical-11-00899#3,2,2,2
C-clinical-11-00899#4,2,2,2
C-clinical-11-00899#5,2,2,2
C-clinical-11-00899#6,2,2,2
C-clinical-11-00899#7,2,2,2
C-clinical-11-00899#8,2,2,2
C-clinical-11-00899#9,2,2,2
C-clinical-11-00901#0,2,2,2
C-clinical-11-00901#1,2,2,2
C-clinical-11-00901#10,0,2,2
C-clinical-11-00901#2,2,2,2
C-clinical-11-00901#3,2,2,2
C-clinical-11-00901#4,2,2,2
C-clinical-11-00901#5,2,2,2
C-clinical-11-00901#6,2,2,2
C-clinical-11-00901#7,2,2,2
C-clinical-11-00901#8,2,2,2
C-clinical-11-00901#9,2,2,2
C-clinical-11-00902#0,2,2,2
C-clinical-11-00902#1,0,0,0
C-clinical-11-00902#10,2,2,2
C-clinical-11-00902#11,2,2,2
C-clinical-11-00902#2,2,2,2
C-clinical-11-00902#3,2,2,2
C-clinical-11-00902#5,2,2,2
C-clinical-11-00902#6,2,2,2
C-clinical-11-00902#7,2,2,2
C-clinical-11-00902#8,2,2,2
C-clinical-11-00902#9,2,2,2
C-clinical-11-00904#0,2,2,2
C-clinical-11-00904#1,2,2,2
C-clinical-11-00904#10,2,2,2
C-clinical-11-00904#2,2,2,2
C-clinical-11-00904#3,2,2,2
C-clinical-11-00904#4,2,2,2
C-clinical-11-00904#5,0,2,0
C-clinical-11-00904#6,2,2,2
C-clinical-11-00904#7,2,2,2
C-clinical-11-00904#8,2,2,2
C-clinical-11-00904#9,2,2,2
C-clinical-11-00907#0,2,2,2
C-clinical-11-00907#1,2,2,2
C-clinical-11-00907#2,2,2,2
C-clinical-11-00907#3,2,2,2
C-clinical-11-00908#0,2,2,2
C-clinical-11-00908#1,2,2,2
C-clinical-11-00908#2,2,2,2
C-clinical-11-00908#3,2,2,2
C-clinical-11-00908#4,2,2,2
C-clinical-11-00908#6,2,2,2
C-clinical-11-00908#7,2,2,2
C-clinical-11-00908#8,2,2,2
C-clinical-11-00910#0,2,2,2
C-clinical-11-00910#1,2,2,2
C-clinical-11-00910#2,2,2,2
C-clinical-11-00910#3,1,1,1
C-clinical-11-00910#4,2,2,2
C-clinical-11-00916#0,2,2,2
C-clinical-11-00916#1,2,2,2
C-clinical-11-00916#2,2,2,2
C-clinical-11-00916#3,2,2,2
C-clinical-11-00916#4,2,2,2
C-clinical-11-00918#0,2,2,2
C-clinical-11-00918#1,2,2,2
C-clinical-11-00918#3,2,2,2
C-clinical-11-00918#4,0,0,0
C-clinical-11-00918#5,2,2,2
C-clinical-11-00918#6,2,2,2
C-clinical-11-00919#0,2,2,2
C-clinical-11-00919#1,2,2,2
C-clinical-11-00919#2,2,2,2
C-clinical-11-00919#3,2,2,2
C-clinical-11-00919#4,2,2,2
C-clinical-11-00919#5,2,2,2
C-clinical-11-00921#0,2,2,2
C-clinical-11-00921#1,2,2,2
C-clinical-11-00921#2,2,2,2
C-clinical-11-00921#3,2,2,2
C-clinical-11-00921#4,2,2,2
C-clinical-11-00921#5,2,2,2
C-clinical-11-00921#6,2,2,2
C-clinical-11-00923#0,2,2,2
C-clinical-11-00923#1,2,2,2
C-clinical-11-00923#2,2,2,2
C-clinical-11-00923#3,2,2,2
C-clinical-11-00923#4,2,2,2
C-clinical-11-00923#5,2,2,2
C-clinical-11-00924#0,2,2,2
C-clinical-11-00924#1,2,2,2
C-clinical-11-00924#2,2,2,1
C-clinical-11-00924#3,2,2,2
C-clinical-11-00928#0,2,2,2
C-clinical-11-00928#1,2,2,2
C-clinical-11-00928#2,2,2,2
C-clinical-11-00928#3,2,2,2
C-clinical-11-00928#4,2,2,2
C-clinical-11-00928#5,2,2,2
C-clinical-11-00930#0,2,2,2
C-clinical-11-00930#1,2,2,2
C-clinical-11-00930#10,2,2,2
C-clinical-11-00930#2,2,2,2
C-clinical-11-00930#3,2,2,2
C-clinical-11-00930#4,2,2,2
C-clinical-11-00930#5,2,2,2
C-clinical-11-00930#6,2,2,2
C-clinical-11-00930#7,2,2,2
C-clinical-11-00930#8,2,2,2
C-clinical-11-00930#9,2,2,2
C-clinical-11-00936#0,2,2,2
C-clinical-11-00936#1,2,2,2
C-clinical-11-00936#2,1,2,1
C-clinical-11-00936#3,1,1,1
C-clinical-11-00936#4,1,1,1
C-clinical-11-00937#1,2,2,2
C-clinical-11-00937#10,2,2,2
C-clinical-11-00937#11,2,2,2
C-clinical-11-00937#12,2,2,2
C-clinical-11-00937#13,2,2,2
C-clinical-11-00937#14,2,2,2
C-clinical-11-00937#2,2,2,2
C-clinical-11-00937#3,2,2,2
C-clinical-11-00937#4,2,2,2
C-clinical-11-00937#5,2,2,2
C-clinical-11-00937#6,2,2,2
C-clinical-11-00937#7,2,2,2
C-clinical-11-00937#8,2,2,2
C-clinical-11-00937#9,2,2,2
C-clinical-11-00938#0,2,2,2
C-clinical-11-00938#1,2,2,2
C-clinical-11-00938#10,2,2,2
C-clinical-11-00938#2,2,2,2
C-clinical-11-00938#3,2,2,2
C-clinical-11-00938#4,2,2,2
C-clinical-11-00938#5,2,2,2
C-clinical-11-00938#6,2,2,2
C-clinical-11-00938#7,2,2,2
C-clinical-11-00938#8,2,2,2
C-clinical-11-00938#9,2,2,2
C-clinical-11-00941#0,2,2,2
C-clinical-11-00941#1,2,2,2
C-clinical-11-00941#2,2,2,2
C-clinical-11-00941#3,2,2,2
C-clinical-11-00941#4,2,2,2
C-clinical-11-00942#1,2,2,2
C-clinical-11-00942#2,2,2,2
C-clinical-11-00942#3,2,2,2
C-clinical-11-00942#4,2,2,2
C-clinical-11-00942#5,2,2,2
C-clinical-11-00942#6,2,2,2
C-clinical-11-00942#7,2,2,2
C-clinical-11-00942#8,2,2,2
C-clinical-11-00942#9,2,2,2
C-clinical-11-00947#0,2,2,2
C-clinical-11-00947#1,2,2,2
C-clinical-11-00947#2,2,2,2
C-clinical-11-00947#3,2,2,2
C-clinical-11-00947#4,2,2,2
C-clinical-11-00949#0,2,2,2
C-clinical-11-00949#1,2,2,2
C-clinical-11-00949#2,2,2,2
C-clinical-11-00949#3,2,2,2
C-clinical-11-00949#4,2,2,2
C-clinical-11-00949#5,2,2,2
C-clinical-11-00949#6,2,2,2
C-clinical-11-00949#7,2,2,2
C-clinical-11-00949#8,2,2,2
C-clinical-11-00951#0,2,2,2
C-clinical-11-00951#1,2,2,2
C-clinical-11-00951#2,2,2,2
C-clinical-11-00951#3,2,2,2
C-clinical-11-00951#4,2,2,2
C-clinical-11-00954#0,2,2,2
C-clinical-11-00954#1,2,2,2
C-clinical-11-00954#2,2,2,2
C-clinical-11-00954#3,2,2,2
C-clinical-11-00959#0,2,2,2
C-clinical-11-00959#1,2,2,2
C-clinical-11-00959#2,2,2,2
C-clinical-11-00959#4,2,2,2
C-clinical-11-00959#5,2,2,2
C-clinical-11-00959#6,2,2,2
C-clinical-11-00959#7,1,1,1
C-clinical-11-00959#8,2,2,2
C-clinical-11-00960#0,2,2,2
C-clinical-11-00960#1,2,2,2
C-clinical-11-00960#2,2,2,2
C-clinical-11-00960#3,2,2,2
C-clinical-11-00961#0,2,2,2
C-clinical-11-00961#1,2,2,2
C-clinical-11-00961#2,2,2,2
C-clinical-11-00961#3,2,2,2
C-clinical-11-00961#4,2,2,2
C-clinical-11-00961#5,2,2,2
C-clinical-11-00961#6,2,2,2
C-clinical-11-00961#7,2,2,2
C-clinical-11-00961#8,2,2,2
C-clinical-11-00967#0,0,1,0
C-clinical-11-00967#1,2,2,2
C-clinical-11-00967#10,0,1,0
C-clinical-11-00967#11,2,2,2
C-clinical-11-00967#2,2,2,2
C-clinical-11-00967#3,2,2,2
C-clinical-11-00967#4,1,2,1
C-clinical-11-00967#5,0,2,0
C-clinical-11-00967#6,2,2,2
C-clinical-11-00967#7,2,2,2
C-clinical-11-00967#8,2,2,2
C-clinical-11-00967#9,2,2,2
C-clinical-11-00969#0,2,2,2
C-clinical-11-00969#1,2,2,2
C-clinical-11-00969#10,2,2,2
C-clinical-11-00969#11,2,2,2
C-clinical-11-00969#2,2,2,2
C-clinical-11-00969#4,2,2,2
C-clinical-11-00969#5,2,2,2
C-clinical-11-00969#6,2,2,2
C-clinical-11-00969#7,2,2,2
C-clinical-11-00969#8,2,2,2
C-clinical-11-00969#9,2,2,2
C-clinical-11-00974#0,2,2,2
C-clinical-11-00974#1,2,2,2
C-clinical-11-00974#2,2,2,2
C-clinical-11-00974#3,2,2,2
C-clinical-11-00974#4,2,2,2
C-clinical-11-00974#5,2,2,2
C-clinical-11-00976#0,2,2,2
C-clinical-11-00976#1,2,2,2
C-clinical-11-00976#2,2,2,2
C-clinical-11-00976#3,2,2,2
C-clinical-11-00976#4,2,2,0
C-clinical-11-00978#0,2,2,2
C-clinical-11-00978#1,2,2,2
C-clinical-11-00978#10,2,2,2
C-clinical-11-00978#2,2,2,2
C-clinical-11-00978#3,2,2,2
C-clinical-11-00978#4,2,2,1
C-clinical-11-00978#5,2,2,2
C-clinical-11-00978#6,2,2,2
C-clinical-11-00978#7,2,2,2
C-clinical-11-00978#8,2,2,2
C-clinical-11-00978#9,2,2,2
C-clinical-11-00982#0,2,2,2
C-clinical-11-00982#1,2,2,2
C-clinical-11-00982#10,2,2,2
C-clinical-11-00982#11,2,2,2
C-clinical-11-00982#12,2,2,2
C-clinical-11-00982#13,1,2,1
C-clinical-11-00982#2,2,2,2
C-clinical-11-00982#3,2,2,2
C-clinical-11-00982#4,2,2,2
C-clinical-11-00982#5,2,2,2
C-clinical-11-00982#6,2,2,2
C-clinical-11-00982#7,2,2,2
C-clinical-11-00982#8,2,2,2
C-clinical-11-00982#9,2,2,2
C-clinical-11-00985#0,2,2,2
C-clinical-11-00985#1,2,2,2
C-clinical-11-00985#2,2,2,2
C-clinical-11-00985#3,0,1,1
C-clinical-11-00985#4,2,2,2
C-clinical-11-00985#5,2,2,2
C-clinical-11-00985#6,2,2,2
C-clinical-11-00985#7,2,2,2
C-clinical-11-00987#0,2,2,2
C-clinical-11-00987#1,2,2,2
C-clinical-11-00987#2,2,2,2
C-clinical-11-00987#3,2,2,2
C-clinical-11-00987#4,2,2,2
C-clinical-11-00987#5,2,2,2
C-clinical-11-00987#6,2,2,2
C-clinical-11-00987#7,2,2,2
C-clinical-11-00987#8,2,2,2
C-clinical-11-00988#0,2,2,2
C-clinical-11-00988#1,2,2,2
C-clinical-11-00988#2,0,2,0
C-clinical-11-00988#3,2,2,2
C-clinical-11-00988#4,2,2,2
C-clinical-11-00988#5,2,2,2
C-clinical-11-00988#6,2,2,2
C-clinical-11-00988#7,2,2,2
C-clinical-11-00988#9,2,2,2
C-clinical-11-00991#0,2,2,2
C-clinical-11-00991#1,2,2,2
C-clinical-11-00991#10,2,2,2
C-clinical-11-00991#11,1,2,1
C-clinical-11-00991#12,2,2,2
C-clinical-11-00991#13,2,2,2
C-clinical-11-00991#2,2,2,2
C-clinical-11-00991#3,2,2,2
C-clinical-11-00991#4,2,2,2
C-clinical-11-00991#5,2,2,2
C-clinical-11-00991#6,2,2,2
C-clinical-11-00991#7,2,2,2
C-clinical-11-00991#8,2,2,2
C-clinical-11-00991#9,2,2,2
C-clinical-11-00993#0,2,2,2
C-clinical-11-00993#1,2,2,2
C-clinical-11-00993#10,2,2,2
C-clinical-11-00993#11,2,2,2
C-clinical-11-00993#2,2,2,2
C-clinical-11-00993#3,2,2,2
C-clinical-11-00993#4,2,2,2
C-clinical-11-00993#5,2,2,2
C-clinical-11-00993#6,2,2,2
C-clinical-11-00993#7,2,2,2
C-clinical-11-00993#8,2,2,2
C-clinical-11-00993#9,2,2,2
C-clinical-11-00995#0,2,2,2
C-clinical-11-00995#1,2,2,2
C-clinical-11-00995#10,2,2,2
C-clinical-11-00995#11,2,2,2
C-clinical-11-00995#12,2,2,2
C-clinical-11-00995#13,2,2,2
C-clinical-11-00995#2,2,2,2
C-clinical-11-00995#3,2,2,2
C-clinical-11-00995#4,1,1,1
C-clinical-11-00995#5,2,2,2
C-clinical-11-00995#6,2,2,2
C-clinical-11-00995#7,2,2,2
C-clinical-11-00995#8,2,2,2
C-clinical-11-00995#9,2,2,2
C-clinical-11-00996#0,2,2,2
C-clinical-11-00996#1,2,2,2
C-clinical-11-00996#2,2,2,2
C-clinical-11-00996#3,2,2,2
C-clinical-11-00996#4,2,2,2
C-clinical-11-01000#0,2,2,2
C-clinical-11-01000#1,2,2,2
C-clinical-11-01000#10,2,2,2
C-clinical-11-01000#2,2,2,2
C-clinical-11-01000#3,2,2,2
C-clinical-11-01000#4,1,1,1
C-clinical-11-01000#5,2,2,2
C-clinical-11-01000#6,2,2,2
C-clinical-11-01000#7,0,2,0
C-clinical-11-01000#8,2,2,2
C-clinical-11-01000#9,2,2,2
C-clinical-11-01002#0,2,2,2
C-clinical-11-01002#1,2,2,2
C-clinical-11-01002#2,2,2,2
C-clinical-11-01002#3,2,2,2
C-clinical-11-01002#4,2,2,2
C-clinical-11-01002#5,2,2,2
C-clinical-11-01002#6,2,2,2
C-clinical-11-01002#7,2,2,2
C-clinical-11-01002#8,1,2,1
C-clinical-11-01002#9,2,2,2
C-clinical-11-01005#0,2,2,2
C-clinical-11-01005#1,2,2,2
C-clinical-11-01005#2,2,2,2
C-clinical-11-01005#3,2,2,2
C-clinical-11-01005#4,2,2,2
C-clinical-11-01005#5,2,2,2
C-clinical-11-01005#6,2,2,2
C-clinical-11-01005#7,2,2,2
C-clinical-11-01006#0,2,2,2
C-clinical-11-01006#1,2,2,2
C-clinical-11-01006#10,2,2,2
C-clinical-11-01006#2,2,2,2
C-clinical-11-01006#3,2,2,2
C-clinical-11-01006#4,2,2,2
C-clinical-11-01006#5,2,2,2
C-clinical-11-01006#6,2,2,2
C-clinical-11-01006#7,2,2,2
C-clinical-11-01006#8,2,2,2
C-clinical-11-01006#9,2,2,2
C-clinical-11-01007#0,2,2,2
C-clinical-11-01007#1,2,2,2
C-clinical-11-01007#10,2,2,2
C-clinical-11-01007#2,2,2,2
C-clinical-11-01007#3,2,2,2
C-clinical-11-01007#4,2,2,2
C-clinical-11-01007#5,1,2,2
C-clinical-11-01007#6,2,2,2
C-clinical-11-01007#7,2,2,2
C-clinical-11-01007#8,2,2,2
C-clinical-11-01007#9,2,2,2
C-clinical-11-01008#0,2,2,2
C-clinical-11-01008#1,2,2,2
C-clinical-11-01008#11,2,2,2
C-clinical-11-01008#12,1,2,2
C-clinical-11-01008#2,2,2,2
C-clinical-11-01008#4,2,2,2
C-clinical-11-01008#5,2,2,2
C-clinical-11-01008#6,2,2,2
C-clinical-11-01008#7,2,2,2
C-clinical-11-01008#8,2,2,2
C-clinical-11-01008#9,2,2,2
C-clinical-11-01009#0,2,2,2
C-clinical-11-01009#1,2,2,2
C-clinical-11-01009#10,2,2,2
C-clinical-11-01009#11,2,2,2
C-clinical-11-01009#12,2,2,2
C-clinical-11-01009#2,2,2,2
C-clinical-11-01009#3,2,2,2
C-clinical-11-01009#4,2,2,2
C-clinical-11-01009#5,1,2,2
C-clinical-11-01009#6,2,2,2
C-clinical-11-01009#7,2,2,2
C-clinical-11-01009#8,2,2,2
C-clinical-11-01009#9,2,2,2
C-clinical-11-01013#0,2,2,2
C-clinical-11-01013#1,2,2,2
C-clinical-11-01013#10,2,2,2
C-clinical-11-01013#11,2,2,2
C-clinical-11-01013#12,2,2,2
C-clinical-11-01013#13,2,2,2
C-clinical-11-01013#2,2,2,2
C-clinical-11-01013#3,2,2,2
C-clinical-11-01013#4,2,2,2
C-clinical-11-01013#5,2,2,2
C-clinical-11-01013#6,2,2,2
C-clinical-11-01013#7,2,2,2
C-clinical-11-01013#8,2,2,2
C-clinical-11-01013#9,2,2,2
C-clinical-11-01014#0,2,2,2
C-clinical-11-01014#1,2,2,2
C-clinical-11-01014#10,2,2,2
C-clinical-11-01014#2,2,2,2
C-clinical-11-01014#3,2,2,2
C-clinical-11-01014#5,2,2,2
C-clinical-11-01014#6,2,2,2
C-clinical-11-01014#7,2,2,2
C-clinical-11-01014#8,2,2,2
C-clinical-11-01014#9,2,2,2
C-clinical-11-01015#0,2,2,2
C-clinical-11-01015#1,2,2,2
C-clinical-11-01015#2,2,2,2
C-clinical-11-01015#3,2,2,2
C-clinical-11-01015#4,2,2,2
C-clinical-11-01015#5,2,2,2
C-clinical-11-01016#0,2,2,2
C-clinical-11-01016#1,2,2,2
C-clinical-11-01016#2,2,2,2
C-clinical-11-01016#3,2,2,2
C-clinical-11-01016#4,2,2,2
C-clinical-11-01016#5,2,2,2
C-clinical-11-01016#6,2,2,2
C-clinical-11-01017#0,2,2,2
C-clinical-11-01017#1,2,2,2
C-clinical-11-01017#2,2,2,2
C-clinical-11-01017#3,2,2,2
C-clinical-11-01017#4,1,1,1
C-clinical-11-01019#0,2,2,2
C-clinical-11-01019#1,2,2,2
C-clinical-11-01019#2,2,2,2
C-clinical-11-01019#3,2,2,2
C-clinical-11-01019#4,2,2,2
C-clinical-11-01019#5,2,2,2
C-clinical-11-01019#6,2,2,2
C-clinical-11-01019#7,2,2,2
C-clinical-11-01019#8,2,2,2
C-clinical-11-01020#1,2,2,2
C-clinical-11-01020#10,2,2,2
C-clinical-11-01020#11,2,2,2
C-clinical-11-01020#2,2,2,2
C-clinical-11-01020#3,2,2,2
C-clinical-11-01020#4,2,2,2
C-clinical-11-01020#5,2,2,2
C-clinical-11-01020#6,2,2,2
C-clinical-11-01020#7,2,2,2
C-clinical-11-01020#8,2,2,2
C-clinical-11-01020#9,2,2,2
C-clinical-11-01021#0,2,2,2
C-clinical-11-01021#1,2,2,2
C-clinical-11-01021#10,2,2,2
C-clinical-11-01021#11,2,2,2
C-clinical-11-01021#2,2,2,2
C-clinical-11-01021#3,2,2,2
C-clinical-11-01021#4,2,2,2
C-clinical-11-01021#5,1,2,1
C-clinical-11-01021#6,2,2,2
C-clinical-11-01021#7,2,2,2
C-clinical-11-01021#8,2,2,2
C-clinical-11-01021#9,2,2,2
C-clinical-11-01026#0,2,2,2
C-clinical-11-01026#1,2,2,2
C-clinical-11-01026#10,2,2,2
C-clinical-11-01026#11,2,2,2
C-clinical-11-01026#2,2,2,2
C-clinical-11-01026#3,2,2,2
C-clinical-11-01026#4,2,2,2
C-clinical-11-01026#5,2,2,2
C-clinical-11-01026#6,2,2,2
C-clinical-11-01026#7,2,2,2
C-clinical-11-01026#8,2,2,2
C-clinical-11-01026#9,2,2,2
C-clinical-11-01028#0,2,2,2
C-clinical-11-01028#1,2,2,2
C-clinical-11-01028#10,2,2,2
C-clinical-11-01028#11,2,2,2
C-clinical-11-01028#12,2,2,2
C-clinical-11-01028#2,2,2,2
C-clinical-11-01028#3,2,2,2
C-clinical-11-01028#4,2,2,2
C-clinical-11-01028#5,2,2,2
C-clinical-11-01028#6,2,2,2
C-clinical-11-01028#7,2,2,2
C-clinical-11-01028#8,2,2,2
C-clinical-11-01030#0,2,2,2
C-clinical-11-01030#1,2,2,2
C-clinical-11-01030#2,2,2,2
C-clinical-11-01030#3,2,2,2
C-clinical-11-01030#4,0,2,1
C-clinical-11-01030#5,2,2,2
C-clinical-11-01030#6,2,2,2
C-clinical-11-01031#0,2,2,2
C-clinical-11-01031#1,2,2,2
C-clinical-11-01031#2,2,2,2
C-clinical-11-01031#3,2,2,2
C-clinical-11-01031#4,1,1,1
C-clinical-11-01031#5,2,2,2
C-clinical-11-01031#6,2,2,2
C-clinical-11-01031#7,2,2,2
C-clinical-11-01031#8,2,2,2
C-clinical-11-01034#0,2,2,2
C-clinical-11-01034#1,2,2,2
C-clinical-11-01034#2,2,2,2
C-clinical-11-01034#3,2,2,2
C-clinical-11-01034#4,2,2,2
C-clinical-11-01034#5,2,2,2
C-clinical-11-01044#0,2,2,2
C-clinical-11-01044#1,2,2,2
C-clinical-11-01044#10,2,2,2
C-clinical-11-01044#11,2,2,2
C-clinical-11-01044#12,2,2,2
C-clinical-11-01044#2,2,2,2
C-clinical-11-01044#3,2,2,2
C-clinical-11-01044#4,2,2,2
C-clinical-11-01044#5,2,2,2
C-clinical-11-01044#6,2,2,2
C-clinical-11-01044#7,2,2,2
C-clinical-11-01044#8,2,2,2
C-clinical-11-01044#9,2,2,2
C-clinical-11-01047#0,2,2,2
C-clinical-11-01047#1,2,2,2
C-clinical-11-01047#2,2,2,2
C-clinical-11-01047#3,2,2,2
C-clinical-11-01047#4,2,2,2
C-clinical-11-01047#5,2,2,2
C-clinical-11-01048#0,2,2,2
C-clinical-11-01048#1,2,2,2
C-clinical-11-01048#10,2,2,2
C-clinical-11-01048#11,2,2,2
C-clinical-11-01048#2,2,2,2
C-clinical-11-01048#3,2,2,2
C-clinical-11-01048#4,2,2,2
C-clinical-11-01048#5,2,2,2
C-clinical-11-01048#6,2,2,2
C-clinical-11-01048#7,2,2,2
C-clinical-11-01048#8,0,0,0
C-clinical-11-01048#9,2,2,2
C-clinical-11-01053#0,2,2,2
C-clinical-11-01053#1,2,2,2
C-clinical-11-01053#2,1,1,1
C-clinical-11-01053#3,2,2,2
C-clinical-11-01053#4,2,2,2
C-clinical-11-01053#5,2,2,2
C-clinical-11-01053#6,2,2,2
C-clinical-11-01054#0,2,2,2
C-clinical-11-01054#1,2,2,2
C-clinical-11-01054#2,2,2,2
C-clinical-11-01054#3,1,1,1
C-clinical-11-01055#0,2,2,2
C-clinical-11-01055#1,2,2,2
C-clinical-11-01055#2,2,2,2
C-clinical-11-01055#3,2,2,2
C-clinical-11-01055#4,2,2,2
C-clinical-11-01058#0,2,2,2
C-clinical-11-01058#1,2,2,2
C-clinical-11-01058#10,2,2,2
C-clinical-11-01058#11,2,2,2
C-clinical-11-01058#3,2,2,2
C-clinical-11-01058#4,2,2,2
C-clinical-11-01058#5,2,2,2
C-clinical-11-01058#6,2,2,2
C-clinical-11-01058#7,2,2,2
C-clinical-11-01058#8,2,2,2
C-clinical-11-01058#9,2,2,2
C-clinical-11-01059#0,2,2,2
C-clinical-11-01059#1,2,2,2
C-clinical-11-01059#2,2,2,2
C-clinical-11-01059#3,2,2,2
C-clinical-11-01059#4,2,2,2
C-clinical-11-01063#0,2,2,2
C-clinical-11-01063#1,2,2,2
C-clinical-11-01063#10,2,2,2
C-clinical-11-01063#2,2,2,2
C-clinical-11-01063#3,2,2,2
C-clinical-11-01063#4,2,2,2
C-clinical-11-01063#5,2,2,2
C-clinical-11-01063#6,2,2,2
C-clinical-11-01063#7,2,2,2
C-clinical-11-01063#8,2,2,2
C-clinical-11-01063#9,2,2,2
C-clinical-11-01070#0,2,2,2
C-clinical-11-01070#1,2,2,2
C-clinical-11-01070#2,2,2,2
C-clinical-11-01070#3,2,2,2
C-clinical-11-01070#4,2,2,2
C-clinical-11-01070#5,2,2,1
C-clinical-11-01070#6,2,2,2
C-clinical-11-01070#7,2,2,2
C-clinical-11-01070#8,2,2,2
C-clinical-11-01075#0,2,2,2
C-clinical-11-01075#1,2,2,2
C-clinical-11-01075#2,2,2,2
C-clinical-11-01075#3,2,2,2
C-clinical-11-01075#4,2,2,2
C-clinical-11-01078#0,2,2,2
C-clinical-11-01078#1,2,2,2
C-clinical-11-01078#2,1,2,1
C-clinical-11-01078#3,2,2,2
C-clinical-11-01078#4,2,2,2
C-clinical-11-01078#5,2,2,2
C-clinical-11-01078#6,2,2,2
C-clinical-11-01078#7,2,2,2
C-clinical-11-01078#8,2,2,2
C-clinical-11-01078#9,2,2,2
C-clinical-11-01083#0,2,2,2
C-clinical-11-01083#1,2,2,2
C-clinical-11-01083#2,2,2,2
C-clinical-11-01083#3,2,2,2
C-clinical-11-01083#4,2,2,2
C-clinical-11-01083#5,2,2,2
C-clinical-11-01083#7,2,2,2
C-clinical-11-01083#8,2,2,2
C-clinical-11-01085#0,2,2,2
C-clinical-11-01085#1,2,2,2
C-clinical-11-01085#10,2,2,2
C-clinical-11-01085#11,2,2,2
C-clinical-11-01085#2,2,2,2
C-clinical-11-01085#3,2,2,2
C-clinical-11-01085#4,2,2,2
C-clinical-11-01085#5,2,2,2
C-clinical-11-01085#6,2,2,2
C-clinical-11-01085#7,2,2,2
C-clinical-11-01085#8,2,2,2
C-clinical-11-01085#9,0,2,1
C-clinical-11-01087#0,2,2,2
C-clinical-11-01087#1,2,2,2
C-clinical-11-01087#10,2,2,2
C-clinical-11-01087#2,2,2,2
C-clinical-11-01087#3,2,2,2
C-clinical-11-01087#4,0,2,1
C-clinical-11-01087#5,2,2,2
C-clinical-11-01087#6,2,2,2
C-clinical-11-01087#7,2,2,2
C-clinical-11-01087#8,2,2,2
C-clinical-11-01087#9,2,2,2
C-clinical-11-01090#0,2,2,2
C-clinical-11-01090#1,2,2,2
C-clinical-11-01090#2,2,2,2
C-clinical-11-01090#3,2,2,2
C-clinical-11-01090#4,2,2,2
C-clinical-11-01090#5,2,2,2
C-clinical-11-01090#6,2,2,2
C-clinical-11-01090#7,2,2,2
C-clinical-11-01090#8,2,2,2
C-clinical-11-01091#0,2,2,2
C-clinical-11-01091#1,2,2,2
C-clinical-11-01091#2,2,2,2
C-clinical-11-01091#3,1,1,1
C-clinical-11-01091#4,2,2,2
C-clinical-11-01091#5,2,2,2
C-clinical-11-01091#6,2,2,2
C-clinical-11-01091#7,1,1,0
C-clinical-11-01091#8,2,2,2
C-clinical-11-01091#9,2,2,2
C-clinical-11-01092#0,2,2,2
C-clinical-11-01092#1,1,2,1
C-clinical-11-01092#2,2,2,2
C-clinical-11-01092#3,1,2,1
C-clinical-11-01092#4,2,2,2
C-clinical-11-01092#5,2,2,2
C-clinical-11-01094#0,2,2,2
C-clinical-11-01094#1,2,2,2
C-clinical-11-01094#2,2,2,2
C-clinical-11-01094#3,2,2,2
C-clinical-11-01094#4,2,2,2
C-clinical-11-01094#5,2,2,2
C-clinical-11-01094#6,1,2,1
C-clinical-11-01094#7,2,2,2
C-clinical-11-01100#0,2,2,2
C-clinical-11-01100#1,2,2,2
C-clinical-11-01100#2,2,2,2
C-clinical-11-01100#3,2,2,2
C-clinical-11-01100#4,2,2,2
C-clinical-11-01102#0,2,2,2
C-clinical-11-01102#1,2,2,2
C-clinical-11-01102#10,2,2,2
C-clinical-11-01102#11,2,2,2
C-clinical-11-01102#12,2,2,2
C-clinical-11-01102#13,2,2,2
C-clinical-11-01102#14,2,2,2
C-clinical-11-01102#2,2,2,2
C-clinical-11-01102#3,2,2,2
C-clinical-11-01102#4,2,2,2
C-clinical-11-01102#5,2,2,2
C-clinical-11-01102#6,2,2,2
C-clinical-11-01102#7,2,2,2
C-clinical-11-01102#8,2,2,2
C-clinical-11-01102#9,2,2,2
C-clinical-11-01103#0,2,2,2
C-clinical-11-01103#1,2,2,2
C-clinical-11-01103#2,2,2,2
C-clinical-11-01103#3,2,2,2
C-clinical-11-01103#4,2,2,0
C-clinical-11-01103#5,2,2,2
C-clinical-11-01104#0,2,2,2
C-clinical-11-01104#1,2,2,2
C-clinical-11-01104#2,2,2,2
C-clinical-11-01104#3,2,2,2
C-clinical-11-01104#4,2,2,2
C-clinical-11-01104#5,2,2,2
C-clinical-11-01104#6,2,2,2
C-clinical-11-01104#7,2,2,2
C-clinical-11-01106#0,2,2,2
C-clinical-11-01106#1,2,2,2
C-clinical-11-01106#2,2,2,2
C-clinical-11-01106#3,2,2,2
C-clinical-11-01106#4,2,2,2
C-clinical-11-01106#5,2,2,2
C-clinical-11-01106#6,1,1,1
C-clinical-11-01106#7,2,2,2
C-clinical-11-01106#8,2,2,2
C-clinical-11-01115#0,2,2,2
C-clinical-11-01115#1,2,2,2
C-clinical-11-01115#2,2,2,2
C-clinical-11-01115#3,2,2,2
C-clinical-11-01115#4,2,2,2
C-clinical-11-01115#5,2,2,2
C-clinical-11-01115#6,2,2,2
C-clinical-11-01115#7,0,2,0
C-clinical-11-01115#8,2,2,2
C-clinical-11-01116#0,2,2,2
C-clinical-11-01116#1,2,2,2
C-clinical-11-01116#10,2,2,2
C-clinical-11-01116#11,2,2,2
C-clinical-11-01116#12,2,2,2
C-clinical-11-01116#13,2,2,2
C-clinical-11-01116#14,2,2,2
C-clinical-11-01116#2,2,2,2
C-clinical-11-01116#3,2,2,2
C-clinical-11-01116#4,2,2,2
C-clinical-11-01116#5,2,2,2
C-clinical-11-01116#6,2,2,2
C-clinical-11-01116#7,2,2,2
C-clinical-11-01116#8,2,2,2
C-clinical-11-01116#9,2,2,2
C-clinical-11-01120#0,2,2,2
C-clinical-11-01120#1,2,2,2
C-clinical-11-01120#10,2,2,2
C-clinical-11-01120#2,2,2,2
C-clinical-11-01120#3,2,2,2
C-clinical-11-01120#4,2,2,2
C-clinical-11-01120#5,2,2,2
C-clinical-11-01120#6,2,2,2
C-clinical-11-01120#7,2,2,2
C-clinical-11-01120#8,2,2,2
C-clinical-11-01120#9,2,2,2
C-clinical-11-01124#0,0,1,0
C-clinical-11-01124#1,2,2,2
C-clinical-11-01124#10,2,2,2
C-clinical-11-01124#11,2,2,2
C-clinical-11-01124#2,2,2,2
C-clinical-11-01124#3,2,2,2
C-clinical-11-01124#4,2,2,2
C-clinical-11-01124#5,2,2,2
C-clinical-11-01124#6,2,2,2
C-clinical-11-01124#7,2,2,2
C-clinical-11-01124#8,2,2,2
C-clinical-11-01124#9,2,2,2
C-clinical-11-01130#0,2,2,2
C-clinical-11-01130#1,2,2,2
C-clinical-11-01130#2,2,2,2
C-clinical-11-01130#3,2,2,2
C-clinical-11-01130#4,2,2,2
C-clinical-11-01130#5,2,2,2
C-clinical-11-01130#6,2,2,2
C-clinical-11-01130#7,2,2,2
C-clinical-11-01130#8,2,2,2
C-clinical-11-01130#9,2,2,2
C-clinical-11-01136#0,2,2,2
C-clinical-11-01136#1,2,2,2
C-clinical-11-01136#2,2,2,2
C-clinical-11-01136#3,2,2,2
C-clinical-11-01136#4,2,2,2
C-clinical-11-01136#5,2,2,2
C-clinical-11-01136#6,1,2,2
C-clinical-11-01136#7,0,2,0
C-clinical-11-01136#8,2,2,2
C-clinical-11-01140#0,2,2,2
C-clinical-11-01140#1,2,2,2
C-clinical-11-01140#2,2,2,2
C-clinical-11-01140#3,2,2,2
C-clinical-11-01140#4,2,2,2
C-clinical-11-01140#5,2,2,2
C-clinical-11-01146#0,2,2,2
C-clinical-11-01146#1,2,2,2
C-clinical-11-01146#2,2,2,2
C-clinical-11-01146#3,2,2,2
C-clinical-11-01148#0,2,2,2
C-clinical-11-01148#1,2,2,2
C-clinical-11-01148#2,2,2,2
C-clinical-11-01148#3,2,2,2
C-clinical-11-01150#0,2,2,2
C-clinical-11-01150#1,2,2,2
C-clinical-11-01150#2,2,2,2
C-clinical-11-01150#3,0,2,0
C-clinical-11-01150#4,2,2,2
C-clinical-11-01151#0,2,2,2
C-clinical-11-01151#1,2,2,2
C-clinical-11-01151#2,2,2,2
C-clinical-11-01151#3,2,2,2
C-clinical-11-01151#4,2,2,2
C-clinical-11-01153#0,2,2,2
C-clinical-11-01153#1,2,2,2
C-clinical-11-01153#2,2,2,2
C-clinical-11-01153#3,1,1,1
C-clinical-11-01153#4,2,2,2
C-clinical-11-01153#5,2,2,2
C-clinical-11-01155#0,2,2,2
C-clinical-11-01155#1,2,2,2
C-clinical-11-01155#2,2,2,2
C-clinical-11-01155#3,2,2,2
C-clinical-11-01155#4,2,2,2
C-clinical-11-01156#0,2,2,2
C-clinical-11-01156#1,2,2,2
C-clinical-11-01156#2,2,2,2
C-clinical-11-01156#3,2,2,2
C-clinical-11-01156#4,2,2,2
C-clinical-11-01156#5,2,2,2
C-clinical-11-01158#0,2,2,2
C-clinical-11-01158#1,2,2,2
C-clinical-11-01158#10,0,2,0
C-clinical-11-01158#11,2,2,2
C-clinical-11-01158#12,1,1,0
C-clinical-11-01158#2,2,2,2
C-clinical-11-01158#3,1,1,0
C-clinical-11-01158#4,2,2,2
C-clinical-11-01158#5,2,2,2
C-clinical-11-01158#6,2,2,1
C-clinical-11-01158#7,2,2,2
C-clinical-11-01158#8,2,2,2
C-clinical-11-01158#9,2,2,2
C-clinical-11-01161#0,2,2,2
C-clinical-11-01161#1,2,2,2
C-clinical-11-01161#10,2,2,2
C-clinical-11-01161#11,2,2,2
C-clinical-11-01161#12,2,2,2
C-clinical-11-01161#3,2,2,2
C-clinical-11-01161#4,2,2,2
C-clinical-11-01161#5,2,2,2
C-clinical-11-01161#6,2,2,2
C-clinical-11-01161#7,2,2,2
C-clinical-11-01161#9,2,2,2
C-clinical-11-01162#0,2,2,2
C-clinical-11-01162#1,2,2,2
C-clinical-11-01162#2,2,2,2
C-clinical-11-01162#3,1,1,1
C-clinical-11-01162#4,2,2,2
C-clinical-11-01162#5,2,2,2
C-clinical-11-01162#6,2,2,2
C-clinical-11-01162#7,0,2,0
C-clinical-11-01162#8,2,2,2
C-clinical-11-01166#1,2,2,2
C-clinical-11-01166#2,2,2,2
C-clinical-11-01166#3,2,2,2
C-clinical-11-01166#4,1,1,1
C-clinical-11-01166#5,2,2,2
C-clinical-11-01166#6,2,2,2
C-clinical-11-01166#7,2,2,2
C-clinical-11-01166#8,1,1,1
C-clinical-11-01167#0,2,2,2
C-clinical-11-01167#1,2,2,2
C-clinical-11-01167#10,2,2,2
C-clinical-11-01167#2,2,2,2
C-clinical-11-01167#3,2,2,2
C-clinical-11-01167#4,2,2,2
C-clinical-11-01167#5,2,2,2
C-clinical-11-01167#6,2,2,2
C-clinical-11-01167#7,2,2,2
C-clinical-11-01167#8,2,2,2
C-clinical-11-01167#9,2,2,2
C-clinical-11-01172#0,2,2,2
C-clinical-11-01172#1,2,2,2
C-clinical-11-01172#3,2,2,2
C-clinical-11-01172#4,2,2,2
C-clinical-11-01172#5,2,2,2
C-clinical-11-01172#6,1,2,0
C-clinical-11-01172#7,2,2,2
C-clinical-11-01173#0,2,2,2
C-clinical-11-01173#1,2,2,2
C-clinical-11-01173#2,2,2,2
C-clinical-11-01173#3,2,2,2
C-clinical-11-01173#4,2,2,2
C-clinical-11-01173#5,2,2,2
C-clinical-11-01173#6,2,2,2
C-clinical-11-01173#7,2,2,2
C-clinical-11-01174#0,2,2,2
C-clinical-11-01174#1,2,2,2
C-clinical-11-01174#10,2,2,2
C-clinical-11-01174#11,2,2,2
C-clinical-11-01174#12,2,2,2
C-clinical-11-01174#13,2,2,2
C-clinical-11-01174#14,0,2,0
C-clinical-11-01174#2,2,2,2
C-clinical-11-01174#3,2,2,2
C-clinical-11-01174#4,2,2,0
C-clinical-11-01174#5,2,2,2
C-clinical-11-01174#6,2,2,2
C-clinical-11-01174#7,2,2,2
C-clinical-11-01174#8,2,2,2
C-clinical-11-01174#9,2,2,2
C-clinical-11-01175#0,2,2,2
C-clinical-11-01175#1,2,2,2
C-clinical-11-01175#2,2,2,2
C-clinical-11-01175#3,2,2,2
C-clinical-11-01175#4,2,2,2
C-clinical-11-01176#0,2,2,2
C-clinical-11-01176#1,2,2,2
C-clinical-11-01176#2,2,2,2
C-clinical-11-01176#3,2,2,2
C-clinical-11-01176#4,2,2,2
C-clinical-11-01176#5,2,2,2
C-clinical-11-01176#6,2,2,2
C-clinical-11-01176#7,2,2,2
C-clinical-11-01181#1,2,2,2
C-clinical-11-01181#2,2,2,2
C-clinical-11-01181#3,2,2,2
C-clinical-11-01181#4,2,2,2
C-clinical-11-01181#5,2,2,2
C-clinical-11-01181#6,2,2,2
C-clinical-11-01184#0,2,2,2
C-clinical-11-01184#1,2,2,2
C-clinical-11-01184#10,2,2,2
C-clinical-11-01184#11,2,2,2
C-clinical-11-01184#2,2,2,2
C-clinical-11-01184#3,2,2,2
C-clinical-11-01184#4,2,2,1
C-clinical-11-01184#5,2,2,2
C-clinical-11-01184#6,2,2,2
C-clinical-11-01184#7,2,2,2
C-clinical-11-01184#8,2,2,2
C-clinical-11-01184#9,2,2,2
C-clinical-11-01186#0,2,2,2
C-clinical-11-01186#1,2,2,2
C-clinical-11-01186#2,2,2,2
C-clinical-11-01186#3,2,2,2
C-clinical-11-01186#4,2,2,2
C-clinical-11-01187#0,2,2,2
C-clinical-11-01187#1,2,2,2
C-clinical-11-01187#2,2,2,2
C-clinical-11-01187#3,2,2,2
C-clinical-11-01187#4,2,2,2
C-clinical-11-01190#0,2,2,2
C-clinical-11-01190#1,2,2,2
C-clinical-11-01190#2,2,2,2
C-clinical-11-01190#3,2,2,2
C-clinical-11-01190#4,2,2,2
C-clinical-11-01190#5,2,2,2
C-clinical-11-01192#0,2,2,2
C-clinical-11-01192#1,2,2,2
C-clinical-11-01192#2,2,2,2
C-clinical-11-01192#3,2,2,2
C-clinical-11-01192#4,2,2,2
C-clinical-11-01192#5,2,2,2
C-clinical-11-01192#6,2,2,2
C-clinical-11-01192#7,2,2,2
C-clinical-11-01194#0,2,2,2
C-clinical-11-01194#1,2,2,2
C-clinical-11-01194#2,2,2,2
C-clinical-11-01194#3,2,2,2
C-clinical-11-01194#4,2,2,2
C-clinical-11-01196#0,2,2,2
C-clinical-11-01196#1,2,2,2
C-clinical-11-01196#2,2,2,2
C-clinical-11-01196#3,2,2,2
C-clinical-11-01196#4,2,2,2
C-clinical-11-01196#5,2,2,2
C-clinical-11-01197#0,2,2,2
C-clinical-11-01197#1,2,2,2
C-clinical-11-01197#2,2,2,2
C-clinical-11-01197#3,2,2,2
C-clinical-11-01197#4,2,2,2
C-clinical-11-01197#5,2,2,2
C-clinical-11-01197#6,2,2,2
C-clinical-11-01197#7,2,2,2
C-clinical-11-01204#0,2,2,2
C-clinical-11-01204#1,2,2,2
C-clinical-11-01204#10,2,2,2
C-clinical-11-01204#11,2,2,2
C-clinical-11-01204#12,2,2,2
C-clinical-11-01204#2,2,2,2
C-clinical-11-01204#4,2,2,2
C-clinical-11-01204#5,2,2,2
C-clinical-11-01204#6,2,2,2
C-clinical-11-01204#7,2,2,2
C-clinical-11-01204#8,2,2,2
C-clinical-11-01204#9,2,2,2
C-clinical-11-01214#0,2,2,2
C-clinical-11-01214#2,2,2,2
C-clinical-11-01214#3,0,2,2
C-clinical-11-01214#4,2,2,2
C-clinical-11-01214#5,2,2,2
C-clinical-11-01214#6,2,2,2
C-clinical-11-01214#7,2,2,2
C-clinical-11-01216#0,2,2,2
C-clinical-11-01216#1,2,2,2
C-clinical-11-01216#10,2,2,2
C-clinical-11-01216#2,2,2,2
C-clinical-11-01216#3,2,2,2
C-clinical-11-01216#4,2,2,2
C-clinical-11-01216#5,2,2,2
C-clinical-11-01216#6,2,2,2
C-clinical-11-01216#7,2,2,2
C-clinical-11-01216#8,2,2,2
C-clinical-11-01216#9,2,2,2
C-clinical-11-01220#0,2,2,2
C-clinical-11-01220#1,2,2,2
C-clinical-11-01220#2,2,2,2
C-clinical-11-01220#3,2,2,2
C-clinical-11-01220#4,2,2,2
C-clinical-11-01220#5,2,2,2
C-clinical-11-01220#6,2,2,2
C-clinical-11-01223#0,2,2,2
C-clinical-11-01223#1,2,2,2
C-clinical-11-01223#2,2,2,2
C-clinical-11-01223#3,2,1,1
C-clinical-11-01223#4,2,2,2
C-clinical-11-01223#5,2,2,2
C-clinical-11-01223#6,2,2,2
C-clinical-11-01223#7,2,2,2
C-clinical-11-01223#8,2,2,2
C-clinical-11-01223#9,2,2,2
C-clinical-11-01225#0,2,2,2
C-clinical-11-01225#1,2,2,2
C-clinical-11-01225#10,2,2,2
C-clinical-11-01225#11,2,2,2
C-clinical-11-01225#2,2,2,2
C-clinical-11-01225#3,2,2,2
C-clinical-11-01225#4,2,2,2
C-clinical-11-01225#5,2,2,2
C-clinical-11-01225#6,2,2,2
C-clinical-11-01225#7,2,2,2
C-clinical-11-01225#8,2,2,2
C-clinical-11-01225#9,2,2,2
C-clinical-11-01228#1,2,2,2
C-clinical-11-01228#10,2,2,2
C-clinical-11-01228#11,2,2,2
C-clinical-11-01228#12,2,2,2
C-clinical-11-01228#2,2,2,2
C-clinical-11-01228#3,2,2,2
C-clinical-11-01228#4,2,2,2
C-clinical-11-01228#5,2,2,2
C-clinical-11-01228#6,2,2,2
C-clinical-11-01228#7,2,2,2
C-clinical-11-01228#8,2,2,2
C-clinical-11-01228#9,2,2,2
C-clinical-11-01233#0,2,2,2
C-clinical-11-01233#1,2,2,2
C-clinical-11-01233#2,2,2,2
C-clinical-11-01233#3,1,1,1
C-clinical-11-01233#4,2,2,2
C-clinical-11-01235#0,2,2,2
C-clinical-11-01235#1,2,2,2
C-clinical-11-01235#2,2,2,2
C-clinical-11-01235#3,1,1,1
C-clinical-11-01235#4,2,2,2
C-clinical-11-01235#5,2,2,2
C-clinical-11-01235#6,1,1,1
C-clinical-11-01237#0,2,2,2
C-clinical-11-01237#1,2,2,2
C-clinical-11-01237#2,2,2,2
C-clinical-11-01237#3,2,2,2
C-clinical-11-01238#0,2,2,2
C-clinical-11-01238#1,2,2,0
C-clinical-11-01238#2,2,2,2
C-clinical-11-01238#3,2,2,2
C-clinical-11-01238#4,2,2,2
C-clinical-11-01238#5,2,2,2
C-clinical-11-01238#6,2,2,2
C-clinical-11-01238#7,2,2,2
C-clinical-11-01238#8,2,2,0
C-clinical-11-01240#0,2,2,2
C-clinical-11-01240#1,2,2,2
C-clinical-11-01240#2,2,2,2
C-clinical-11-01240#3,1,1,1
C-clinical-11-01240#4,2,2,2
C-clinical-11-01240#5,2,2,2
C-clinical-11-01240#6,2,2,2
C-clinical-11-01247#0,2,2,2
C-clinical-11-01247#1,2,2,2
C-clinical-11-01247#10,2,2,2
C-clinical-11-01247#11,2,2,2
C-clinical-11-01247#2,2,2,2
C-clinical-11-01247#3,2,2,2
C-clinical-11-01247#4,2,2,2
C-clinical-11-01247#5,2,2,2
C-clinical-11-01247#6,2,2,2
C-clinical-11-01247#7,2,2,2
C-clinical-11-01247#8,2,2,2
C-clinical-11-01247#9,1,2,1
C-clinical-11-01248#0,2,2,2
C-clinical-11-01248#1,2,2,2
C-clinical-11-01248#2,2,2,2
C-clinical-11-01248#3,2,2,2
C-clinical-11-01248#4,2,2,2
C-clinical-11-01248#5,2,2,2
C-clinical-11-01248#6,2,2,2
C-clinical-11-01248#7,2,2,2
C-clinical-11-01249#0,2,2,2
C-clinical-11-01249#1,2,2,2
C-clinical-11-01249#2,2,2,2
C-clinical-11-01249#3,2,2,2
C-clinical-11-01249#4,2,2,2
C-clinical-11-01250#0,2,2,2
C-clinical-11-01250#1,2,2,2
C-clinical-11-01250#2,2,2,2
C-clinical-11-01250#3,2,2,2
C-clinical-11-01250#5,2,2,2
C-clinical-11-01250#6,2,2,2
C-clinical-11-01250#7,2,2,2
C-clinical-11-01250#8,2,2,2
C-clinical-11-01252#0,2,2,2
C-clinical-11-01252#1,2,2,2
C-clinical-11-01252#2,2,2,2
C-clinical-11-01252#3,2,2,2
C-clinical-11-01252#4,2,2,2
C-clinical-11-01252#5,2,2,2
C-clinical-11-01252#6,2,2,2
C-clinical-11-01256#0,2,2,2
C-clinical-11-01256#1,2,2,2
C-clinical-11-01256#2,2,2,2
C-clinical-11-01256#3,2,2,2
C-clinical-11-01256#4,2,2,2
C-clinical-11-01256#5,2,2,2
C-clinical-11-01256#6,2,2,2
C-clinical-11-01256#7,2,2,2
C-clinical-11-01256#8,2,2,2
C-clinical-11-01257#0,2,2,2
C-clinical-11-01257#1,2,2,2
C-clinical-11-01257#2,2,2,2
C-clinical-11-01257#3,2,2,2
C-clinical-11-01257#4,2,2,2
C-clinical-11-01257#5,2,2,2
C-clinical-11-01257#6,2,2,2
C-clinical-11-01257#7,2,2,2
C-clinical-11-01257#8,2,2,2
C-clinical-11-01257#9,2,2,2
C-clinical-11-01259#0,2,2,2
C-clinical-11-01259#1,2,2,0
C-clinical-11-01259#2,2,2,2
C-clinical-11-01259#4,2,2,2
C-clinical-11-01259#5,2,2,2
C-clinical-11-01261#0,2,2,2
C-clinical-11-01261#1,2,2,2
C-clinical-11-01261#2,2,2,2
C-clinical-11-01261#3,2,2,2
C-clinical-11-01261#4,2,2,2
C-clinical-11-01264#0,2,2,2
C-clinical-11-01264#1,2,2,2
C-clinical-11-01264#2,2,2,2
C-clinical-11-01264#3,2,2,2
C-clinical-11-01264#4,2,2,2
C-clinical-11-01264#5,2,2,2
C-clinical-11-01265#0,2,2,2
C-clinical-11-01265#1,2,2,2
C-clinical-11-01265#10,2,2,2
C-clinical-11-01265#11,2,2,2
C-clinical-11-01265#2,2,2,2
C-clinical-11-01265#3,2,2,2
C-clinical-11-01265#4,2,2,2
C-clinical-11-01265#5,2,2,2
C-clinical-11-01265#6,2,2,2
C-clinical-11-01265#7,2,2,2
C-clinical-11-01265#8,2,2,2
C-clinical-11-01265#9,2,2,2
C-clinical-11-01267#0,2,2,2
C-clinical-11-01267#1,2,2,2
C-clinical-11-01267#2,2,2,2
C-clinical-11-01267#3,2,2,2
C-clinical-11-01267#4,2,2,2
C-clinical-11-01267#5,2,2,2
C-clinical-11-01267#6,0,2,0
C-clinical-11-01267#7,2,2,2
C-clinical-11-01267#8,2,2,2
C-clinical-11-01267#9,2,2,2
C-clinical-11-01269#1,2,2,2
C-clinical-11-01269#2,2,2,2
C-clinical-11-01269#3,2,2,2
C-clinical-11-01269#4,2,2,2
C-clinical-11-01269#5,2,2,2
C-clinical-11-01269#6,2,2,2
C-clinical-11-01269#7,2,2,2
C-clinical-11-01269#8,2,2,2
C-clinical-11-01269#9,2,2,2
C-clinical-11-01270#0,2,2,2
C-clinical-11-01270#1,2,2,2
C-clinical-11-01270#2,0,2,2
C-clinical-11-01270#3,2,2,2
C-clinical-11-01272#0,2,2,2
C-clinical-11-01272#1,2,2,2
C-clinical-11-01272#10,2,2,2
C-clinical-11-01272#11,2,2,2
C-clinical-11-01272#12,2,2,2
C-clinical-11-01272#13,0,0,0
C-clinical-11-01272#14,2,2,2
C-clinical-11-01272#2,2,2,2
C-clinical-11-01272#3,2,2,2
C-clinical-11-01272#4,2,2,2
C-clinical-11-01272#5,2,2,2
C-clinical-11-01272#6,1,2,1
C-clinical-11-01272#7,2,2,2
C-clinical-11-01272#8,2,2,2
C-clinical-11-01272#9,2,2,2
C-clinical-11-01274#0,2,2,2
C-clinical-11-01274#1,2,2,2
C-clinical-11-01274#2,2,2,2
C-clinical-11-01274#3,2,2,2
C-clinical-11-01274#5,2,2,2
C-clinical-11-01274#6,2,2,2
C-clinical-11-01275#0,2,2,2
C-clinical-11-01275#1,2,2,2
C-clinical-11-01275#10,0,2,1
C-clinical-11-01275#11,2,2,2
C-clinical-11-01275#2,2,2,2
C-clinical-11-01275#3,2,2,2
C-clinical-11-01275#4,2,2,2
C-clinical-11-01275#5,2,2,2
C-clinical-11-01275#6,2,2,2
C-clinical-11-01275#7,2,2,2
C-clinical-11-01275#8,2,2,2
C-clinical-11-01275#9,2,2,2
C-clinical-11-01276#0,2,2,2
C-clinical-11-01276#1,2,2,2
C-clinical-11-01276#2,2,2,2
C-clinical-11-01276#3,1,1,1
C-clinical-11-01277#0,2,2,2
C-clinical-11-01277#1,2,2,2
C-clinical-11-01277#10,2,2,2
C-clinical-11-01277#11,2,2,2
C-clinical-11-01277#12,2,2,2
C-clinical-11-01277#2,2,2,2
C-clinical-11-01277#3,2,2,2
C-clinical-11-01277#4,2,2,2
C-clinical-11-01277#5,2,2,2
C-clinical-11-01277#6,2,2,2
C-clinical-11-01277#7,2,2,2
C-clinical-11-01277#8,0,0,0
C-clinical-11-01277#9,2,2,2
C-clinical-11-01278#0,2,2,2
C-clinical-11-01278#1,2,2,2
C-clinical-11-01278#2,2,2,2
C-clinical-11-01278#3,2,2,2
C-clinical-11-01278#4,1,1,1
C-clinical-11-01278#5,2,2,2
C-clinical-11-01278#6,2,2,2
C-clinical-11-01278#7,2,2,2
C-clinical-11-01278#8,1,1,1
C-clinical-11-01280#0,2,2,2
C-clinical-11-01280#1,2,2,2
C-clinical-11-01280#10,2,2,2
C-clinical-11-01280#2,2,2,2
C-clinical-11-01280#3,2,2,2
C-clinical-11-01280#4,2,2,2
C-clinical-11-01280#5,2,2,2
C-clinical-11-01280#6,2,2,2
C-clinical-11-01280#7,2,2,2
C-clinical-11-01280#8,2,2,2
C-clinical-11-01280#9,2,2,2
C-clinical-11-01282#0,2,2,2
C-clinical-11-01282#1,2,2,2
C-clinical-11-01282#2,2,2,2
C-clinical-11-01282#3,2,2,2
C-clinical-11-01284#0,2,2,2
C-clinical-11-01284#1,2,2,2
C-clinical-11-01284#10,2,2,2
C-clinical-11-01284#11,2,2,2
C-clinical-11-01284#12,0,2,0
C-clinical-11-01284#2,2,2,2
C-clinical-11-01284#3,2,2,2
C-clinical-11-01284#4,2,2,2
C-clinical-11-01284#5,2,2,2
C-clinical-11-01284#6,2,2,2
C-clinical-11-01284#7,2,2,2
C-clinical-11-01284#8,2,2,2
C-clinical-11-01284#9,0,2,0
C-clinical-11-01286#0,2,2,2
C-clinical-11-01286#1,2,2,2
C-clinical-11-01286#2,2,2,2
C-clinical-11-01286#3,2,2,2
C-clinical-11-01286#4,2,2,2
C-clinical-11-01286#5,0,1,1
C-clinical-11-01286#6,2,2,2
C-clinical-11-01286#7,2,2,2
C-clinical-11-01286#8,2,2,2
C-clinical-11-01288#0,2,2,2
C-clinical-11-01288#2,2,2,2
C-clinical-11-01288#3,2,2,2
C-clinical-11-01288#4,2,2,2
C-clinical-11-01288#5,2,2,2
C-clinical-11-01288#7,0,1,0
C-clinical-11-01290#0,2,2,2
C-clinical-11-01290#1,2,2,2
C-clinical-11-01290#2,2,2,2
C-clinical-11-01290#3,2,2,2
C-clinical-11-01290#4,2,2,2
C-clinical-11-01290#5,2,2,2
C-clinical-11-01290#6,2,2,2
C-clinical-11-01290#7,2,2,2
C-clinical-11-01292#0,2,2,2
C-clinical-11-01292#1,2,2,2
C-clinical-11-01292#2,2,2,2
C-clinical-11-01292#3,2,2,2
C-clinical-11-01292#4,2,2,2
C-clinical-11-01297#1,2,2,2
C-clinical-11-01297#2,2,2,2
C-clinical-11-01297#3,2,2,2
C-clinical-11-01297#4,2,2,2
C-clinical-11-01297#5,2,2,2
C-clinical-11-01297#6,2,2,2
C-clinical-11-01297#8,2,2,2
C-clinical-11-01297#9,2,2,2
C-clinical-11-01298#0,2,2,2
C-clinical-11-01298#1,2,2,2
C-clinical-11-01298#2,2,2,2
C-clinical-11-01298#3,2,2,2
C-clinical-11-01298#4,2,2,2
C-clinical-11-01298#5,2,2,2
C-clinical-11-01298#6,2,2,2
C-clinical-11-01298#7,2,2,2
C-clinical-11-01298#8,2,2,2
C-clinical-11-01299#0,2,2,2
C-clinical-11-01299#1,2,2,2
C-clinical-11-01299#2,2,2,2
C-clinical-11-01299#3,2,2,2
C-clinical-11-01301#0,2,2,2
C-clinical-11-01301#1,2,2,2
C-clinical-11-01301#2,2,2,2
C-clinical-11-01303#0,2,2,2
C-clinical-11-01303#1,2,2,2
C-clinical-11-01303#10,2,2,2
C-clinical-11-01303#11,2,2,2
C-clinical-11-01303#12,2,2,2
C-clinical-11-01303#2,2,2,2
C-clinical-11-01303#3,2,2,2
C-clinical-11-01303#5,2,2,2
C-clinical-11-01303#6,2,2,2
C-clinical-11-01303#7,2,2,2
C-clinical-11-01303#8,2,2,2
C-clinical-11-01303#9,2,2,2
C-clinical-11-01306#0,2,2,2
C-clinical-11-01306#1,2,2,2
C-clinical-11-01306#2,2,2,2
C-clinical-11-01306#4,2,2,2
C-clinical-11-01306#6,2,2,2
C-clinical-11-01306#7,2,2,2
C-clinical-11-01306#8,2,2,2
C-clinical-11-01307#0,2,2,2
C-clinical-11-01307#1,2,2,2
C-clinical-11-01307#2,2,2,2
C-clinical-11-01307#3,2,2,2
C-clinical-11-01307#4,2,2,2
C-clinical-11-01307#5,2,2,2
C-clinical-11-01307#6,2,2,2
C-clinical-11-01307#7,2,2,2
C-clinical-11-01307#8,2,2,2
C-clinical-11-01309#0,2,2,2
C-clinical-11-01309#1,0,2,0
C-clinical-11-01309#2,2,2,2
C-clinical-11-01309#4,2,2,2
C-clinical-11-01309#5,2,2,2
C-clinical-11-01309#6,2,2,2
C-clinical-11-01309#7,2,2,2
C-clinical-11-01309#8,2,2,2
C-clinical-11-01309#9,2,2,2
C-clinical-11-01312#0,2,2,2
C-clinical-11-01312#1,1,1,1
C-clinical-11-01312#2,2,2,2
C-clinical-11-01312#3,2,2,2
C-clinical-11-01312#4,2,2,2
C-clinical-11-01312#5,2,2,2
C-clinical-11-01312#6,2,2,2
C-clinical-11-01312#7,2,2,2
C-clinical-11-01312#8,2,2,2
C-clinical-11-01315#0,2,2,2
C-clinical-11-01315#10,2,2,2
C-clinical-11-01315#2,2,2,2
C-clinical-11-01315#3,2,2,2
C-clinical-11-01315#4,2,2,2
C-clinical-11-01315#5,2,2,2
C-clinical-11-01315#6,2,2,2
C-clinical-11-01315#7,2,2,2
C-clinical-11-01315#8,2,2,2
C-clinical-11-01315#9,2,2,2
C-clinical-11-01320#0,2,2,2
C-clinical-11-01320#1,1,1,1
C-clinical-11-01320#2,2,2,2
C-clinical-11-01320#3,2,2,2
C-clinical-11-01320#4,2,2,2
C-clinical-11-01320#5,2,2,2
C-clinical-11-01320#6,2,2,2
C-clinical-11-01320#7,0,0,0
C-clinical-11-01320#8,2,2,2
C-clinical-11-01321#0,2,2,2
C-clinical-11-01321#1,2,2,2
C-clinical-11-01321#2,2,2,2
C-clinical-11-01321#3,2,2,2
C-clinical-11-01321#4,2,2,2
C-clinical-11-01321#5,2,2,2
C-clinical-11-01321#6,2,2,2
C-clinical-11-01321#7,1,2,2
C-clinical-11-01323#0,2,2,2
C-clinical-11-01323#1,2,2,2
C-clinical-11-01323#2,2,2,2
C-clinical-11-01323#3,2,2,2
C-clinical-11-01327#0,2,2,2
C-clinical-11-01327#1,2,2,2
C-clinical-11-01327#10,2,2,2
C-clinical-11-01327#2,2,2,2
C-clinical-11-01327#3,2,2,2
C-clinical-11-01327#4,2,2,2
C-clinical-11-01327#5,2,2,2
C-clinical-11-01327#6,2,2,2
C-clinical-11-01327#7,2,2,2
C-clinical-11-01327#8,2,2,2
C-clinical-11-01327#9,2,2,2
C-clinical-11-01331#0,2,2,2
C-clinical-11-01331#1,2,2,2
C-clinical-11-01331#3,2,2,2
C-clinical-11-01331#4,2,2,2
C-clinical-11-01331#6,2,2,2
C-clinical-11-01334#0,2,2,2
C-clinical-11-01334#1,2,2,2
C-clinical-11-01334#2,2,2,2
C-clinical-11-01334#4,2,2,2
C-clinical-11-01334#5,2,2,2
C-clinical-11-01334#6,2,2,2
C-clinical-11-01334#7,2,2,2
C-clinical-11-01337#0,2,2,2
C-clinical-11-01337#1,2,2,2
C-clinical-11-01337#10,2,2,2
C-clinical-11-01337#11,2,2,2
C-clinical-11-01337#12,2,2,2
C-clinical-11-01337#2,2,2,2
C-clinical-11-01337#3,2,2,2
C-clinical-11-01337#4,2,2,2
C-clinical-11-01337#5,2,2,2
C-clinical-11-01337#6,2,2,2
C-clinical-11-01337#7,2,2,2
C-clinical-11-01337#8,2,2,2
C-clinical-11-01337#9,2,2,2
C-clinical-11-01341#0,2,2,2
C-clinical-11-01341#1,2,2,2
C-clinical-11-01341#10,2,2,2
C-clinical-11-01341#11,0,2,0
C-clinical-11-01341#12,2,2,2
C-clinical-11-01341#2,2,2,2
C-clinical-11-01341#3,0,1,0
C-clinical-11-01341#4,2,2,2
C-clinical-11-01341#5,2,2,2
C-clinical-11-01341#6,2,2,2
C-clinical-11-01341#7,2,2,2
C-clinical-11-01341#8,2,2,2
C-clinical-11-01341#9,2,2,2
C-clinical-11-01342#0,2,2,2
C-clinical-11-01342#1,2,2,2
C-clinical-11-01342#3,2,2,2
C-clinical-11-01342#4,2,2,2
C-clinical-11-01342#5,2,2,2
C-clinical-11-01342#6,2,2,2
C-clinical-11-01342#7,2,2,2
C-clinical-11-01342#8,2,2,2
C-clinical-11-01342#9,0,1,0
C-clinical-11-01344#0,2,2,2
C-clinical-11-01344#1,2,2,2
C-clinical-11-01344#2,1,1,1
C-clinical-11-01344#3,2,2,2
C-clinical-11-01344#4,2,2,2
C-clinical-11-01344#5,2,2,0
C-clinical-11-01344#6,2,2,2
C-clinical-11-01344#7,2,2,2
C-clinical-11-01344#8,2,2,2
C-clinical-11-01347#0,2,2,2
C-clinical-11-01347#1,2,2,2
C-clinical-11-01347#2,0,1,0
C-clinical-11-01347#3,2,2,2
C-clinical-11-01347#4,2,2,2
C-clinical-11-01347#5,2,2,2
C-clinical-11-01348#0,2,2,2
C-clinical-11-01348#1,2,2,2
C-clinical-11-01348#10,2,2,2
C-clinical-11-01348#11,2,2,2
C-clinical-11-01348#2,2,2,2
C-clinical-11-01348#3,2,2,2
C-clinical-11-01348#4,2,2,2
C-clinical-11-01348#5,2,2,2
C-clinical-11-01348#6,2,2,2
C-clinical-11-01348#7,1,2,1
C-clinical-11-01348#8,2,2,2
C-clinical-11-01348#9,2,2,2
C-clinical-11-01353#0,2,2,2
C-clinical-11-01353#1,2,2,2
C-clinical-11-01353#2,2,2,2
C-clinical-11-01353#3,2,2,2
C-clinical-11-01353#4,2,2,2
C-clinical-11-01353#5,2,2,2
C-clinical-11-01353#6,2,2,2
C-clinical-11-01353#7,2,2,2
C-clinical-11-01353#8,2,2,2
C-clinical-11-01353#9,2,2,2
C-clinical-11-01354#0,2,2,2
C-clinical-11-01354#1,2,2,2
C-clinical-11-01354#2,2,2,2
C-clinical-11-01354#3,2,2,2
C-clinical-11-01354#4,2,2,2
C-clinical-11-01354#6,2,2,2
C-clinical-11-01354#7,2,2,2
C-clinical-11-01354#8,2,2,2
C-clinical-11-01354#9,2,2,2
C-clinical-11-01358#0,2,2,2
C-clinical-11-01358#1,2,2,2
C-clinical-11-01358#2,2,2,2
C-clinical-11-01358#3,1,2,1
C-clinical-11-01359#1,2,2,2
C-clinical-11-01359#2,2,2,2
C-clinical-11-01359#3,2,2,2
C-clinical-11-01365#0,2,2,2
C-clinical-11-01365#1,2,2,2
C-clinical-11-01365#2,2,2,2
C-clinical-11-01365#3,2,2,2
C-clinical-11-01365#4,2,2,2
C-clinical-11-01367#0,2,2,2
C-clinical-11-01367#1,2,2,2
C-clinical-11-01367#2,2,2,2
C-clinical-11-01367#3,2,2,2
C-clinical-11-01367#4,2,2,2
C-clinical-11-01368#0,2,2,2
C-clinical-11-01368#1,2,2,2
C-clinical-11-01368#2,2,2,2
C-clinical-11-01368#3,2,2,2
C-clinical-11-01368#4,1,1,0
C-clinical-11-01371#0,2,2,2
C-clinical-11-01371#1,2,2,2
C-clinical-11-01371#2,2,2,2
C-clinical-11-01371#3,2,2,2
C-clinical-11-01371#4,2,2,2
C-clinical-11-01379#0,2,2,2
C-clinical-11-01379#1,2,2,2
C-clinical-11-01379#2,2,2,2
C-clinical-11-01379#3,2,2,2
C-clinical-11-01379#4,2,2,2
C-clinical-11-01379#5,2,2,2
C-clinical-11-01379#6,2,2,2
C-clinical-11-01379#7,2,2,2
C-clinical-11-01379#8,2,2,2
C-clinical-11-01380#0,2,2,2
C-clinical-11-01380#1,2,2,2
C-clinical-11-01380#10,1,2,2
C-clinical-11-01380#11,2,2,2
C-clinical-11-01380#2,2,2,2
C-clinical-11-01380#3,2,2,2
C-clinical-11-01380#4,2,2,2
C-clinical-11-01380#5,1,2,2
C-clinical-11-01380#6,2,2,2
C-clinical-11-01380#7,2,2,2
C-clinical-11-01380#8,2,2,2
C-clinical-11-01380#9,2,2,2
C-clinical-11-01382#0,2,2,2
C-clinical-11-01382#1,2,2,2
C-clinical-11-01382#2,2,2,2
C-clinical-11-01382#3,2,2,2
C-clinical-11-01386#0,2,2,2
C-clinical-11-01386#1,2,2,2
C-clinical-11-01386#2,2,2,2
C-clinical-11-01386#3,2,2,2
C-clinical-11-01386#4,1,2,1
C-clinical-11-01386#5,2,2,2
C-clinical-11-01386#6,2,2,2
C-clinical-11-01386#7,0,2,1
C-clinical-11-01386#8,2,2,2
C-clinical-11-01387#1,2,2,2
C-clinical-11-01387#2,2,2,2
C-clinical-11-01387#3,2,2,2
C-clinical-11-01387#4,2,2,2
C-clinical-11-01387#5,2,2,2
C-clinical-11-01387#6,0,2,0
C-clinical-11-01387#7,2,2,2
C-clinical-11-01387#8,2,2,2
C-clinical-11-01387#9,2,2,2
C-clinical-11-01393#0,2,2,2
C-clinical-11-01393#1,2,2,2
C-clinical-11-01393#2,2,2,2
C-clinical-11-01393#3,2,2,2
C-clinical-11-01395#0,2,2,2
C-clinical-11-01395#1,2,2,2
C-clinical-11-01395#2,2,2,2
C-clinical-11-01395#3,2,2,2
C-clinical-11-01395#4,2,2,2
C-clinical-11-01395#5,2,2,2
C-clinical-11-01395#6,2,2,2
C-clinical-11-01395#7,2,2,2
C-clinical-11-01399#0,2,2,2
C-clinical-11-01399#1,2,2,2
C-clinical-11-01399#10,2,2,2
C-clinical-11-01399#11,2,2,2
C-clinical-11-01399#2,2,2,2
C-clinical-11-01399#3,2,2,2
C-clinical-11-01399#4,2,2,1
C-clinical-11-01399#5,2,2,2
C-clinical-11-01399#6,2,2,2
C-clinical-11-01399#7,2,2,2
C-clinical-11-01399#8,0,2,0
C-clinical-11-01399#9,0,2,0
C-clinical-11-01400#0,2,2,2
C-clinical-11-01400#1,2,2,2
C-clinical-11-01400#2,2,2,2
C-clinical-11-01401#1,2,2,2
C-clinical-11-01401#10,2,2,2
C-clinical-11-01401#11,2,2,2
C-clinical-11-01401#2,2,2,2
C-clinical-11-01401#3,2,2,2
C-clinical-11-01401#4,2,2,2
C-clinical-11-01401#5,2,2,2
C-clinical-11-01401#6,2,2,2
C-clinical-11-01401#7,2,2,2
C-clinical-11-01401#8,2,2,2
C-clinical-11-01401#9,2,2,2
C-clinical-11-01403#0,2,2,2
C-clinical-11-01403#1,2,2,2
C-clinical-11-01403#2,2,2,2
C-clinical-11-01403#3,2,2,2
C-clinical-11-01405#0,2,2,2
C-clinical-11-01405#1,2,2,2
C-clinical-11-01405#2,2,2,2
C-clinical-11-01405#3,2,2,2
C-clinical-11-01405#4,2,2,2
C-clinical-11-01405#5,2,2,2
C-clinical-11-01405#6,2,2,2
C-clinical-11-01407#0,2,2,2
C-clinical-11-01407#1,2,2,2
C-clinical-11-01407#2,2,2,2
C-clinical-11-01407#3,1,1,1
C-clinical-11-01407#4,1,2,1
C-clinical-11-01407#5,2,2,2
C-clinical-11-01407#6,2,2,2
C-clinical-11-01407#7,2,2,2
C-clinical-11-01407#8,2,2,2
C-clinical-11-01410#0,2,2,2
C-clinical-11-01410#1,2,2,2
C-clinical-11-01410#2,2,2,2
C-clinical-11-01410#3,1,1,1
C-clinical-11-01410#4,2,2,2
C-clinical-11-01410#5,2,2,2
C-clinical-11-01410#6,0,2,0
C-clinical-11-01410#7,0,2,0
C-clinical-11-01410#8,0,2,0
C-clinical-11-01410#9,2,2,2
C-clinical-11-01413#1,2,2,2
C-clinical-11-01413#10,2,2,2
C-clinical-11-01413#11,2,2,2
C-clinical-11-01413#12,2,2,2
C-clinical-11-01413#2,2,2,2
C-clinical-11-01413#3,2,2,2
C-clinical-11-01413#4,2,2,2
C-clinical-11-01413#5,2,2,2
C-clinical-11-01413#6,2,2,2
C-clinical-11-01413#7,2,2,2
C-clinical-11-01413#8,2,2,2
C-clinical-11-01413#9,1,1,0
C-clinical-11-01416#0,2,2,2
C-clinical-11-01416#1,2,2,2
C-clinical-11-01416#10,2,2,2
C-clinical-11-01416#11,2,2,2
C-clinical-11-01416#2,2,2,2
C-clinical-11-01416#3,2,2,2
C-clinical-11-01416#4,2,2,2
C-clinical-11-01416#5,2,2,2
C-clinical-11-01416#6,2,2,2
C-clinical-11-01416#7,2,2,2
C-clinical-11-01416#8,2,2,2
C-clinical-11-01416#9,2,2,2
C-clinical-11-01417#0,2,2,2
C-clinical-11-01417#1,2,2,2
C-clinical-11-01417#2,2,2,2
C-clinical-11-01417#3,2,2,2
C-clinical-11-01417#4,2,2,2
C-clinical-11-01417#5,2,2,2
C-clinical-11-01417#6,2,2,2
C-clinical-11-01417#8,2,2,2
C-clinical-11-01418#0,2,2,2
C-clinical-11-01418#1,2,2,2
C-clinical-11-01418#10,2,2,2
C-clinical-11-01418#11,2,2,2
C-clinical-11-01418#12,2,2,2
C-clinical-11-01418#13,2,2,2
C-clinical-11-01418#14,2,2,2
C-clinical-11-01418#15,2,2,2
C-clinical-11-01418#2,2,2,2
C-clinical-11-01418#3,2,2,2
C-clinical-11-01418#4,2,2,2
C-clinical-11-01418#5,2,2,2
C-clinical-11-01418#6,2,2,2
C-clinical-11-01418#7,2,2,2
C-clinical-11-01418#8,2,2,2
C-clinical-11-01418#9,0,2,0
C-clinical-11-01419#0,2,2,2
C-clinical-11-01419#1,2,2,2
C-clinical-11-01419#2,2,2,2
C-clinical-11-01419#3,2,2,2
C-clinical-11-01419#4,2,2,2
C-clinical-11-01419#5,2,2,2
C-clinical-11-01419#6,2,2,2
C-clinical-11-01421#0,2,2,2
C-clinical-11-01421#1,2,2,2
C-clinical-11-01421#2,2,2,2
C-clinical-11-01421#3,0,2,2
C-clinical-11-01422#0,2,2,2
C-clinical-11-01422#1,2,2,2
C-clinical-11-01422#2,1,1,1
C-clinical-11-01427#0,2,2,2
C-clinical-11-01427#1,2,2,2
C-clinical-11-01427#2,2,2,2
C-clinical-11-01427#3,2,2,2
C-clinical-11-01427#4,2,2,2
C-clinical-11-01430#0,2,2,2
C-clinical-11-01430#1,2,2,2
C-clinical-11-01430#2,2,2,2
C-clinical-11-01430#3,2,2,2
C-clinical-11-01430#4,2,2,2
C-clinical-11-01430#5,2,2,2
C-clinical-11-01430#6,2,2,2
C-clinical-11-01430#7,2,2,2
C-clinical-11-01430#8,2,2,2
C-clinical-11-01434#0,2,2,2
C-clinical-11-01434#1,2,2,2
C-clinical-11-01434#10,0,0,0
C-clinical-11-01434#11,2,2,2
C-clinical-11-01434#2,2,2,2
C-clinical-11-01434#4,0,2,0
C-clinical-11-01434#5,2,2,2
C-clinical-11-01434#6,2,2,2
C-clinical-11-01434#7,2,2,2
C-clinical-11-01434#8,2,2,2
C-clinical-11-01434#9,2,2,2
C-clinical-11-01436#0,2,2,2
C-clinical-11-01436#1,0,2,0
C-clinical-11-01436#2,2,2,2
C-clinical-11-01436#3,2,2,2
C-clinical-11-01440#0,2,2,2
C-clinical-11-01440#1,2,2,2
C-clinical-11-01440#2,2,2,2
C-clinical-11-01440#3,2,2,2
C-clinical-11-01440#4,2,2,2
C-clinical-11-01440#5,0,1,0
C-clinical-11-01441#0,2,2,2
C-clinical-11-01441#1,2,2,2
C-clinical-11-01441#2,0,1,0
C-clinical-11-01442#0,2,2,2
C-clinical-11-01442#10,2,2,2
C-clinical-11-01442#2,2,2,2
C-clinical-11-01442#3,2,2,2
C-clinical-11-01442#4,2,2,2
C-clinical-11-01442#5,2,2,2
C-clinical-11-01442#6,2,2,2
C-clinical-11-01442#7,2,2,2
C-clinical-11-01442#8,2,2,2
C-clinical-11-01442#9,2,2,2
C-clinical-11-01444#0,2,2,2
C-clinical-11-01444#1,2,2,2
C-clinical-11-01444#10,2,2,2
C-clinical-11-01444#11,2,2,2
C-clinical-11-01444#2,2,2,2
C-clinical-11-01444#3,2,2,2
C-clinical-11-01444#4,1,2,1
C-clinical-11-01444#5,2,2,2
C-clinical-11-01444#6,2,2,2
C-clinical-11-01444#7,2,2,2
C-clinical-11-01444#8,2,2,2
C-clinical-11-01444#9,2,2,2
C-clinical-11-01445#0,2,2,2
C-clinical-11-01445#1,2,2,2
C-clinical-11-01445#2,2,2,2
C-clinical-11-01445#3,2,2,2
C-clinical-11-01445#4,2,2,2
C-clinical-11-01445#5,2,2,2
C-clinical-11-01445#6,2,2,2
C-clinical-11-01445#7,2,2,2
C-clinical-11-01445#8,2,2,2
C-clinical-11-01455#0,2,2,2
C-clinical-11-01455#1,2,2,2
C-clinical-11-01455#2,2,2,2
C-clinical-11-01456#0,2,2,2
C-clinical-11-01456#1,2,2,2
C-clinical-11-01456#2,2,2,2
C-clinical-11-01456#3,2,2,2
C-clinical-11-01456#4,2,2,2
C-clinical-11-01456#5,2,2,2
C-clinical-11-01456#6,2,2,2
C-clinical-11-01459#0,2,2,2
C-clinical-11-01459#1,2,2,2
C-clinical-11-01459#2,2,2,2
C-clinical-11-01459#3,2,2,2
C-clinical-11-01459#4,2,2,2
C-clinical-11-01459#5,2,2,2
C-clinical-11-01459#6,2,2,2
C-clinical-11-01461#0,2,2,2
C-clinical-11-01461#1,2,2,2
C-clinical-11-01461#10,2,2,2
C-clinical-11-01461#11,2,2,2
C-clinical-11-01461#2,2,2,2
C-clinical-11-01461#4,2,2,2
C-clinical-11-01461#5,2,2,2
C-clinical-11-01461#6,2,2,2
C-clinical-11-01461#7,2,2,2
C-clinical-11-01461#8,2,2,2
C-clinical-11-01463#1,2,2,2
C-clinical-11-01463#2,2,2,2
C-clinical-11-01463#3,0,2,0
C-clinical-11-01463#4,2,2,2
C-clinical-11-01463#5,2,2,2
C-clinical-11-01463#6,2,2,2
C-clinical-11-01463#7,2,2,2
C-clinical-11-01463#8,2,2,2
C-clinical-11-01463#9,2,2,2
C-clinical-11-01464#0,2,2,2
C-clinical-11-01464#1,2,2,2
C-clinical-11-01464#2,2,2,2
C-clinical-11-01464#3,0,1,0
C-clinical-11-01464#4,2,2,2
C-clinical-11-01464#5,2,2,2
C-clinical-11-01464#6,2,2,2
C-clinical-11-01464#7,2,2,2
C-clinical-11-01466#0,2,2,2
C-clinical-11-01466#1,2,2,2
C-clinical-11-01466#2,2,2,2
C-clinical-11-01466#3,2,2,2
C-clinical-11-01466#4,2,2,2
C-clinical-11-01466#5,2,2,2
C-clinical-11-01466#6,2,2,2
C-clinical-11-01466#7,2,2,2
C-clinical-11-01466#8,2,2,2
C-clinical-11-01472#0,2,2,2
C-clinical-11-01472#1,2,2,2
C-clinical-11-01472#10,2,2,2
C-clinical-11-01472#2,2,2,2
C-clinical-11-01472#3,2,2,2
C-clinical-11-01472#4,2,2,2
C-clinical-11-01472#5,2,2,2
C-clinical-11-01472#7,2,2,2
C-clinical-11-01472#8,2,2,2
C-clinical-11-01472#9,2,2,2
C-clinical-11-01476#0,2,2,2
C-clinical-11-01476#2,2,2,2
C-clinical-11-01476#3,2,2,2
C-clinical-11-01476#4,2,2,2
C-clinical-11-01476#5,2,2,2
C-clinical-11-01476#6,2,2,2
C-clinical-11-01476#7,2,2,2
C-clinical-11-01480#0,2,2,2
C-clinical-11-01480#1,2,2,2
C-clinical-11-01480#10,2,2,2
C-clinical-11-01480#11,2,2,2
C-clinical-11-01480#3,2,2,2
C-clinical-11-01480#4,2,2,2
C-clinical-11-01480#5,2,2,2
C-clinical-11-01480#6,2,2,2
C-clinical-11-01480#7,2,2,2
C-clinical-11-01480#8,2,2,2
C-clinical-11-01480#9,2,2,2
C-clinical-11-01482#0,2,2,2
C-clinical-11-01482#1,2,2,2
C-clinical-11-01482#2,2,2,2
C-clinical-11-01482#3,2,2,2
C-clinical-11-01482#4,2,2,2
C-clinical-11-01482#5,2,2,2
C-clinical-11-01482#6,2,2,2
C-clinical-11-01482#7,2,2,2
C-clinical-11-01482#8,2,2,2
C-clinical-11-01494#0,2,2,2
C-clinical-11-01494#1,2,2,2
C-clinical-11-01494#2,2,2,2
C-clinical-11-01494#3,2,2,2
C-clinical-11-01494#4,2,2,2
C-clinical-11-01494#5,2,2,2
C-clinical-11-01494#6,2,2,2
C-clinical-11-01495#0,2,2,2
C-clinical-11-01495#1,2,2,2
C-clinical-11-01495#10,2,2,2
C-clinical-11-01495#11,2,2,2
C-clinical-11-01495#12,2,2,2
C-clinical-11-01495#13,2,2,2
C-clinical-11-01495#2,2,2,2
C-clinical-11-01495#3,2,2,0
C-clinical-11-01495#5,2,2,2
C-clinical-11-01495#6,2,2,2
C-clinical-11-01495#7,2,2,2
C-clinical-11-01495#8,2,2,2
C-clinical-11-01495#9,2,2,0
C-clinical-11-01498#0,2,2,2
C-clinical-11-01498#1,2,2,2
C-clinical-11-01498#2,2,2,2
C-clinical-11-01502#0,2,2,2
C-clinical-11-01502#1,2,2,2
C-clinical-11-01502#2,2,2,2
C-clinical-11-01502#3,2,2,2
C-clinical-11-01502#4,2,2,2
C-clinical-11-01502#5,2,2,2
C-clinical-11-01502#6,2,2,2
C-clinical-11-01504#0,2,2,2
C-clinical-11-01504#1,2,2,2
C-clinical-11-01504#2,2,2,2
C-clinical-11-01504#3,2,2,2
C-clinical-11-01504#4,2,2,2
C-clinical-11-01505#0,2,2,2
C-clinical-11-01505#1,2,2,2
C-clinical-11-01505#10,2,2,2
C-clinical-11-01505#11,2,2,2
C-clinical-11-01505#12,2,2,2
C-clinical-11-01505#13,2,2,2
C-clinical-11-01505#2,2,2,2
C-clinical-11-01505#3,2,2,2
C-clinical-11-01505#4,2,2,2
C-clinical-11-01505#5,2,2,2
C-clinical-11-01505#6,2,2,2
C-clinical-11-01505#7,2,2,2
C-clinical-11-01505#8,2,2,2
C-clinical-11-01505#9,2,2,2
C-clinical-11-01509#0,2,2,2
C-clinical-11-01509#1,2,2,2
C-clinical-11-01509#10,2,2,2
C-clinical-11-01509#2,2,2,2
C-clinical-11-01509#3,2,2,2
C-clinical-11-01509#4,2,2,2
C-clinical-11-01509#5,2,2,2
C-clinical-11-01509#6,2,2,2
C-clinical-11-01509#7,2,2,2
C-clinical-11-01509#8,2,2,2
C-clinical-11-01509#9,2,2,2
C-clinical-11-01511#0,2,2,2
C-clinical-11-01511#1,2,2,2
C-clinical-11-01511#2,2,2,2
C-clinical-11-01511#3,2,2,2
C-clinical-11-01511#4,1,1,1
C-clinical-11-01511#5,2,2,2
C-clinical-11-01513#0,2,2,2
C-clinical-11-01513#1,2,2,2
C-clinical-11-01513#2,2,2,2
C-clinical-11-01515#0,2,2,2
C-clinical-11-01515#1,2,2,2
C-clinical-11-01515#2,2,2,2
C-clinical-11-01515#3,2,2,2
C-clinical-11-01515#4,1,1,1
C-clinical-11-01515#5,2,2,2
C-clinical-11-01516#0,2,2,2
C-clinical-11-01516#1,2,2,2
C-clinical-11-01516#2,2,2,2
C-clinical-11-01517#0,2,2,2
C-clinical-11-01517#1,2,2,2
C-clinical-11-01517#2,2,2,2
C-clinical-11-01517#3,2,2,2
C-clinical-11-01517#4,2,2,2
C-clinical-11-01517#5,2,2,2
C-clinical-11-01518#0,2,2,2
C-clinical-11-01518#1,2,2,2
C-clinical-11-01518#10,2,2,2
C-clinical-11-01518#11,2,2,2
C-clinical-11-01518#12,2,2,2
C-clinical-11-01518#2,1,2,1
C-clinical-11-01518#3,2,2,2
C-clinical-11-01518#4,2,2,2
C-clinical-11-01518#5,2,2,2
C-clinical-11-01518#6,1,2,1
C-clinical-11-01518#7,2,2,2
C-clinical-11-01518#8,2,2,2
C-clinical-11-01518#9,2,2,2
C-clinical-11-01519#1,2,2,2
C-clinical-11-01519#10,2,2,2
C-clinical-11-01519#13,2,2,2
C-clinical-11-01519#2,2,2,2
C-clinical-11-01519#3,2,2,2
C-clinical-11-01519#4,2,2,2
C-clinical-11-01519#6,2,2,2
C-clinical-11-01519#7,2,2,2
C-clinical-11-01519#8,2,2,2
C-clinical-11-01519#9,2,2,2
C-clinical-11-01520#0,2,2,2
C-clinical-11-01520#1,2,2,2
C-clinical-11-01520#10,2,2,2
C-clinical-11-01520#11,1,2,0
C-clinical-11-01520#12,2,2,2
C-clinical-11-01520#13,2,2,2
C-clinical-11-01520#2,2,2,2
C-clinical-11-01520#3,2,2,2
C-clinical-11-01520#4,2,2,2
C-clinical-11-01520#5,2,2,2
C-clinical-11-01520#6,2,2,2
C-clinical-11-01520#7,2,2,2
C-clinical-11-01520#8,2,2,2
C-clinical-11-01520#9,2,2,2
C-clinical-11-01521#1,2,2,2
C-clinical-11-01521#10,2,2,2
C-clinical-11-01521#2,2,2,2
C-clinical-11-01521#3,2,2,2
C-clinical-11-01521#4,2,2,2
C-clinical-11-01521#5,2,2,2
C-clinical-11-01521#6,2,2,2
C-clinical-11-01521#7,2,2,2
C-clinical-11-01521#8,2,2,2
C-clinical-11-01521#9,2,2,2
C-clinical-11-01522#0,2,2,2
C-clinical-11-01522#1,2,2,2
C-clinical-11-01522#10,2,2,2
C-clinical-11-01522#2,2,2,2
C-clinical-11-01522#3,2,2,2
C-clinical-11-01522#4,2,2,2
C-clinical-11-01522#5,2,2,2
C-clinical-11-01522#6,2,2,2
C-clinical-11-01522#7,2,2,2
C-clinical-11-01522#8,2,2,2
C-clinical-11-01522#9,2,2,2
C-clinical-11-01523#0,2,2,2
C-clinical-11-01523#1,2,2,2
C-clinical-11-01523#10,2,2,2
C-clinical-11-01523#11,2,2,2
C-clinical-11-01523#2,2,2,2
C-clinical-11-01523#3,0,2,0
C-clinical-11-01523#4,2,2,2
C-clinical-11-01523#5,2,2,2
C-clinical-11-01523#6,0,2,0
C-clinical-11-01523#7,0,2,0
C-clinical-11-01523#8,2,2,0
C-clinical-11-01523#9,2,2,2
C-clinical-11-01527#0,2,2,2
C-clinical-11-01527#1,2,2,2
C-clinical-11-01527#10,2,2,2
C-clinical-11-01527#2,1,1,1
C-clinical-11-01527#3,2,2,2
C-clinical-11-01527#4,2,2,2
C-clinical-11-01527#5,0,2,2
C-clinical-11-01527#6,2,2,2
C-clinical-11-01527#7,2,2,2
C-clinical-11-01527#8,2,2,2
C-clinical-11-01527#9,1,2,1
C-clinical-11-01530#0,2,2,2
C-clinical-11-01530#1,2,2,2
C-clinical-11-01530#2,2,2,2
C-clinical-11-01530#3,2,2,2
C-clinical-11-01530#4,2,2,2
C-clinical-11-01530#5,2,2,2
C-clinical-11-01530#6,2,2,2
C-clinical-11-01530#7,2,2,2
C-clinical-11-01530#8,2,2,2
C-clinical-11-01531#0,2,2,2
C-clinical-11-01531#1,2,2,2
C-clinical-11-01531#10,2,2,2
C-clinical-11-01531#11,2,2,2
C-clinical-11-01531#2,2,2,2
C-clinical-11-01531#3,2,2,2
C-clinical-11-01531#4,2,2,2
C-clinical-11-01531#5,2,2,2
C-clinical-11-01531#6,2,2,2
C-clinical-11-01531#7,2,2,2
C-clinical-11-01531#8,2,2,2
C-clinical-11-01531#9,0,2,0
C-clinical-11-01533#0,2,2,2
C-clinical-11-01533#1,2,2,2
C-clinical-11-01533#2,2,2,2
C-clinical-11-01533#3,2,2,2
C-clinical-11-01533#4,2,2,2
C-clinical-11-01533#5,2,2,2
C-clinical-11-01535#0,0,1,0
C-clinical-11-01535#1,2,2,2
C-clinical-11-01535#10,2,2,2
C-clinical-11-01535#11,1,2,2
C-clinical-11-01535#2,2,2,2
C-clinical-11-01535#3,2,2,2
C-clinical-11-01535#6,2,2,2
C-clinical-11-01535#7,2,2,2
C-clinical-11-01535#8,2,2,2
C-clinical-11-01535#9,2,2,2
C-clinical-11-01536#0,2,2,2
C-clinical-11-01536#1,2,2,2
C-clinical-11-01536#10,2,2,2
C-clinical-11-01536#11,2,2,2
C-clinical-11-01536#2,2,2,2
C-clinical-11-01536#3,2,2,2
C-clinical-11-01536#4,2,2,2
C-clinical-11-01536#5,1,0,1
C-clinical-11-01536#6,2,2,2
C-clinical-11-01536#7,2,2,2
C-clinical-11-01536#8,2,2,2
C-clinical-11-01536#9,2,2,2
C-clinical-11-01542#0,2,2,2
C-clinical-11-01542#1,2,2,2
C-clinical-11-01542#2,2,2,2
C-clinical-11-01542#3,2,2,2
C-clinical-11-01542#4,2,2,2
C-clinical-11-01542#6,2,2,2
C-clinical-11-01543#0,2,2,2
C-clinical-11-01543#1,2,2,2
C-clinical-11-01543#2,2,2,2
C-clinical-11-01546#0,2,2,2
C-clinical-11-01546#1,2,2,2
C-clinical-11-01546#2,2,2,2
C-clinical-11-01546#3,0,1,0
C-clinical-11-01546#4,2,2,2
C-clinical-11-01546#5,0,1,0
C-clinical-11-01550#0,2,2,2
C-clinical-11-01550#1,2,2,2
C-clinical-11-01550#2,2,2,2
C-clinical-11-01550#3,2,2,2
C-clinical-11-01550#4,2,2,2
C-clinical-11-01550#5,2,2,2
C-clinical-11-01550#6,2,2,2
C-clinical-11-01551#0,2,2,2
C-clinical-11-01551#1,2,2,2
C-clinical-11-01551#2,2,2,2
C-clinical-11-01551#3,2,2,2
C-clinical-11-01551#5,2,2,2
C-clinical-11-01551#6,2,2,2
C-clinical-11-01551#7,2,2,2
C-clinical-11-01551#8,2,2,2
C-clinical-11-01551#9,2,2,2
C-clinical-11-01554#0,2,2,2
C-clinical-11-01554#1,2,2,2
C-clinical-11-01554#2,2,2,2
C-clinical-11-01554#3,2,2,2
C-clinical-11-01554#4,2,2,2
C-clinical-11-01554#5,2,2,2
C-clinical-11-01554#6,2,2,2
C-clinical-11-01554#7,2,2,2
C-clinical-11-01554#8,2,2,2
C-clinical-11-01559#0,2,2,2
C-clinical-11-01559#2,2,2,2
C-clinical-11-01559#3,2,2,2
C-clinical-11-01559#4,2,2,2
C-clinical-11-01559#5,2,2,2
C-clinical-11-01559#6,2,2,2
C-clinical-11-01559#7,2,2,2
C-clinical-11-01559#8,2,2,2
C-clinical-11-01559#9,2,2,2
C-clinical-11-01560#0,2,2,2
C-clinical-11-01560#1,2,2,2
C-clinical-11-01560#2,2,2,2
C-clinical-11-01560#3,2,2,2
C-clinical-11-01560#4,2,2,2
C-clinical-11-01560#5,2,2,2
C-clinical-11-01562#0,2,2,2
C-clinical-11-01562#1,2,2,2
C-clinical-11-01562#10,2,2,2
C-clinical-11-01562#2,2,2,2
C-clinical-11-01562#3,2,2,2
C-clinical-11-01562#4,2,2,2
C-clinical-11-01562#5,2,2,2
C-clinical-11-01562#6,2,2,2
C-clinical-11-01562#7,2,2,2
C-clinical-11-01562#8,0,2,0
C-clinical-11-01562#9,2,2,2
C-clinical-11-01563#0,2,2,2
C-clinical-11-01563#1,2,2,2
C-clinical-11-01563#10,2,2,2
C-clinical-11-01563#11,2,2,2
C-clinical-11-01563#12,2,2,2
C-clinical-11-01563#2,2,2,2
C-clinical-11-01563#3,2,2,2
C-clinical-11-01563#4,2,2,2
C-clinical-11-01563#5,2,2,2
C-clinical-11-01563#6,2,2,2
C-clinical-11-01563#7,2,2,2
C-clinical-11-01563#8,2,2,2
C-clinical-11-01563#9,2,2,2
C-clinical-11-01564#0,2,2,2
C-clinical-11-01564#1,2,2,2
C-clinical-11-01564#10,2,2,2
C-clinical-11-01564#11,2,2,2
C-clinical-11-01564#12,2,2,2
C-clinical-11-01564#2,2,2,2
C-clinical-11-01564#4,2,2,2
C-clinical-11-01564#5,2,2,2
C-clinical-11-01564#6,1,1,1
C-clinical-11-01564#7,2,2,2
C-clinical-11-01564#8,2,2,2
C-clinical-11-01564#9,2,2,2
C-clinical-11-01567#0,2,2,2
C-clinical-11-01567#1,2,2,2
C-clinical-11-01567#10,2,2,2
C-clinical-11-01567#11,2,2,2
C-clinical-11-01567#12,2,2,2
C-clinical-11-01567#2,2,2,2
C-clinical-11-01567#3,2,2,2
C-clinical-11-01567#4,2,2,2
C-clinical-11-01567#5,2,2,2
C-clinical-11-01567#6,2,2,2
C-clinical-11-01567#7,1,2,0
C-clinical-11-01567#8,2,2,2
C-clinical-11-01567#9,2,2,2
C-clinical-11-01570#0,2,2,2
C-clinical-11-01570#1,2,2,2
C-clinical-11-01570#2,2,2,2
C-clinical-11-01570#3,2,2,2
C-clinical-11-01570#4,2,2,2
C-clinical-11-01570#5,2,2,2
C-clinical-11-01570#6,0,2,0
C-clinical-11-01570#7,2,2,2
C-clinical-11-01571#0,2,2,2
C-clinical-11-01571#1,2,2,2
C-clinical-11-01571#2,2,2,2
C-clinical-11-01571#3,2,2,2
C-clinical-11-01571#4,2,2,2
C-clinical-11-01571#5,2,2,2
C-clinical-11-01571#6,2,2,2
C-clinical-11-01573#0,2,2,2
C-clinical-11-01573#1,2,2,2
C-clinical-11-01573#2,2,2,2
C-clinical-11-01573#3,2,2,2
C-clinical-11-01573#4,2,2,2
C-clinical-11-01573#5,2,2,2
C-clinical-11-01573#6,2,2,2
C-clinical-11-01573#7,2,2,2
C-clinical-11-01573#8,2,2,2
C-clinical-11-01575#0,2,2,2
C-clinical-11-01575#1,2,2,2
C-clinical-11-01575#2,2,2,2
C-clinical-11-01575#3,2,2,2
C-clinical-11-01575#4,2,2,2
C-clinical-11-01575#5,2,2,2
C-clinical-11-01575#6,2,2,2
C-clinical-11-01575#7,2,2,2
C-clinical-11-01575#8,1,2,1
C-clinical-11-01575#9,2,2,2
C-clinical-11-01576#0,2,2,2
C-clinical-11-01576#1,2,2,2
C-clinical-11-01576#2,2,2,2
C-clinical-11-01576#3,2,2,2
C-clinical-11-01576#4,2,2,2
C-clinical-11-01576#5,2,2,2
C-clinical-11-01576#6,2,2,2
C-clinical-11-01576#7,2,2,2
C-clinical-11-01579#0,2,2,2
C-clinical-11-01579#1,2,2,2
C-clinical-11-01579#2,2,2,2
C-clinical-11-01579#3,0,1,0
C-clinical-11-01579#4,2,2,2
C-clinical-11-01580#0,2,2,2
C-clinical-11-01580#1,2,2,2
C-clinical-11-01580#2,2,2,2
C-clinical-11-01580#3,1,1,0
C-clinical-11-01580#4,2,2,2
C-clinical-11-01581#0,2,2,2
C-clinical-11-01581#1,2,2,2
C-clinical-11-01581#2,2,2,2
C-clinical-11-01581#3,2,2,2
C-clinical-11-01581#4,2,2,2
C-clinical-11-01583#0,2,2,2
C-clinical-11-01583#1,2,2,2
C-clinical-11-01583#2,2,2,2
C-clinical-11-01583#3,2,2,2
C-clinical-11-01583#4,2,2,2
C-clinical-11-01583#5,2,2,2
C-clinical-11-01583#6,2,2,2
C-clinical-11-01583#7,2,2,2
C-clinical-11-01583#8,2,2,2
C-clinical-11-01583#9,2,2,2
C-clinical-11-01584#0,2,2,2
C-clinical-11-01584#1,2,2,2
C-clinical-11-01584#10,2,2,2
C-clinical-11-01584#11,2,2,2
C-clinical-11-01584#12,2,2,2
C-clinical-11-01584#14,2,2,2
C-clinical-11-01584#15,2,2,2
C-clinical-11-01584#16,2,2,2
C-clinical-11-01584#2,2,2,2
C-clinical-11-01584#4,2,2,2
C-clinical-11-01584#5,2,2,2
C-clinical-11-01584#6,2,2,2
C-clinical-11-01584#7,2,2,2
C-clinical-11-01584#8,2,2,2
C-clinical-11-01584#9,2,2,2
C-clinical-11-01589#0,2,2,2
C-clinical-11-01589#1,2,2,2
C-clinical-11-01589#10,2,2,2
C-clinical-11-01589#11,2,2,2
C-clinical-11-01589#12,2,2,2
C-clinical-11-01589#13,2,2,2
C-clinical-11-01589#2,2,2,2
C-clinical-11-01589#3,2,2,2
C-clinical-11-01589#4,2,2,2
C-clinical-11-01589#5,2,2,2
C-clinical-11-01589#6,2,2,2
C-clinical-11-01589#7,2,2,2
C-clinical-11-01589#8,2,2,2
C-clinical-11-01589#9,2,2,0
C-clinical-11-01594#1,2,2,2
C-clinical-11-01594#10,2,2,2
C-clinical-11-01594#11,2,2,2
C-clinical-11-01594#12,2,2,2
C-clinical-11-01594#2,2,2,2
C-clinical-11-01594#3,2,2,0
C-clinical-11-01594#4,2,2,2
C-clinical-11-01594#5,2,2,2
C-clinical-11-01594#6,2,2,2
C-clinical-11-01594#7,2,2,2
C-clinical-11-01594#8,2,2,2
C-clinical-11-01594#9,0,2,0
C-clinical-11-01597#1,2,2,2
C-clinical-11-01597#2,2,2,2
C-clinical-11-01597#3,2,2,2
C-clinical-11-01597#5,2,2,2
C-clinical-11-01597#6,2,2,2
C-clinical-11-01597#7,2,2,2
C-clinical-11-01597#8,2,2,2
C-clinical-11-01597#9,2,2,2
C-clinical-11-01598#0,2,2,2
C-clinical-11-01598#1,2,2,2
C-clinical-11-01598#10,2,2,2
C-clinical-11-01598#11,2,2,2
C-clinical-11-01598#12,2,2,2
C-clinical-11-01598#13,2,2,2
C-clinical-11-01598#2,2,2,2
C-clinical-11-01598#3,2,2,2
C-clinical-11-01598#4,2,2,2
C-clinical-11-01598#5,2,2,2
C-clinical-11-01598#6,2,2,2
C-clinical-11-01598#7,2,2,2
C-clinical-11-01598#8,2,2,2
C-clinical-11-01598#9,2,2,2
C-clinical-11-01599#0,2,2,2
C-clinical-11-01599#1,2,2,2
C-clinical-11-01599#10,2,2,2
C-clinical-11-01599#11,2,2,2
C-clinical-11-01599#2,2,2,2
C-clinical-11-01599#3,2,1,1
C-clinical-11-01599#4,2,2,2
C-clinical-11-01599#5,2,2,2
C-clinical-11-01599#6,2,2,2
C-clinical-11-01599#7,1,2,1
C-clinical-11-01599#8,2,2,2
C-clinical-11-01599#9,2,2,2
C-clinical-11-01600#0,2,2,2
C-clinical-11-01600#1,2,2,2
C-clinical-11-01600#3,2,2,2
C-clinical-11-01600#4,2,2,2
C-clinical-11-01600#5,2,2,2
C-clinical-11-01600#6,2,2,2
C-clinical-11-01600#7,2,2,2
C-clinical-11-01601#0,2,2,2
C-clinical-11-01601#1,2,2,2
C-clinical-11-01601#2,2,2,2
C-clinical-11-01601#3,2,2,2
C-clinical-11-01601#4,2,2,2
C-clinical-11-01605#0,2,2,2
C-clinical-11-01605#10,2,2,2
C-clinical-11-01605#11,2,2,2
C-clinical-11-01605#12,2,2,2
C-clinical-11-01605#13,2,2,2
C-clinical-11-01605#15,2,2,2
C-clinical-11-01605#2,2,2,2
C-clinical-11-01605#3,2,2,2
C-clinical-11-01605#4,2,2,2
C-clinical-11-01605#5,2,2,2
C-clinical-11-01605#6,2,2,2
C-clinical-11-01605#7,2,2,2
C-clinical-11-01605#8,2,2,2
C-clinical-11-01605#9,2,2,2
C-clinical-11-01607#0,2,2,2
C-clinical-11-01607#1,2,2,2
C-clinical-11-01607#2,2,2,2
C-clinical-11-01607#3,2,2,2
C-clinical-11-01607#4,2,2,2
C-clinical-11-01607#5,2,2,2
C-clinical-11-01607#6,2,2,2
C-clinical-11-01607#7,2,2,2
C-clinical-11-01608#0,2,2,2
C-clinical-11-01608#1,2,2,2
C-clinical-11-01608#10,2,2,2
C-clinical-11-01608#2,2,2,2
C-clinical-11-01608#3,2,2,2
C-clinical-11-01608#4,2,2,2
C-clinical-11-01608#5,2,2,2
C-clinical-11-01608#6,2,2,2
C-clinical-11-01608#7,2,2,2
C-clinical-11-01608#8,2,2,2
C-clinical-11-01608#9,2,2,2
C-clinical-11-01609#0,2,2,2
C-clinical-11-01609#10,2,2,2
C-clinical-11-01609#11,2,2,2
C-clinical-11-01609#2,2,2,2
C-clinical-11-01609#3,2,2,2
C-clinical-11-01609#4,2,2,2
C-clinical-11-01609#5,2,2,2
C-clinical-11-01609#6,2,2,2
C-clinical-11-01609#7,2,2,2
C-clinical-11-01609#8,2,2,2
C-clinical-11-01609#9,2,2,2
C-clinical-11-01612#0,2,2,2
C-clinical-11-01612#1,2,2,2
C-clinical-11-01612#2,2,2,2
C-clinical-11-01612#3,2,2,2
C-clinical-11-01612#4,2,2,2
C-clinical-11-01612#5,2,2,2
C-clinical-11-01614#0,2,2,2
C-clinical-11-01614#1,2,2,2
C-clinical-11-01614#10,2,2,2
C-clinical-11-01614#2,2,2,2
C-clinical-11-01614#4,2,2,2
C-clinical-11-01614#5,2,2,2
C-clinical-11-01614#6,2,2,2
C-clinical-11-01614#7,2,2,2
C-clinical-11-01614#8,2,2,2
C-clinical-11-01614#9,2,2,2
C-clinical-11-01616#0,2,2,2
C-clinical-11-01616#1,2,2,2
C-clinical-11-01616#2,2,2,2
C-clinical-11-01616#3,1,1,0
C-clinical-11-01616#4,2,2,2
C-clinical-11-01616#5,1,2,1
C-clinical-11-01616#6,2,2,2
C-clinical-11-01616#7,1,2,1
C-clinical-11-01616#8,2,2,2
C-clinical-11-01616#9,2,2,2
C-clinical-11-01618#0,2,2,2
C-clinical-11-01618#10,2,2,2
C-clinical-11-01618#12,2,2,2
C-clinical-11-01618#13,2,2,2
C-clinical-11-01618#14,2,2,2
C-clinical-11-01618#15,2,2,2
C-clinical-11-01618#2,2,2,2
C-clinical-11-01618#3,2,2,2
C-clinical-11-01618#4,2,2,2
C-clinical-11-01618#5,2,2,2
C-clinical-11-01618#6,2,2,2
C-clinical-11-01618#7,2,2,2
C-clinical-11-01618#8,2,2,2
C-clinical-11-01618#9,2,2,2
C-clinical-11-01620#0,2,2,2
C-clinical-11-01620#1,2,2,2
C-clinical-11-01620#2,2,2,2
C-clinical-11-01620#3,2,2,2
C-clinical-11-01620#4,2,2,2
C-clinical-11-01620#5,2,2,2
C-clinical-11-01620#6,2,2,2
C-clinical-11-01620#7,2,2,2
C-clinical-11-01621#0,2,2,2
C-clinical-11-01621#1,2,2,2
C-clinical-11-01621#2,2,2,2
C-clinical-11-01621#3,2,2,2
C-clinical-11-01621#4,2,2,2
C-clinical-11-01621#5,2,2,2
C-clinical-11-01622#0,2,2,2
C-clinical-11-01622#1,2,2,2
C-clinical-11-01622#2,0,1,0
C-clinical-11-01622#3,2,2,2
C-clinical-11-01622#4,0,1,0
C-clinical-11-01623#0,2,2,2
C-clinical-11-01623#1,2,2,2
C-clinical-11-01623#10,2,2,2
C-clinical-11-01623#2,2,2,2
C-clinical-11-01623#3,2,2,2
C-clinical-11-01623#4,2,2,2
C-clinical-11-01623#5,2,2,2
C-clinical-11-01623#6,2,2,2
C-clinical-11-01623#7,2,2,2
C-clinical-11-01623#8,2,2,2
C-clinical-11-01623#9,2,2,2
C-clinical-11-01625#0,2,2,2
C-clinical-11-01625#1,2,2,2
C-clinical-11-01625#2,1,1,1
C-clinical-11-01625#3,2,2,2
C-clinical-11-01625#4,2,2,2
C-clinical-11-01629#0,2,2,2
C-clinical-11-01629#1,2,2,2
C-clinical-11-01629#10,2,2,2
C-clinical-11-01629#11,2,2,2
C-clinical-11-01629#13,0,2,2
C-clinical-11-01629#14,2,2,2
C-clinical-11-01629#2,2,2,2
C-clinical-11-01629#3,2,2,2
C-clinical-11-01629#4,2,2,0
C-clinical-11-01629#5,2,2,2
C-clinical-11-01629#6,2,2,2
C-clinical-11-01629#7,2,2,2
C-clinical-11-01629#8,2,2,2
C-clinical-11-01629#9,2,2,2
C-clinical-11-01632#0,2,2,2
C-clinical-11-01632#1,2,2,2
C-clinical-11-01632#10,2,2,2
C-clinical-11-01632#11,2,2,2
C-clinical-11-01632#2,2,2,2
C-clinical-11-01632#3,2,2,2
C-clinical-11-01632#4,2,2,2
C-clinical-11-01632#6,2,2,2
C-clinical-11-01632#7,2,2,2
C-clinical-11-01632#8,2,2,2
C-clinical-11-01632#9,2,2,2
C-clinical-11-01633#0,2,2,2
C-clinical-11-01633#1,2,2,2
C-clinical-11-01633#10,2,2,2
C-clinical-11-01633#2,2,2,2
C-clinical-11-01633#3,2,2,2
C-clinical-11-01633#4,0,2,0
C-clinical-11-01633#5,2,2,2
C-clinical-11-01633#6,2,2,2
C-clinical-11-01633#7,2,2,2
C-clinical-11-01633#8,2,2,2
C-clinical-11-01633#9,2,2,2
C-clinical-11-01637#0,2,2,2
C-clinical-11-01637#1,2,2,2
C-clinical-11-01637#2,2,2,2
C-clinical-11-01637#3,2,2,2
C-clinical-11-01637#4,2,2,2
C-clinical-11-01637#5,2,2,2
C-clinical-11-01639#0,2,2,2
C-clinical-11-01639#1,2,2,2
C-clinical-11-01639#2,1,1,1
C-clinical-11-01639#3,2,2,2
C-clinical-11-01639#4,2,2,2
C-clinical-11-01639#5,2,2,2
C-clinical-11-01639#6,2,2,2
C-clinical-11-01639#7,2,2,2
C-clinical-11-01643#0,2,2,2
C-clinical-11-01643#1,2,2,2
C-clinical-11-01643#2,2,2,2
C-clinical-11-01643#3,2,2,2
C-clinical-11-01643#4,2,2,2
C-clinical-11-01643#5,2,2,2
C-clinical-11-01643#6,2,2,2
C-clinical-11-01643#7,2,2,2
C-clinical-11-01644#0,2,2,2
C-clinical-11-01644#1,2,2,2
C-clinical-11-01644#10,2,2,2
C-clinical-11-01644#3,2,2,2
C-clinical-11-01644#4,2,2,2
C-clinical-11-01644#5,2,2,2
C-clinical-11-01644#6,2,2,2
C-clinical-11-01644#7,2,2,2
C-clinical-11-01644#8,2,2,2
C-clinical-11-01644#9,2,2,2
C-clinical-11-01651#0,2,2,2
C-clinical-11-01651#1,2,2,2
C-clinical-11-01651#2,2,2,2
C-clinical-11-01651#3,2,2,2
C-clinical-11-01651#4,2,2,2
C-clinical-11-01653#0,2,2,2
C-clinical-11-01653#1,2,2,2
C-clinical-11-01653#2,2,2,2
C-clinical-11-01653#3,2,2,2
C-clinical-11-01653#4,2,2,2
C-clinical-11-01653#5,2,2,2
C-clinical-11-01655#0,2,2,2
C-clinical-11-01655#1,2,2,2
C-clinical-11-01655#2,2,2,2
C-clinical-11-01655#3,1,2,1
C-clinical-11-01655#4,2,2,2
C-clinical-11-01656#0,2,2,2
C-clinical-11-01656#1,2,2,2
C-clinical-11-01656#2,2,2,2
C-clinical-11-01656#3,2,2,2
C-clinical-11-01656#4,2,2,1
C-clinical-11-01656#5,2,2,2
C-clinical-11-01656#6,2,2,2
C-clinical-11-01656#7,2,2,2
C-clinical-11-01656#8,2,2,2
C-clinical-11-01656#9,2,2,2
C-clinical-11-01661#0,2,2,2
C-clinical-11-01661#1,2,2,2
C-clinical-11-01661#2,2,2,2
C-clinical-11-01661#3,2,2,2
C-clinical-11-01661#4,2,2,2
C-clinical-11-01661#5,2,2,2
C-clinical-11-01661#6,2,2,2
C-clinical-11-01661#7,2,2,2
C-clinical-11-01661#8,2,2,2
C-clinical-11-01664#0,2,2,2
C-clinical-11-01664#1,2,2,2
C-clinical-11-01664#2,2,2,2
C-clinical-11-01664#3,2,2,2
C-clinical-11-01664#4,2,2,2
C-clinical-11-01664#5,2,2,2
C-clinical-11-01664#6,2,2,2
C-clinical-11-01664#7,2,2,2
C-clinical-11-01664#8,2,2,2
C-clinical-11-01664#9,2,2,2
C-clinical-11-01666#0,2,2,2
C-clinical-11-01666#1,2,2,2
C-clinical-11-01666#2,2,2,2
C-clinical-11-01666#4,2,2,2
C-clinical-11-01666#5,2,2,2
C-clinical-11-01666#6,2,2,2
C-clinical-11-01666#7,2,2,2
C-clinical-11-01666#8,2,2,2
C-clinical-11-01666#9,0,1,0
C-clinical-11-01673#0,2,2,2
C-clinical-11-01673#1,2,2,2
C-clinical-11-01673#10,2,2,2
C-clinical-11-01673#11,2,2,2
C-clinical-11-01673#2,2,2,2
C-clinical-11-01673#3,2,2,2
C-clinical-11-01673#4,2,2,2
C-clinical-11-01673#5,2,2,2
C-clinical-11-01673#6,2,2,2
C-clinical-11-01673#7,2,2,2
C-clinical-11-01673#9,2,2,2
C-clinical-11-01676#0,2,2,2
C-clinical-11-01676#1,2,2,2
C-clinical-11-01676#2,2,2,2
C-clinical-11-01676#3,2,2,2
C-clinical-11-01676#4,2,2,2
C-clinical-11-01676#5,2,2,2
C-clinical-11-01680#0,2,2,2
C-clinical-11-01680#1,2,2,2
C-clinical-11-01680#2,2,2,0
C-clinical-11-01687#0,2,2,2
C-clinical-11-01687#1,2,2,2
C-clinical-11-01687#2,2,2,2
C-clinical-11-01687#3,2,2,2
C-clinical-11-01687#4,2,2,2
C-clinical-11-01687#5,2,2,2
C-clinical-11-01687#6,2,2,2
C-clinical-11-01687#7,2,2,2
C-clinical-11-01687#8,0,2,0
C-clinical-11-01688#0,2,2,2
C-clinical-11-01688#1,2,2,2
C-clinical-11-01688#2,2,2,2
C-clinical-11-01688#3,2,2,2
C-clinical-11-01688#4,2,2,2
C-clinical-11-01688#5,2,2,2
C-clinical-11-01688#6,2,2,2
C-clinical-11-01688#7,2,2,2
C-clinical-11-01693#0,2,2,2
C-clinical-11-01693#1,2,2,2
C-clinical-11-01693#2,2,2,2
C-clinical-11-01693#3,2,2,2
C-clinical-11-01693#4,2,2,2
C-clinical-11-01693#5,2,2,2
C-clinical-11-01693#6,2,2,2
C-clinical-11-01693#7,2,2,2
C-clinical-11-01693#8,2,2,2
C-clinical-11-01693#9,2,2,2
C-clinical-11-01698#0,2,2,2
C-clinical-11-01698#1,2,2,2
C-clinical-11-01698#2,2,2,2
C-clinical-11-01698#3,2,2,2
C-clinical-11-01698#4,2,2,2
C-clinical-11-01698#5,2,2,2
C-clinical-11-01698#6,2,2,2
C-clinical-11-01698#7,2,2,2
C-clinical-11-01698#8,2,2,2
C-clinical-11-01700#0,2,2,2
C-clinical-11-01700#1,2,2,2
C-clinical-11-01700#2,2,2,2
C-clinical-11-01700#3,2,2,2
C-clinical-11-01700#4,2,2,2
C-clinical-11-01701#0,2,2,2
C-clinical-11-01701#1,2,2,2
C-clinical-11-01701#2,2,2,2
C-clinical-11-01701#3,2,2,2
C-clinical-11-01701#4,2,2,2
C-clinical-11-01702#0,2,2,2
C-clinical-11-01702#1,2,2,2
C-clinical-11-01702#2,2,2,2
C-clinical-11-01702#3,2,2,2
C-clinical-11-01702#4,2,2,2
C-clinical-11-01702#5,2,2,1
C-clinical-11-01702#6,2,2,2
C-clinical-11-01702#7,2,2,2
C-clinical-11-01702#8,0,1,1
C-clinical-11-01704#0,2,2,2
C-clinical-11-01704#1,2,2,2
C-clinical-11-01704#10,2,2,2
C-clinical-11-01704#2,2,2,2
C-clinical-11-01704#3,2,2,2
C-clinical-11-01704#4,2,2,2
C-clinical-11-01704#5,2,2,2
C-clinical-11-01704#6,0,2,2
C-clinical-11-01704#7,2,2,2
C-clinical-11-01704#8,2,2,2
C-clinical-11-01704#9,2,2,2
C-clinical-11-01705#0,2,2,2
C-clinical-11-01705#1,2,2,2
C-clinical-11-01705#2,2,2,2
C-clinical-11-01705#3,2,2,2
C-clinical-11-01705#4,2,2,2
C-clinical-11-01709#0,2,2,2
C-clinical-11-01709#1,2,2,2
C-clinical-11-01709#2,2,2,2
C-clinical-11-01709#3,2,2,2
C-clinical-11-01709#4,2,2,2
C-clinical-11-01709#5,2,2,2
C-clinical-11-01709#6,2,2,2
C-clinical-11-01710#0,2,2,2
C-clinical-11-01710#1,2,2,2
C-clinical-11-01710#10,2,2,2
C-clinical-11-01710#11,2,2,2
C-clinical-11-01710#12,2,2,2
C-clinical-11-01710#2,2,2,2
C-clinical-11-01710#3,2,2,2
C-clinical-11-01710#4,2,2,2
C-clinical-11-01710#5,0,0,0
C-clinical-11-01710#6,2,2,2
C-clinical-11-01710#7,2,2,2
C-clinical-11-01710#8,2,2,2
C-clinical-11-01710#9,2,2,2
C-clinical-11-01711#0,2,2,2
C-clinical-11-01711#1,2,2,2
C-clinical-11-01711#2,2,2,2
C-clinical-11-01711#3,2,2,2
C-clinical-11-01711#4,2,2,2
C-clinical-11-01711#5,2,2,2
C-clinical-11-01711#6,2,2,2
C-clinical-11-01711#7,2,2,2
C-clinical-11-01711#8,2,2,2
C-clinical-11-01711#9,2,2,2
C-clinical-11-01716#0,2,2,2
C-clinical-11-01716#1,2,2,2
C-clinical-11-01716#10,2,2,2
C-clinical-11-01716#2,2,2,2
C-clinical-11-01716#3,2,2,2
C-clinical-11-01716#4,2,2,2
C-clinical-11-01716#5,2,2,2
C-clinical-11-01716#6,2,2,2
C-clinical-11-01716#7,2,2,2
C-clinical-11-01716#8,2,2,2
C-clinical-11-01716#9,2,2,2
C-clinical-11-01718#0,2,2,2
C-clinical-11-01718#1,2,2,2
C-clinical-11-01718#2,2,2,2
C-clinical-11-01718#3,2,2,2
C-clinical-11-01718#4,2,2,2
C-clinical-11-01718#5,2,2,2
C-clinical-11-01718#6,2,2,2
C-clinical-11-01719#0,2,2,2
C-clinical-11-01719#1,2,2,2
C-clinical-11-01719#2,1,1,1
C-clinical-11-01719#3,2,2,2
C-clinical-11-01719#4,2,2,2
C-clinical-11-01719#5,1,1,1
C-clinical-11-01723#0,2,2,2
C-clinical-11-01723#1,2,2,2
C-clinical-11-01723#2,2,2,2
C-clinical-11-01723#3,2,2,2
C-clinical-11-01723#4,2,2,2
C-clinical-11-01724#0,2,2,2
C-clinical-11-01724#1,2,2,2
C-clinical-11-01724#2,2,2,2
C-clinical-11-01724#3,0,1,0
C-clinical-11-01724#4,2,2,2
C-clinical-11-01724#5,2,2,2
C-clinical-11-01724#6,2,2,2
C-clinical-11-01724#7,2,2,2
C-clinical-11-01724#8,2,2,2
C-clinical-11-01724#9,2,2,2
C-clinical-11-01725#0,2,2,2
C-clinical-11-01725#1,2,2,2
C-clinical-11-01725#10,2,2,2
C-clinical-11-01725#11,2,2,2
C-clinical-11-01725#2,2,2,2
C-clinical-11-01725#3,2,2,2
C-clinical-11-01725#4,0,1,0
C-clinical-11-01725#5,2,2,2
C-clinical-11-01725#6,2,2,2
C-clinical-11-01725#7,2,2,2
C-clinical-11-01725#8,1,2,1
C-clinical-11-01725#9,2,2,2
C-clinical-11-01726#0,2,2,2
C-clinical-11-01726#10,2,2,2
C-clinical-11-01726#11,2,2,2
C-clinical-11-01726#13,2,2,2
C-clinical-11-01726#14,2,2,2
C-clinical-11-01726#2,2,2,2
C-clinical-11-01726#3,2,2,2
C-clinical-11-01726#4,0,2,2
C-clinical-11-01726#5,2,2,2
C-clinical-11-01726#6,2,2,2
C-clinical-11-01726#7,2,2,2
C-clinical-11-01726#8,2,2,2
C-clinical-11-01726#9,2,2,2
C-clinical-11-01727#0,2,2,2
C-clinical-11-01727#1,2,2,2
C-clinical-11-01727#2,2,2,2
C-clinical-11-01727#3,2,2,2
C-clinical-11-01727#4,2,2,2
C-clinical-11-01727#5,2,2,2
C-clinical-11-01727#6,2,2,1
C-clinical-11-01727#7,2,2,2
C-clinical-11-01727#8,2,2,2
C-clinical-11-01728#0,2,2,2
C-clinical-11-01728#1,2,2,2
C-clinical-11-01728#10,2,2,2
C-clinical-11-01728#2,2,2,2
C-clinical-11-01728#3,2,2,2
C-clinical-11-01728#4,2,2,2
C-clinical-11-01728#5,2,2,2
C-clinical-11-01728#6,2,1,2
C-clinical-11-01728#7,2,2,2
C-clinical-11-01728#8,2,2,2
C-clinical-11-01728#9,2,2,2
C-clinical-11-01730#0,2,2,2
C-clinical-11-01730#1,2,2,2
C-clinical-11-01730#2,2,2,2
C-clinical-11-01730#3,2,2,2
C-clinical-11-01730#4,2,2,2
C-clinical-11-01730#5,2,2,2
C-clinical-11-01730#6,2,2,2
C-clinical-11-01730#7,2,2,2
C-clinical-11-01731#0,2,2,2
C-clinical-11-01731#1,2,2,2
C-clinical-11-01731#2,2,2,2
C-clinical-11-01731#3,2,2,2
C-clinical-11-01731#4,2,2,2
C-clinical-11-01732#0,2,2,2
C-clinical-11-01732#1,2,2,2
C-clinical-11-01732#2,2,2,2
C-clinical-11-01732#3,2,2,2
C-clinical-11-01732#4,2,2,2
C-clinical-11-01732#5,2,2,2
C-clinical-11-01732#6,2,2,2
C-clinical-11-01732#7,1,2,1
C-clinical-11-01737#0,2,2,2
C-clinical-11-01737#1,2,2,2
C-clinical-11-01737#2,2,2,2
C-clinical-11-01737#3,2,2,2
C-clinical-11-01737#4,2,2,2
C-clinical-11-01737#5,2,2,2
C-clinical-11-01742#0,2,2,2
C-clinical-11-01742#1,2,2,2
C-clinical-11-01742#10,2,2,2
C-clinical-11-01742#11,2,2,2
C-clinical-11-01742#2,2,2,2
C-clinical-11-01742#3,2,2,2
C-clinical-11-01742#4,2,2,2
C-clinical-11-01742#5,2,2,2
C-clinical-11-01742#6,2,2,2
C-clinical-11-01742#7,2,2,2
C-clinical-11-01742#8,2,2,2
C-clinical-11-01742#9,2,2,2
C-clinical-11-01745#0,2,2,2
C-clinical-11-01745#1,2,2,2
C-clinical-11-01745#2,2,2,2
C-clinical-11-01745#3,2,2,2
C-clinical-11-01745#4,2,2,2
C-clinical-11-01745#5,0,2,0
C-clinical-11-01746#0,2,2,2
C-clinical-11-01746#1,2,2,2
C-clinical-11-01746#2,2,2,2
C-clinical-11-01746#3,2,2,2
C-clinical-11-01747#0,2,2,2
C-clinical-11-01747#1,2,2,2
C-clinical-11-01747#2,2,2,2
C-clinical-11-01747#3,2,2,2
C-clinical-11-01747#4,2,2,2
C-clinical-11-01747#5,2,2,2
C-clinical-11-01747#6,2,2,2
C-clinical-11-01747#7,2,2,2
C-clinical-11-01749#0,2,2,2
C-clinical-11-01749#1,2,2,2
C-clinical-11-01749#3,2,2,2
C-clinical-11-01749#4,2,2,2
C-clinical-11-01751#0,2,2,2
C-clinical-11-01751#1,2,2,2
C-clinical-11-01751#2,2,2,2
C-clinical-11-01751#3,2,2,2
C-clinical-11-01751#4,1,1,1
C-clinical-11-01751#5,2,2,2
C-clinical-11-01751#6,2,2,2
C-clinical-11-01753#0,2,2,2
C-clinical-11-01753#1,2,2,2
C-clinical-11-01753#2,2,2,2
C-clinical-11-01753#3,2,2,2
C-clinical-11-01753#4,2,2,2
C-clinical-11-01753#5,2,2,2
C-clinical-11-01753#6,2,2,2
C-clinical-11-01756#0,2,2,2
C-clinical-11-01756#1,2,2,2
C-clinical-11-01756#2,2,2,2
C-clinical-11-01756#3,2,2,2
C-clinical-11-01756#4,2,2,2
C-clinical-11-01756#5,2,2,2
C-clinical-11-01756#6,2,2,2
C-clinical-11-01756#7,2,2,2
C-clinical-11-01756#8,2,2,2
C-clinical-11-01756#9,2,2,2
C-clinical-11-01757#0,2,2,2
C-clinical-11-01757#1,2,2,2
C-clinical-11-01757#2,2,2,2
C-clinical-11-01757#3,2,2,2
C-clinical-11-01757#4,2,2,0
C-clinical-11-01757#5,2,2,2
C-clinical-11-01757#6,2,2,2
C-clinical-11-01757#7,2,2,2
C-clinical-11-01757#8,2,2,2
C-clinical-11-01758#0,2,2,2
C-clinical-11-01758#1,2,2,2
C-clinical-11-01758#2,2,2,2
C-clinical-11-01758#3,2,2,2
C-clinical-11-01759#0,2,2,2
C-clinical-11-01759#1,2,2,2
C-clinical-11-01759#2,2,2,2
C-clinical-11-01759#3,2,2,2
C-clinical-11-01759#4,2,2,2
C-clinical-11-01760#0,2,2,2
C-clinical-11-01760#1,2,2,2
C-clinical-11-01760#2,2,2,2
C-clinical-11-01760#4,2,2,2
C-clinical-11-01760#5,2,2,2
C-clinical-11-01760#6,2,2,2
C-clinical-11-01760#7,2,2,2
C-clinical-11-01760#8,2,2,2
C-clinical-11-01760#9,2,2,2
C-clinical-11-01766#0,2,2,2
C-clinical-11-01766#1,2,2,2
C-clinical-11-01766#10,2,2,2
C-clinical-11-01766#11,2,2,2
C-clinical-11-01766#2,2,2,2
C-clinical-11-01766#3,2,2,2
C-clinical-11-01766#4,2,2,2
C-clinical-11-01766#5,2,2,2
C-clinical-11-01766#6,2,2,2
C-clinical-11-01766#7,2,2,2
C-clinical-11-01766#8,2,2,2
C-clinical-11-01766#9,2,2,2
C-clinical-11-01767#0,2,2,2
C-clinical-11-01767#1,2,2,2
C-clinical-11-01767#10,2,2,2
C-clinical-11-01767#11,2,2,2
C-clinical-11-01767#2,2,2,2
C-clinical-11-01767#3,2,2,2
C-clinical-11-01767#4,2,2,2
C-clinical-11-01767#5,0,1,0
C-clinical-11-01767#6,0,2,0
C-clinical-11-01767#7,2,2,2
C-clinical-11-01767#8,2,2,2
C-clinical-11-01767#9,2,2,2
C-clinical-11-01768#0,2,2,2
C-clinical-11-01768#1,0,2,2
C-clinical-11-01768#2,2,2,2
C-clinical-11-01768#3,2,2,2
C-clinical-11-01768#5,1,1,0
C-clinical-11-01768#6,2,2,2
C-clinical-11-01768#7,2,2,2
C-clinical-11-01773#0,2,2,2
C-clinical-11-01773#1,2,2,2
C-clinical-11-01773#2,2,2,2
C-clinical-11-01773#3,0,1,0
C-clinical-11-01773#4,2,2,2
C-clinical-11-01773#5,2,2,2
C-clinical-11-01773#6,2,2,2
C-clinical-11-01773#7,0,1,0
C-clinical-11-01773#8,2,2,2
C-clinical-11-01773#9,2,2,2
C-clinical-11-01776#0,2,2,2
C-clinical-11-01776#1,2,2,2
C-clinical-11-01776#2,2,2,2
C-clinical-11-01776#3,2,2,2
C-clinical-11-01776#5,2,2,2
C-clinical-11-01776#6,2,2,2
C-clinical-11-01776#7,2,2,2
C-clinical-11-01776#8,2,2,2
C-clinical-11-01776#9,1,1,1
C-clinical-11-01778#0,2,2,2
C-clinical-11-01778#1,2,2,2
C-clinical-11-01778#2,2,2,2
C-clinical-11-01778#3,2,2,2
C-clinical-11-01778#4,2,2,2
C-clinical-11-01779#0,2,2,2
C-clinical-11-01779#1,2,2,2
C-clinical-11-01779#2,2,2,2
C-clinical-11-01779#3,2,2,2
C-clinical-11-01779#4,2,2,2
C-clinical-11-01779#5,2,2,2
C-clinical-11-01779#6,2,2,0
C-clinical-11-01779#7,2,2,2
C-clinical-11-01779#8,0,2,0
C-clinical-11-01782#0,2,2,2
C-clinical-11-01782#1,2,2,2
C-clinical-11-01782#2,2,2,2
C-clinical-11-01782#3,1,2,2
C-clinical-11-01782#4,2,2,2
C-clinical-11-01782#5,2,2,2
C-clinical-11-01782#6,2,2,2
C-clinical-11-01782#7,2,2,2
C-clinical-11-01783#0,2,2,2
C-clinical-11-01783#1,2,2,2
C-clinical-11-01783#10,2,2,2
C-clinical-11-01783#11,2,2,2
C-clinical-11-01783#12,2,2,2
C-clinical-11-01783#2,2,2,2
C-clinical-11-01783#3,2,2,2
C-clinical-11-01783#4,2,2,2
C-clinical-11-01783#5,1,2,0
C-clinical-11-01783#6,2,2,2
C-clinical-11-01783#7,2,2,2
C-clinical-11-01783#8,2,2,2
C-clinical-11-01783#9,2,2,2
C-clinical-11-01785#0,2,2,2
C-clinical-11-01785#1,2,2,2
C-clinical-11-01785#2,0,0,0
C-clinical-11-01785#3,2,2,2
C-clinical-11-01785#4,2,2,2
C-clinical-11-01785#5,2,2,2
C-clinical-11-01787#0,2,2,2
C-clinical-11-01787#1,2,2,2
C-clinical-11-01787#2,2,2,2
C-clinical-11-01787#3,2,2,2
C-clinical-11-01787#4,2,2,2
C-clinical-11-01787#5,2,2,2
C-clinical-11-01787#6,2,2,2
C-clinical-11-01787#7,2,2,2
C-clinical-11-01788#0,2,2,2
C-clinical-11-01788#1,2,2,2
C-clinical-11-01788#2,1,1,0
C-clinical-11-01788#3,2,2,2
C-clinical-11-01788#4,0,1,0
C-clinical-11-01788#5,2,2,2
C-clinical-11-01788#6,2,2,2
C-clinical-11-01790#0,2,2,2
C-clinical-11-01790#1,2,2,2
C-clinical-11-01790#2,2,2,2
C-clinical-11-01790#3,0,0,0
C-clinical-11-01793#0,2,2,2
C-clinical-11-01793#1,2,2,2
C-clinical-11-01793#2,2,2,2
C-clinical-11-01793#3,2,2,2
C-clinical-11-01793#4,2,2,2
C-clinical-11-01794#0,2,2,2
C-clinical-11-01794#1,2,2,2
C-clinical-11-01794#2,2,2,2
C-clinical-11-01794#3,2,2,2
C-clinical-11-01794#4,2,2,2
C-clinical-11-01794#5,2,2,2
C-clinical-11-01794#6,2,2,2
C-clinical-11-01797#1,2,2,2
C-clinical-11-01797#10,2,2,2
C-clinical-11-01797#11,2,2,2
C-clinical-11-01797#13,2,2,2
C-clinical-11-01797#2,2,2,2
C-clinical-11-01797#3,2,2,2
C-clinical-11-01797#4,2,2,2
C-clinical-11-01797#5,2,2,2
C-clinical-11-01797#6,2,2,2
C-clinical-11-01797#7,2,2,2
C-clinical-11-01797#8,2,2,2
C-clinical-11-01797#9,2,2,2
C-clinical-11-01798#0,2,2,2
C-clinical-11-01798#1,2,2,2
C-clinical-11-01798#2,2,2,2
C-clinical-11-01798#3,2,2,2
C-clinical-11-01798#4,2,2,2
C-clinical-11-01798#5,2,2,2
C-clinical-11-01799#0,2,2,2
C-clinical-11-01799#1,2,2,2
C-clinical-11-01799#10,2,2,2
C-clinical-11-01799#11,2,2,2
C-clinical-11-01799#12,2,2,2
C-clinical-11-01799#13,2,2,2
C-clinical-11-01799#2,2,2,2
C-clinical-11-01799#3,2,2,2
C-clinical-11-01799#4,2,2,2
C-clinical-11-01799#5,2,2,2
C-clinical-11-01799#6,2,2,2
C-clinical-11-01799#7,2,2,2
C-clinical-11-01799#8,2,2,2
C-clinical-11-01799#9,2,2,2
C-clinical-11-01801#0,2,2,2
C-clinical-11-01801#10,2,2,2
C-clinical-11-01801#11,2,2,2
C-clinical-11-01801#2,2,2,2
C-clinical-11-01801#3,2,2,2
C-clinical-11-01801#4,2,2,2
C-clinical-11-01801#5,2,2,2
C-clinical-11-01801#6,2,2,2
C-clinical-11-01801#7,2,2,2
C-clinical-11-01801#8,2,2,2
C-clinical-11-01801#9,2,2,2
C-clinical-11-01808#0,2,2,2
C-clinical-11-01808#1,2,2,2
C-clinical-11-01808#2,2,2,2
C-clinical-11-01808#3,2,2,2
C-clinical-11-01808#4,0,0,0
C-clinical-11-01808#5,2,2,2
C-clinical-11-01808#6,2,2,2
C-clinical-11-01809#0,2,2,2
C-clinical-11-01809#1,2,2,2
C-clinical-11-01809#2,2,2,2
C-clinical-11-01809#3,2,2,2
C-clinical-11-01809#4,2,2,2
C-clinical-11-01809#5,2,2,2
C-clinical-11-01809#6,2,2,2
C-clinical-11-01809#7,2,2,2
C-clinical-11-01809#8,2,2,2
C-clinical-11-01813#0,2,2,2
C-clinical-11-01813#1,2,2,2
C-clinical-11-01813#2,2,2,2
C-clinical-11-01814#0,2,2,2
C-clinical-11-01814#1,2,2,2
C-clinical-11-01814#2,2,2,2
C-clinical-11-01814#3,2,2,2
C-clinical-11-01814#4,2,2,2
C-clinical-11-01814#5,2,2,2
C-clinical-11-01814#6,2,2,2
C-clinical-11-01815#0,2,2,2
C-clinical-11-01815#1,2,2,2
C-clinical-11-01815#10,2,2,2
C-clinical-11-01815#2,2,2,2
C-clinical-11-01815#3,2,2,2
C-clinical-11-01815#4,2,2,2
C-clinical-11-01815#5,2,2,2
C-clinical-11-01815#6,2,2,1
C-clinical-11-01815#7,2,2,2
C-clinical-11-01815#8,2,2,2
C-clinical-11-01815#9,2,2,2
C-clinical-11-01817#0,2,2,2
C-clinical-11-01817#1,2,2,2
C-clinical-11-01817#10,2,2,2
C-clinical-11-01817#3,2,2,2
C-clinical-11-01817#4,2,2,2
C-clinical-11-01817#5,2,2,2
C-clinical-11-01817#6,2,2,2
C-clinical-11-01817#7,2,2,2
C-clinical-11-01817#8,2,2,2
C-clinical-11-01817#9,2,2,2
C-clinical-11-01818#0,2,2,2
C-clinical-11-01818#1,2,2,2
C-clinical-11-01818#2,2,2,2
C-clinical-11-01818#3,2,2,2
C-clinical-11-01818#4,2,2,2
C-clinical-11-01819#0,2,2,2
C-clinical-11-01819#1,2,2,2
C-clinical-11-01819#2,2,2,2
C-clinical-11-01820#0,2,2,2
C-clinical-11-01820#1,2,2,2
C-clinical-11-01820#10,2,2,2
C-clinical-11-01820#11,2,2,2
C-clinical-11-01820#12,2,2,2
C-clinical-11-01820#2,2,2,2
C-clinical-11-01820#3,2,2,2
C-clinical-11-01820#4,2,2,2
C-clinical-11-01820#5,2,2,0
C-clinical-11-01820#6,2,2,2
C-clinical-11-01820#7,2,2,2
C-clinical-11-01820#8,1,2,1
C-clinical-11-01820#9,2,2,2
C-clinical-11-01821#0,2,2,2
C-clinical-11-01821#1,2,2,2
C-clinical-11-01821#2,2,2,2
C-clinical-11-01821#3,2,2,2
C-clinical-11-01821#4,2,2,2
C-clinical-11-01821#5,2,2,2
C-clinical-11-01821#6,2,2,2
C-clinical-11-01821#7,2,2,2
C-clinical-11-01821#8,2,2,2
C-clinical-11-01821#9,2,2,2
C-clinical-11-01822#0,2,2,2
C-clinical-11-01822#2,2,2,2
C-clinical-11-01822#3,2,2,2
C-clinical-11-01822#4,2,2,2
C-clinical-11-01822#5,2,2,2
C-clinical-11-01822#6,2,2,2
C-clinical-11-01825#0,2,2,2
C-clinical-11-01825#1,2,2,2
C-clinical-11-01825#2,2,2,2
C-clinical-11-01825#3,2,2,2
C-clinical-11-01825#4,2,2,2
C-clinical-11-01831#0,2,2,2
C-clinical-11-01831#1,2,2,2
C-clinical-11-01831#2,2,2,2
C-clinical-11-01831#3,2,2,2
C-clinical-11-01831#4,2,2,2
C-clinical-11-01831#5,2,2,2
C-clinical-11-01831#6,2,2,2
C-clinical-11-01832#0,2,2,2
C-clinical-11-01832#2,2,2,2
C-clinical-11-01832#3,2,2,2
C-clinical-11-01832#4,2,2,2
C-clinical-11-01832#5,2,2,2
C-clinical-11-01836#0,2,2,2
C-clinical-11-01836#1,2,2,2
C-clinical-11-01836#2,2,2,2
C-clinical-11-01838#0,2,2,2
C-clinical-11-01838#1,1,2,1
C-clinical-11-01838#2,2,2,2
C-clinical-11-01838#3,2,2,2
C-clinical-11-01838#4,2,2,2
C-clinical-11-01838#5,2,2,2
C-clinical-11-01838#6,2,2,2
C-clinical-11-01838#7,2,2,2
C-clinical-11-01838#8,2,2,2
C-clinical-11-01839#1,2,2,2
C-clinical-11-01839#10,2,2,2
C-clinical-11-01839#11,2,2,2
C-clinical-11-01839#12,2,2,2
C-clinical-11-01839#13,2,2,2
C-clinical-11-01839#14,2,2,2
C-clinical-11-01839#15,2,2,2
C-clinical-11-01839#16,2,2,2
C-clinical-11-01839#17,2,2,2
C-clinical-11-01839#18,2,2,2
C-clinical-11-01839#2,2,2,2
C-clinical-11-01839#3,2,2,2
C-clinical-11-01839#4,2,2,2
C-clinical-11-01839#5,2,2,2
C-clinical-11-01839#6,2,2,2
C-clinical-11-01839#7,2,2,2
C-clinical-11-01839#8,2,2,2
C-clinical-11-01839#9,2,2,2
C-clinical-11-01840#0,2,2,2
C-clinical-11-01840#1,2,2,2
C-clinical-11-01840#2,2,2,2
C-clinical-11-01840#3,2,2,2
C-clinical-11-01841#0,2,2,2
C-clinical-11-01841#1,2,2,2
C-clinical-11-01841#10,2,2,2
C-clinical-11-01841#2,2,2,2
C-clinical-11-01841#3,2,2,2
C-clinical-11-01841#4,2,2,2
C-clinical-11-01841#5,2,2,2
C-clinical-11-01841#6,2,2,2
C-clinical-11-01841#7,2,2,2
C-clinical-11-01841#8,2,2,2
C-clinical-11-01841#9,2,2,2
C-clinical-11-01842#0,2,2,2
C-clinical-11-01842#1,2,2,2
C-clinical-11-01842#2,2,2,2
C-clinical-11-01842#3,2,2,2
C-clinical-11-01842#4,2,2,2
C-clinical-11-01842#5,2,2,2
C-clinical-11-01842#6,2,2,2
C-clinical-11-01842#7,2,2,2
C-clinical-11-01844#0,2,2,2
C-clinical-11-01844#1,2,2,2
C-clinical-11-01844#2,2,2,2
C-clinical-11-01847#0,2,2,2
C-clinical-11-01847#1,2,2,2
C-clinical-11-01847#2,2,2,2
C-clinical-11-01847#3,2,2,2
C-clinical-11-01847#4,2,2,2
C-clinical-11-01847#5,2,2,2
C-clinical-11-01847#6,2,2,2
C-clinical-11-01847#7,2,2,2
C-clinical-11-01847#8,2,2,2
C-clinical-11-01848#0,2,2,2
C-clinical-11-01848#1,2,2,2
C-clinical-11-01848#10,2,2,2
C-clinical-11-01848#11,0,2,0
C-clinical-11-01848#12,2,2,2
C-clinical-11-01848#2,2,2,2
C-clinical-11-01848#3,1,2,2
C-clinical-11-01848#4,2,2,2
C-clinical-11-01848#5,2,2,2
C-clinical-11-01848#6,2,2,2
C-clinical-11-01848#7,2,2,2
C-clinical-11-01848#8,2,2,2
C-clinical-11-01848#9,2,2,2
C-clinical-11-01849#0,2,2,2
C-clinical-11-01849#1,2,2,2
C-clinical-11-01849#2,2,2,2
C-clinical-11-01849#3,2,2,2
C-clinical-11-01849#4,2,2,2
C-clinical-11-01849#5,2,2,2
C-clinical-11-01849#6,2,2,2
C-clinical-11-01849#7,2,2,2
C-clinical-11-01849#8,2,2,2
C-clinical-11-01849#9,2,2,2
C-clinical-11-01850#0,2,2,2
C-clinical-11-01850#1,2,2,2
C-clinical-11-01850#10,2,2,0
C-clinical-11-01850#11,2,2,2
C-clinical-11-01850#12,2,2,2
C-clinical-11-01850#13,0,0,0
C-clinical-11-01850#2,2,2,2
C-clinical-11-01850#3,2,2,2
C-clinical-11-01850#4,2,2,2
C-clinical-11-01850#5,2,2,2
C-clinical-11-01850#7,2,2,2
C-clinical-11-01850#8,2,2,2
C-clinical-11-01850#9,2,2,2
C-clinical-11-01852#0,2,2,2
C-clinical-11-01852#1,2,2,2
C-clinical-11-01852#10,2,2,2
C-clinical-11-01852#12,2,2,2
C-clinical-11-01852#13,2,2,2
C-clinical-11-01852#14,2,2,2
C-clinical-11-01852#2,0,2,0
C-clinical-11-01852#4,2,2,2
C-clinical-11-01852#5,2,2,2
C-clinical-11-01852#6,2,2,2
C-clinical-11-01852#7,2,2,2
C-clinical-11-01852#8,2,2,2
C-clinical-11-01852#9,2,2,2
C-clinical-11-01853#0,2,2,2
C-clinical-11-01853#1,2,2,2
C-clinical-11-01853#10,2,2,2
C-clinical-11-01853#11,2,2,2
C-clinical-11-01853#12,2,2,2
C-clinical-11-01853#13,2,2,2
C-clinical-11-01853#2,2,2,2
C-clinical-11-01853#3,2,2,2
C-clinical-11-01853#4,2,2,2
C-clinical-11-01853#5,2,2,2
C-clinical-11-01853#6,2,2,2
C-clinical-11-01853#7,2,2,2
C-clinical-11-01853#8,0,0,2
C-clinical-11-01853#9,2,2,2
C-clinical-11-01855#0,2,2,2
C-clinical-11-01855#1,2,2,2
C-clinical-11-01855#2,2,2,2
C-clinical-11-01855#3,2,2,2
C-clinical-11-01855#4,2,2,2
C-clinical-11-01855#6,1,1,1
C-clinical-11-01855#7,2,2,2
C-clinical-11-01859#1,2,2,2
C-clinical-11-01859#10,2,2,2
C-clinical-11-01859#11,2,2,2
C-clinical-11-01859#12,2,2,2
C-clinical-11-01859#13,2,2,2
C-clinical-11-01859#14,2,2,2
C-clinical-11-01859#15,2,2,2
C-clinical-11-01859#2,2,2,2
C-clinical-11-01859#3,2,2,2
C-clinical-11-01859#4,2,2,2
C-clinical-11-01859#5,2,2,2
C-clinical-11-01859#6,2,2,2
C-clinical-11-01859#7,2,2,2
C-clinical-11-01859#8,2,2,2
C-clinical-11-01859#9,2,2,2
C-clinical-11-01860#0,2,2,2
C-clinical-11-01860#1,2,2,2
C-clinical-11-01860#10,0,2,0
C-clinical-11-01860#11,2,2,2
C-clinical-11-01860#12,2,2,2
C-clinical-11-01860#13,2,2,2
C-clinical-11-01860#2,2,2,2
C-clinical-11-01860#3,2,2,2
C-clinical-11-01860#4,2,2,2
C-clinical-11-01860#5,2,2,2
C-clinical-11-01860#6,2,2,2
C-clinical-11-01860#7,2,2,2
C-clinical-11-01860#8,2,2,2
C-clinical-11-01860#9,2,2,2
C-clinical-11-01862#0,2,2,2
C-clinical-11-01862#1,2,2,2
C-clinical-11-01862#10,2,2,2
C-clinical-11-01862#11,2,2,2
C-clinical-11-01862#2,2,2,2
C-clinical-11-01862#3,2,2,2
C-clinical-11-01862#5,2,2,2
C-clinical-11-01862#6,1,1,1
C-clinical-11-01862#7,2,2,2
C-clinical-11-01862#8,2,2,2
C-clinical-11-01862#9,2,2,2
C-clinical-11-01863#0,2,2,2
C-clinical-11-01863#1,2,2,2
C-clinical-11-01863#2,2,2,2
C-clinical-11-01863#3,2,2,2
C-clinical-11-01863#4,2,2,2
C-clinical-11-01863#5,2,2,2
C-clinical-11-01863#6,2,2,2
C-clinical-11-01863#7,2,2,2
C-clinical-11-01864#0,2,2,2
C-clinical-11-01864#1,2,2,2
C-clinical-11-01864#2,2,0,2
C-clinical-11-01864#3,2,2,2
C-clinical-11-01864#4,2,2,2
C-clinical-11-01864#5,1,2,2
C-clinical-11-01864#6,2,2,2
C-clinical-11-01864#7,2,2,2
C-clinical-11-01864#8,2,2,2
C-clinical-11-01867#0,2,2,2
C-clinical-11-01867#1,2,2,2
C-clinical-11-01867#3,2,2,1
C-clinical-11-01868#0,2,2,2
C-clinical-11-01868#1,2,2,2
C-clinical-11-01868#2,1,1,1
C-clinical-11-01868#3,2,2,2
C-clinical-11-01870#0,2,2,2
C-clinical-11-01870#1,2,2,2
C-clinical-11-01870#2,2,2,2
C-clinical-11-01870#3,2,2,2
C-clinical-11-01870#4,2,2,2
C-clinical-11-01870#5,2,2,2
C-clinical-11-01875#0,2,2,2
C-clinical-11-01875#1,2,2,2
C-clinical-11-01875#2,2,2,2
C-clinical-11-01875#3,2,2,2
C-clinical-11-01875#4,2,2,2
C-clinical-11-01875#5,2,2,2
C-clinical-11-01877#0,2,2,2
C-clinical-11-01877#1,2,2,2
C-clinical-11-01877#2,2,2,2
C-clinical-11-01877#3,2,2,2
C-clinical-11-01879#0,2,2,2
C-clinical-11-01879#10,2,2,2
C-clinical-11-01879#2,2,2,2
C-clinical-11-01879#3,2,2,2
C-clinical-11-01879#4,2,2,2
C-clinical-11-01879#5,2,2,2
C-clinical-11-01879#6,2,2,2
C-clinical-11-01879#7,2,2,2
C-clinical-11-01879#8,2,2,2
C-clinical-11-01879#9,2,2,2
C-clinical-11-01881#0,2,2,2
C-clinical-11-01881#1,2,2,2
C-clinical-11-01881#2,2,2,2
C-clinical-11-01881#3,2,2,2
C-clinical-11-01881#4,2,2,2
C-clinical-11-01881#5,2,2,2
C-clinical-11-01881#6,2,2,2
C-clinical-11-01881#7,2,2,2
C-clinical-11-01881#8,2,2,2
C-clinical-11-01887#0,2,2,2
C-clinical-11-01887#1,2,2,2
C-clinical-11-01887#2,2,2,2
C-clinical-11-01891#0,2,2,2
C-clinical-11-01891#1,2,2,2
C-clinical-11-01891#2,2,2,2
C-clinical-11-01891#3,1,1,1
C-clinical-11-01891#4,2,2,2
C-clinical-11-01891#5,2,2,2
C-clinical-11-01891#6,1,1,1
C-clinical-11-01891#7,2,2,2
C-clinical-11-01893#0,2,2,2
C-clinical-11-01893#1,2,2,2
C-clinical-11-01893#3,2,2,2
C-clinical-11-01893#4,2,2,2
C-clinical-11-01893#5,2,2,2
C-clinical-11-01893#6,2,2,2
C-clinical-11-01895#0,2,2,2
C-clinical-11-01895#1,2,2,2
C-clinical-11-01895#10,2,2,2
C-clinical-11-01895#11,2,2,2
C-clinical-11-01895#2,2,2,2
C-clinical-11-01895#3,2,2,2
C-clinical-11-01895#4,2,2,2
C-clinical-11-01895#5,2,2,2
C-clinical-11-01895#6,2,2,2
C-clinical-11-01895#7,2,2,2
C-clinical-11-01895#8,2,2,2
C-clinical-11-01895#9,2,2,2
C-clinical-11-01896#0,2,2,2
C-clinical-11-01896#1,2,2,2
C-clinical-11-01896#2,2,2,2
C-clinical-11-01896#3,2,2,2
C-clinical-11-01896#4,2,2,2
C-clinical-11-01896#5,2,2,2
C-clinical-11-01896#6,2,2,2
C-clinical-11-01897#0,2,2,2
C-clinical-11-01897#1,2,2,2
C-clinical-11-01897#10,2,2,2
C-clinical-11-01897#11,2,2,2
C-clinical-11-01897#2,2,2,2
C-clinical-11-01897#3,2,2,2
C-clinical-11-01897#4,2,2,2
C-clinical-11-01897#5,2,2,2
C-clinical-11-01897#6,2,2,2
C-clinical-11-01897#7,2,2,2
C-clinical-11-01897#8,2,2,2
C-clinical-11-01897#9,2,2,2
C-clinical-11-01901#0,2,2,2
C-clinical-11-01901#1,2,2,2
C-clinical-11-01901#10,2,2,2
C-clinical-11-01901#2,2,2,2
C-clinical-11-01901#3,2,2,2
C-clinical-11-01901#4,2,2,2
C-clinical-11-01901#5,2,2,2
C-clinical-11-01901#6,2,2,2
C-clinical-11-01901#7,2,2,2
C-clinical-11-01901#8,2,2,2
C-clinical-11-01901#9,2,2,2
C-clinical-11-01902#0,2,2,2
C-clinical-11-01902#1,2,2,2
C-clinical-11-01902#2,2,2,2
C-clinical-11-01902#3,2,2,2
C-clinical-11-01902#4,2,2,2
C-clinical-11-01902#5,2,2,2
C-clinical-11-01902#6,2,2,2
C-clinical-11-01902#7,2,2,2
C-clinical-11-01903#0,0,1,0
C-clinical-11-01903#1,2,2,2
C-clinical-11-01903#10,2,2,2
C-clinical-11-01903#2,2,2,2
C-clinical-11-01903#3,2,2,2
C-clinical-11-01903#4,2,2,2
C-clinical-11-01903#5,2,2,2
C-clinical-11-01903#6,2,2,2
C-clinical-11-01903#7,2,2,2
C-clinical-11-01903#8,2,2,2
C-clinical-11-01903#9,2,2,2
C-clinical-11-01907#0,2,2,2
C-clinical-11-01907#2,2,2,2
C-clinical-11-01907#3,2,2,2
C-clinical-11-01907#4,2,2,2
C-clinical-11-01907#5,2,2,2
C-clinical-11-01907#6,2,2,2
C-clinical-11-01907#7,2,2,2
C-clinical-11-01907#8,1,2,1
C-clinical-11-01907#9,2,2,2
C-clinical-11-01912#0,2,2,2
C-clinical-11-01912#1,2,2,2
C-clinical-11-01912#2,2,2,2
C-clinical-11-01912#3,2,2,2
C-clinical-11-01912#4,2,2,2
C-clinical-11-01913#0,2,2,2
C-clinical-11-01913#1,2,2,2
C-clinical-11-01913#2,2,2,2
C-clinical-11-01913#3,2,2,2
C-clinical-11-01913#4,2,2,2
C-clinical-11-01913#5,2,2,2
C-clinical-11-01913#6,2,2,2
C-clinical-11-01913#7,2,2,2
C-clinical-11-01913#8,2,2,2
C-clinical-11-01916#0,2,2,2
C-clinical-11-01916#1,2,2,2
C-clinical-11-01916#2,2,2,2
C-clinical-11-01916#3,2,2,2
C-clinical-11-01916#4,2,2,2
C-clinical-11-01917#0,2,2,2
C-clinical-11-01917#1,2,2,2
C-clinical-11-01917#10,2,2,2
C-clinical-11-01917#11,2,2,2
C-clinical-11-01917#12,2,2,2
C-clinical-11-01917#2,2,2,2
C-clinical-11-01917#3,2,2,2
C-clinical-11-01917#4,2,2,2
C-clinical-11-01917#6,2,2,2
C-clinical-11-01917#7,2,2,2
C-clinical-11-01917#8,2,2,2
C-clinical-11-01917#9,2,2,2
C-clinical-11-01918#0,2,2,2
C-clinical-11-01918#1,1,1,1
C-clinical-11-01918#2,2,2,2
C-clinical-11-01918#3,2,2,2
C-clinical-11-01918#4,2,2,2
C-clinical-11-01920#0,2,2,2
C-clinical-11-01920#10,2,2,2
C-clinical-11-01920#11,2,2,2
C-clinical-11-01920#2,2,2,2
C-clinical-11-01920#3,2,2,2
C-clinical-11-01920#4,2,2,2
C-clinical-11-01920#5,2,2,2
C-clinical-11-01920#6,2,2,2
C-clinical-11-01920#7,2,2,2
C-clinical-11-01920#8,2,2,2
C-clinical-11-01920#9,2,2,2
C-clinical-11-01923#0,2,2,2
C-clinical-11-01923#1,2,2,2
C-clinical-11-01923#10,2,2,2
C-clinical-11-01923#2,2,2,2
C-clinical-11-01923#3,2,2,2
C-clinical-11-01923#4,2,2,2
C-clinical-11-01923#5,2,2,2
C-clinical-11-01923#6,2,2,2
C-clinical-11-01923#7,2,2,2
C-clinical-11-01923#8,2,2,2
C-clinical-11-01923#9,2,2,2
C-clinical-11-01926#0,2,2,2
C-clinical-11-01926#1,2,2,2
C-clinical-11-01926#2,2,2,2
C-clinical-11-01926#3,2,2,2
C-clinical-11-01926#4,2,2,2
C-clinical-11-01926#5,2,2,2
C-clinical-11-01929#0,2,2,2
C-clinical-11-01929#1,1,1,1
C-clinical-11-01929#2,2,2,2
C-clinical-11-01929#3,2,2,2
C-clinical-11-01929#4,2,2,2
C-clinical-11-01929#5,2,2,2
C-clinical-11-01929#6,2,2,2
C-clinical-11-01929#7,2,2,2
C-clinical-11-01929#8,2,2,2
C-clinical-11-01929#9,2,2,2
C-clinical-11-01933#0,2,2,2
C-clinical-11-01933#1,2,2,2
C-clinical-11-01933#2,2,2,2
C-clinical-11-01933#3,2,2,2
C-clinical-11-01933#4,2,2,2
C-clinical-11-01933#5,1,2,1
C-clinical-11-01933#6,2,2,2
C-clinical-11-01933#7,2,2,2
C-clinical-11-01935#0,2,2,2
C-clinical-11-01935#1,2,2,2
C-clinical-11-01935#2,2,2,2
C-clinical-11-01935#3,2,2,2
C-clinical-11-01935#4,2,2,2
C-clinical-11-01935#5,2,2,2
C-clinical-11-01935#6,2,2,2
C-clinical-11-01935#7,2,2,2
C-clinical-11-01935#8,2,2,2
C-clinical-11-01937#0,2,2,2
C-clinical-11-01937#1,2,2,2
C-clinical-11-01937#2,2,2,2
C-clinical-11-01937#3,2,2,2
C-clinical-11-01938#0,2,2,2
C-clinical-11-01938#1,2,2,2
C-clinical-11-01938#2,2,2,2
C-clinical-11-01938#3,2,2,2
C-clinical-11-01938#4,2,2,2
C-clinical-11-01938#5,2,2,2
C-clinical-11-01938#6,2,2,2
C-clinical-11-01939#0,2,2,2
C-clinical-11-01939#1,2,2,2
C-clinical-11-01939#2,2,2,2
C-clinical-11-01939#3,2,2,2
C-clinical-11-01940#0,2,2,2
C-clinical-11-01940#1,2,2,2
C-clinical-11-01940#2,2,2,2
C-clinical-11-01940#4,2,2,2
C-clinical-11-01940#5,2,2,2
C-clinical-11-01940#6,2,2,2
C-clinical-11-01940#7,2,2,2
C-clinical-11-01940#8,2,2,2
C-clinical-11-01941#0,2,2,2
C-clinical-11-01941#1,2,2,2
C-clinical-11-01941#10,1,2,2
C-clinical-11-01941#11,2,2,2
C-clinical-11-01941#12,2,2,2
C-clinical-11-01941#2,2,2,2
C-clinical-11-01941#3,2,2,2
C-clinical-11-01941#4,2,2,2
C-clinical-11-01941#5,1,1,1
C-clinical-11-01941#6,2,2,2
C-clinical-11-01941#7,2,2,2
C-clinical-11-01941#8,2,2,2
C-clinical-11-01941#9,2,2,2
C-clinical-11-01944#0,2,2,2
C-clinical-11-01944#1,2,2,2
C-clinical-11-01944#10,2,2,2
C-clinical-11-01944#11,2,2,2
C-clinical-11-01944#12,2,2,2
C-clinical-11-01944#2,2,2,2
C-clinical-11-01944#3,2,2,2
C-clinical-11-01944#4,2,2,2
C-clinical-11-01944#5,2,2,2
C-clinical-11-01944#6,2,2,2
C-clinical-11-01944#7,2,2,2
C-clinical-11-01944#8,2,2,2
C-clinical-11-01944#9,2,2,2
C-clinical-11-01945#1,2,2,2
C-clinical-11-01945#2,2,2,2
C-clinical-11-01945#3,2,2,2
C-clinical-11-01945#4,2,2,2
C-clinical-11-01945#5,2,2,2
C-clinical-11-01945#6,2,2,2
C-clinical-11-01945#7,2,2,2
C-clinical-11-01945#8,2,2,2
C-clinical-11-01945#9,2,2,2
C-clinical-11-01946#0,2,2,2
C-clinical-11-01946#1,2,2,2
C-clinical-11-01946#2,1,1,1
C-clinical-11-01946#3,2,2,2
C-clinical-11-01949#0,2,2,2
C-clinical-11-01949#1,2,2,2
C-clinical-11-01949#2,2,2,2
C-clinical-11-01949#3,2,2,2
C-clinical-11-01949#4,2,2,2
C-clinical-11-01951#0,2,2,2
C-clinical-11-01951#1,0,2,0
C-clinical-11-01951#3,2,2,2
C-clinical-11-01951#4,2,2,2
C-clinical-11-01951#5,1,1,1
C-clinical-11-01951#6,2,2,2
C-clinical-11-01951#7,2,2,2
C-clinical-11-01951#8,2,2,2
C-clinical-11-01952#0,2,2,2
C-clinical-11-01952#1,2,2,2
C-clinical-11-01952#2,2,2,2
C-clinical-11-01952#3,1,1,1
C-clinical-11-01952#4,2,2,2
C-clinical-11-01952#5,1,1,1
C-clinical-11-01952#6,2,2,2
C-clinical-11-01952#7,2,2,2
C-clinical-11-01952#8,2,2,2
C-clinical-11-01953#0,2,2,2
C-clinical-11-01953#1,2,2,2
C-clinical-11-01953#2,2,2,2
C-clinical-11-01953#3,2,2,2
C-clinical-11-01953#4,2,2,2
C-clinical-11-01956#0,2,2,2
C-clinical-11-01956#1,2,2,2
C-clinical-11-01956#2,2,2,2
C-clinical-11-01956#3,2,2,2
C-clinical-11-01956#4,2,2,2
C-clinical-11-01956#5,2,2,2
C-clinical-11-01956#6,2,2,2
C-clinical-11-01956#7,2,2,2
C-clinical-11-01957#0,2,2,2
C-clinical-11-01957#1,2,2,2
C-clinical-11-01957#2,2,2,2
C-clinical-11-01957#3,2,2,2
C-clinical-11-01957#4,2,2,2
C-clinical-11-01959#0,2,2,2
C-clinical-11-01959#1,0,2,0
C-clinical-11-01959#10,2,2,2
C-clinical-11-01959#11,2,2,2
C-clinical-11-01959#2,2,2,2
C-clinical-11-01959#3,2,2,2
C-clinical-11-01959#4,2,2,2
C-clinical-11-01959#6,2,2,2
C-clinical-11-01959#7,2,2,2
C-clinical-11-01959#8,2,2,2
C-clinical-11-01964#0,2,2,2
C-clinical-11-01964#10,2,2,2
C-clinical-11-01964#11,2,2,2
C-clinical-11-01964#12,2,2,2
C-clinical-11-01964#13,2,2,2
C-clinical-11-01964#2,2,2,2
C-clinical-11-01964#3,2,2,2
C-clinical-11-01964#4,2,2,2
C-clinical-11-01964#5,2,2,2
C-clinical-11-01964#6,2,2,2
C-clinical-11-01964#7,2,2,2
C-clinical-11-01964#8,2,2,2
C-clinical-11-01964#9,2,2,2
C-clinical-11-01966#0,2,2,2
C-clinical-11-01966#1,2,2,2
C-clinical-11-01966#10,2,2,2
C-clinical-11-01966#11,2,2,2
C-clinical-11-01966#12,2,2,2
C-clinical-11-01966#2,2,2,2
C-clinical-11-01966#3,2,2,2
C-clinical-11-01966#4,2,2,2
C-clinical-11-01966#5,2,2,2
C-clinical-11-01966#6,2,2,2
C-clinical-11-01966#7,1,1,2
C-clinical-11-01966#8,2,2,2
C-clinical-11-01966#9,2,2,2
C-clinical-11-01974#0,2,2,2
C-clinical-11-01974#1,2,2,2
C-clinical-11-01974#2,2,2,2
C-clinical-11-01974#3,2,2,2
C-clinical-11-01974#4,2,2,1
C-clinical-11-01974#5,2,2,2
C-clinical-11-01976#0,2,2,2
C-clinical-11-01976#1,2,2,2
C-clinical-11-01976#2,1,1,1
C-clinical-11-01976#3,2,2,2
C-clinical-11-01976#4,2,2,2
C-clinical-11-01976#5,2,2,2
C-clinical-11-01976#6,2,2,2
C-clinical-11-01976#7,2,2,2
C-clinical-11-01976#8,2,2,2
C-clinical-11-01978#0,2,2,2
C-clinical-11-01978#1,2,2,2
C-clinical-11-01982#0,2,2,2
C-clinical-11-01982#1,2,2,2
C-clinical-11-01982#2,2,2,2
C-clinical-11-01982#3,2,2,2
C-clinical-11-01982#4,2,2,2
C-clinical-11-01984#0,2,2,2
C-clinical-11-01984#1,2,2,2
C-clinical-11-01984#10,2,2,2
C-clinical-11-01984#11,2,2,2
C-clinical-11-01984#2,2,2,2
C-clinical-11-01984#3,2,2,2
C-clinical-11-01984#4,2,2,2
C-clinical-11-01984#5,2,2,2
C-clinical-11-01984#6,2,2,2
C-clinical-11-01984#7,2,2,2
C-clinical-11-01984#8,2,2,2
C-clinical-11-01984#9,2,2,2
C-clinical-11-01985#0,2,2,2
C-clinical-11-01985#1,2,2,2
C-clinical-11-01985#10,2,2,2
C-clinical-11-01985#11,2,2,2
C-clinical-11-01985#2,2,2,2
C-clinical-11-01985#3,2,2,2
C-clinical-11-01985#4,0,2,0
C-clinical-11-01985#5,2,2,2
C-clinical-11-01985#6,2,2,2
C-clinical-11-01985#7,2,2,2
C-clinical-11-01985#8,2,2,2
C-clinical-11-01985#9,2,2,2
C-clinical-11-01986#0,2,2,2
C-clinical-11-01986#1,2,2,2
C-clinical-11-01986#10,2,2,2
C-clinical-11-01986#2,2,2,2
C-clinical-11-01986#3,1,1,0
C-clinical-11-01986#4,1,2,1
C-clinical-11-01986#5,2,2,2
C-clinical-11-01986#6,2,2,2
C-clinical-11-01986#7,2,2,2
C-clinical-11-01986#8,2,2,2
C-clinical-11-01986#9,2,2,2
C-clinical-11-01989#0,2,2,2
C-clinical-11-01989#1,2,2,2
C-clinical-11-01989#2,1,1,1
C-clinical-11-01989#3,2,2,2
C-clinical-11-01989#4,2,2,2
C-clinical-11-01989#5,2,2,2
C-clinical-11-01989#6,2,2,2
C-clinical-11-01992#0,2,2,2
C-clinical-11-01992#1,2,2,2
C-clinical-11-01992#2,2,2,2
C-clinical-11-01992#3,2,2,2
C-clinical-11-01992#4,2,2,2
C-clinical-11-01992#5,2,2,2
C-clinical-11-01992#6,2,2,2
C-clinical-11-01992#7,2,2,2
C-clinical-11-01992#8,2,2,2
C-clinical-11-01992#9,2,2,2
C-clinical-11-01994#0,2,2,2
C-clinical-11-01994#1,2,2,2
C-clinical-11-01994#2,2,2,2
C-clinical-11-01994#3,2,2,2
C-clinical-11-01997#0,2,2,2
C-clinical-11-01997#1,2,2,2
C-clinical-11-01997#2,1,1,1
C-clinical-11-01997#3,2,2,2
C-clinical-11-01998#0,2,2,2
C-clinical-11-01998#1,2,2,2
C-clinical-11-01998#2,2,2,2
C-clinical-11-01998#3,2,2,2
C-clinical-11-01998#4,2,2,2
C-clinical-11-01998#5,2,2,2
C-clinical-11-01998#6,2,2,2
C-clinical-11-01998#7,2,2,2
