item,ours-int8pc
doc1#0,2
doc1#2,2
doc1#3,2
doc1#4,2
doc10#2,2
doc10#3,2
doc10#4,2
doc10#5,2
doc10#6,2
doc10#7,2
doc100#0,2
doc100#1,2
doc100#2,2
doc100#3,2
doc100#4,2
doc100#5,2
doc100#6,2
doc1000#0,2
doc1000#1,2
doc1000#2,2
doc1000#3,2
doc1000#4,2
doc1001#0,2
doc1001#1,2
doc1001#2,2
doc1001#3,2
doc1002#1,2
doc1002#5,2
doc1003#0,2
doc1003#1,2
doc1003#2,2
doc1003#3,2
doc1003#4,2
doc1003#5,2
doc1004#1,2
doc1004#3,2
doc1004#4,2
doc1004#5,2
doc1004#6,2
doc1004#8,2
doc1004#9,2
doc1005#2,2
doc1005#3,2
doc1005#4,2
doc1005#6,2
doc1006#0,2
doc1006#1,2
doc1006#2,2
doc1006#3,2
doc1006#4,2
doc1007#0,2
doc1007#1,2
doc1007#2,2
doc1007#3,2
doc1007#4,2
doc1007#5,2
doc1007#6,2
doc1007#7,2
doc1008#0,2
doc1008#1,2
doc1008#2,2
doc1008#3,2
doc1008#4,2
doc1008#5,2
doc1008#6,2
doc1008#7,2
doc1008#8,2
doc1009#0,2
doc1009#1,2
doc1009#2,2
doc1009#4,2
doc1009#5,2
doc1009#6,2
doc101#3,2
doc101#5,2
doc1010#0,2
doc1010#1,2
doc1010#2,2
doc1011#0,2
doc1011#2,2
doc1012#0,2
doc1012#1,2
doc1012#2,2
doc1012#3,2
doc1012#4,2
doc1012#5,2
doc1012#6,2
doc1012#7,2
doc1012#8,2
doc1012#9,2
doc1013#0,2
doc1013#1,2
doc1013#2,2
doc1013#3,2
doc1013#4,2
doc1013#5,2
doc1014#0,2
doc1014#1,2
doc1014#2,2
doc1014#3,2
doc1014#4,2
doc1014#5,2
doc1014#6,2
doc1015#0,2
doc1015#1,2
doc1015#2,2
doc1016#2,2
doc1016#3,2
doc1016#5,2
doc1016#6,2
doc1016#7,2
doc1016#8,2
doc1017#0,2
doc1017#2,2
doc1017#4,2
doc1018#0,2
doc1018#1,2
doc1018#2,2
doc1018#3,2
doc1018#4,2
doc1018#5,2
doc1018#6,2
doc1018#7,2
doc1018#8,2
doc1018#9,2
doc1019#0,2
doc1019#1,2
doc1019#2,2
doc102#0,2
doc102#1,2
doc102#2,2
doc1020#0,2
doc1020#1,2
doc1020#2,2
doc1020#4,2
doc1020#5,2
doc1020#6,2
doc1021#0,2
doc1021#1,2
doc1021#2,2
doc1021#3,2
doc1022#1,2
doc1022#11,2
doc1022#12,2
doc1022#13,2
doc1022#14,2
doc1022#2,2
doc1022#3,2
doc1022#4,2
doc1022#6,2
doc1022#7,2
doc1022#8,2
doc1022#9,2
doc1023#0,2
doc1023#1,2
doc1023#2,2
doc1023#3,2
doc1024#1,2
doc1024#2,2
doc1024#3,2
doc1024#4,2
doc1024#5,2
doc1025#10,2
doc1025#11,2
doc1025#12,2
doc1025#13,2
doc1025#2,2
doc1025#4,2
doc1025#8,2
doc1025#9,2
doc1026#1,2
doc1026#2,2
doc1027#1,2
doc1027#2,2
doc1027#3,2
doc1027#4,2
doc1027#5,2
doc1028#0,2
doc1028#1,2
doc1028#2,2
doc1028#3,2
doc1028#5,2
doc1028#6,2
doc1029#0,2
doc1029#1,2
doc1029#10,2
doc1029#6,2
doc1029#7,2
doc1029#8,2
doc103#0,2
doc103#4,2
doc103#5,2
doc103#6,2
doc103#7,2
doc103#8,2
doc103#9,2
doc1030#1,2
doc1030#3,2
doc1031#0,2
doc1031#1,2
doc1031#2,2
doc1031#3,2
doc1032#1,2
doc1032#10,2
doc1032#11,0
doc1032#13,2
doc1032#14,2
doc1032#15,2
doc1032#16,2
doc1032#18,2
doc1032#2,2
doc1032#3,2
doc1032#4,2
doc1032#5,2
doc1032#6,2
doc1032#7,0
doc1032#8,2
doc1033#11,2
doc1033#12,2
doc1033#13,2
doc1033#3,2
doc1033#4,2
doc1033#7,2
doc1033#8,2
doc1034#9,2
doc1035#0,2
doc1035#1,2
doc1035#10,2
doc1035#11,2
doc1035#12,2
doc1035#13,2
doc1035#2,2
doc1035#4,2
doc1035#5,2
doc1035#6,2
doc1035#7,2
doc1035#8,2
doc1035#9,2
doc1036#0,2
doc1036#1,2
doc1036#2,2
doc1036#3,2
doc1036#4,2
doc1036#5,2
doc1036#6,2
doc1036#7,2
doc1036#8,2
doc1037#1,2
doc1037#2,2
doc1037#3,2
doc1037#5,2
doc1037#6,2
doc1037#8,2
doc1037#9,2
doc1038#1,2
doc1038#4,2
doc1038#6,2
doc1038#7,2
doc1038#9,2
doc1039#0,2
doc1039#1,2
doc1039#2,2
doc104#0,2
doc104#1,2
doc104#2,2
doc104#3,2
doc104#4,2
doc1040#0,2
doc1040#1,2
doc1040#2,2
doc1040#4,2
doc1041#1,2
doc1041#2,2
doc1041#3,2
doc1042#0,2
doc1042#1,2
doc1042#2,2
doc1042#3,2
doc1042#4,2
doc1042#5,2
doc1042#7,2
doc1043#0,2
doc1043#1,2
doc1043#3,2
doc1043#4,2
doc1043#5,2
doc1043#6,2
doc1043#7,2
doc1044#0,2
doc1044#1,2
doc1044#2,2
doc1044#3,2
doc1044#4,2
doc1044#5,2
doc1045#0,2
doc1045#1,2
doc1045#2,2
doc1045#3,2
doc1045#4,2
doc1045#5,2
doc1045#6,2
doc1045#7,2
doc1045#8,2
doc1045#9,2
doc1046#0,2
doc1046#1,2
doc1046#2,2
doc1046#3,2
doc1046#4,2
doc1046#5,2
doc1047#0,2
doc1047#2,2
doc1047#3,2
doc1047#4,2
doc1047#5,2
doc1047#6,2
doc1047#7,2
doc1048#0,2
doc1048#2,2
doc1048#3,2
doc1048#4,2
doc1048#5,2
doc1048#6,2
doc1048#7,2
doc1049#0,2
doc1049#6,2
doc1049#7,2
doc105#0,2
doc105#1,2
doc105#3,2
doc105#4,2
doc105#5,2
doc1050#0,2
doc1050#1,2
doc1050#5,2
doc1050#6,2
doc1050#7,2
doc1051#0,0
doc1051#1,2
doc1051#2,2
doc1051#3,2
doc1051#4,2
doc1051#5,2
doc1051#6,2
doc1051#7,2
doc1051#8,2
doc1052#0,2
doc1052#1,2
doc1052#2,2
doc1053#1,2
doc1053#3,2
doc1053#6,2
doc1053#7,2
doc1054#1,2
doc1054#2,2
doc1054#3,2
doc1054#4,2
doc1054#5,2
doc1054#6,2
doc1055#0,2
doc1055#1,2
doc1055#2,2
doc1056#1,2
doc1056#2,2
doc1056#3,2
doc1056#4,2
doc1056#5,2
doc1056#6,2
doc1056#7,2
doc1056#8,2
doc1057#0,2
doc1057#2,2
doc1058#0,2
doc1058#2,2
doc1058#3,2
doc1058#6,2
doc1059#0,2
doc1059#1,2
doc1059#2,2
doc1059#3,2
doc1059#4,2
doc1059#5,2
doc1059#6,2
doc1059#7,2
doc1059#8,2
doc106#1,2
doc106#6,2
doc1060#1,2
doc1060#2,2
doc1060#3,2
doc1060#4,2
doc1061#0,2
doc1061#1,2
doc1061#2,2
doc1061#3,2
doc1061#4,2
doc1061#5,2
doc1062#0,2
doc1062#1,2
doc1062#2,2
doc1062#3,2
doc1063#1,2
doc1063#10,2
doc1063#12,2
doc1063#13,2
doc1063#15,2
doc1063#16,2
doc1063#17,2
doc1063#2,2
doc1063#3,2
doc1063#4,2
doc1063#5,2
doc1063#6,2
doc1063#7,2
doc1063#8,2
doc1063#9,2
doc1064#0,2
doc1064#2,2
doc1064#4,2
doc1064#5,2
doc1064#6,2
doc1065#0,2
doc1065#1,2
doc1065#2,2
doc1065#3,2
doc1065#4,2
doc1065#5,2
doc1065#6,2
doc1066#0,2
doc1066#1,2
doc1067#0,2
doc1067#1,2
doc1068#1,2
doc1068#2,2
doc1068#3,2
doc1068#4,2
doc1068#5,2
doc1068#6,2
doc1069#0,2
doc1069#1,2
doc1069#2,2
doc1069#3,2
doc1069#4,2
doc1069#5,2
doc1069#6,2
doc1069#7,2
doc107#0,2
doc107#1,2
doc107#2,2
doc107#3,2
doc107#4,2
doc107#5,2
doc107#7,2
doc1070#0,2
doc1070#1,2
doc1070#2,2
doc1071#1,2
doc1071#2,2
doc1071#3,2
doc1072#0,2
doc1072#1,2
doc1072#2,2
doc1072#3,2
doc1072#4,2
doc1072#5,2
doc1072#6,2
doc1072#8,2
doc1072#9,2
doc1073#2,2
doc1073#3,2
doc1073#4,2
doc1074#1,2
doc1074#2,2
doc1074#4,2
doc1074#6,2
doc1075#0,2
doc1075#1,2
doc1075#10,2
doc1075#11,2
doc1075#12,2
doc1075#13,2
doc1075#14,2
doc1075#15,2
doc1075#16,2
doc1075#17,2
doc1075#18,2
doc1075#19,2
doc1075#2,2
doc1075#20,2
doc1075#21,2
doc1075#3,2
doc1075#4,2
doc1075#6,2
doc1075#7,2
doc1075#8,2
doc1075#9,2
doc1076#0,2
doc1076#2,2
doc1076#3,2
doc1076#4,2
doc1076#5,2
doc1077#0,2
doc1077#1,2
doc1077#10,2
doc1077#2,2
doc1077#3,2
doc1077#4,2
doc1077#5,2
doc1077#7,2
doc1077#8,2
doc1077#9,2
doc1078#0,2
doc1078#1,2
doc1078#2,2
doc1078#3,2
doc1078#4,2
doc1079#0,2
doc1079#1,2
doc1079#2,2
doc1079#3,2
doc1079#4,2
doc1079#5,2
doc1079#6,2
doc108#0,2
doc108#1,2
doc108#2,2
doc108#3,2
doc108#4,2
doc108#6,2
doc1080#1,2
doc1080#2,2
doc1080#3,2
doc1080#4,2
doc1081#0,2
doc1081#1,2
doc1081#10,2
doc1081#11,2
doc1081#12,2
doc1081#13,2
doc1081#14,2
doc1081#2,2
doc1081#3,2
doc1081#4,2
doc1081#5,2
doc1081#6,2
doc1081#7,2
doc1081#8,2
doc1081#9,2
doc1082#0,2
doc1082#1,2
doc1082#2,2
doc1082#3,2
doc1082#4,2
doc1083#0,2
doc1083#1,2
doc1083#2,2
doc1083#3,2
doc1084#0,2
doc1084#1,2
doc1084#2,2
doc1084#3,2
doc1084#4,2
doc1084#5,2
doc1084#6,2
doc1084#7,2
doc1085#0,2
doc1085#1,2
doc1085#2,2
doc1085#3,2
doc1085#4,2
doc1085#5,2
doc1085#6,2
doc1085#7,2
doc1086#1,2
doc1086#2,2
doc1086#3,2
doc1086#4,2
doc1087#1,2
doc1087#2,2
doc1087#3,2
doc1087#4,2
doc1087#5,2
doc1088#1,2
doc1088#4,2
doc1089#0,2
doc1089#1,2
doc109#0,2
doc109#1,2
doc109#4,2
doc1090#1,2
doc1090#2,2
doc1090#3,2
doc1090#4,2
doc1090#5,2
doc1090#6,2
doc1091#1,2
doc1091#2,2
doc1091#3,2
doc1091#4,2
doc1091#5,2
doc1092#0,2
doc1092#1,2
doc1092#2,2
doc1092#3,2
doc1092#4,2
doc1093#0,2
doc1093#1,2
doc1093#10,2
doc1093#11,2
doc1093#12,2
doc1093#13,2
doc1093#2,2
doc1093#3,2
doc1093#4,2
doc1093#5,2
doc1093#6,2
doc1094#1,2
doc1094#2,2
doc1095#0,2
doc1095#1,2
doc1095#2,2
doc1095#3,2
doc1096#0,2
doc1096#1,2
doc1096#2,2
doc1096#3,2
doc1097#1,2
doc1097#5,2
doc1098#0,2
doc1098#1,2
doc1098#3,2
doc1098#4,2
doc1099#1,2
doc1099#2,2
doc11#0,2
doc11#4,2
doc110#0,2
doc110#1,2
doc110#2,2
doc110#3,2
doc1100#0,2
doc1100#1,2
doc1100#10,2
doc1100#11,2
doc1100#2,2
doc1100#3,2
doc1100#4,2
doc1100#5,2
doc1100#6,2
doc1100#7,2
doc1100#8,2
doc1100#9,2
doc1101#0,2
doc1101#1,2
doc1101#4,2
doc1101#5,2
doc1102#0,2
doc1102#1,2
doc1102#10,2
doc1102#11,2
doc1102#4,2
doc1102#5,2
doc1102#8,2
doc1102#9,2
doc1103#0,2
doc1103#1,2
doc1103#2,2
doc1103#3,2
doc1103#4,2
doc1104#0,2
doc1104#1,2
doc1104#2,2
doc1104#3,2
doc1104#4,2
doc1104#7,2
doc1105#0,2
doc1105#1,2
doc1106#0,2
doc1106#1,2
doc1106#10,2
doc1106#11,2
doc1106#2,2
doc1106#3,2
doc1106#4,2
doc1106#5,2
doc1106#6,2
doc1106#7,2
doc1106#8,2
doc1106#9,2
doc1107#0,2
doc1107#1,2
doc1107#2,2
doc1107#3,2
doc1107#4,2
doc1108#0,2
doc1108#1,2
doc1108#2,2
doc1108#3,2
doc1109#11,2
doc1109#12,2
doc1109#15,2
doc1109#16,2
doc1109#4,2
doc1109#7,2
doc1109#8,2
doc111#0,2
doc111#1,2
doc111#2,2
doc111#4,2
doc111#7,2
doc1110#0,2
doc1110#1,2
doc1110#2,2
doc1110#3,2
doc1110#5,2
doc1111#1,2
doc1111#2,2
doc1111#3,2
doc1111#4,2
doc1111#5,2
doc1112#0,2
doc1112#2,2
doc1112#3,2
doc1113#0,2
doc1113#1,2
doc1113#2,2
doc1113#3,2
doc1113#5,2
doc1114#0,2
doc1114#1,2
doc1114#2,2
doc1114#3,2
doc1115#0,2
doc1115#2,2
doc1115#3,2
doc1115#4,2
doc1116#0,2
doc1116#1,2
doc1116#2,2
doc1116#3,2
doc1116#4,2
doc1116#5,2
doc1117#1,2
doc1117#2,2
doc1117#3,2
doc1117#4,2
doc1117#5,2
doc1117#6,2
doc1117#7,2
doc1117#9,2
doc1118#1,2
doc1118#2,2
doc1118#3,2
doc1118#4,2
doc1118#5,2
doc1118#6,2
doc1119#0,2
doc1119#1,2
doc1119#10,2
doc1119#11,2
doc1119#12,2
doc1119#13,2
doc1119#14,2
doc1119#2,2
doc1119#3,2
doc1119#4,2
doc1119#5,2
doc1119#6,2
doc1119#7,2
doc1119#8,2
doc1119#9,2
doc112#0,2
doc112#1,2
doc112#2,2
doc112#3,2
doc1120#1,2
doc1120#2,2
doc1120#5,2
doc1121#0,2
doc1121#1,2
doc1121#2,2
doc1122#1,2
doc1122#2,2
doc1122#3,2
doc1122#4,2
doc1123#0,2
doc1123#1,2
doc1123#2,2
doc1124#0,2
doc1124#1,2
doc1124#2,2
doc1124#3,2
doc1125#0,2
doc1125#1,2
doc1125#2,2
doc1125#3,2
doc1125#5,2
doc1125#6,2
doc1126#0,2
doc1126#1,2
doc1126#2,2
doc1126#3,2
doc1126#4,2
doc1126#5,2
doc1127#0,2
doc1127#2,2
doc1128#2,2
doc1128#3,2
doc1128#4,2
doc1129#1,2
doc1129#2,2
doc1129#3,2
doc1129#4,2
doc1129#5,2
doc113#1,2
doc113#2,2
doc113#3,2
doc113#4,2
doc113#6,2
doc113#7,2
doc113#8,2
doc113#9,2
doc1130#0,2
doc1130#1,2
doc1130#2,2
doc1130#5,2
doc1131#2,2
doc1131#3,2
doc1132#11,2
doc1132#12,2
doc1132#13,2
doc1132#14,2
doc1132#3,2
doc1132#4,2
doc1132#5,2
doc1132#6,2
doc1132#9,2
doc1133#0,2
doc1133#1,2
doc1133#2,2
doc1133#3,2
doc1133#4,2
doc1133#5,2
doc1133#6,2
doc1133#7,2
doc1134#0,2
doc1134#1,2
doc1134#2,2
doc1134#3,2
doc1134#4,2
doc1134#5,2
doc1134#6,2
doc1134#7,2
doc1134#8,2
doc1134#9,2
doc1135#0,2
doc1135#1,2
doc1135#2,2
doc1136#0,2
doc1136#1,2
doc1136#2,2
doc1136#3,2
doc1137#1,2
doc1137#2,2
doc1137#3,2
doc1137#4,2
doc1137#6,2
doc1138#0,2
doc1138#1,2
doc1138#2,2
doc1138#3,2
doc1138#4,2
doc1139#10,2
doc1139#11,2
doc1139#13,2
doc1139#14,2
doc1139#15,2
doc1139#16,2
doc1139#18,2
doc1139#2,2
doc1139#4,2
doc1139#6,2
doc1139#7,2
doc1139#8,2
doc114#0,2
doc114#1,2
doc114#3,2
doc114#4,2
doc114#5,2
doc114#8,2
doc114#9,2
doc1140#0,2
doc1140#1,2
doc1140#2,2
doc1141#1,2
doc1141#3,2
doc1141#5,2
doc1142#0,2
doc1142#1,2
doc1142#2,2
doc1142#3,2
doc1142#4,2
doc1143#0,2
doc1143#1,2
doc1143#2,2
doc1143#3,2
doc1143#4,2
doc1143#5,2
doc1144#1,2
doc1144#2,2
doc1144#3,2
doc1144#4,2
doc1144#5,2
doc1144#7,2
doc1145#0,2
doc1145#2,2
doc1145#3,2
doc1145#4,2
doc1145#5,2
doc1145#6,2
doc1145#7,2
doc1146#0,2
doc1146#1,2
doc1146#2,2
doc1146#3,2
doc1147#0,2
doc1147#1,2
doc1147#2,2
doc1147#3,2
doc1147#4,2
doc1147#5,2
doc1148#1,2
doc1148#12,2
doc1148#13,2
doc1148#2,2
doc1148#3,2
doc1148#4,2
doc1148#5,2
doc1148#6,2
doc1148#7,2
doc1148#8,2
doc1148#9,2
doc1149#0,2
doc1149#1,2
doc1149#2,2
doc1149#3,2
doc1149#4,2
doc1149#5,2
doc115#0,2
doc115#1,2
doc115#2,2
doc115#3,2
doc115#5,2
doc115#6,2
doc115#7,2
doc115#8,2
doc1150#1,2
doc1150#10,2
doc1150#11,2
doc1150#12,2
doc1150#13,2
doc1150#14,2
doc1150#15,2
doc1150#2,2
doc1150#3,2
doc1150#4,2
doc1150#5,2
doc1150#6,2
doc1150#7,2
doc1150#8,2
doc1150#9,2
doc1151#1,2
doc1151#2,2
doc1151#3,2
doc1151#4,2
doc1151#5,2
doc1151#6,0
doc1151#7,0
doc1151#9,2
doc1152#0,2
doc1152#11,2
doc1152#12,2
doc1152#13,2
doc1152#2,2
doc1152#3,2
doc1152#5,2
doc1152#6,2
doc1152#7,2
doc1152#8,2
doc1152#9,2
doc1153#0,2
doc1153#1,2
doc1153#2,2
doc1153#4,2
doc1153#5,2
doc1153#6,2
doc1153#7,2
doc1153#8,2
doc1153#9,2
doc1154#1,2
doc1154#2,2
doc1154#3,2
doc1154#4,2
doc1154#5,2
doc1154#6,2
doc1155#0,2
doc1155#1,2
doc1155#2,2
doc1155#3,2
doc1155#4,2
doc1155#5,1
doc1155#6,2
doc1156#0,2
doc1156#2,2
doc1157#0,2
doc1157#1,2
doc1157#3,2
doc1157#4,2
doc1157#5,2
doc1158#0,2
doc1158#1,2
doc1158#3,2
doc1158#4,2
doc1159#0,2
doc1159#1,2
doc1159#2,2
doc1159#3,2
doc1159#4,2
doc1159#5,2
doc1159#7,2
doc116#0,2
doc116#1,2
doc116#2,2
doc116#3,2
doc116#4,2
doc116#5,2
doc1160#0,2
doc1160#1,2
doc1161#0,2
doc1161#1,2
doc1161#10,2
doc1161#12,2
doc1161#2,2
doc1161#5,2
doc1161#6,2
doc1161#7,2
doc1161#9,2
doc1162#0,2
doc1162#1,2
doc1162#2,2
doc1162#3,2
doc1163#0,2
doc1163#1,2
doc1163#2,2
doc1163#3,2
doc1163#4,2
doc1163#5,2
doc1163#6,2
doc1163#7,2
doc1164#0,2
doc1164#1,2
doc1164#10,2
doc1164#11,2
doc1164#2,2
doc1164#3,2
doc1164#4,2
doc1164#5,2
doc1164#6,2
doc1164#7,2
doc1164#9,2
doc1165#0,2
doc1165#1,2
doc1166#0,2
doc1166#1,2
doc1166#2,2
doc1166#3,2
doc1167#0,2
doc1167#1,2
doc1167#2,2
doc1167#3,2
doc1167#4,2
doc1167#5,2
doc1168#0,2
doc1168#2,2
doc1168#3,2
doc1168#4,2
doc1169#0,2
doc1169#1,2
doc1169#10,2
doc1169#2,2
doc1169#3,2
doc1169#5,2
doc1169#6,0
doc1169#8,2
doc1169#9,2
doc117#1,2
doc117#2,2
doc117#3,2
doc117#4,2
doc1170#0,2
doc1170#1,2
doc1170#2,2
doc1170#3,0
doc1170#4,2
doc1171#1,2
doc1171#2,2
doc1171#3,2
doc1171#4,2
doc1171#5,2
doc1171#6,2
doc1171#7,2
doc1172#1,2
doc1172#2,2
doc1172#3,2
doc1172#4,2
doc1172#5,2
doc1172#7,2
doc1173#0,2
doc1173#2,2
doc1173#3,2
doc1173#4,2
doc1173#5,2
doc1173#6,2
doc1173#7,2
doc1174#1,2
doc1174#10,2
doc1174#11,2
doc1174#12,2
doc1174#13,2
doc1174#15,2
doc1174#16,2
doc1174#17,2
doc1174#19,2
doc1174#2,2
doc1174#20,2
doc1174#22,2
doc1174#23,2
doc1174#25,2
doc1174#26,2
doc1174#3,2
doc1174#5,2
doc1174#6,2
doc1174#7,2
doc1174#8,2
doc1175#2,2
doc1175#4,2
doc1175#5,2
doc1175#6,2
doc1175#7,2
doc1175#8,2
doc1176#0,2
doc1176#1,2
doc1176#3,2
doc1176#4,2
doc1177#0,2
doc1177#1,2
doc1177#2,2
doc1177#3,2
doc1177#4,2
doc1178#0,2
doc1178#2,2
doc1178#3,2
doc1179#1,2
doc1179#2,2
doc1179#3,2
doc1179#4,2
doc118#1,2
doc118#12,2
doc118#13,2
doc118#16,2
doc118#17,2
doc118#18,2
doc118#2,2
doc118#3,2
doc118#4,2
doc118#6,2
doc118#7,2
doc118#8,2
doc118#9,2
doc1180#0,2
doc1180#1,2
doc1180#3,2
doc1180#5,2
doc1181#0,2
doc1181#1,2
doc1181#2,2
doc1181#3,2
doc1181#5,2
doc1181#6,2
doc1181#7,2
doc1181#8,2
doc1182#0,2
doc1182#1,2
doc1182#2,2
doc1182#3,2
doc1183#0,2
doc1183#2,2
doc1183#3,2
doc1184#0,2
doc1184#1,2
doc1184#2,2
doc1184#3,0
doc1184#4,1
doc1185#0,2
doc1185#1,2
doc1185#2,2
doc1185#3,2
doc1185#4,2
doc1186#0,2
doc1186#1,2
doc1186#3,2
doc1187#1,2
doc1187#3,2
doc1187#4,2
doc1188#0,2
doc1188#1,2
doc1188#3,2
doc1188#4,2
doc1188#5,2
doc1188#7,2
doc1188#8,2
doc1188#9,2
doc1189#0,2
doc1189#1,2
doc1189#2,2
doc1189#4,2
doc119#0,2
doc119#1,2
doc119#2,2
doc119#3,2
doc1190#0,2
doc1190#1,2
doc1190#2,2
doc1190#3,2
doc1191#0,2
doc1191#1,2
doc1191#2,2
doc1191#3,2
doc1191#4,2
doc1191#5,2
doc1191#6,2
doc1191#7,2
doc1192#0,2
doc1192#1,2
doc1192#10,2
doc1192#11,2
doc1192#12,2
doc1192#13,2
doc1192#14,2
doc1192#15,2
doc1192#4,2
doc1192#5,2
doc1192#6,2
doc1192#7,2
doc1192#8,2
doc1192#9,2
doc1193#0,2
doc1193#1,2
doc1193#2,2
doc1194#0,2
doc1194#1,2
doc1194#2,2
doc1194#3,2
doc1194#4,2
doc1195#0,2
doc1195#1,2
doc1195#2,2
doc1195#3,2
doc1195#5,2
doc1195#6,2
doc1196#0,2
doc1196#1,2
doc1196#2,2
doc1196#5,2
doc1197#0,2
doc1197#1,2
doc1197#2,2
doc1197#3,2
doc1197#4,2
doc1197#5,2
doc1197#6,2
doc1197#7,2
doc1197#8,2
doc1198#0,2
doc1198#1,2
doc1198#2,2
doc1199#0,2
doc1199#1,2
doc1199#2,2
doc1199#3,2
doc1199#4,2
doc1199#5,2
doc1199#6,2
doc12#0,2
doc12#1,2
doc12#2,2
doc12#3,2
doc12#4,2
doc12#5,2
doc12#6,2
doc120#0,2
doc120#1,2
doc120#2,2
doc120#3,2
doc120#4,2
doc1200#1,2
doc1200#2,2
doc1200#3,2
doc1200#4,2
doc1200#5,2
doc1200#6,2
doc1200#7,2
doc1200#8,2
doc1201#0,2
doc1201#1,2
doc1201#2,2
doc1201#4,2
doc1202#0,2
doc1202#1,2
doc1202#2,2
doc1203#0,2
doc1203#1,2
doc1203#2,2
doc1203#3,2
doc1203#4,2
doc1204#0,2
doc1204#1,2
doc1204#10,2
doc1204#12,2
doc1204#2,2
doc1204#4,2
doc1204#5,2
doc1204#7,2
doc1204#8,2
doc1205#0,2
doc1205#1,2
doc1205#2,2
doc1205#3,2
doc1205#4,2
doc1205#5,2
doc1206#1,2
doc1206#2,2
doc1206#4,2
doc1207#2,2
doc1207#3,2
doc1207#4,2
doc1208#0,2
doc1208#1,2
doc1208#2,2
doc1208#3,2
doc1209#0,2
doc1209#1,2
doc1209#2,2
doc1209#3,2
doc1209#4,2
doc1209#5,2
doc1209#6,2
doc121#0,2
doc121#1,2
doc121#2,2
doc121#3,2
doc121#4,2
doc121#7,2
doc1210#0,2
doc1210#1,2
doc1210#2,2
doc1210#3,2
doc1210#4,2
doc1210#5,2
doc1210#6,2
doc1210#7,2
doc1211#0,2
doc1211#1,2
doc1211#2,2
doc1212#0,2
doc1212#1,2
doc1212#2,2
doc1212#3,2
doc1212#4,2
doc1212#5,2
doc1213#0,2
doc1213#1,2
doc1213#2,2
doc1213#3,2
doc1213#4,2
doc1213#5,2
doc1214#0,2
doc1214#1,2
doc1214#2,2
doc1215#0,2
doc1215#1,2
doc1215#2,2
doc1215#3,2
doc1215#4,2
doc1215#5,2
doc1215#7,2
doc1216#0,2
doc1216#1,2
doc1216#2,2
doc1216#3,2
doc1216#4,2
doc1216#5,2
doc1216#6,2
doc1216#7,2
doc1216#8,2
doc1217#0,2
doc1217#1,2
doc1217#2,2
doc1217#3,2
doc1217#5,2
doc1217#6,2
doc1217#7,2
doc1217#8,2
doc1218#1,2
doc1218#3,2
doc1219#1,2
doc1219#10,2
doc1219#11,2
doc1219#2,2
doc1219#3,2
doc1219#4,2
doc1219#5,2
doc1219#6,2
doc1219#7,2
doc1219#8,2
doc122#0,2
doc122#2,2
doc122#3,2
doc122#4,2
doc1220#0,2
doc1220#1,2
doc1220#2,2
doc1220#3,2
doc1220#4,2
doc1220#5,2
doc1221#0,2
doc1221#2,2
doc1221#3,2
doc1221#4,2
doc1221#5,2
doc1221#6,2
doc1222#0,2
doc1222#1,2
doc1222#2,2
doc1222#3,2
doc1223#0,2
doc1223#1,2
doc1223#2,2
doc1223#3,2
doc1224#0,2
doc1224#1,2
doc1224#2,2
doc1224#4,2
doc1225#0,2
doc1225#1,2
doc1225#2,2
doc1225#4,2
doc1225#5,2
doc1225#6,2
doc1225#7,2
doc1225#8,2
doc1225#9,2
doc1226#0,2
doc1226#1,2
doc1227#1,2
doc1227#2,2
doc1227#3,2
doc1227#4,2
doc1227#5,2
doc1228#0,2
doc1228#1,2
doc1228#2,2
doc1228#3,2
doc1228#4,2
doc1228#5,2
doc1228#6,2
doc1228#7,2
doc1228#8,2
doc1228#9,2
doc1229#0,2
doc1229#1,2
doc1229#2,2
doc1229#3,2
doc1229#4,2
doc1229#5,2
doc1229#6,2
doc123#0,2
doc123#1,2
doc123#2,2
doc123#3,2
doc123#4,2
doc123#5,2
doc123#6,2
doc1230#0,2
doc1230#1,2
doc1230#2,2
doc1230#3,2
doc1231#1,2
doc1231#11,2
doc1231#13,2
doc1231#2,2
doc1231#3,2
doc1231#4,2
doc1231#5,2
doc1231#6,2
doc1231#7,2
doc1231#8,2
doc1232#0,2
doc1232#1,2
doc1232#2,2
doc1233#1,2
doc1233#2,2
doc1233#3,2
doc1233#4,2
doc1233#5,2
doc1233#6,2
doc1233#7,2
doc1234#0,2
doc1234#1,2
doc1234#2,2
doc1234#3,2
doc1234#4,2
doc1234#5,2
doc1235#0,2
doc1235#2,2
doc1235#3,2
doc1235#4,2
doc1236#0,2
doc1236#1,2
doc1236#2,2
doc1236#3,2
doc1236#5,2
doc1236#6,2
doc1236#7,2
doc1237#2,2
doc1237#4,2
doc1238#0,2
doc1238#1,2
doc1238#2,2
doc1238#3,2
doc1238#4,2
doc1238#5,2
doc1239#0,2
doc1239#1,2
doc1239#2,2
doc1239#3,2
doc1239#4,2
doc1239#5,2
doc1239#6,2
doc1239#7,2
doc1239#8,2
doc124#1,2
doc124#2,2
doc124#3,2
doc124#4,2
doc124#5,2
doc1240#0,2
doc1240#1,2
doc1240#3,2
doc1240#4,2
doc1240#5,2
doc1241#0,2
doc1241#1,2
doc1241#10,2
doc1241#2,2
doc1241#3,2
doc1241#4,2
doc1241#5,2
doc1241#6,2
doc1241#7,2
doc1241#8,2
doc1241#9,2
doc1242#0,2
doc1242#1,2
doc1242#2,2
doc1242#3,2
doc1242#4,2
doc1242#5,2
doc1242#7,2
doc1242#8,2
doc1242#9,2
doc1243#0,2
doc1243#1,2
doc1243#2,2
doc1243#3,2
doc1244#0,2
doc1244#2,2
doc1244#4,2
doc1244#5,2
doc1244#6,2
doc1245#1,2
doc1245#2,2
doc1245#3,2
doc1246#1,2
doc1246#2,2
doc1246#3,2
doc1246#4,2
doc1246#5,2
doc1247#0,2
doc1247#2,2
doc1247#4,2
doc1247#5,2
doc1247#6,2
doc1247#7,2
doc1248#1,2
doc1248#11,2
doc1248#12,2
doc1248#2,2
doc1248#3,2
doc1248#4,2
doc1248#5,2
doc1248#7,2
doc1248#8,2
doc1248#9,2
doc1249#0,2
doc1249#1,2
doc125#0,2
doc125#1,2
doc125#2,2
doc125#3,2
doc125#4,2
doc125#5,2
doc125#6,2
doc125#7,2
doc1250#0,2
doc1250#1,2
doc1250#3,2
doc1250#4,2
doc1251#0,2
doc1251#1,2
doc1251#2,2
doc1251#3,2
doc1251#4,2
doc1251#5,2
doc1251#6,2
doc1251#7,2
doc1252#0,2
doc1252#1,2
doc1252#2,2
doc1252#3,2
doc1252#4,2
doc1252#5,2
doc1253#5,2
doc1254#1,2
doc1254#2,2
doc1254#3,2
doc1255#1,2
doc1255#11,2
doc1255#12,2
doc1255#14,2
doc1255#15,2
doc1255#16,2
doc1255#17,2
doc1255#18,2
doc1255#20,2
doc1255#21,2
doc1255#22,2
doc1255#24,2
doc1255#25,2
doc1255#26,2
doc1255#27,2
doc1255#28,2
doc1255#29,2
doc1255#3,2
doc1255#30,2
doc1255#31,2
doc1255#32,2
doc1255#34,2
doc1255#35,2
doc1255#36,2
doc1255#37,2
doc1255#4,2
doc1255#5,2
doc1255#6,2
doc1255#7,2
doc1255#8,2
doc1256#2,2
doc1256#3,2
doc1256#4,2
doc1257#0,2
doc1257#1,2
doc1257#2,2
doc1257#3,2
doc1257#4,2
doc1257#5,2
doc1257#6,2
doc1257#7,2
doc1257#8,2
doc1258#1,2
doc1258#3,2
doc1258#5,2
doc1258#6,2
doc1258#7,2
doc1259#1,2
doc1259#2,2
doc1259#3,2
doc1259#4,0
doc1259#5,2
doc126#0,2
doc126#1,2
doc126#2,2
doc126#3,2
doc126#4,2
doc126#5,2
doc1260#0,2
doc1260#1,2
doc1260#2,2
doc1260#3,2
doc1260#4,2
doc1260#5,2
doc1260#6,2
doc1261#2,2
doc1262#0,2
doc1262#1,2
doc1262#2,2
doc1262#3,2
doc1263#1,2
doc1263#3,2
doc1264#0,2
doc1264#1,2
doc1264#2,2
doc1264#3,2
doc1264#4,2
doc1265#0,2
doc1265#1,2
doc1265#2,2
doc1265#3,2
doc1266#0,2
doc1266#1,2
doc1266#2,2
doc1266#3,2
doc1266#4,2
doc1266#5,2
doc1267#0,2
doc1267#1,2
doc1267#2,2
doc1267#3,2
doc1267#4,2
doc1267#5,2
doc1267#6,2
doc1268#0,2
doc1268#1,2
doc1268#2,2
doc1268#3,2
doc1268#4,2
doc1268#6,2
doc1268#8,2
doc1268#9,2
doc1269#0,0
doc1269#1,2
doc1269#2,2
doc1269#3,2
doc127#0,2
doc127#1,2
doc127#10,2
doc127#11,2
doc127#12,2
doc127#2,2
doc127#3,2
doc127#4,2
doc127#5,2
doc127#6,2
doc127#7,2
doc127#8,2
doc127#9,2
doc1270#0,2
doc1270#3,2
doc1271#0,2
doc1271#1,2
doc1271#2,2
doc1272#0,2
doc1272#1,2
doc1272#10,1
doc1272#11,2
doc1272#2,2
doc1272#3,2
doc1272#4,1
doc1272#5,2
doc1272#6,2
doc1272#7,2
doc1272#8,1
doc1273#0,2
doc1273#1,2
doc1273#2,2
doc1273#3,2
doc1273#4,2
doc1273#5,2
doc1273#6,2
doc1274#0,2
doc1274#1,2
doc1274#2,2
doc1274#3,2
doc1274#4,2
doc1274#8,2
doc1275#0,2
doc1275#1,2
doc1275#10,2
doc1275#11,2
doc1275#2,2
doc1275#3,2
doc1275#4,2
doc1275#5,2
doc1275#6,2
doc1275#7,2
doc1276#0,2
doc1276#1,2
doc1276#11,2
doc1276#2,2
doc1276#3,2
doc1276#4,2
doc1276#5,2
doc1276#6,2
doc1276#7,2
doc1276#8,2
doc1276#9,2
doc1277#0,2
doc1277#1,2
doc1277#3,2
doc1277#5,2
doc1277#6,2
doc1277#7,2
doc1278#0,2
doc1278#1,2
doc1278#10,2
doc1278#11,2
doc1278#12,2
doc1278#2,2
doc1278#4,2
doc1278#5,2
doc1278#6,2
doc1278#7,2
doc1278#8,2
doc1278#9,2
doc1279#1,2
doc1279#10,2
doc1279#11,2
doc1279#12,2
doc1279#13,2
doc1279#14,2
doc1279#15,2
doc1279#16,2
doc1279#2,2
doc1279#3,2
doc1279#4,2
doc1279#5,2
doc1279#6,2
doc1279#7,2
doc1279#8,2
doc1279#9,2
doc128#0,2
doc128#1,2
doc128#2,2
doc128#3,2
doc128#4,2
doc128#5,2
doc128#6,2
doc1280#0,2
doc1280#1,2
doc1280#2,2
doc1280#3,2
doc1281#0,2
doc1281#4,2
doc1282#0,2
doc1282#1,2
doc1282#2,2
doc1282#4,2
doc1283#0,2
doc1283#1,2
doc1283#3,2
doc1283#4,2
doc1283#5,2
doc1284#0,2
doc1284#1,2
doc1284#10,2
doc1284#2,2
doc1284#3,2
doc1284#4,2
doc1284#5,2
doc1284#6,2
doc1284#7,2
doc1284#8,2
doc1284#9,2
doc1285#0,2
doc1285#1,2
doc1285#2,2
doc1285#3,2
doc1285#4,2
doc1285#5,2
doc1285#6,2
doc1286#0,2
doc1286#1,2
doc1286#3,2
doc1287#0,2
doc1287#1,2
doc1287#2,2
doc1287#3,2
doc1287#4,2
doc1287#5,2
doc1288#0,2
doc1288#1,2
doc1288#2,2
doc1289#1,2
doc1289#2,2
doc1289#3,0
doc1289#4,0
doc1289#5,0
doc1289#6,2
doc129#0,2
doc129#1,2
doc129#10,2
doc129#11,2
doc129#12,2
doc129#2,2
doc129#3,2
doc129#4,2
doc129#5,2
doc129#6,2
doc129#7,2
doc129#8,2
doc129#9,2
doc1290#0,2
doc1290#1,2
doc1290#10,2
doc1290#2,2
doc1290#3,2
doc1290#4,2
doc1290#5,2
doc1290#6,2
doc1290#7,2
doc1290#8,2
doc1290#9,2
doc1291#1,2
doc1291#3,2
doc1292#1,2
doc1292#2,2
doc1292#3,2
doc1292#4,2
doc1292#6,2
doc1292#7,2
doc1293#0,2
doc1293#1,2
doc1293#2,2
doc1293#3,2
doc1293#4,2
doc1293#5,2
doc1293#7,2
doc1294#0,2
doc1294#1,2
doc1294#2,2
doc1294#3,2
doc1294#4,2
doc1295#0,2
doc1295#1,2
doc1295#2,2
doc1295#3,2
doc1296#0,2
doc1296#1,2
doc1296#10,2
doc1296#11,2
doc1296#2,2
doc1296#5,2
doc1296#6,2
doc1296#7,2
doc1296#8,2
doc1296#9,2
doc1297#4,2
doc1297#5,2
doc1297#6,2
doc1298#0,2
doc1298#1,2
doc1298#2,2
doc1298#3,2
doc1299#0,2
doc1299#2,2
doc1299#3,2
doc13#0,2
doc13#1,2
doc13#10,2
doc13#12,2
doc13#13,2
doc13#2,2
doc13#3,2
doc13#4,2
doc13#5,2
doc13#6,2
doc13#7,2
doc13#8,2
doc13#9,2
doc130#1,2
doc130#2,2
doc130#3,2
doc130#4,2
doc130#5,2
doc130#6,2
doc1300#0,2
doc1300#1,2
doc1300#2,2
doc1300#3,2
doc1300#4,2
doc1300#5,2
doc1300#6,2
doc1300#7,2
doc1300#8,2
doc1301#0,2
doc1301#1,2
doc1301#10,2
doc1301#2,2
doc1301#3,2
doc1301#4,2
doc1301#5,2
doc1301#6,2
doc1301#9,2
doc1302#0,2
doc1302#10,2
doc1302#2,2
doc1302#4,2
doc1302#5,2
doc1302#6,2
doc1302#7,2
doc1302#8,2
doc1302#9,2
doc1303#10,2
doc1303#12,2
doc1303#13,2
doc1303#14,2
doc1303#15,2
doc1303#16,2
doc1303#17,2
doc1303#3,2
doc1303#4,2
doc1303#5,2
doc1303#6,2
doc1303#7,2
doc1303#8,2
doc1303#9,2
doc1304#0,2
doc1304#1,2
doc1304#2,2
doc1304#3,2
doc1304#4,1
doc1304#5,2
doc1304#6,2
doc1304#7,2
doc1305#1,2
doc1305#2,2
doc1305#4,2
doc1305#5,2
doc1305#6,2
doc1305#7,2
doc1306#1,2
doc1306#2,2
doc1306#3,2
doc1306#4,2
doc1306#5,2
doc1306#6,2
doc1307#1,2
doc1307#2,2
doc1307#3,2
doc1307#4,2
doc1307#5,2
doc1307#7,2
doc1307#8,2
doc1307#9,2
doc1308#0,2
doc1308#1,2
doc1309#0,2
doc1309#1,2
doc1309#10,2
doc1309#2,2
doc1309#3,2
doc1309#4,2
doc1309#5,2
doc1309#6,2
doc1309#7,2
doc1309#8,2
doc1309#9,2
doc131#0,2
doc131#1,2
doc131#2,2
doc131#3,2
doc131#4,2
doc131#5,2
doc1310#1,2
doc1310#10,2
doc1310#11,2
doc1310#13,2
doc1310#14,2
doc1310#15,2
doc1310#16,2
doc1310#2,2
doc1310#3,2
doc1310#4,2
doc1310#5,2
doc1310#6,2
doc1310#7,2
doc1310#8,2
doc1311#1,2
doc1311#2,2
doc1311#4,2
doc1312#0,2
doc1312#1,2
doc1312#2,2
doc1312#3,2
doc1312#4,2
doc1312#5,2
doc1312#6,2
doc1312#7,2
doc1313#0,2
doc1313#1,2
doc1313#10,2
doc1313#2,2
doc1313#3,2
doc1313#4,2
doc1313#5,2
doc1313#6,2
doc1313#9,2
doc1314#0,2
doc1314#1,2
doc1314#2,2
doc1314#4,2
doc1314#5,2
doc1314#6,2
doc1315#0,2
doc1315#2,2
doc1315#3,2
doc1315#4,2
doc1316#0,2
doc1316#1,2
doc1316#2,2
doc1316#3,2
doc1316#4,2
doc1316#5,2
doc1316#6,2
doc1316#7,2
doc1316#8,2
doc1316#9,2
doc1317#0,2
doc1317#1,2
doc1317#2,2
doc1317#3,2
doc1317#4,2
doc1317#5,2
doc1317#6,2
doc1318#0,2
doc1318#1,2
doc1318#10,2
doc1318#11,2
doc1318#12,2
doc1318#13,2
doc1318#14,2
doc1318#15,2
doc1318#16,2
doc1318#17,2
doc1318#18,2
doc1318#19,2
doc1318#2,2
doc1318#20,2
doc1318#21,2
doc1318#22,2
doc1318#23,2
doc1318#24,2
doc1318#3,2
doc1318#4,2
doc1318#5,2
doc1318#6,2
doc1318#7,2
doc1318#8,2
doc1318#9,2
doc1319#0,2
doc1319#1,2
doc1319#3,2
doc1319#4,2
doc1319#5,2
doc1319#6,2
doc1319#8,2
doc1319#9,2
doc132#0,2
doc132#1,2
doc132#2,2
doc132#4,2
doc132#5,2
doc1320#0,2
doc1320#1,2
doc1321#0,2
doc1321#1,2
doc1321#2,2
doc1321#3,2
doc1321#4,2
doc1321#5,2
doc1321#6,2
doc1321#7,2
doc1322#0,2
doc1322#1,2
doc1322#2,2
doc1322#3,2
doc1322#4,2
doc1322#5,2
doc1322#6,2
doc1322#7,2
doc1323#0,2
doc1323#1,2
doc1323#2,2
doc1323#3,2
doc1323#4,2
doc1323#5,2
doc1323#7,2
doc1324#0,2
doc1324#2,2
doc1324#3,2
doc1324#4,2
doc1324#5,2
doc1324#6,2
doc1324#7,2
doc1324#8,2
doc1325#1,2
doc1325#2,2
doc1325#3,2
doc1325#4,2
doc1325#6,2
doc1325#7,2
doc1326#0,2
doc1326#1,2
doc1326#4,2
doc1326#5,2
doc1326#6,2
doc1327#0,2
doc1327#2,2
doc1327#3,2
doc1327#5,2
doc1327#6,2
doc1327#7,2
doc1327#8,2
doc1327#9,2
doc1328#0,2
doc1328#1,2
doc1328#2,2
doc1328#3,2
doc1329#0,2
doc1329#1,2
doc1329#2,2
doc1329#3,2
doc1329#4,2
doc1329#5,2
doc1329#6,2
doc133#10,2
doc133#2,2
doc133#3,2
doc133#4,2
doc133#5,2
doc133#6,2
doc133#7,2
doc133#8,2
doc133#9,2
doc1330#0,2
doc1330#1,2
doc1330#2,2
doc1330#3,2
doc1330#4,2
doc1331#0,2
doc1331#1,2
doc1331#10,2
doc1331#2,2
doc1331#3,1
doc1331#4,2
doc1331#5,2
doc1331#6,2
doc1331#7,2
doc1331#8,2
doc1331#9,2
doc1332#0,2
doc1332#1,2
doc1332#6,2
doc1332#8,2
doc1332#9,2
doc1333#1,2
doc1333#10,2
doc1333#11,2
doc1333#2,2
doc1333#3,2
doc1333#4,2
doc1333#8,2
doc1333#9,2
doc1334#0,2
doc1334#1,2
doc1334#2,2
doc1334#3,2
doc1334#4,2
doc1334#5,2
doc1334#6,2
doc1334#7,2
doc1334#8,2
doc1335#0,2
doc1335#1,2
doc1335#2,2
doc1335#3,2
doc1335#4,2
doc1335#5,2
doc1335#6,2
doc1336#0,2
doc1336#1,2
doc1336#10,2
doc1336#11,2
doc1336#12,2
doc1336#13,2
doc1336#2,2
doc1336#3,2
doc1336#4,2
doc1336#5,2
doc1336#6,2
doc1336#7,2
doc1336#8,2
doc1336#9,2
doc1337#0,2
doc1337#2,2
doc1338#0,2
doc1338#1,2
doc1338#3,2
doc1338#4,2
doc1338#5,2
doc1339#0,2
doc1339#1,2
doc1339#2,2
doc1339#4,2
doc1339#5,2
doc1339#6,2
doc1339#7,2
doc134#1,2
doc134#2,2
doc134#3,2
doc134#4,2
doc134#5,2
doc134#6,2
doc134#7,2
doc134#8,2
doc1340#0,2
doc1340#1,2
doc1340#2,2
doc1340#3,2
doc1340#4,2
doc1340#5,2
doc1341#0,2
doc1341#1,2
doc1341#2,2
doc1341#3,2
doc1341#6,2
doc1341#7,2
doc1342#1,2
doc1342#11,2
doc1342#2,2
doc1342#5,2
doc1342#6,2
doc1342#7,2
doc1343#0,2
doc1343#1,2
doc1343#2,2
doc1343#3,2
doc1343#4,2
doc1343#5,2
doc1343#6,2
doc1344#0,2
doc1344#1,2
doc1344#2,2
doc1344#3,2
doc1344#4,2
doc1344#5,2
doc1344#6,2
doc1344#7,2
doc1344#8,2
doc1345#0,2
doc1345#1,2
doc1345#2,2
doc1345#3,2
doc1345#4,2
doc1345#5,2
doc1345#6,2
doc1345#7,2
doc1345#8,2
doc1346#2,2
doc1346#3,2
doc1347#0,2
doc1347#1,2
doc1347#10,2
doc1347#11,2
doc1347#2,2
doc1347#3,2
doc1347#4,2
doc1347#5,2
doc1347#6,2
doc1347#7,2
doc1347#8,2
doc1348#0,2
doc1348#1,2
doc1348#2,2
doc1348#3,2
doc1348#4,2
doc1349#0,2
doc1349#1,2
doc1349#2,2
doc135#0,2
doc135#1,2
doc135#2,2
doc135#3,2
doc1350#0,2
doc1350#1,2
doc1350#2,2
doc1350#3,2
doc1350#4,2
doc1350#5,2
doc1350#6,2
doc1351#0,2
doc1351#1,2
doc1351#2,2
doc1351#3,2
doc1351#4,2
doc1351#5,2
doc1351#6,2
doc1352#0,2
doc1352#1,2
doc1352#2,2
doc1352#3,2
doc1352#4,2
doc1352#5,2
doc1352#6,2
doc1352#7,2
doc1353#1,2
doc1354#0,2
doc1354#1,2
doc1354#2,2
doc1355#0,2
doc1355#1,2
doc1355#10,2
doc1355#2,2
doc1355#4,2
doc1355#5,2
doc1355#8,2
doc1355#9,2
doc1356#0,2
doc1356#1,2
doc1356#10,2
doc1356#11,2
doc1356#12,2
doc1356#13,2
doc1356#14,2
doc1356#15,2
doc1356#16,2
doc1356#17,2
doc1356#18,2
doc1356#19,2
doc1356#2,2
doc1356#20,2
doc1356#21,2
doc1356#22,2
doc1356#23,2
doc1356#3,2
doc1356#4,2
doc1356#5,2
doc1356#6,2
doc1356#7,2
doc1356#8,2
doc1356#9,2
doc1357#0,2
doc1357#1,2
doc1357#2,2
doc1357#4,2
doc1357#5,2
doc1358#0,2
doc1358#1,2
doc1358#10,2
doc1358#2,2
doc1358#3,2
doc1358#4,2
doc1358#5,2
doc1358#6,2
doc1358#7,2
doc1359#0,2
doc1359#1,2
doc1359#2,2
doc1359#4,2
doc1359#5,2
doc1359#6,2
doc136#1,2
doc136#10,2
doc136#11,2
doc136#12,2
doc136#15,2
doc136#16,2
doc136#17,2
doc136#2,2
doc136#3,2
doc136#4,2
doc136#5,2
doc136#6,2
doc136#7,2
doc136#8,2
doc136#9,2
doc1360#0,2
doc1360#1,2
doc1360#2,2
doc1360#5,2
doc1361#0,2
doc1361#1,2
doc1361#10,2
doc1361#3,2
doc1361#4,2
doc1361#5,2
doc1361#6,2
doc1361#7,2
doc1361#8,2
doc1361#9,2
doc1362#0,2
doc1362#1,2
doc1362#2,2
doc1362#3,2
doc1362#4,2
doc1362#5,2
doc1362#6,2
doc1362#7,2
doc1362#8,2
doc1362#9,2
doc1363#0,2
doc1363#1,2
doc1363#10,2
doc1363#11,2
doc1363#2,2
doc1363#5,2
doc1363#6,2
doc1363#7,2
doc1363#8,2
doc1363#9,2
doc1364#0,2
doc1364#1,2
doc1364#10,2
doc1364#13,2
doc1364#14,2
doc1364#2,2
doc1364#3,2
doc1364#4,2
doc1364#6,2
doc1364#7,2
doc1364#8,0
doc1364#9,2
doc1365#0,2
doc1365#1,2
doc1365#2,2
doc1365#3,2
doc1365#4,2
doc1365#5,2
doc1365#6,2
doc1366#1,2
doc1366#2,2
doc1366#3,2
doc1366#4,2
doc1366#7,2
doc1367#0,2
doc1367#1,2
doc1367#2,2
doc1367#4,2
doc1368#0,2
doc1368#1,2
doc1368#2,2
doc1368#3,2
doc1368#4,2
doc1368#5,2
doc1369#0,2
doc1369#1,2
doc1369#2,2
doc1369#3,2
doc1369#4,2
doc1369#5,2
doc1369#7,2
doc1369#8,2
doc137#0,2
doc137#1,2
doc137#2,2
doc137#3,2
doc137#4,2
doc137#5,2
doc137#6,2
doc1371#1,2
doc1371#10,2
doc1371#2,2
doc1371#3,2
doc1371#4,2
doc1371#5,2
doc1371#7,2
doc1371#8,2
doc1371#9,2
doc1372#0,2
doc1372#1,2
doc1372#2,2
doc1372#3,2
doc1372#4,2
doc1372#5,2
doc1372#6,2
doc1372#7,2
doc1373#0,2
doc1373#1,2
doc1373#2,2
doc1373#3,2
doc1373#4,2
doc1373#6,2
doc1374#0,2
doc1375#10,2
doc1375#3,2
doc1375#4,2
doc1375#5,2
doc1375#8,2
doc1375#9,2
doc1376#0,2
doc1376#1,2
doc1376#2,2
doc1376#3,2
doc1376#4,2
doc1376#7,2
doc1377#1,2
doc1377#2,2
doc1377#3,2
doc1377#4,2
doc1378#0,2
doc1378#1,2
doc1378#2,2
doc1378#4,2
doc1379#0,2
doc1379#3,2
doc1379#4,2
doc138#0,2
doc138#1,2
doc138#5,2
doc138#6,2
doc1380#0,2
doc1380#1,2
doc1380#2,2
doc1380#3,2
doc1381#0,2
doc1381#1,2
doc1381#10,2
doc1381#11,2
doc1381#12,2
doc1381#13,2
doc1381#14,2
doc1381#15,2
doc1381#3,2
doc1381#4,2
doc1381#5,2
doc1381#6,2
doc1381#7,2
doc1381#8,2
doc1382#0,2
doc1382#1,2
doc1382#2,2
doc1382#3,2
doc1382#4,2
doc1382#5,2
doc1382#6,2
doc1382#7,2
doc1383#0,2
doc1383#1,2
doc1383#4,2
doc1383#6,2
doc1383#7,2
doc1383#8,2
doc1384#2,2
doc1385#0,2
doc1385#1,2
doc1386#1,2
doc1386#2,2
doc1386#3,2
doc1386#4,2
doc1386#5,2
doc1386#6,2
doc1386#7,2
doc1386#8,2
doc1386#9,2
doc1387#1,2
doc1387#10,2
doc1387#11,2
doc1387#14,2
doc1387#15,2
doc1387#16,2
doc1387#17,2
doc1387#18,2
doc1387#19,2
doc1387#2,2
doc1387#3,2
doc1387#4,2
doc1387#5,2
doc1387#6,2
doc1387#7,2
doc1387#8,2
doc1387#9,2
doc1388#0,2
doc1388#1,2
doc1388#2,2
doc1388#3,2
doc1388#4,2
doc1388#5,2
doc1388#6,2
doc1389#2,2
doc1389#3,2
doc139#0,2
doc139#1,2
doc139#10,2
doc139#11,2
doc139#12,2
doc139#2,2
doc139#3,2
doc139#4,2
doc139#6,2
doc139#7,2
doc139#8,2
doc139#9,2
doc1390#1,2
doc1390#2,2
doc1390#3,2
doc1390#4,2
doc1390#5,2
doc1391#1,2
doc1391#3,2
doc1391#4,2
doc1391#5,2
doc1391#6,2
doc1392#0,2
doc1392#1,2
doc1392#2,2
doc1392#3,2
doc1392#4,2
doc1392#5,2
doc1393#0,2
doc1393#1,2
doc1393#2,2
doc1393#3,2
doc1393#4,2
doc1393#5,2
doc1393#6,2
doc1393#7,2
doc1394#0,2
doc1394#1,2
doc1394#2,2
doc1395#1,2
doc1395#2,2
doc1395#3,2
doc1395#4,2
doc1395#5,2
doc1396#0,2
doc1396#1,2
doc1396#2,2
doc1396#4,2
doc1396#6,2
doc1397#0,2
doc1397#1,2
doc1397#2,2
doc1397#3,2
doc1397#5,2
doc1398#0,2
doc1398#1,2
doc1398#2,2
doc1398#3,2
doc1398#4,2
doc1398#5,2
doc1399#0,2
doc1399#1,2
doc1399#10,2
doc1399#2,2
doc1399#3,2
doc1399#4,2
doc1399#5,2
doc1399#6,2
doc1399#7,2
doc1399#8,2
doc1399#9,2
doc14#0,2
doc14#1,2
doc14#11,2
doc14#12,2
doc14#13,2
doc14#14,2
doc14#2,2
doc14#4,2
doc14#5,2
doc14#6,2
doc14#7,2
doc14#8,2
doc140#0,2
doc140#1,2
doc140#2,2
doc140#3,2
doc140#4,2
doc140#5,2
doc140#6,2
doc140#7,2
doc1400#1,2
doc1400#2,2
doc1400#3,2
doc1400#4,2
doc1401#1,2
doc1401#2,2
doc1402#1,2
doc1403#0,2
doc1403#1,2
doc1403#3,2
doc1403#4,2
doc1403#5,2
doc1403#6,2
doc1403#7,2
doc1404#0,2
doc1404#1,2
doc1405#0,2
doc1405#1,2
doc1405#2,2
doc1405#3,2
doc1405#4,2
doc1405#5,2
doc1406#1,2
doc1406#10,2
doc1406#2,2
doc1406#3,2
doc1406#4,2
doc1406#5,2
doc1406#6,2
doc1406#7,2
doc1406#8,2
doc1406#9,2
doc1407#0,2
doc1407#1,2
doc1407#2,2
doc1407#3,2
doc1407#4,2
doc1407#5,2
doc1407#6,2
doc1407#7,2
doc1408#1,2
doc1408#10,2
doc1408#11,2
doc1408#12,2
doc1408#13,2
doc1408#14,2
doc1408#15,2
doc1408#17,2
doc1408#2,2
doc1408#3,2
doc1408#4,2
doc1408#5,2
doc1408#6,2
doc1408#7,2
doc1408#8,2
doc1408#9,2
doc1409#11,2
doc1409#4,2
doc1409#5,2
doc1409#6,2
doc1409#7,2
doc1409#8,2
doc1409#9,2
doc141#0,2
doc141#1,2
doc141#2,2
doc141#3,2
doc141#4,2
doc141#5,2
doc141#7,2
doc1410#0,2
doc1410#1,2
doc1410#3,2
doc1411#0,2
doc1411#2,2
doc1411#3,2
doc1411#5,2
doc1412#1,2
doc1412#10,2
doc1412#2,2
doc1412#3,2
doc1412#6,2
doc1412#7,2
doc1412#8,2
doc1412#9,0
doc1413#0,2
doc1413#1,2
doc1413#10,2
doc1413#2,2
doc1413#3,2
doc1413#4,2
doc1413#5,2
doc1413#6,2
doc1413#7,2
doc1413#8,2
doc1413#9,2
doc1414#1,2
doc1414#2,2
doc1414#3,2
doc1414#4,2
doc1414#5,2
doc1414#6,2
doc1415#0,2
doc1415#1,2
doc1415#2,2
doc1415#3,2
doc1415#4,2
doc1416#1,2
doc1416#10,2
doc1416#11,2
doc1416#2,2
doc1416#4,2
doc1416#6,2
doc1416#7,2
doc1416#8,2
doc1416#9,2
doc1417#0,2
doc1417#1,2
doc1417#2,2
doc1417#3,2
doc1417#4,2
doc1417#5,2
doc1418#1,2
doc1418#2,2
doc1418#3,2
doc1418#4,2
doc1419#2,2
doc1419#3,2
doc1419#4,2
doc142#0,2
doc142#1,2
doc1420#0,2
doc1420#1,2
doc1420#2,2
doc1420#3,2
doc1420#4,2
doc1420#6,2
doc1420#7,2
doc1421#0,2
doc1421#1,2
doc1421#10,2
doc1421#11,1
doc1421#2,2
doc1421#3,2
doc1421#4,2
doc1421#5,2
doc1421#6,2
doc1421#7,2
doc1421#8,2
doc1421#9,2
doc1422#0,2
doc1422#1,2
doc1422#2,2
doc1422#3,2
doc1422#4,2
doc1422#6,2
doc1423#0,2
doc1423#1,2
doc1423#10,2
doc1423#2,2
doc1423#3,2
doc1423#4,2
doc1423#5,2
doc1423#6,2
doc1423#7,2
doc1423#8,2
doc1423#9,2
doc1424#0,2
doc1424#1,2
doc1424#2,2
doc1425#0,2
doc1425#1,2
doc1425#2,2
doc1426#0,2
doc1426#1,2
doc1426#2,2
doc1426#3,2
doc1427#0,2
doc1427#1,2
doc1427#2,2
doc1427#3,2
doc1427#4,2
doc1427#5,2
doc1427#6,2
doc1427#7,2
doc1428#1,2
doc1428#2,2
doc1428#4,2
doc1429#0,2
doc1429#1,2
doc1429#2,2
doc1429#3,2
doc1429#4,2
doc1429#5,2
doc1429#6,2
doc1429#7,2
doc1429#8,2
doc1429#9,2
doc143#0,2
doc143#1,2
doc143#10,2
doc143#11,2
doc143#12,2
doc143#13,2
doc143#15,2
doc143#2,2
doc143#3,2
doc143#6,2
doc143#7,2
doc143#8,2
doc143#9,2
doc1430#0,2
doc1430#1,2
doc1430#2,2
doc1430#4,2
doc1430#5,2
doc1431#0,2
doc1431#1,2
doc1431#2,2
doc1431#3,2
doc1431#4,2
doc1431#5,2
doc1431#6,2
doc1431#7,2
doc1431#8,2
doc1432#0,2
doc1432#1,2
doc1432#2,2
doc1432#3,2
doc1432#4,2
doc1432#5,2
doc1432#6,2
doc1432#7,2
doc1432#8,2
doc1432#9,2
doc1433#0,2
doc1433#1,2
doc1433#10,2
doc1433#11,2
doc1433#12,2
doc1433#15,2
doc1433#16,2
doc1433#3,2
doc1433#6,2
doc1433#7,2
doc1433#8,2
doc1434#0,2
doc1434#1,2
doc1434#2,2
doc1434#4,2
doc1434#7,2
doc1435#10,2
doc1435#2,2
doc1435#3,2
doc1435#8,2
doc1436#1,2
doc1436#3,2
doc1436#4,2
doc1437#1,2
doc1437#2,2
doc1437#3,2
doc1437#4,2
doc1438#0,2
doc1438#1,2
doc1438#3,2
doc1438#4,0
doc1438#5,2
doc1438#6,2
doc1439#1,2
doc1439#10,2
doc1439#2,2
doc1439#3,2
doc1439#4,2
doc1439#5,2
doc1439#6,2
doc144#0,2
doc144#1,2
doc144#10,2
doc144#11,2
doc144#12,2
doc144#13,2
doc144#14,2
doc144#15,2
doc144#16,2
doc144#17,2
doc144#18,2
doc144#19,2
doc144#2,2
doc144#20,2
doc144#3,2
doc144#4,2
doc144#5,2
doc144#6,2
doc144#7,2
doc144#8,2
doc144#9,2
doc1440#0,2
doc1440#1,2
doc1440#2,2
doc1440#3,2
doc1440#4,2
doc1441#0,2
doc1441#10,2
doc1441#2,2
doc1441#3,2
doc1441#5,2
doc1441#6,2
doc1441#7,2
doc1441#8,2
doc1442#0,2
doc1442#2,2
doc1443#0,2
doc1443#1,2
doc1443#10,2
doc1443#11,2
doc1443#12,2
doc1443#14,2
doc1443#2,2
doc1443#3,2
doc1443#4,2
doc1443#5,2
doc1443#6,2
doc1443#7,2
doc1443#8,2
doc1443#9,2
doc1444#1,2
doc1444#2,2
doc1444#3,2
doc1445#1,2
doc1445#2,2
doc1445#3,2
doc1445#4,2
doc1445#5,2
doc1445#6,2
doc1445#8,2
doc1446#0,2
doc1446#1,2
doc1446#2,2
doc1446#3,2
doc1446#4,2
doc1446#5,2
doc1446#7,2
doc1447#0,2
doc1447#1,2
doc1447#10,2
doc1447#11,2
doc1447#12,2
doc1447#13,2
doc1447#5,2
doc1448#11,2
doc1448#13,2
doc1448#2,2
doc1448#3,2
doc1448#5,2
doc1448#7,2
doc1448#8,2
doc1449#0,2
doc1449#1,2
doc1449#2,2
doc1449#3,2
doc1449#4,2
doc1449#5,2
doc1449#6,2
doc145#2,2
doc145#3,2
doc145#4,2
doc1450#0,2
doc1450#1,2
doc1450#2,2
doc1450#3,2
doc1451#1,2
doc1451#2,2
doc1451#4,2
doc1452#0,2
doc1452#1,2
doc1452#10,2
doc1452#11,2
doc1452#2,2
doc1452#3,2
doc1452#4,2
doc1452#5,2
doc1452#7,2
doc1452#8,2
doc1452#9,2
doc1453#0,2
doc1453#1,2
doc1453#2,2
doc1453#3,2
doc1453#4,2
doc1454#0,2
doc1454#1,2
doc1454#3,2
doc1454#4,2
doc1455#10,2
doc1455#11,2
doc1455#13,2
doc1455#2,2
doc1455#3,2
doc1455#4,2
doc1455#8,2
doc1455#9,2
doc1456#0,2
doc1456#1,2
doc1456#2,2
doc1456#3,2
doc1456#4,2
doc1456#5,2
doc1457#0,2
doc1457#1,2
doc1457#2,2
doc1457#5,2
doc1458#0,2
doc1458#1,2
doc1458#10,2
doc1458#12,2
doc1458#13,2
doc1458#15,2
doc1458#2,2
doc1458#3,2
doc1458#4,2
doc1458#6,2
doc1458#7,2
doc1458#8,2
doc1458#9,2
doc1459#0,2
doc1459#1,2
doc1459#2,2
doc1459#3,2
doc1459#5,2
doc1459#7,2
doc1459#8,2
doc1459#9,2
doc146#0,2
doc146#2,2
doc146#3,2
doc146#4,2
doc146#5,2
doc146#6,2
doc146#7,2
doc1460#0,2
doc1460#1,2
doc1460#2,2
doc1461#0,2
doc1461#1,2
doc1461#10,2
doc1461#11,2
doc1461#12,2
doc1461#13,2
doc1461#14,2
doc1461#15,2
doc1461#16,2
doc1461#17,2
doc1461#18,2
doc1461#19,2
doc1461#2,2
doc1461#20,2
doc1461#21,2
doc1461#22,2
doc1461#23,2
doc1461#24,2
doc1461#25,2
doc1461#26,2
doc1461#3,2
doc1461#4,2
doc1461#5,2
doc1461#6,2
doc1461#7,2
doc1461#8,2
doc1461#9,2
doc1462#0,2
doc1462#2,2
doc1462#3,2
doc1462#4,2
doc1463#0,2
doc1463#1,2
doc1463#2,2
doc1463#3,2
doc1464#1,2
doc1464#2,2
doc1464#3,2
doc1465#0,2
doc1465#1,2
doc1465#10,2
doc1465#11,2
doc1465#2,2
doc1465#3,2
doc1465#4,2
doc1465#5,2
doc1465#6,2
doc1465#8,2
doc1465#9,2
doc1466#1,2
doc1466#2,2
doc1467#0,2
doc1467#1,2
doc1467#10,2
doc1467#11,2
doc1467#2,2
doc1467#4,2
doc1467#5,2
doc1467#8,2
doc1467#9,2
doc1468#0,2
doc1468#1,2
doc1468#2,2
doc1468#3,2
doc1468#4,2
doc1468#5,2
doc1468#6,2
doc1468#7,2
doc1468#8,2
doc1469#0,2
doc1469#1,2
doc1469#2,2
doc147#0,2
doc147#1,2
doc147#2,2
doc147#4,2
doc1470#0,2
doc1470#1,2
doc1470#10,2
doc1470#14,2
doc1470#15,2
doc1471#0,2
doc1471#1,2
doc1471#10,2
doc1471#11,2
doc1471#12,2
doc1471#13,2
doc1471#14,2
doc1471#15,2
doc1471#16,2
doc1471#17,2
doc1471#18,2
doc1471#19,2
doc1471#2,2
doc1471#3,2
doc1471#4,2
doc1471#5,2
doc1471#6,2
doc1471#7,2
doc1471#8,2
doc1471#9,2
doc1472#0,2
doc1472#1,2
doc1472#2,2
doc1472#3,2
doc1472#4,2
doc1473#0,2
doc1473#2,2
doc1473#3,2
doc1473#4,2
doc1473#5,2
doc1474#0,2
doc1474#1,2
doc1474#2,2
doc1474#3,2
doc1474#4,2
doc1474#5,2
doc1474#6,2
doc1475#0,2
doc1475#1,2
doc1475#2,2
doc1475#3,2
doc1475#4,2
doc1476#1,2
doc1476#10,2
doc1476#11,2
doc1476#12,2
doc1476#13,2
doc1476#14,2
doc1476#15,2
doc1476#16,2
doc1476#17,2
doc1476#18,2
doc1476#19,2
doc1476#2,2
doc1476#20,2
doc1476#3,2
doc1476#4,2
doc1476#7,2
doc1476#8,2
doc1476#9,2
doc1477#0,2
doc1477#1,2
doc1477#2,2
doc1477#3,2
doc1477#4,2
doc1478#0,2
doc1478#1,2
doc1479#0,2
doc1479#1,2
doc1479#2,2
doc1479#4,2
doc1479#5,2
doc148#0,2
doc148#1,2
doc148#2,2
doc148#3,2
doc148#4,2
doc148#5,2
doc1480#0,2
doc1480#1,2
doc1480#10,2
doc1480#11,2
doc1480#2,2
doc1480#3,2
doc1480#4,2
doc1480#5,2
doc1480#6,2
doc1480#7,2
doc1480#8,2
doc1480#9,2
doc1481#0,2
doc1481#1,2
doc1481#2,2
doc1481#3,2
doc1482#0,2
doc1482#3,2
doc1482#4,2
doc1482#8,2
doc1483#1,2
doc1483#2,2
doc1483#6,2
doc1484#0,2
doc1484#1,2
doc1484#2,2
doc1485#2,2
doc1485#3,2
doc1485#5,2
doc1485#7,2
doc1486#1,2
doc1486#10,2
doc1486#11,2
doc1486#2,2
doc1486#3,2
doc1486#4,2
doc1486#5,2
doc1486#6,2
doc1486#7,2
doc1486#8,2
doc1486#9,2
doc1487#1,2
doc1487#2,2
doc1487#4,2
doc1487#5,2
doc1487#6,2
doc1487#8,2
doc1488#0,2
doc1488#2,2
doc1488#3,2
doc1488#4,2
doc1489#1,2
doc1489#3,2
doc1489#4,2
doc149#0,2
doc149#1,2
doc149#2,2
doc149#3,2
doc149#4,2
doc149#5,2
doc149#6,2
doc149#7,2
doc1490#1,2
doc1490#10,2
doc1490#11,2
doc1490#2,2
doc1490#3,2
doc1490#4,2
doc1490#5,2
doc1490#6,2
doc1490#7,2
doc1490#8,2
doc1490#9,2
doc1491#0,2
doc1491#2,2
doc1491#3,2
doc1491#4,2
doc1491#5,2
doc1491#6,2
doc1492#0,2
doc1492#1,2
doc1492#2,2
doc1492#3,2
doc1492#4,2
doc1492#5,2
doc1493#0,2
doc1493#1,2
doc1493#2,2
doc1493#3,2
doc1494#0,2
doc1494#1,2
doc1494#2,2
doc1494#3,2
doc1494#4,2
doc1494#5,2
doc1495#1,2
doc1495#2,2
doc1495#3,2
doc1495#4,2
doc1496#1,2
doc1496#10,2
doc1496#11,2
doc1496#14,2
doc1496#15,2
doc1496#16,2
doc1496#2,2
doc1496#4,2
doc1496#5,2
doc1496#7,2
doc1496#8,2
doc1496#9,2
doc1497#1,2
doc1497#2,2
doc1497#4,2
doc1497#5,2
doc1497#6,2
doc1498#0,2
doc1498#1,2
doc1498#2,2
doc1498#4,2
doc1498#5,2
doc1498#6,2
doc1499#0,2
doc1499#1,2
doc1499#2,2
doc1499#3,2
doc1499#4,2
doc1499#5,2
doc1499#6,2
doc1499#7,2
doc1499#8,2
doc15#0,2
doc15#1,2
doc15#2,2
doc15#3,2
doc15#5,2
doc15#6,2
doc150#0,2
doc150#1,2
doc150#2,2
doc150#3,2
doc150#4,2
doc150#5,2
doc1500#0,2
doc1500#1,2
doc1500#2,2
doc1500#3,2
doc1500#5,2
doc1501#0,2
doc1501#1,2
doc1501#2,2
doc1501#3,2
doc1501#4,2
doc1501#5,2
doc1501#6,2
doc1502#0,2
doc1502#1,2
doc1502#2,2
doc1502#3,2
doc1502#4,2
doc1502#5,2
doc1503#0,2
doc1503#1,2
doc1503#2,2
doc1503#3,2
doc1503#4,2
doc1503#5,2
doc1504#0,2
doc1504#1,2
doc1504#10,2
doc1504#2,2
doc1504#3,2
doc1504#4,2
doc1504#5,2
doc1504#6,2
doc1504#7,2
doc1504#8,2
doc1504#9,2
doc1505#1,2
doc1505#2,2
doc1506#0,2
doc1506#1,2
doc1506#2,2
doc1506#3,2
doc1506#4,2
doc1506#5,2
doc1506#6,2
doc1507#0,2
doc1507#1,2
doc1507#11,2
doc1507#12,2
doc1507#2,2
doc1507#3,2
doc1507#4,2
doc1507#5,2
doc1507#7,2
doc1507#8,2
doc1507#9,2
doc1508#0,2
doc1508#1,2
doc1508#2,2
doc1508#4,2
doc1508#5,2
doc1508#6,2
doc1509#0,2
doc1509#2,2
doc1509#3,2
doc1509#5,2
doc151#0,2
doc151#1,2
doc151#2,2
doc1510#0,2
doc1510#1,2
doc1511#1,2
doc1511#2,2
doc1511#3,2
doc1511#4,2
doc1511#6,2
doc1511#7,2
doc1512#0,0
doc1512#1,2
doc1512#2,2
doc1512#4,2
doc1512#5,2
doc1513#0,2
doc1513#1,2
doc1513#2,2
doc1513#3,2
doc1514#0,2
doc1514#1,2
doc1514#10,2
doc1514#2,2
doc1514#4,2
doc1514#5,2
doc1514#6,2
doc1514#7,2
doc1514#8,2
doc1514#9,2
doc1515#0,2
doc1515#1,2
doc1515#3,2
doc1515#4,2
doc1516#0,2
doc1516#15,2
doc1516#16,2
doc1516#17,2
doc1516#3,2
doc1516#8,2
doc1517#0,2
doc1517#1,2
doc1518#3,2
doc1519#1,2
doc1519#4,2
doc1519#5,2
doc1519#6,2
doc152#0,2
doc152#2,2
doc152#3,2
doc152#4,2
doc1520#0,2
doc1520#1,2
doc1520#2,2
doc1520#3,2
doc1520#4,2
doc1520#5,2
doc1520#6,2
doc1520#7,2
doc1521#0,2
doc1521#1,2
doc1521#2,2
doc1521#3,2
doc1521#4,2
doc1522#0,2
doc1522#1,2
doc1522#2,2
doc1522#3,2
doc1522#4,2
doc1523#0,2
doc1523#1,2
doc1524#0,2
doc1524#1,2
doc1524#10,2
doc1524#2,2
doc1524#3,2
doc1524#4,2
doc1524#5,2
doc1524#7,2
doc1524#8,2
doc1524#9,2
doc1525#1,2
doc1525#11,2
doc1525#12,2
doc1525#13,2
doc1525#2,2
doc1525#3,2
doc1525#9,2
doc1526#0,2
doc1526#1,2
doc1526#10,2
doc1526#11,2
doc1526#12,2
doc1526#14,2
doc1526#2,2
doc1526#3,2
doc1526#4,2
doc1526#5,2
doc1526#6,2
doc1526#7,2
doc1526#8,2
doc1526#9,2
doc1527#0,2
doc1527#1,2
doc1527#2,2
doc1527#3,2
doc1527#4,2
doc1527#5,2
doc1527#6,2
doc1528#1,2
doc1528#2,2
doc1528#3,2
doc1528#4,2
doc1528#5,2
doc1528#6,2
doc1528#7,2
doc1528#8,2
doc1528#9,2
doc1529#0,2
doc1529#1,2
doc1529#2,2
doc1529#3,2
doc153#0,2
doc153#2,2
doc153#3,2
doc1530#0,2
doc1530#1,2
doc1531#1,2
doc1531#2,2
doc1531#3,2
doc1531#4,2
doc1531#6,2
doc1531#7,2
doc1532#0,2
doc1532#1,2
doc1532#10,2
doc1532#2,2
doc1532#4,2
doc1532#5,2
doc1532#6,2
doc1532#7,2
doc1532#8,2
doc1532#9,2
doc1533#1,2
doc1533#2,2
doc1533#3,2
doc1534#0,2
doc1534#1,2
doc1534#2,2
doc1534#3,2
doc1534#4,2
doc1535#0,2
doc1535#1,2
doc1535#11,2
doc1535#13,2
doc1535#14,2
doc1535#15,2
doc1535#2,2
doc1535#3,2
doc1535#4,2
doc1535#6,2
doc1535#9,2
doc1536#0,2
doc1536#3,2
doc1537#0,2
doc1537#1,2
doc1537#2,2
doc1537#3,2
doc1537#4,2
doc1537#5,2
doc1537#6,2
doc1537#7,2
doc1537#8,2
doc1538#0,2
doc1538#1,2
doc1538#2,2
doc1538#3,2
doc1539#0,2
doc1539#1,2
doc1539#2,2
doc1539#3,2
doc1539#4,2
doc1539#5,2
doc154#1,2
doc154#10,2
doc154#2,2
doc154#3,2
doc154#4,2
doc154#7,2
doc1540#0,2
doc1540#2,2
doc1540#8,2
doc1541#1,2
doc1541#3,2
doc1541#4,2
doc1541#5,2
doc1541#6,2
doc1542#0,2
doc1542#1,2
doc1542#2,2
doc1542#3,2
doc1542#4,2
doc1542#5,2
doc1542#6,2
doc1543#1,2
doc1543#10,2
doc1543#11,2
doc1543#12,2
doc1543#13,2
doc1543#15,2
doc1543#16,2
doc1543#17,2
doc1543#20,2
doc1543#21,2
doc1543#24,2
doc1543#25,2
doc1543#26,2
doc1543#27,2
doc1543#3,2
doc1543#4,2
doc1543#5,2
doc1543#7,2
doc1543#8,2
doc1543#9,2
doc1544#0,2
doc1544#1,2
doc1544#2,2
doc1544#3,2
doc1545#0,2
doc1545#2,2
doc1545#4,2
doc1546#0,2
doc1546#1,2
doc1546#2,2
doc1546#3,2
doc1546#5,2
doc1546#6,2
doc1546#7,2
doc1546#8,2
doc1547#0,2
doc1547#1,2
doc1547#2,2
doc1547#3,2
doc1547#4,2
doc1547#5,2
doc1547#6,2
doc1548#0,2
doc1548#1,2
doc1548#2,2
doc1548#3,2
doc1549#1,2
doc1549#3,2
doc1549#6,2
doc155#0,2
doc155#10,2
doc155#13,2
doc155#3,2
doc155#5,2
doc155#8,2
doc1550#0,2
doc1550#1,2
doc1550#2,2
doc1551#0,2
doc1551#1,2
doc1551#2,2
doc1551#4,2
doc1551#5,2
doc1552#0,2
doc1552#1,2
doc1552#3,2
doc1552#4,2
doc1552#5,2
doc1552#6,2
doc1552#7,2
doc1552#8,2
doc1553#1,2
doc1553#2,2
doc1553#4,2
doc1554#0,2
doc1554#1,2
doc1554#2,2
doc1554#3,2
doc1554#4,2
doc1554#5,2
doc1554#6,2
doc1554#7,2
doc1554#8,2
doc1555#0,2
doc1555#1,2
doc1555#2,2
doc1555#3,2
doc1555#4,2
doc1555#6,2
doc1556#1,2
doc1556#12,2
doc1556#14,2
doc1556#2,2
doc1556#3,2
doc1557#0,2
doc1557#1,2
doc1557#2,2
doc1557#3,2
doc1557#4,2
doc1558#0,2
doc1558#1,2
doc1558#2,2
doc1558#3,2
doc1558#4,2
doc1558#5,2
doc1558#6,2
doc1559#0,2
doc1559#1,2
doc1559#2,2
doc1559#3,2
doc1559#4,2
doc1559#6,2
doc1559#7,2
doc156#0,2
doc156#1,2
doc156#3,2
doc156#4,2
doc156#5,2
doc156#6,2
doc1560#0,2
doc1560#1,2
doc1560#2,2
doc1560#3,2
doc1560#4,2
doc1560#5,2
doc1561#0,2
doc1561#2,2
doc1561#4,2
doc1561#5,2
doc1561#6,2
doc1562#10,2
doc1562#2,2
doc1562#3,2
doc1562#4,2
doc1562#5,2
doc1562#6,2
doc1562#7,2
doc1562#8,2
doc1562#9,2
doc1563#0,2
doc1563#1,2
doc1563#2,2
doc1563#3,2
doc1564#1,2
doc1564#12,2
doc1564#13,2
doc1564#4,2
doc1564#6,2
doc1564#7,2
doc1564#9,2
doc1565#4,2
doc1565#5,2
doc1565#6,2
doc1565#7,2
doc1565#8,2
doc1565#9,2
doc1566#1,2
doc1566#2,2
doc1566#3,2
doc1566#4,2
doc1566#5,2
doc1566#6,2
doc1566#7,2
doc1566#8,2
doc1567#0,2
doc1567#1,2
doc1567#2,2
doc1567#3,2
doc1567#4,2
doc1568#0,2
doc1568#1,2
doc1568#2,2
doc1569#1,2
doc1569#2,2
doc1569#3,2
doc1569#4,2
doc1569#5,2
doc157#11,2
doc157#12,2
doc157#13,2
doc157#14,2
doc157#17,2
doc157#18,2
doc157#19,2
doc157#2,2
doc157#20,2
doc157#21,2
doc157#3,2
doc157#5,2
doc157#6,2
doc1570#1,2
doc1570#7,2
doc1571#0,2
doc1571#1,2
doc1571#2,2
doc1571#3,2
doc1572#0,2
doc1572#1,2
doc1572#10,2
doc1572#11,2
doc1572#12,2
doc1572#13,2
doc1572#14,2
doc1572#15,2
doc1572#16,2
doc1572#17,2
doc1572#18,2
doc1572#19,2
doc1572#2,2
doc1572#20,2
doc1572#21,2
doc1572#3,2
doc1572#4,2
doc1572#6,2
doc1572#7,2
doc1572#8,2
doc1572#9,2
doc1573#0,2
doc1573#1,2
doc1573#2,2
doc1573#4,2
doc1574#1,2
doc1574#2,2
doc1574#3,2
doc1574#4,2
doc1574#5,2
doc1575#0,2
doc1575#1,2
doc1575#10,2
doc1575#11,2
doc1575#12,2
doc1575#13,2
doc1575#14,2
doc1575#15,2
doc1575#16,2
doc1575#17,2
doc1575#2,2
doc1575#3,2
doc1575#5,2
doc1575#6,2
doc1575#7,2
doc1575#8,2
doc1575#9,2
doc1576#1,2
doc1576#10,2
doc1576#2,2
doc1576#3,2
doc1576#4,2
doc1576#6,2
doc1576#7,2
doc1576#8,2
doc1577#10,2
doc1577#11,2
doc1577#13,2
doc1577#14,2
doc1577#15,2
doc1577#16,2
doc1577#17,2
doc1577#18,2
doc1577#2,2
doc1577#3,2
doc1577#4,2
doc1577#5,2
doc1577#6,2
doc1577#7,2
doc1577#8,2
doc1577#9,2
doc1578#0,2
doc1578#1,2
doc1578#2,2
doc1578#3,2
doc1578#4,2
doc1578#5,2
doc1578#6,2
doc1578#7,2
doc1578#8,2
doc1579#0,2
doc1579#1,2
doc1579#2,2
doc1579#3,2
doc1579#6,2
doc158#1,2
doc158#2,2
doc158#3,2
doc158#4,2
doc1580#2,2
doc1580#3,2
doc1580#5,2
doc1580#6,2
doc1581#0,2
doc1581#1,2
doc1581#6,2
doc1581#7,2
doc1582#0,2
doc1582#1,2
doc1582#2,2
doc1582#3,2
doc1582#4,2
doc1583#0,2
doc1583#2,2
doc1583#3,2
doc1583#4,2
doc1583#5,2
doc1584#10,2
doc1584#11,2
doc1584#12,2
doc1584#13,2
doc1584#2,2
doc1584#3,2
doc1585#0,2
doc1585#1,2
doc1585#2,2
doc1585#3,2
doc1585#4,2
doc1586#0,2
doc1586#1,2
doc1586#2,2
doc1586#3,2
doc1586#4,2
doc1587#0,2
doc1587#4,2
doc1587#5,2
doc1587#6,2
doc1588#0,2
doc1588#1,2
doc1588#3,2
doc1588#4,2
doc1589#0,2
doc1589#1,2
doc1589#2,2
doc1589#3,2
doc1589#4,2
doc159#0,2
doc159#1,2
doc159#2,2
doc159#3,2
doc159#4,2
doc159#5,2
doc159#6,2
doc159#7,2
doc1590#1,2
doc1590#2,2
doc1590#3,2
doc1590#4,2
doc1590#5,2
doc1590#6,2
doc1590#7,2
doc1590#8,2
doc1590#9,2
doc1591#2,2
doc1591#3,2
doc1591#4,2
doc1591#5,2
doc1591#6,2
doc1591#8,2
doc1592#0,2
doc1592#1,2
doc1592#2,2
doc1592#4,2
doc1593#0,2
doc1593#2,2
doc1593#3,2
doc1593#4,2
doc1594#0,2
doc1594#1,2
doc1594#2,2
doc1594#3,2
doc1594#4,2
doc1594#5,2
doc1594#6,2
doc1594#7,2
doc1595#1,2
doc1595#2,2
doc1595#3,2
doc1596#0,2
doc1596#1,2
doc1596#2,2
doc1596#3,2
doc1596#4,2
doc1597#0,2
doc1597#2,2
doc1597#4,2
doc1597#5,2
doc1598#0,2
doc1598#1,2
doc1598#2,2
doc1599#0,2
doc1599#1,2
doc1599#2,2
doc1599#3,2
doc1599#4,2
doc1599#5,2
doc16#0,2
doc16#1,2
doc16#2,2
doc16#3,2
doc16#4,2
doc16#5,2
doc160#0,2
doc160#1,2
doc160#2,2
doc160#3,2
doc160#4,2
doc160#5,2
doc1600#0,2
doc1600#1,2
doc1600#2,2
doc1600#3,2
doc1600#4,2
doc1600#5,2
doc1601#0,2
doc1601#1,2
doc1601#2,2
doc1602#0,2
doc1602#1,2
doc1602#2,2
doc1602#3,2
doc1602#4,2
doc1602#5,2
doc1602#6,2
doc1603#0,2
doc1603#1,2
doc1603#2,2
doc1603#3,2
doc1604#1,2
doc1604#2,2
doc1604#3,2
doc1605#0,2
doc1605#1,2
doc1605#2,2
doc1605#3,2
doc1605#4,2
doc1606#0,2
doc1606#1,2
doc1606#3,2
doc1607#1,2
doc1607#2,2
doc1608#0,2
doc1608#3,2
doc1608#6,2
doc1608#7,2
doc1609#0,2
doc1609#1,2
doc1609#10,2
doc1609#11,2
doc1609#12,2
doc1609#13,2
doc1609#14,2
doc1609#2,2
doc1609#3,2
doc1609#4,2
doc1609#5,2
doc1609#6,2
doc1609#7,2
doc1609#8,2
doc1609#9,2
doc161#0,2
doc161#1,2
doc161#2,2
doc161#3,2
doc161#4,2
doc161#5,2
doc161#6,2
doc161#7,2
doc1610#0,2
doc1610#1,2
doc1610#2,2
doc1610#3,2
doc1610#4,2
doc1610#5,2
doc1610#6,2
doc1610#7,2
doc1611#0,2
doc1611#1,2
doc1611#2,2
doc1611#3,2
doc1612#0,2
doc1612#1,2
doc1612#2,2
doc1613#0,2
doc1613#1,2
doc1613#2,2
doc1613#3,2
doc1613#4,2
doc1613#5,2
doc1614#1,2
doc1614#2,2
doc1614#3,2
doc1614#4,2
doc1614#6,2
doc1614#7,2
doc1614#8,2
doc1614#9,2
doc1615#0,2
doc1615#1,2
doc1615#3,2
doc1616#0,2
doc1616#11,2
doc1616#12,2
doc1616#14,2
doc1616#2,2
doc1616#3,2
doc1616#4,2
doc1616#5,2
doc1616#6,2
doc1616#8,2
doc1616#9,2
doc1617#0,2
doc1617#1,2
doc1617#2,2
doc1617#3,2
doc1617#4,2
doc1618#0,2
doc1618#1,2
doc1618#2,2
doc1618#4,2
doc1619#0,2
doc1619#1,2
doc1619#2,2
doc1619#4,2
doc162#3,2
doc162#4,2
doc162#5,2
doc162#6,2
doc162#7,2
doc162#8,2
doc1620#0,2
doc1620#1,2
doc1620#3,2
doc1620#5,2
doc1621#0,2
doc1621#1,2
doc1621#2,2
doc1621#4,2
doc1622#2,2
doc1622#4,2
doc1623#1,2
doc1623#12,2
doc1623#13,2
doc1623#2,2
doc1623#3,2
doc1623#4,2
doc1623#5,2
doc1623#9,2
doc1624#0,2
doc1624#1,2
doc1624#2,2
doc1624#3,2
doc1625#0,2
doc1625#1,2
doc1625#2,2
doc1625#3,2
doc1625#4,2
doc1625#6,2
doc1625#7,2
doc1626#0,2
doc1626#1,2
doc1626#10,2
doc1626#11,2
doc1626#12,2
doc1626#13,2
doc1626#2,2
doc1626#3,2
doc1626#4,2
doc1626#5,2
doc1626#6,2
doc1626#7,2
doc1626#8,2
doc1626#9,2
doc1627#1,2
doc1627#2,2
doc1627#3,2
doc1627#4,2
doc1628#0,2
doc1628#1,2
doc1628#2,2
doc1628#3,2
doc1628#4,2
doc1629#0,2
doc1629#1,2
doc1629#2,2
doc1629#3,2
doc1629#4,2
doc1629#5,2
doc1629#6,2
doc163#0,2
doc163#1,2
doc163#2,2
doc163#3,2
doc163#4,2
doc163#5,2
doc163#6,2
doc163#7,2
doc163#8,2
doc163#9,2
doc1630#1,2
doc1630#4,2
doc1630#5,2
doc1630#6,2
doc1631#0,2
doc1631#1,2
doc1631#2,2
doc1631#3,2
doc1631#4,2
doc1632#0,2
doc1632#1,2
doc1632#2,2
doc1632#3,2
doc1632#4,2
doc1632#5,2
doc1632#6,2
doc1632#7,2
doc1632#8,2
doc1633#0,2
doc1633#1,2
doc1633#4,2
doc1633#5,2
doc1633#6,2
doc1633#7,2
doc1633#8,2
doc1634#0,2
doc1634#1,2
doc1634#2,2
doc1634#3,2
doc1634#4,2
doc1635#0,2
doc1635#1,0
doc1635#10,2
doc1635#11,2
doc1635#12,2
doc1635#13,2
doc1635#14,2
doc1635#2,2
doc1635#3,2
doc1635#4,2
doc1635#5,2
doc1635#7,2
doc1635#8,2
doc1635#9,2
doc1636#0,2
doc1636#10,2
doc1636#12,2
doc1636#2,2
doc1636#3,2
doc1636#4,2
doc1636#5,2
doc1636#6,2
doc1636#7,2
doc1636#9,2
doc1637#2,2
doc1637#3,2
doc1637#4,2
doc1637#5,2
doc1637#6,2
doc1638#0,2
doc1638#1,2
doc1638#2,2
doc1638#3,2
doc1638#4,2
doc1638#5,2
doc1638#6,2
doc1638#7,2
doc1638#8,2
doc1639#0,2
doc1639#1,2
doc1639#2,2
doc1639#3,2
doc1639#4,2
doc164#0,2
doc164#1,2
doc164#10,2
doc164#2,2
doc164#3,2
doc164#4,2
doc164#5,2
doc164#6,2
doc164#7,2
doc164#8,2
doc164#9,2
doc1640#0,2
doc1640#1,2
doc1640#2,2
doc1640#3,2
doc1640#4,2
doc1640#6,2
doc1641#0,2
doc1641#1,2
doc1641#2,2
doc1641#3,2
doc1641#4,2
doc1641#5,2
doc1641#6,2
doc1642#0,2
doc1642#3,2
doc1642#5,2
doc1642#6,2
doc1642#7,2
doc1642#8,2
doc1642#9,2
doc1643#0,2
doc1643#1,2
doc1643#2,2
doc1643#3,2
doc1643#4,2
doc1643#5,2
doc1643#6,2
doc1643#7,2
doc1643#8,2
doc1644#0,2
doc1644#2,2
doc1644#3,2
doc1645#0,2
doc1645#1,2
doc1645#2,2
doc1645#4,2
doc1646#0,2
doc1646#1,2
doc1646#2,2
doc1646#3,2
doc1646#4,2
doc1647#0,2
doc1647#1,2
doc1647#2,2
doc1647#3,2
doc1648#1,2
doc1648#11,2
doc1648#13,2
doc1648#15,2
doc1648#17,2
doc1648#19,2
doc1648#21,2
doc1648#23,2
doc1648#25,2
doc1648#27,2
doc1648#29,2
doc1648#3,2
doc1648#31,2
doc1648#32,2
doc1648#33,2
doc1648#34,2
doc1648#5,2
doc1648#7,2
doc1648#9,2
doc1649#0,2
doc1649#1,2
doc1649#2,2
doc165#1,2
doc165#2,2
doc165#5,2
doc165#6,2
doc165#7,2
doc165#8,2
doc1650#0,2
doc1650#1,2
doc1650#2,2
doc1650#3,2
doc1650#4,2
doc1651#0,2
doc1651#1,2
doc1651#2,2
doc1651#3,2
doc1651#4,2
doc1651#5,2
doc1651#6,2
doc1651#7,2
doc1651#8,2
doc1652#0,2
doc1652#1,2
doc1652#10,2
doc1652#11,2
doc1652#2,2
doc1652#3,2
doc1652#4,2
doc1652#5,2
doc1652#6,2
doc1652#7,2
doc1652#8,2
doc1652#9,2
doc1653#0,2
doc1653#10,2
doc1653#11,2
doc1653#12,2
doc1653#2,2
doc1653#4,2
doc1653#5,2
doc1653#6,2
doc1653#7,2
doc1653#8,2
doc1653#9,2
doc1654#0,2
doc1654#1,2
doc1654#2,2
doc1654#3,2
doc1655#0,2
doc1655#1,2
doc1655#11,2
doc1655#2,2
doc1655#3,2
doc1655#4,2
doc1655#5,2
doc1655#6,2
doc1655#7,2
doc1655#8,2
doc1655#9,2
doc1656#1,2
doc1656#4,2
doc1656#6,2
doc1656#7,2
doc1657#0,2
doc1657#1,2
doc1657#2,2
doc1657#3,2
doc1657#4,2
doc1657#5,2
doc1657#6,2
doc1658#0,2
doc1658#1,2
doc1658#2,2
doc1658#3,2
doc1658#4,2
doc1658#5,2
doc1659#0,2
doc1659#1,2
doc1659#2,2
doc166#0,2
doc166#1,2
doc166#2,2
doc166#3,2
doc166#4,2
doc1660#1,2
doc1660#10,2
doc1660#11,2
doc1660#14,2
doc1660#15,2
doc1660#16,2
doc1660#18,2
doc1660#2,2
doc1660#4,2
doc1660#5,2
doc1660#7,2
doc1660#8,2
doc1661#4,2
doc1661#5,2
doc1661#6,2
doc1662#0,2
doc1662#1,2
doc1662#2,2
doc1662#3,2
doc1662#4,2
doc1662#5,2
doc1663#0,2
doc1663#1,2
doc1663#2,2
doc1663#3,2
doc1664#1,2
doc1664#2,2
doc1664#3,2
doc1665#0,2
doc1665#1,2
doc1665#2,2
doc1665#3,2
doc1665#4,2
doc1665#5,2
doc1665#6,2
doc1665#7,2
doc1666#0,2
doc1666#1,2
doc1666#2,2
doc1666#3,2
doc1666#4,2
doc1666#5,2
doc1666#6,2
doc1667#0,2
doc1667#1,2
doc1667#2,2
doc1667#3,2
doc1667#4,2
doc1668#0,2
doc1668#1,2
doc1668#2,2
doc1668#4,2
doc1668#5,2
doc1669#0,2
doc1669#1,2
doc1669#2,2
doc1669#3,2
doc1669#4,2
doc1669#5,2
doc1669#6,2
doc167#1,2
doc167#2,2
doc167#3,2
doc1670#0,2
doc1670#10,2
doc1670#11,2
doc1670#13,2
doc1670#14,2
doc1670#18,2
doc1670#2,2
doc1670#3,2
doc1670#4,2
doc1670#5,2
doc1670#6,2
doc1670#8,0
doc1670#9,2
doc1671#1,2
doc1671#2,2
doc1671#3,2
doc1671#4,2
doc1671#5,2
doc1672#0,2
doc1672#1,2
doc1672#2,2
doc1672#3,2
doc1672#4,2
doc1672#5,2
doc1672#6,2
doc1672#7,2
doc1672#8,2
doc1672#9,2
doc1673#0,2
doc1673#1,2
doc1673#2,2
doc1673#3,2
doc1673#4,2
doc1673#5,2
doc1673#6,2
doc1674#0,2
doc1674#1,2
doc1674#2,2
doc1674#3,2
doc1674#4,2
doc1674#5,2
doc1675#0,2
doc1675#1,2
doc1675#3,2
doc1675#4,2
doc1675#5,2
doc1676#0,2
doc1676#3,2
doc1676#4,2
doc1676#5,2
doc1676#6,2
doc1677#0,2
doc1677#1,2
doc1677#2,2
doc1677#3,2
doc1677#5,2
doc1677#6,2
doc1677#7,2
doc1677#8,2
doc1678#0,0
doc1678#1,0
doc1678#2,2
doc1678#3,2
doc1678#4,0
doc1678#5,0
doc1678#6,0
doc1678#7,2
doc1679#0,2
doc1679#1,2
doc1679#3,2
doc1679#4,2
doc1679#6,2
doc1679#7,2
doc1679#8,2
doc1679#9,2
doc168#0,2
doc168#1,2
doc168#2,2
doc168#3,2
doc168#4,2
doc168#5,2
doc168#6,2
doc168#7,2
doc168#8,2
doc168#9,2
doc1680#1,2
doc1680#2,2
doc1680#3,2
doc1680#4,2
doc1680#5,2
doc1680#6,2
doc1680#7,2
doc1681#0,2
doc1681#1,2
doc1681#2,2
doc1681#3,2
doc1681#4,2
doc1681#5,2
doc1682#0,2
doc1682#1,2
doc1682#2,2
doc1682#3,2
doc1682#4,2
doc1682#5,2
doc1682#6,2
doc1682#8,2
doc1682#9,2
doc1683#0,2
doc1683#1,2
doc1683#2,2
doc1683#3,2
doc1684#1,2
doc1684#2,2
doc1684#5,2
doc1684#6,2
doc1684#7,2
doc1685#0,2
doc1685#1,2
doc1685#11,2
doc1685#12,2
doc1685#13,2
doc1685#3,2
doc1685#5,2
doc1685#7,2
doc1686#0,2
doc1686#1,2
doc1686#2,2
doc1686#3,2
doc1686#4,2
doc1686#5,2
doc1686#6,2
doc1687#0,2
doc1687#1,2
doc1687#2,2
doc1687#4,2
doc1687#5,2
doc1687#6,2
doc1687#7,2
doc1688#1,2
doc1688#2,2
doc1688#3,2
doc1688#4,2
doc1688#5,2
doc1688#6,2
doc1689#0,2
doc1689#1,2
doc1689#5,2
doc1689#6,2
doc169#0,2
doc169#2,2
doc169#3,2
doc169#4,2
doc1690#1,2
doc1690#3,2
doc1690#4,2
doc1690#5,2
doc1690#6,2
doc1691#0,2
doc1691#1,2
doc1692#0,2
doc1692#1,2
doc1692#3,2
doc1693#0,2
doc1693#1,2
doc1693#2,2
doc1693#4,2
doc1694#0,2
doc1694#3,2
doc1694#5,2
doc1694#6,2
doc1694#7,2
doc1694#8,2
doc1695#1,2
doc1695#2,2
doc1695#3,2
doc1695#4,2
doc1696#0,2
doc1696#2,2
doc1696#3,2
doc1697#0,2
doc1697#1,2
doc1697#2,2
doc1697#5,2
doc1698#1,2
doc1698#2,2
doc1698#4,2
doc1698#5,2
doc1699#0,2
doc1699#1,2
doc1699#10,2
doc1699#11,2
doc1699#2,2
doc1699#3,2
doc1699#4,2
doc1699#5,2
doc1699#6,2
doc1699#7,2
doc1699#8,2
doc1699#9,2
doc17#0,2
doc17#2,2
doc17#3,2
doc17#4,2
doc17#5,2
doc170#0,2
doc170#1,2
doc170#2,2
doc170#3,2
doc170#4,2
doc170#5,2
doc1700#4,2
doc1701#0,2
doc1701#1,2
doc1701#2,2
doc1701#3,2
doc1701#4,2
doc1701#5,2
doc1702#0,2
doc1702#2,2
doc1702#3,2
doc1702#4,2
doc1703#1,2
doc1703#4,2
doc1703#6,2
doc1703#7,2
doc1704#0,2
doc1704#1,2
doc1704#2,2
doc1704#3,2
doc1705#0,2
doc1705#1,2
doc1705#2,2
doc1705#3,2
doc1705#5,2
doc1705#6,2
doc1705#7,2
doc1705#8,2
doc1706#0,2
doc1706#1,2
doc1706#2,2
doc1706#3,2
doc1706#4,2
doc1706#6,2
doc1706#7,2
doc1706#8,2
doc1706#9,2
doc1707#0,2
doc1707#1,2
doc1707#2,2
doc1707#3,2
doc1708#1,2
doc1708#2,2
doc1708#5,2
doc1708#6,2
doc1708#7,2
doc1708#8,2
doc1709#1,2
doc1709#2,2
doc1709#3,2
doc1709#4,2
doc1709#5,2
doc1709#6,2
doc1709#7,2
doc1709#8,2
doc171#0,2
doc171#1,2
doc171#3,2
doc1710#0,2
doc1710#1,2
doc1710#2,2
doc1710#3,2
doc1711#1,2
doc1711#2,2
doc1711#3,2
doc1711#4,2
doc1712#1,2
doc1712#2,2
doc1713#0,2
doc1713#1,2
doc1713#3,2
doc1714#0,2
doc1714#1,2
doc1714#2,2
doc1715#1,2
doc1715#2,2
doc1715#3,2
doc1715#4,2
doc1715#5,2
doc1715#6,2
doc1715#8,2
doc1716#0,2
doc1716#1,2
doc1716#2,2
doc1716#3,2
doc1716#4,2
doc1716#5,2
doc1717#0,2
doc1717#1,2
doc1717#2,2
doc1717#3,2
doc1717#4,2
doc1718#1,2
doc1718#11,2
doc1718#6,2
doc1718#7,2
doc1718#9,2
doc1719#1,2
doc172#0,2
doc172#1,2
doc172#2,2
doc172#3,2
doc172#4,2
doc1720#0,2
doc1720#1,2
doc1720#2,2
doc1720#3,2
doc1720#4,2
doc1720#5,2
doc1721#2,2
doc1722#0,2
doc1722#1,2
doc1722#2,2
doc1722#3,2
doc1722#4,2
doc1722#5,2
doc1722#6,2
doc1722#7,2
doc1722#8,2
doc1723#0,2
doc1723#1,2
doc1723#3,2
doc1723#4,2
doc1723#5,2
doc1723#7,2
doc1724#0,2
doc1724#1,2
doc1724#2,2
doc1724#3,2
doc1724#4,2
doc1724#5,2
doc1724#6,2
doc1725#0,2
doc1725#1,2
doc1725#10,2
doc1725#11,2
doc1725#12,2
doc1725#13,2
doc1725#2,2
doc1725#3,2
doc1725#4,2
doc1725#5,2
doc1725#6,2
doc1725#7,2
doc1725#8,2
doc1725#9,2
doc1726#1,2
doc1726#2,2
doc1726#4,2
doc1726#5,2
doc1727#2,2
doc1727#5,2
doc1727#6,2
doc1727#8,2
doc1727#9,2
doc1728#0,2
doc1728#1,2
doc1728#2,2
doc1728#3,2
doc1728#4,2
doc1728#5,2
doc1728#6,2
doc1728#7,2
doc1728#8,2
doc1729#1,2
doc1729#2,2
doc1729#3,2
doc173#0,2
doc173#2,2
doc173#4,2
doc173#5,2
doc173#6,2
doc173#7,2
doc1730#2,2
doc1730#3,2
doc1730#4,2
doc1730#5,2
doc1731#1,2
doc1731#2,2
doc1731#3,2
doc1731#4,2
doc1731#5,2
doc1731#6,2
doc1731#8,2
doc1732#1,2
doc1732#2,2
doc1732#3,2
doc1733#0,2
doc1733#1,2
doc1733#2,2
doc1733#3,2
doc1733#4,2
doc1733#5,2
doc1734#0,2
doc1734#1,2
doc1734#2,2
doc1734#3,2
doc1734#4,2
doc1734#5,2
doc1735#1,2
doc1735#10,2
doc1735#11,2
doc1735#12,2
doc1735#13,2
doc1735#14,2
doc1735#15,2
doc1735#16,2
doc1735#17,2
doc1735#2,2
doc1735#3,2
doc1735#4,2
doc1735#6,2
doc1735#9,2
doc1736#0,2
doc1736#1,2
doc1736#2,2
doc1736#3,2
doc1736#4,2
doc1736#6,2
doc1737#0,2
doc1737#2,2
doc1737#5,2
doc1737#6,2
doc1737#7,2
doc1737#8,2
doc1737#9,2
doc1738#0,2
doc1738#1,2
doc1738#2,2
doc1738#5,2
doc1738#6,2
doc1738#7,2
doc1738#8,2
doc1738#9,0
doc1739#0,2
doc1739#1,2
doc1739#2,2
doc1739#3,2
doc1739#4,2
doc1739#5,2
doc1739#6,2
doc1739#7,2
doc1739#8,2
doc174#0,2
doc174#2,2
doc174#3,2
doc174#4,2
doc174#5,2
doc174#6,2
doc174#7,2
doc1740#1,2
doc1740#2,2
doc1740#3,2
doc1740#4,2
doc1740#5,2
doc1741#0,2
doc1741#1,2
doc1741#10,2
doc1741#11,2
doc1741#12,2
doc1741#13,2
doc1741#14,2
doc1741#2,2
doc1741#3,2
doc1741#4,2
doc1741#5,2
doc1741#6,2
doc1741#7,2
doc1741#8,2
doc1741#9,2
doc1742#0,2
doc1742#1,2
doc1742#2,2
doc1742#5,2
doc1743#1,2
doc1743#13,2
doc1743#5,2
doc1743#6,2
doc1743#7,2
doc1743#8,2
doc1744#11,2
doc1744#12,2
doc1744#4,2
doc1744#5,2
doc1744#7,2
doc1744#9,2
doc1745#0,2
doc1746#0,2
doc1746#1,2
doc1746#2,2
doc1746#3,2
doc1746#4,2
doc1746#5,2
doc1746#6,2
doc1747#0,2
doc1747#1,2
doc1747#2,2
doc1747#3,2
doc1747#4,2
doc1747#5,2
doc1747#6,2
doc1747#7,2
doc1748#1,2
doc1748#2,2
doc1748#3,2
doc1748#4,2
doc1748#5,2
doc1749#1,2
doc1749#2,2
doc1749#3,2
doc1749#4,2
doc1749#5,2
doc1749#6,2
doc1749#7,2
doc175#0,2
doc175#2,2
doc1750#2,2
doc1750#3,2
doc1750#4,2
doc1750#5,2
doc1750#6,2
doc1750#7,2
doc1750#8,2
doc1751#0,2
doc1751#1,2
doc1751#2,2
doc1751#3,2
doc1751#4,2
doc1751#5,2
doc1752#0,2
doc1752#1,2
doc1752#2,2
doc1752#3,2
doc1752#4,2
doc1752#5,2
doc1753#0,2
doc1753#1,2
doc1753#2,2
doc1753#3,2
doc1754#0,2
doc1754#1,2
doc1754#2,2
doc1754#3,2
doc1754#4,2
doc1754#5,2
doc1754#6,2
doc1754#7,2
doc1755#0,2
doc1755#1,2
doc1755#2,2
doc1755#3,2
doc1755#4,2
doc1756#11,2
doc1756#12,2
doc1756#5,2
doc1757#0,2
doc1757#1,2
doc1757#2,2
doc1757#3,2
doc1758#1,2
doc1758#2,2
doc1758#3,2
doc1759#0,2
doc1759#1,2
doc1759#2,2
doc1759#3,2
doc1759#4,2
doc176#1,2
doc176#2,2
doc1760#0,2
doc1760#1,2
doc1760#10,2
doc1760#11,2
doc1760#12,2
doc1760#2,2
doc1760#3,2
doc1760#4,2
doc1760#5,2
doc1760#7,2
doc1760#8,2
doc1760#9,2
doc1761#1,2
doc1761#10,2
doc1761#6,2
doc1761#7,2
doc1761#9,2
doc1762#0,2
doc1762#1,2
doc1762#2,2
doc1762#3,2
doc1762#4,2
doc1762#5,2
doc1763#0,2
doc1763#1,2
doc1763#10,2
doc1763#12,2
doc1763#2,2
doc1763#3,2
doc1763#4,2
doc1763#6,2
doc1763#7,2
doc1763#8,2
doc1763#9,2
doc1764#0,2
doc1764#1,2
doc1764#3,2
doc1764#6,2
doc1764#7,2
doc1764#8,2
doc1764#9,2
doc1765#0,2
doc1765#1,2
doc1765#2,2
doc1766#2,2
doc1766#3,2
doc1766#4,2
doc1766#5,2
doc1766#6,2
doc1766#7,2
doc1766#8,2
doc1767#2,2
doc1767#3,2
doc1767#4,2
doc1768#1,2
doc1768#2,2
doc1768#5,2
doc1768#6,2
doc1768#7,2
doc1768#8,2
doc1769#0,2
doc1769#1,2
doc1769#2,2
doc1769#3,2
doc1769#4,2
doc1769#5,2
doc1769#6,2
doc1769#7,0
doc1769#8,0
doc1769#9,2
doc177#1,2
doc177#2,2
doc177#3,2
doc177#4,2
doc177#5,2
doc1770#0,2
doc1770#1,2
doc1770#2,2
doc1770#3,2
doc1770#4,2
doc1771#0,2
doc1771#1,2
doc1771#2,2
doc1771#4,2
doc1771#5,2
doc1772#0,2
doc1772#1,2
doc1772#2,2
doc1772#3,2
doc1772#4,2
doc1772#5,2
doc1772#6,2
doc1772#7,2
doc1772#8,2
doc1773#1,2
doc1773#2,2
doc1773#3,2
doc1774#0,2
doc1774#1,2
doc1774#2,2
doc1774#3,2
doc1774#4,2
doc1774#5,2
doc1775#0,2
doc1775#1,2
doc1775#2,2
doc1775#3,2
doc1776#0,2
doc1776#1,2
doc1776#2,2
doc1776#3,2
doc1777#0,2
doc1777#1,2
doc1777#2,2
doc1777#3,2
doc1777#5,2
doc1777#6,2
doc1777#7,2
doc1778#0,2
doc1778#1,2
doc1778#2,2
doc1778#3,2
doc1778#4,2
doc1778#5,2
doc1779#0,2
doc1779#1,2
doc1779#2,2
doc1779#3,2
doc1779#4,2
doc1779#5,2
doc178#0,2
doc178#1,2
doc178#2,2
doc178#3,2
doc1780#0,2
doc1780#1,2
doc1780#4,2
doc1780#6,2
doc1780#7,2
doc1781#0,2
doc1781#1,2
doc1781#11,2
doc1781#13,2
doc1781#14,2
doc1781#15,2
doc1781#3,2
doc1781#5,2
doc1781#6,2
doc1781#7,2
doc1781#8,2
doc1781#9,2
doc1782#0,2
doc1782#1,2
doc1782#2,2
doc1783#0,2
doc1783#1,2
doc1783#2,2
doc1783#3,2
doc1783#4,2
doc1783#5,2
doc1784#0,2
doc1784#1,2
doc1784#2,2
doc1784#3,2
doc1785#0,2
doc1785#1,2
doc1785#2,2
doc1785#3,2
doc1785#4,2
doc1786#0,2
doc1786#2,2
doc1787#0,2
doc1787#1,2
doc1787#2,2
doc1787#4,2
doc1787#5,2
doc1788#0,2
doc1788#1,2
doc1788#2,2
doc1788#3,2
doc1789#0,2
doc1789#1,2
doc1789#2,2
doc1789#3,2
doc1789#4,2
doc179#0,2
doc179#1,2
doc179#2,2
doc179#4,2
doc179#6,2
doc179#7,2
doc1790#1,2
doc1790#2,2
doc1790#3,2
doc1790#4,2
doc1790#5,2
doc1790#7,2
doc1790#8,2
doc1791#0,2
doc1791#1,2
doc1791#2,2
doc1791#3,2
doc1791#4,2
doc1791#5,2
doc1791#6,2
doc1792#0,2
doc1792#1,2
doc1792#2,2
doc1792#4,2
doc1793#0,2
doc1793#1,2
doc1793#2,2
doc1793#3,2
doc1793#4,2
doc1793#5,2
doc1793#6,2
doc1794#0,2
doc1794#1,2
doc1794#2,2
doc1794#3,2
doc1794#4,2
doc1794#5,2
doc1794#6,2
doc1794#7,2
doc1795#0,2
doc1795#3,2
doc1795#4,2
doc1795#5,2
doc1795#7,2
doc1795#8,2
doc1796#0,2
doc1796#1,2
doc1796#2,2
doc1796#3,2
doc1796#4,2
doc1796#5,2
doc1797#0,2
doc1797#1,2
doc1797#10,2
doc1797#2,2
doc1797#3,2
doc1797#4,2
doc1797#5,2
doc1797#6,2
doc1797#7,2
doc1797#8,2
doc1797#9,2
doc1798#0,2
doc1798#1,2
doc1798#2,2
doc1798#4,2
doc1798#5,2
doc1799#0,2
doc1799#1,2
doc1799#2,2
doc1799#3,2
doc18#0,2
doc18#2,2
doc18#3,2
doc18#4,2
doc180#1,2
doc180#2,2
doc1800#1,2
doc1800#2,2
doc1801#2,2
doc1801#3,2
doc1802#0,2
doc1802#1,2
doc1802#2,2
doc1802#3,2
doc1803#0,2
doc1803#1,2
doc1803#2,2
doc1803#3,2
doc1803#4,2
doc1803#5,2
doc1803#6,2
doc1804#1,2
doc1804#4,2
doc1804#5,2
doc1804#6,2
doc1804#7,2
doc1804#8,2
doc1804#9,2
doc1805#0,2
doc1805#1,2
doc1805#2,2
doc1805#3,2
doc1805#4,2
doc1805#5,2
doc1806#0,2
doc1806#1,2
doc1806#10,2
doc1806#11,2
doc1806#2,2
doc1806#4,2
doc1806#6,2
doc1806#7,2
doc1807#0,2
doc1807#1,2
doc1807#2,2
doc1807#3,2
doc1807#4,2
doc1807#5,2
doc1807#6,2
doc1807#7,2
doc1808#0,2
doc1808#1,2
doc1808#2,2
doc1808#3,2
doc1808#4,2
doc1808#5,2
doc1808#6,2
doc1809#0,2
doc1809#1,2
doc1809#2,2
doc1809#3,2
doc181#0,2
doc181#1,2
doc181#2,2
doc1810#0,2
doc1810#1,2
doc1810#2,2
doc1810#3,2
doc1810#5,2
doc1810#6,2
doc1810#7,2
doc1810#8,2
doc1810#9,2
doc1811#0,2
doc1811#1,2
doc1811#2,2
doc1812#0,2
doc1812#1,2
doc1813#0,2
doc1813#1,2
doc1813#2,2
doc1813#3,2
doc1813#4,2
doc1813#5,2
doc1814#0,2
doc1814#1,2
doc1814#2,2
doc1814#3,2
doc1815#0,2
doc1815#1,2
doc1815#5,2
doc1815#6,2
doc1815#7,2
doc1816#0,2
doc1816#11,2
doc1816#13,2
doc1816#15,2
doc1816#2,2
doc1816#3,2
doc1816#8,2
doc1816#9,2
doc1817#0,2
doc1817#1,2
doc1817#2,2
doc1817#3,2
doc1818#0,2
doc1818#1,2
doc1818#2,2
doc1819#0,2
doc1819#1,2
doc1819#10,2
doc1819#11,2
doc1819#12,2
doc1819#13,2
doc1819#14,2
doc1819#2,2
doc1819#3,2
doc1819#4,2
doc1819#5,2
doc1819#6,2
doc1819#7,2
doc1819#8,2
doc1819#9,2
doc182#0,2
doc182#1,2
doc182#2,2
doc182#3,2
doc182#4,2
doc182#5,2
doc182#6,2
doc182#8,2
doc1820#0,2
doc1820#1,2
doc1821#0,2
doc1821#1,2
doc1821#2,2
doc1821#3,2
doc1821#4,2
doc1821#5,2
doc1821#6,2
doc1821#7,2
doc1821#8,2
doc1821#9,2
doc1822#0,2
doc1822#1,2
doc1822#2,2
doc1822#3,2
doc1823#0,2
doc1823#1,2
doc1823#10,2
doc1823#11,2
doc1823#12,2
doc1823#13,2
doc1823#2,2
doc1823#3,2
doc1823#5,2
doc1823#6,2
doc1823#8,2
doc1823#9,2
doc1824#0,2
doc1824#1,2
doc1824#10,2
doc1824#3,2
doc1824#4,2
doc1824#5,2
doc1824#6,2
doc1824#7,2
doc1824#8,2
doc1824#9,2
doc1825#1,2
doc1825#3,2
doc1825#5,2
doc1826#0,2
doc1826#1,2
doc1826#10,2
doc1826#2,2
doc1826#3,2
doc1826#5,2
doc1826#6,2
doc1826#7,2
doc1826#8,2
doc1826#9,2
doc1827#0,2
doc1827#1,2
doc1827#2,2
doc1827#3,2
doc1827#5,2
doc1828#1,2
doc1828#10,2
doc1828#11,2
doc1828#12,2
doc1828#13,2
doc1828#14,2
doc1828#15,2
doc1828#16,2
doc1828#17,2
doc1828#18,2
doc1828#2,2
doc1828#20,2
doc1828#3,2
doc1828#4,2
doc1828#5,2
doc1828#6,2
doc1828#7,2
doc1828#8,2
doc1828#9,2
doc1829#0,2
doc1829#1,2
doc1829#4,2
doc183#0,2
doc183#1,2
doc183#2,2
doc183#3,2
doc1830#0,2
doc1830#1,2
doc1830#2,2
doc1830#3,2
doc1830#4,2
doc1830#5,2
doc1831#0,2
doc1831#1,2
doc1831#2,2
doc1831#3,2
doc1831#4,2
doc1831#5,2
doc1831#6,2
doc1832#1,2
doc1832#2,2
doc1832#3,2
doc1832#5,2
doc1832#6,2
doc1833#0,2
doc1833#1,2
doc1833#2,2
doc1834#0,2
doc1834#1,2
doc1834#2,2
doc1834#3,2
doc1835#1,2
doc1835#2,2
doc1835#3,2
doc1836#0,2
doc1836#1,2
doc1836#3,2
doc1836#4,2
doc1836#5,2
doc1836#7,2
doc1836#8,2
doc1837#0,2
doc1837#1,2
doc1837#2,2
doc1837#3,2
doc1837#4,2
doc1838#0,2
doc1838#1,2
doc1838#2,2
doc1838#3,2
doc1839#0,2
doc1839#1,2
doc1839#2,2
doc1839#3,2
doc1839#4,2
doc1839#5,2
doc184#0,2
doc184#1,2
doc184#2,2
doc184#3,2
doc184#4,2
doc184#5,2
doc184#6,2
doc1840#0,2
doc1840#1,2
doc1840#2,2
doc1840#3,2
doc1841#0,2
doc1841#1,2
doc1841#2,2
doc1841#3,2
doc1841#4,2
doc1841#5,2
doc1841#6,2
doc1841#7,2
doc1841#8,2
doc1841#9,2
doc1842#0,2
doc1842#1,2
doc1842#2,2
doc1842#3,2
doc1842#4,2
doc1843#0,2
doc1843#1,2
doc1843#10,2
doc1843#11,2
doc1843#2,2
doc1843#3,2
doc1843#4,2
doc1843#5,2
doc1843#6,2
doc1843#7,2
doc1843#8,2
doc1843#9,2
doc1844#0,2
doc1844#1,2
doc1844#10,2
doc1844#11,2
doc1844#2,2
doc1844#3,2
doc1844#4,2
doc1844#5,2
doc1844#6,2
doc1844#7,2
doc1844#8,2
doc1844#9,2
doc1845#0,2
doc1845#1,2
doc1845#2,2
doc1845#3,2
doc1845#4,2
doc1845#5,2
doc1845#6,2
doc1846#0,2
doc1846#1,2
doc1846#3,2
doc1846#4,2
doc1846#5,2
doc1846#6,2
doc1847#0,2
doc1847#1,2
doc1847#2,2
doc1847#3,2
doc1847#4,2
doc1847#5,2
doc1847#6,2
doc1847#7,2
doc1848#0,2
doc1848#1,2
doc1848#2,2
doc1848#4,2
doc1848#5,2
doc1848#6,2
doc1848#7,2
doc1848#8,2
doc1849#0,2
doc1849#1,2
doc1849#2,2
doc1849#3,2
doc185#0,2
doc185#1,2
doc185#2,2
doc185#3,2
doc185#4,2
doc185#5,2
doc1850#0,2
doc1850#1,2
doc1850#2,2
doc1850#3,2
doc1850#4,2
doc1850#5,2
doc1850#6,2
doc1850#7,2
doc1851#0,2
doc1851#1,2
doc1851#2,2
doc1851#3,2
doc1851#4,2
doc1851#5,2
doc1851#6,2
doc1851#7,2
doc1852#0,2
doc1852#1,2
doc1852#4,2
doc1852#5,2
doc1853#1,2
doc1853#2,2
doc1854#0,2
doc1854#1,2
doc1854#2,2
doc1854#3,2
doc1854#4,2
doc1854#5,2
doc1855#0,2
doc1855#2,2
doc1855#3,2
doc1855#4,2
doc1855#5,2
doc1856#0,2
doc1856#1,2
doc1856#2,2
doc1856#3,2
doc1856#4,2
doc1856#5,2
doc1856#6,2
doc1857#0,2
doc1857#1,2
doc1857#2,2
doc1857#3,2
doc1857#4,2
doc1857#5,2
doc1857#6,2
doc1857#7,2
doc1857#8,2
doc1858#0,2
doc1858#1,2
doc1858#2,2
doc1858#3,2
doc1858#4,2
doc1858#5,2
doc1858#6,2
doc1858#7,2
doc1859#2,2
doc1859#3,2
doc1859#4,2
doc1859#5,2
doc186#1,2
doc186#2,2
doc186#3,2
doc186#6,2
doc186#9,2
doc1860#0,2
doc1860#1,2
doc1860#2,2
doc1861#0,2
doc1861#1,2
doc1861#2,2
doc1861#3,2
doc1861#4,2
doc1861#5,2
doc1861#6,2
doc1862#1,2
doc1862#2,2
doc1863#0,2
doc1863#1,2
doc1863#2,2
doc1863#3,2
doc1863#4,2
doc1863#5,2
doc1863#6,2
doc1863#7,2
doc1864#0,2
doc1864#1,2
doc1864#2,2
doc1864#4,2
doc1865#0,2
doc1865#1,2
doc1865#2,2
doc1865#3,2
doc1865#4,2
doc1866#1,2
doc1866#6,2
doc1866#7,2
doc1866#8,2
doc1867#0,2
doc1867#1,2
doc1867#3,2
doc1867#4,2
doc1867#5,2
doc1867#6,2
doc1867#7,2
doc1867#8,2
doc1868#0,2
doc1868#1,2
doc1868#2,2
doc1868#3,2
doc1868#4,2
doc1868#5,2
doc1869#0,2
doc1869#1,2
doc1869#10,2
doc1869#11,2
doc1869#2,2
doc1869#3,2
doc1869#4,2
doc1869#6,2
doc1869#7,2
doc1869#8,2
doc1869#9,2
doc187#0,2
doc187#1,2
doc187#2,2
doc187#3,2
doc187#4,2
doc187#5,2
doc187#6,2
doc187#7,2
doc187#8,2
doc187#9,2
doc1870#1,2
doc1870#2,2
doc1870#3,2
doc1870#4,2
doc1871#0,2
doc1871#1,2
doc1871#2,2
doc1871#3,2
doc1871#4,2
doc1871#5,2
doc1871#7,2
doc1872#0,2
doc1872#1,2
doc1872#2,2
doc1872#3,2
doc1872#5,2
doc1872#6,2
doc1873#0,2
doc1873#1,2
doc1873#2,2
doc1873#3,2
doc1874#0,2
doc1874#1,2
doc1874#2,2
doc1874#3,2
doc1874#4,2
doc1874#5,2
doc1874#6,2
doc1874#7,2
doc1874#9,2
doc1875#0,2
doc1875#1,2
doc1875#2,2
doc1875#3,2
doc1875#4,2
doc1875#5,2
doc1875#8,2
doc1875#9,2
doc1876#0,2
doc1876#1,2
doc1876#2,2
doc1876#3,2
doc1876#4,2
doc1876#5,2
doc1876#6,2
doc1876#7,2
doc1877#2,2
doc1877#4,2
doc1877#5,2
doc1877#6,2
doc1877#7,2
doc1878#0,2
doc1878#1,2
doc1878#2,2
doc1878#3,2
doc1878#4,2
doc1878#5,2
doc1878#6,2
doc1878#7,2
doc1878#8,2
doc1879#0,2
doc1879#1,2
doc1879#2,2
doc1879#3,2
doc1879#4,2
doc1879#5,2
doc1879#6,2
doc188#0,2
doc188#2,2
doc188#3,2
doc188#4,2
doc1880#1,2
doc1880#11,2
doc1880#12,2
doc1880#14,2
doc1880#3,2
doc1880#5,2
doc1880#6,2
doc1880#9,2
doc1881#0,2
doc1881#1,2
doc1881#2,2
doc1881#3,2
doc1881#6,2
doc1881#7,2
doc1882#0,2
doc1882#1,2
doc1882#2,2
doc1882#3,2
doc1882#4,2
doc1882#5,2
doc1882#6,2
doc1882#7,2
doc1882#8,2
doc1882#9,2
doc1883#0,2
doc1883#1,2
doc1883#2,2
doc1883#3,2
doc1883#4,2
doc1883#5,2
doc1884#1,2
doc1884#10,2
doc1884#11,2
doc1884#2,2
doc1884#3,2
doc1884#4,2
doc1884#5,2
doc1884#6,2
doc1884#8,2
doc1885#0,2
doc1885#1,2
doc1885#10,2
doc1885#11,2
doc1885#12,2
doc1885#13,2
doc1885#14,2
doc1885#15,2
doc1885#2,2
doc1885#3,2
doc1885#5,2
doc1885#6,2
doc1885#7,1
doc1885#8,2
doc1885#9,2
doc1886#0,2
doc1886#1,2
doc1886#3,2
doc1887#0,2
doc1887#1,2
doc1887#2,2
doc1887#3,2
doc1888#0,2
doc1889#0,2
doc1889#1,2
doc1889#2,2
doc1889#3,2
doc1889#4,2
doc1889#5,2
doc1889#6,2
doc1889#7,2
doc1889#8,2
doc189#0,2
doc189#1,2
doc189#2,2
doc189#4,2
doc189#5,2
doc189#6,2
doc189#7,2
doc189#8,2
doc189#9,2
doc1890#0,2
doc1890#1,2
doc1890#2,2
doc1890#3,2
doc1890#4,2
doc1890#5,2
doc1890#6,2
doc1891#0,2
doc1891#1,2
doc1891#2,2
doc1891#3,2
doc1892#0,2
doc1892#1,2
doc1892#2,2
doc1892#3,2
doc1892#6,2
doc1892#7,2
doc1893#0,2
doc1893#1,2
doc1893#2,2
doc1893#3,2
doc1893#7,2
doc1894#1,2
doc1894#3,2
doc1894#5,2
doc1894#6,2
doc1894#7,2
doc1895#0,2
doc1895#8,2
doc1896#1,2
doc1896#2,2
doc1896#3,2
doc1896#4,2
doc1897#0,2
doc1897#1,2
doc1897#2,2
doc1897#3,2
doc1897#4,2
doc1897#5,2
doc1897#6,2
doc1898#0,2
doc1898#1,2
doc1898#10,2
doc1898#11,2
doc1898#12,2
doc1898#13,2
doc1898#14,2
doc1898#2,2
doc1898#3,2
doc1898#4,2
doc1898#5,2
doc1898#8,2
doc1898#9,2
doc1899#0,2
doc1899#1,2
doc1899#2,2
doc1899#3,2
doc1899#4,2
doc1899#5,2
doc1899#6,2
doc19#0,2
doc19#1,2
doc19#2,2
doc19#3,2
doc190#0,2
doc190#1,2
doc190#5,2
doc1900#0,2
doc1900#1,2
doc1900#2,2
doc1900#3,2
doc1900#4,2
doc1900#5,2
doc1901#0,2
doc1901#1,2
doc1901#2,2
doc1901#3,2
doc1901#4,2
doc1901#5,2
doc1902#1,2
doc1902#2,2
doc1902#3,2
doc1903#0,2
doc1903#1,2
doc1903#2,2
doc1903#3,2
doc1904#0,2
doc1904#1,2
doc1904#2,2
doc1904#3,2
doc1904#4,2
doc1904#5,2
doc1904#6,2
doc1905#0,2
doc1905#1,2
doc1905#10,2
doc1905#11,2
doc1905#12,2
doc1905#2,2
doc1905#3,2
doc1905#4,2
doc1905#5,2
doc1905#6,2
doc1905#7,2
doc1905#8,2
doc1905#9,2
doc1906#3,2
doc1906#4,2
doc1906#6,2
doc1907#0,2
doc1907#1,2
doc1907#2,2
doc1908#1,2
doc1908#10,2
doc1908#11,2
doc1908#12,2
doc1908#13,2
doc1908#2,2
doc1908#3,2
doc1908#4,2
doc1908#6,2
doc1908#7,2
doc1908#8,2
doc1908#9,2
doc1909#1,2
doc1909#2,2
doc1909#3,2
doc1909#4,2
doc191#0,2
doc191#1,2
doc191#2,2
doc191#3,2
doc1910#0,2
doc1910#1,2
doc1910#2,2
doc1910#3,2
doc1910#4,2
doc1910#5,2
doc1910#6,2
doc1910#7,2
doc1911#0,2
doc1911#1,2
doc1911#2,2
doc1911#3,2
doc1911#4,2
doc1911#5,1
doc1911#6,2
doc1912#0,2
doc1912#1,2
doc1912#10,2
doc1912#11,2
doc1912#12,2
doc1912#13,2
doc1912#14,2
doc1912#15,2
doc1912#16,1
doc1912#17,1
doc1912#18,0
doc1912#19,0
doc1912#2,2
doc1912#20,0
doc1912#21,0
doc1912#22,0
doc1912#23,0
doc1912#24,2
doc1912#25,2
doc1912#3,2
doc1912#4,2
doc1912#5,2
doc1912#7,2
doc1912#8,2
doc1913#0,2
doc1913#1,2
doc1913#2,2
doc1913#3,2
doc1913#4,2
doc1913#5,2
doc1913#6,2
doc1913#7,2
doc1913#8,2
doc1914#0,2
doc1914#2,2
doc1914#3,2
doc1914#4,2
doc1914#5,2
doc1914#6,2
doc1914#8,2
doc1915#14,2
doc1915#15,2
doc1915#16,2
doc1915#3,2
doc1915#4,2
doc1915#8,2
doc1915#9,2
doc1916#0,2
doc1916#1,2
doc1916#2,2
doc1916#3,2
doc1917#0,2
doc1917#1,2
doc1917#3,2
doc1917#4,2
doc1918#0,2
doc1918#2,2
doc1918#3,2
doc1918#4,2
doc1919#0,2
doc1919#1,2
doc1919#2,2
doc1919#3,2
doc1919#4,2
doc1919#5,2
doc1919#6,2
doc1919#7,2
doc192#1,2
doc192#2,2
doc192#5,2
doc192#7,2
doc192#8,2
doc1920#1,2
doc1920#2,2
doc1920#4,2
doc1920#5,2
doc1921#0,2
doc1921#2,2
doc1921#4,2
doc1921#5,2
doc1921#8,2
doc1922#1,2
doc1922#10,2
doc1922#12,2
doc1922#13,2
doc1922#14,2
doc1922#2,2
doc1922#4,2
doc1922#5,2
doc1922#6,2
doc1922#7,2
doc1922#8,2
doc1922#9,2
doc1923#10,2
doc1923#15,2
doc1923#4,2
doc1923#5,2
doc1923#6,2
doc1924#0,2
doc1924#1,2
doc1924#4,2
doc1925#10,2
doc1925#11,2
doc1925#12,2
doc1925#16,2
doc1925#17,2
doc1925#19,2
doc1925#2,2
doc1925#20,2
doc1925#3,2
doc1925#7,2
doc1926#0,2
doc1926#1,2
doc1926#10,2
doc1926#11,2
doc1926#12,2
doc1926#14,2
doc1926#16,2
doc1926#18,2
doc1926#2,2
doc1926#3,2
doc1926#4,2
doc1926#5,2
doc1926#6,2
doc1926#7,2
doc1926#8,2
doc1926#9,2
doc1927#1,2
doc1927#10,2
doc1927#11,2
doc1927#12,2
doc1927#13,2
doc1927#14,2
doc1927#15,2
doc1927#16,2
doc1927#17,2
doc1927#18,2
doc1927#2,2
doc1927#4,2
doc1927#7,2
doc1927#8,2
doc1927#9,2
doc1928#0,2
doc1928#1,2
doc1928#2,2
doc1928#3,2
doc1928#4,2
doc1928#5,2
doc1929#0,2
doc1929#1,2
doc1929#10,2
doc1929#11,2
doc1929#12,2
doc1929#2,2
doc1929#3,2
doc1929#4,2
doc1929#5,2
doc1929#6,2
doc1929#7,2
doc1929#8,2
doc1929#9,2
doc193#2,2
doc193#3,2
doc193#4,2
doc193#5,2
doc193#6,2
doc193#7,2
doc1930#0,2
doc1930#1,2
doc1931#0,2
doc1931#1,2
doc1931#2,2
doc1931#3,2
doc1931#4,2
doc1931#5,2
doc1931#6,2
doc1931#7,2
doc1932#0,2
doc1932#2,2
doc1932#4,2
doc1933#0,2
doc1933#1,2
doc1933#2,2
doc1933#3,2
doc1933#6,2
doc1933#7,2
doc1933#8,2
doc1934#0,2
doc1934#1,2
doc1934#2,2
doc1935#0,2
doc1935#1,2
doc1935#2,2
doc1935#3,2
doc1935#4,2
doc1935#5,2
doc1935#7,2
doc1936#1,2
doc1936#2,2
doc1937#0,2
doc1937#1,2
doc1937#2,2
doc1937#4,2
doc1937#5,2
doc1937#6,2
doc1938#0,2
doc1938#1,2
doc1938#2,2
doc1939#1,2
doc1939#2,2
doc1939#3,2
doc1939#4,2
doc1939#5,2
doc1939#7,2
doc194#1,2
doc194#2,2
doc194#3,2
doc194#4,2
doc1940#2,2
doc1940#3,2
doc1940#4,2
doc1941#0,2
doc1941#1,2
doc1941#10,2
doc1941#11,2
doc1941#13,2
doc1941#14,2
doc1941#2,2
doc1941#3,2
doc1941#6,2
doc1941#7,2
doc1941#8,2
doc1941#9,2
doc1942#1,2
doc1942#3,2
doc1942#4,2
doc1942#5,2
doc1943#0,2
doc1943#1,2
doc1943#2,2
doc1943#3,2
doc1943#4,2
doc1943#5,2
doc1943#6,2
doc1943#7,2
doc1943#8,2
doc1943#9,2
doc1944#0,2
doc1944#1,2
doc1944#2,2
doc1944#3,2
doc1945#1,2
doc1945#10,2
doc1945#14,2
doc1945#15,2
doc1945#2,2
doc1945#4,2
doc1945#6,2
doc1945#8,2
doc1945#9,2
doc1946#2,2
doc1946#3,2
doc1947#0,2
doc1947#1,2
doc1947#10,2
doc1947#11,2
doc1947#2,2
doc1947#3,2
doc1947#5,2
doc1947#6,2
doc1947#7,2
doc1947#8,2
doc1948#0,2
doc1948#1,2
doc1948#10,2
doc1948#11,2
doc1948#2,2
doc1948#4,2
doc1948#5,2
doc1948#6,2
doc1948#7,2
doc1948#8,2
doc1949#0,2
doc1949#1,2
doc1949#2,2
doc1949#3,2
doc1949#4,2
doc1949#5,2
doc1949#6,2
doc1949#7,2
doc1949#8,2
doc1949#9,2
doc195#0,2
doc195#1,2
doc195#2,2
doc1950#0,2
doc1950#3,2
doc1950#4,2
doc1950#5,2
doc1950#6,2
doc1950#8,2
doc1950#9,2
doc1951#0,2
doc1951#1,2
doc1951#2,2
doc1951#3,2
doc1952#0,2
doc1952#1,2
doc1952#2,2
doc1952#3,2
doc1952#4,2
doc1952#5,2
doc1952#6,2
doc1952#7,2
doc1952#8,2
doc1953#1,2
doc1953#3,2
doc1953#5,2
doc1953#6,2
doc1953#7,2
doc1953#8,2
doc1954#0,2
doc1954#1,2
doc1954#2,2
doc1954#3,2
doc1954#5,2
doc1954#6,2
doc1954#7,2
doc1954#8,2
doc1954#9,2
doc1955#1,2
doc1955#2,2
doc1955#3,2
doc1956#0,2
doc1956#1,2
doc1956#2,2
doc1957#0,2
doc1957#1,2
doc1957#2,2
doc1957#3,2
doc1957#4,2
doc1957#5,2
doc1958#0,2
doc1958#1,2
doc1958#2,2
doc1959#0,2
doc1959#1,2
doc1959#2,2
doc1959#3,2
doc1959#4,2
doc1959#5,2
doc1959#6,2
doc1959#7,2
doc196#0,2
doc196#1,2
doc196#2,2
doc196#3,2
doc196#4,2
doc196#5,2
doc196#6,2
doc196#7,2
doc196#8,2
doc1960#0,2
doc1960#1,2
doc1960#2,2
doc1960#3,2
doc1960#4,2
doc1960#5,2
doc1960#6,2
doc1960#7,2
doc1961#0,2
doc1961#1,2
doc1961#4,2
doc1961#5,2
doc1961#6,2
doc1961#7,2
doc1961#8,2
doc1961#9,2
doc1962#0,2
doc1962#1,2
doc1962#2,2
doc1963#1,2
doc1963#2,2
doc1963#3,2
doc1963#4,2
doc1963#5,2
doc1963#6,2
doc1964#0,2
doc1964#1,2
doc1964#2,2
doc1964#3,2
doc1965#0,2
doc1965#1,2
doc1965#2,2
doc1965#3,2
doc1965#4,2
doc1966#0,2
doc1966#1,2
doc1966#2,2
doc1966#3,2
doc1966#4,2
doc1966#5,2
doc1967#0,2
doc1967#1,2
doc1967#2,2
doc1967#3,2
doc1967#4,2
doc1967#5,2
doc1967#6,2
doc1967#7,2
doc1967#8,2
doc1968#1,2
doc1968#10,2
doc1968#11,2
doc1968#12,2
doc1968#13,2
doc1968#2,2
doc1968#3,2
doc1968#4,2
doc1968#5,2
doc1968#6,2
doc1968#7,2
doc1968#8,2
doc1968#9,2
doc1969#0,2
doc1969#1,2
doc1969#2,2
doc1969#3,2
doc1969#4,2
doc1969#5,2
doc1969#6,2
doc1969#7,2
doc197#0,2
doc197#1,2
doc197#10,2
doc197#2,2
doc197#3,2
doc197#4,2
doc197#5,2
doc197#6,2
doc197#7,2
doc197#8,2
doc197#9,2
doc1970#0,2
doc1970#1,2
doc1970#2,2
doc1970#3,2
doc1970#4,2
doc1970#5,2
doc1970#6,2
doc1971#0,2
doc1971#1,2
doc1971#10,2
doc1971#11,2
doc1971#13,2
doc1971#14,2
doc1971#15,2
doc1971#17,2
doc1971#18,2
doc1971#19,2
doc1971#2,2
doc1971#21,2
doc1971#22,2
doc1971#23,2
doc1971#25,2
doc1971#26,2
doc1971#27,2
doc1971#29,2
doc1971#3,2
doc1971#30,2
doc1971#31,2
doc1971#33,2
doc1971#34,2
doc1971#5,2
doc1971#6,2
doc1971#7,2
doc1971#9,2
doc1972#0,2
doc1972#1,2
doc1972#2,2
doc1972#3,2
doc1972#4,2
doc1972#6,2
doc1972#7,2
doc1972#8,2
doc1972#9,2
doc1973#0,2
doc1973#1,2
doc1973#10,2
doc1973#11,2
doc1973#2,2
doc1973#3,2
doc1973#4,2
doc1973#5,2
doc1973#6,2
doc1973#7,2
doc1973#8,2
doc1973#9,2
doc1974#0,2
doc1974#1,2
doc1974#2,2
doc1974#3,2
doc1975#0,2
doc1975#1,2
doc1975#2,2
doc1975#4,2
doc1975#5,2
doc1975#7,2
doc1975#8,2
doc1976#0,2
doc1976#1,2
doc1976#10,2
doc1976#11,2
doc1976#3,2
doc1976#4,2
doc1976#5,0
doc1976#6,2
doc1976#9,2
doc1977#0,2
doc1977#1,2
doc1977#2,2
doc1977#3,2
doc1977#4,2
doc1977#5,2
doc1977#6,2
doc1978#0,2
doc1978#1,2
doc1978#2,2
doc1978#3,2
doc1978#4,2
doc1978#5,2
doc1978#6,2
doc1979#1,2
doc1979#2,2
doc1979#3,2
doc1979#4,2
doc198#0,2
doc198#1,2
doc198#3,2
doc1980#0,2
doc1980#1,2
doc1980#2,2
doc1980#3,2
doc1981#3,2
doc1981#4,2
doc1981#5,2
doc1981#6,2
doc1981#7,2
doc1982#0,2
doc1982#1,2
doc1982#2,2
doc1983#0,2
doc1983#1,2
doc1983#2,2
doc1983#3,2
doc1984#0,2
doc1984#1,2
doc1984#2,2
doc1984#3,2
doc1985#0,2
doc1985#1,2
doc1985#2,2
doc1985#3,2
doc1985#4,2
doc1985#5,2
doc1986#0,2
doc1986#4,2
doc1986#5,2
doc1986#6,2
doc1987#0,2
doc1987#1,2
doc1987#2,2
doc1987#3,2
doc1987#4,2
doc1988#0,2
doc1988#1,2
doc1988#3,2
doc1989#0,2
doc1989#1,2
doc199#0,2
doc199#1,2
doc199#2,2
doc199#3,2
doc199#4,2
doc199#5,2
doc199#6,2
doc1990#0,2
doc1990#1,2
doc1990#2,2
doc1990#3,2
doc1990#4,2
doc1990#5,2
doc1990#6,2
doc1991#0,2
doc1991#1,2
doc1991#2,2
doc1991#3,2
doc1991#4,2
doc1992#0,2
doc1992#2,2
doc1992#4,2
doc1992#5,2
doc1992#7,2
doc1992#8,2
doc1993#1,2
doc1993#2,2
doc1994#2,2
doc1994#8,2
doc1995#1,2
doc1995#5,2
doc1995#8,2
doc1996#2,2
doc1996#3,2
doc1996#4,2
doc1996#5,2
doc1997#0,2
doc1997#12,2
doc1997#4,2
doc1997#8,2
doc1998#0,2
doc1998#1,2
doc1998#2,2
doc1998#3,2
doc1998#4,2
doc1998#5,2
doc1999#0,2
doc1999#1,2
doc1999#2,2
doc1999#3,2
doc2#0,2
doc2#1,2
doc2#3,2
doc2#4,2
doc2#5,2
doc20#1,2
doc20#2,2
doc20#3,2
doc20#4,2
doc20#5,2
doc20#6,2
doc20#7,2
doc200#0,2
doc200#1,2
doc200#2,2
doc200#3,2
doc2000#0,2
doc2000#1,2
doc2000#2,2
doc2000#3,2
doc2000#4,2
doc201#1,2
doc201#2,2
doc201#3,2
doc201#5,2
doc202#0,2
doc202#1,2
doc202#2,2
doc203#0,2
doc203#1,2
doc203#2,2
doc203#3,2
doc203#4,2
doc203#5,2
doc203#6,2
doc203#7,2
doc204#0,2
doc204#2,2
doc204#4,2
doc204#5,2
doc204#6,2
doc205#0,2
doc205#3,2
doc205#4,2
doc205#5,2
doc206#0,2
doc206#1,2
doc206#10,2
doc206#3,2
doc206#4,2
doc206#5,2
doc206#6,2
doc206#7,2
doc206#8,2
doc207#0,2
doc207#1,2
doc207#2,2
doc207#3,2
doc207#5,2
doc208#0,2
doc208#1,2
doc208#3,2
doc208#4,2
doc208#5,2
doc209#0,2
doc209#1,2
doc209#2,2
doc209#3,2
doc209#5,2
doc21#0,2
doc21#1,2
doc21#2,2
doc21#3,2
doc210#0,2
doc210#1,2
doc210#10,2
doc210#2,2
doc210#3,2
doc210#4,2
doc210#5,2
doc210#6,2
doc210#7,2
doc210#8,2
doc210#9,2
doc211#4,2
doc211#5,2
doc211#6,2
doc212#0,2
doc212#1,2
doc212#2,2
doc212#3,2
doc212#4,2
doc212#5,2
doc212#6,2
doc212#7,2
doc212#8,2
doc212#9,2
doc213#1,2
doc213#2,2
doc213#3,2
doc213#4,2
doc213#5,2
doc214#0,2
doc214#1,2
doc214#2,2
doc214#3,2
doc214#4,2
doc214#5,2
doc214#6,2
doc214#7,2
doc215#1,2
doc215#2,2
doc215#3,2
doc216#1,2
doc216#2,2
doc216#3,2
doc216#4,0
doc216#5,2
doc216#6,2
doc217#1,2
doc217#3,2
doc217#4,2
doc217#6,2
doc217#7,2
doc218#0,2
doc218#1,2
doc218#2,2
doc218#4,2
doc218#5,2
doc218#6,2
doc219#0,2
doc219#1,2
doc219#10,2
doc219#11,2
doc219#12,2
doc219#15,2
doc219#2,2
doc219#5,2
doc219#6,2
doc219#7,2
doc219#8,2
doc22#1,2
doc22#2,2
doc22#3,2
doc22#4,2
doc22#5,2
doc22#6,2
doc22#7,2
doc220#0,2
doc220#1,2
doc220#2,2
doc220#3,2
doc220#4,2
doc220#5,2
doc221#0,2
doc221#1,2
doc221#2,2
doc221#3,2
doc221#4,2
doc221#5,2
doc221#6,2
doc221#7,2
doc221#8,2
doc221#9,2
doc222#0,2
doc222#1,2
doc222#2,2
doc222#3,2
doc222#4,2
doc222#5,2
doc223#0,2
doc223#1,2
doc223#2,2
doc223#3,2
doc223#4,2
doc224#0,2
doc224#2,2
doc225#0,2
doc225#1,2
doc225#2,2
doc225#3,2
doc225#4,2
doc225#5,2
doc226#0,2
doc226#1,2
doc226#2,2
doc226#3,2
doc227#0,2
doc227#1,2
doc227#2,2
doc227#3,2
doc228#0,2
doc228#3,2
doc229#0,2
doc229#1,2
doc229#3,2
doc229#4,2
doc229#5,2
doc229#6,2
doc229#7,2
doc229#8,2
doc23#1,2
doc23#2,2
doc23#3,2
doc23#5,2
doc23#6,2
doc23#7,2
doc23#8,2
doc230#1,2
doc230#2,2
doc230#4,2
doc230#5,2
doc230#6,2
doc230#7,2
doc231#1,2
doc231#2,2
doc231#4,2
doc231#5,2
doc231#6,2
doc231#7,2
doc231#8,2
doc232#0,2
doc232#1,2
doc232#2,2
doc232#3,2
doc232#4,2
doc232#5,2
doc233#0,2
doc233#1,2
doc233#2,2
doc233#3,2
doc233#4,2
doc234#0,2
doc234#2,2
doc235#0,2
doc235#1,2
doc235#10,2
doc235#11,2
doc235#12,2
doc235#13,2
doc235#2,2
doc235#3,2
doc235#4,2
doc235#5,2
doc235#6,2
doc235#7,2
doc235#8,2
doc236#1,2
doc236#2,2
doc236#3,2
doc236#6,2
doc237#0,2
doc237#1,2
doc237#2,2
doc237#3,2
doc238#0,2
doc238#1,2
doc238#2,2
doc238#3,2
doc239#1,2
doc24#0,2
doc24#1,2
doc24#2,2
doc24#3,2
doc24#4,2
doc24#6,2
doc240#0,2
doc240#2,2
doc241#0,2
doc241#1,2
doc241#2,2
doc241#3,2
doc241#4,2
doc241#5,2
doc242#0,2
doc242#1,2
doc242#2,2
doc242#3,2
doc242#4,2
doc242#5,2
doc242#6,2
doc242#7,2
doc243#0,2
doc243#1,2
doc243#10,2
doc243#12,2
doc243#13,2
doc243#14,2
doc243#15,2
doc243#16,2
doc243#2,2
doc243#3,2
doc243#4,2
doc243#5,2
doc243#6,2
doc243#8,2
doc243#9,2
doc244#0,2
doc244#1,2
doc244#2,2
doc244#3,2
doc244#4,2
doc244#5,2
doc245#1,2
doc245#10,2
doc245#12,2
doc245#2,2
doc245#3,2
doc245#4,2
doc245#5,2
doc245#6,2
doc245#7,2
doc245#8,2
doc246#1,2
doc246#2,2
doc246#6,2
doc247#0,2
doc247#3,2
doc247#4,2
doc248#0,2
doc248#1,2
doc248#2,2
doc248#3,2
doc248#4,2
doc249#0,2
doc249#1,2
doc249#2,2
doc25#0,2
doc25#1,2
doc25#2,2
doc25#3,2
doc25#4,2
doc250#0,2
doc250#1,2
doc250#2,2
doc250#3,2
doc250#4,2
doc250#5,2
doc251#2,2
doc251#3,2
doc251#4,2
doc252#0,2
doc252#1,2
doc252#10,2
doc252#11,2
doc252#12,2
doc252#13,2
doc252#14,2
doc252#2,2
doc252#3,2
doc252#5,2
doc252#6,2
doc252#7,2
doc252#8,2
doc252#9,2
doc253#1,2
doc253#2,2
doc253#3,2
doc253#4,2
doc253#5,2
doc253#6,2
doc253#7,2
doc254#1,2
doc254#2,2
doc254#3,2
doc255#0,2
doc255#11,2
doc255#12,2
doc255#13,0
doc255#14,2
doc255#15,2
doc255#17,2
doc255#18,2
doc255#19,2
doc255#2,0
doc255#20,2
doc255#22,2
doc255#23,2
doc255#24,2
doc255#25,2
doc255#26,2
doc255#27,2
doc255#28,2
doc255#30,0
doc255#4,2
doc255#5,2
doc255#7,2
doc255#8,2
doc255#9,0
doc256#1,2
doc256#3,2
doc257#0,2
doc257#1,2
doc257#2,2
doc257#3,2
doc257#4,2
doc257#5,2
doc258#0,2
doc258#1,2
doc258#2,2
doc258#3,2
doc259#1,2
doc259#2,2
doc259#3,2
doc259#4,2
doc259#5,2
doc26#0,2
doc26#1,2
doc26#2,2
doc26#3,2
doc26#4,2
doc260#1,2
doc260#3,2
doc260#4,2
doc261#0,2
doc261#1,2
doc261#2,2
doc261#3,2
doc262#0,2
doc262#2,2
doc262#3,2
doc262#4,2
doc262#5,2
doc262#6,2
doc263#0,2
doc263#1,2
doc263#3,2
doc264#1,2
doc264#2,2
doc264#5,2
doc265#0,2
doc265#1,2
doc265#10,2
doc265#11,2
doc265#13,2
doc265#2,2
doc265#3,2
doc265#4,2
doc265#6,2
doc265#7,2
doc265#9,2
doc266#0,2
doc266#1,2
doc266#2,2
doc266#3,2
doc266#4,2
doc266#6,2
doc267#0,2
doc267#1,2
doc267#2,2
doc268#0,2
doc268#1,2
doc268#10,2
doc268#11,2
doc268#12,2
doc268#2,2
doc268#3,2
doc268#4,2
doc268#5,2
doc268#6,2
doc268#7,2
doc268#8,2
doc268#9,2
doc269#0,2
doc269#1,2
doc269#2,2
doc269#3,2
doc27#0,2
doc27#1,2
doc27#2,2
doc27#3,1
doc27#4,2
doc27#5,2
doc270#0,2
doc270#2,2
doc270#3,2
doc270#4,2
doc270#5,2
doc270#6,2
doc270#7,2
doc271#0,2
doc271#2,2
doc271#3,2
doc271#4,2
doc272#0,2
doc272#1,2
doc272#2,2
doc272#5,2
doc272#6,2
doc273#1,2
doc273#2,2
doc274#1,2
doc274#11,2
doc274#15,2
doc274#16,2
doc274#2,2
doc274#3,2
doc274#5,2
doc274#6,2
doc275#0,2
doc275#1,2
doc275#2,2
doc275#3,2
doc275#4,2
doc275#5,2
doc275#6,2
doc275#7,2
doc276#0,2
doc276#1,2
doc276#2,2
doc276#3,2
doc276#4,2
doc276#5,2
doc277#0,2
doc277#1,2
doc277#2,2
doc277#3,2
doc277#4,2
doc277#5,2
doc277#7,2
doc278#0,2
doc278#1,2
doc278#2,2
doc278#3,2
doc278#4,2
doc278#5,2
doc279#0,2
doc279#1,2
doc28#1,2
doc28#2,2
doc28#3,2
doc28#4,2
doc28#7,2
doc28#8,2
doc280#0,2
doc280#1,2
doc280#10,2
doc280#11,2
doc280#2,2
doc280#6,2
doc280#7,2
doc280#8,2
doc280#9,2
doc281#0,2
doc281#1,2
doc281#2,2
doc281#3,2
doc281#4,2
doc281#5,2
doc281#6,2
doc281#7,2
doc282#1,2
doc282#2,2
doc282#3,2
doc283#0,2
doc283#1,2
doc283#2,2
doc283#3,2
doc283#4,2
doc284#0,2
doc284#1,2
doc284#2,2
doc284#3,2
doc284#4,2
doc284#5,2
doc285#0,2
doc285#10,2
doc285#11,2
doc285#12,2
doc285#2,2
doc285#3,2
doc285#4,2
doc285#6,2
doc285#7,2
doc285#8,2
doc286#1,2
doc286#2,2
doc286#3,2
doc286#4,2
doc287#0,2
doc287#1,2
doc287#2,2
doc287#3,2
doc288#0,2
doc288#1,2
doc288#2,2
doc288#3,2
doc288#4,2
doc288#5,2
doc288#6,2
doc289#1,2
doc289#2,2
doc289#3,2
doc29#0,2
doc29#1,2
doc29#2,2
doc29#3,2
doc29#4,2
doc29#5,2
doc29#6,2
doc29#7,2
doc29#8,2
doc29#9,2
doc290#0,2
doc290#1,2
doc290#2,2
doc290#3,2
doc290#4,2
doc290#6,2
doc290#7,2
doc291#0,2
doc291#1,2
doc291#2,2
doc291#3,2
doc291#4,2
doc292#0,2
doc292#1,2
doc292#2,2
doc292#8,2
doc292#9,2
doc293#1,2
doc293#2,2
doc293#4,2
doc293#5,2
doc293#6,2
doc293#7,2
doc294#0,2
doc294#1,2
doc294#2,2
doc294#3,2
doc294#4,2
doc295#0,2
doc295#1,2
doc295#2,2
doc295#3,2
doc295#4,2
doc295#5,2
doc295#6,2
doc296#1,2
doc296#2,2
doc296#3,2
doc297#0,2
doc297#1,2
doc297#2,2
doc298#0,2
doc298#1,2
doc298#10,2
doc298#11,2
doc298#12,2
doc298#13,2
doc298#14,2
doc298#15,2
doc298#16,2
doc298#17,2
doc298#3,2
doc298#4,2
doc298#5,2
doc298#7,2
doc298#8,2
doc299#0,2
doc299#1,2
doc299#10,2
doc299#11,2
doc299#12,2
doc299#2,2
doc299#3,2
doc299#5,2
doc299#6,2
doc299#7,2
doc3#1,2
doc3#11,2
doc3#12,2
doc3#13,2
doc3#14,2
doc3#15,2
doc3#2,2
doc3#3,2
doc3#4,2
doc3#5,2
doc3#6,2
doc3#7,2
doc3#8,2
doc3#9,2
doc30#0,2
doc30#1,2
doc30#2,2
doc30#3,2
doc30#6,2
doc300#0,2
doc300#1,2
doc301#0,2
doc301#1,2
doc301#2,2
doc301#3,2
doc301#5,2
doc302#0,2
doc302#1,2
doc302#10,2
doc302#11,2
doc302#12,2
doc302#13,2
doc302#14,2
doc302#15,2
doc302#16,2
doc302#17,2
doc302#18,2
doc302#19,2
doc302#2,2
doc302#3,2
doc302#4,2
doc302#5,2
doc302#6,2
doc302#7,2
doc302#8,2
doc302#9,2
doc303#0,2
doc303#1,2
doc303#11,2
doc303#2,2
doc303#3,2
doc303#5,2
doc303#6,2
doc303#7,2
doc303#9,2
doc304#0,2
doc304#1,2
doc304#2,2
doc304#3,2
doc304#4,2
doc304#5,2
doc304#6,2
doc304#7,2
doc304#8,2
doc305#0,2
doc305#1,2
doc305#2,2
doc305#3,2
doc305#4,2
doc305#5,2
doc306#0,2
doc306#1,2
doc306#2,2
doc306#4,2
doc306#5,2
doc307#0,2
doc307#1,2
doc307#2,2
doc307#3,2
doc307#4,2
doc307#5,2
doc307#6,2
doc308#1,2
doc308#2,2
doc308#3,2
doc308#4,2
doc309#0,2
doc309#1,2
doc309#2,2
doc309#3,2
doc31#0,2
doc31#1,2
doc31#2,2
doc31#4,2
doc31#5,2
doc310#0,2
doc310#1,2
doc310#2,2
doc310#3,2
doc310#4,2
doc311#0,2
doc311#1,2
doc311#2,2
doc311#3,2
doc311#4,2
doc312#0,2
doc312#1,2
doc312#2,2
doc313#1,2
doc313#2,2
doc313#3,2
doc313#4,2
doc313#6,2
doc314#2,2
doc314#3,2
doc314#4,2
doc314#5,2
doc314#6,2
doc314#7,2
doc314#8,2
doc314#9,2
doc315#1,2
doc315#2,2
doc315#3,2
doc315#4,2
doc315#5,2
doc315#6,2
doc316#1,2
doc316#2,2
doc316#3,2
doc316#4,2
doc317#3,2
doc317#4,2
doc318#0,2
doc318#1,2
doc318#2,2
doc318#3,2
doc319#0,2
doc319#1,2
doc319#2,2
doc319#3,2
doc32#0,2
doc32#1,2
doc32#2,2
doc32#3,2
doc32#4,2
doc32#5,2
doc32#6,2
doc320#0,2
doc320#2,2
doc320#3,2
doc320#4,2
doc320#5,2
doc320#6,2
doc321#0,2
doc321#1,2
doc321#2,2
doc321#3,2
doc321#7,2
doc322#10,2
doc322#12,2
doc322#3,2
doc322#5,2
doc322#6,2
doc322#7,2
doc322#9,2
doc323#0,2
doc323#1,2
doc323#2,2
doc323#3,2
doc323#4,2
doc323#5,2
doc324#0,2
doc324#1,2
doc324#2,2
doc324#3,2
doc324#4,2
doc324#5,2
doc324#6,2
doc325#0,2
doc325#1,2
doc325#2,2
doc325#3,2
doc325#4,2
doc326#0,2
doc326#1,2
doc326#3,2
doc326#4,2
doc327#0,2
doc327#1,2
doc327#2,2
doc327#3,2
doc327#4,2
doc327#5,2
doc327#6,2
doc328#0,2
doc328#1,2
doc328#2,2
doc329#1,2
doc329#2,2
doc329#3,2
doc329#4,2
doc329#6,2
doc329#7,2
doc33#0,2
doc33#1,2
doc33#2,2
doc33#3,2
doc33#4,2
doc33#5,2
doc33#6,2
doc33#7,2
doc33#8,2
doc33#9,2
doc330#10,2
doc330#12,2
doc330#14,2
doc330#15,2
doc330#16,2
doc330#17,2
doc330#19,2
doc330#2,2
doc330#20,2
doc330#21,2
doc330#3,2
doc330#4,2
doc330#6,2
doc330#7,2
doc330#9,2
doc331#1,2
doc331#2,2
doc331#3,2
doc331#4,2
doc331#5,2
doc332#2,2
doc332#3,2
doc332#4,2
doc332#5,2
doc332#6,2
doc333#0,2
doc333#1,2
doc333#2,2
doc333#4,2
doc333#5,2
doc333#6,2
doc333#7,2
doc333#8,2
doc334#0,2
doc334#1,2
doc334#2,2
doc334#3,2
doc334#4,2
doc335#0,2
doc335#1,2
doc335#2,2
doc335#3,2
doc335#6,2
doc335#7,2
doc335#8,2
doc336#0,2
doc336#1,2
doc336#2,2
doc337#11,2
doc337#12,2
doc337#13,2
doc337#2,2
doc337#3,2
doc337#4,2
doc337#5,2
doc337#7,2
doc337#8,2
doc337#9,2
doc338#0,2
doc338#3,2
doc338#4,2
doc339#0,2
doc339#1,2
doc339#2,2
doc339#3,2
doc339#4,2
doc339#5,2
doc339#6,2
doc339#7,2
doc339#8,2
doc34#14,2
doc34#15,2
doc34#2,2
doc34#7,2
doc34#9,2
doc340#0,2
doc340#1,2
doc340#10,2
doc340#12,2
doc340#14,2
doc340#15,2
doc340#4,2
doc340#5,2
doc340#6,2
doc340#8,2
doc341#0,2
doc341#1,2
doc341#3,2
doc341#4,2
doc342#0,2
doc342#1,2
doc342#2,2
doc342#3,2
doc342#4,2
doc342#5,2
doc343#0,2
doc343#1,2
doc343#2,2
doc343#4,2
doc343#5,2
doc343#6,2
doc343#7,2
doc344#0,2
doc344#1,2
doc344#2,2
doc344#3,2
doc344#4,2
doc344#6,2
doc344#7,2
doc344#8,2
doc344#9,2
doc345#0,2
doc345#1,2
doc345#2,2
doc345#3,2
doc346#1,2
doc346#11,2
doc346#12,2
doc346#2,2
doc346#3,2
doc346#4,2
doc346#5,2
doc346#6,2
doc346#7,2
doc347#0,2
doc347#1,2
doc347#10,2
doc347#11,2
doc347#12,2
doc347#2,2
doc347#3,2
doc347#4,2
doc347#5,2
doc347#6,2
doc347#7,2
doc347#8,2
doc347#9,2
doc348#0,2
doc348#1,2
doc348#2,2
doc348#3,2
doc348#4,2
doc348#5,2
doc349#0,2
doc349#1,2
doc349#10,2
doc349#11,2
doc349#3,2
doc349#4,2
doc349#6,2
doc349#8,2
doc349#9,2
doc35#0,2
doc35#1,2
doc35#2,2
doc35#3,2
doc35#4,2
doc350#1,2
doc350#2,2
doc350#3,2
doc350#4,2
doc350#5,2
doc350#6,2
doc350#7,2
doc351#0,2
doc351#1,2
doc351#10,2
doc351#11,2
doc351#12,2
doc351#2,2
doc351#3,2
doc351#4,2
doc351#5,2
doc351#6,2
doc351#7,2
doc351#8,2
doc351#9,2
doc352#0,2
doc352#1,2
doc352#2,2
doc352#3,2
doc353#0,2
doc353#2,2
doc353#3,2
doc353#4,2
doc353#5,2
doc353#6,2
doc354#0,2
doc354#1,2
doc354#2,2
doc354#3,2
doc354#4,2
doc354#5,2
doc354#6,2
doc355#0,2
doc355#1,2
doc355#2,2
doc356#0,2
doc356#1,2
doc356#2,2
doc356#3,2
doc356#4,2
doc356#6,2
doc357#0,2
doc357#1,2
doc357#2,2
doc357#3,2
doc357#5,2
doc358#0,2
doc358#2,2
doc358#4,2
doc358#5,2
doc358#6,2
doc358#8,2
doc359#0,2
doc359#1,2
doc359#10,2
doc359#11,2
doc359#2,2
doc359#3,2
doc359#4,2
doc359#5,2
doc359#6,2
doc359#7,2
doc359#8,2
doc359#9,2
doc36#0,2
doc36#1,2
doc36#5,2
doc36#6,2
doc360#0,2
doc360#1,2
doc360#3,2
doc361#3,2
doc361#5,2
doc361#7,2
doc361#8,2
doc361#9,2
doc362#0,2
doc362#1,2
doc362#10,2
doc362#11,2
doc362#2,2
doc362#3,2
doc362#4,2
doc362#5,2
doc362#6,2
doc362#7,2
doc362#8,2
doc362#9,2
doc363#0,2
doc363#1,2
doc363#2,2
doc363#3,2
doc363#4,2
doc363#5,2
doc363#6,2
doc364#0,2
doc364#1,2
doc364#2,2
doc364#3,2
doc364#4,2
doc364#5,2
doc365#0,2
doc365#1,2
doc365#3,2
doc365#4,2
doc365#5,2
doc366#0,2
doc366#1,2
doc366#2,2
doc366#5,2
doc366#6,2
doc366#7,2
doc366#8,2
doc367#0,2
doc367#1,2
doc367#2,2
doc367#3,2
doc367#4,2
doc367#5,2
doc367#6,2
doc367#7,2
doc367#8,2
doc368#0,2
doc368#1,2
doc368#2,2
doc368#3,2
doc368#4,2
doc368#5,2
doc368#6,2
doc368#7,2
doc368#8,2
doc369#0,2
doc369#1,2
doc369#10,2
doc369#11,2
doc369#12,2
doc369#13,2
doc369#14,2
doc369#2,2
doc369#3,2
doc369#4,2
doc369#5,2
doc369#6,2
doc369#7,2
doc369#8,2
doc369#9,2
doc37#0,2
doc37#1,2
doc37#2,2
doc370#0,2
doc370#1,2
doc370#2,2
doc370#3,2
doc371#0,2
doc371#1,2
doc371#2,2
doc371#3,2
doc371#4,2
doc371#5,2
doc371#7,2
doc372#0,2
doc372#1,2
doc372#2,2
doc372#3,2
doc372#4,2
doc373#0,2
doc373#1,2
doc373#10,2
doc373#2,2
doc373#3,2
doc373#4,2
doc373#5,2
doc373#7,2
doc373#8,2
doc373#9,2
doc374#0,2
doc374#1,2
doc374#2,2
doc374#3,2
doc375#3,2
doc375#4,2
doc375#5,2
doc375#6,2
doc375#7,2
doc375#8,2
doc375#9,2
doc376#0,2
doc376#1,2
doc376#2,2
doc376#3,2
doc377#0,2
doc377#1,2
doc377#2,2
doc377#3,2
doc378#0,2
doc378#1,2
doc378#2,2
doc378#4,2
doc378#5,2
doc379#0,2
doc379#1,2
doc379#2,2
doc379#3,2
doc379#4,2
doc38#0,2
doc38#1,2
doc38#2,2
doc38#3,2
doc38#4,2
doc380#0,2
doc380#1,2
doc380#2,2
doc380#3,2
doc380#4,2
doc380#5,2
doc381#0,2
doc381#1,2
doc381#2,2
doc381#3,2
doc382#0,2
doc382#1,2
doc382#11,2
doc382#2,2
doc382#3,2
doc382#5,2
doc382#6,2
doc382#7,2
doc382#8,2
doc383#0,2
doc383#1,2
doc383#4,2
doc383#6,2
doc383#7,2
doc383#8,2
doc383#9,2
doc384#1,2
doc384#2,2
doc384#3,2
doc384#4,2
doc384#5,2
doc384#6,2
doc384#7,2
doc384#9,2
doc385#0,2
doc385#1,2
doc385#3,2
doc385#5,2
doc386#0,2
doc386#1,2
doc386#2,2
doc386#3,2
doc386#5,2
doc386#6,2
doc386#7,2
doc387#0,2
doc387#1,2
doc387#10,2
doc387#11,2
doc387#12,2
doc387#13,2
doc387#2,2
doc387#3,2
doc387#4,2
doc387#6,2
doc387#7,2
doc387#8,2
doc387#9,2
doc388#0,2
doc388#1,2
doc388#2,2
doc389#0,2
doc389#1,2
doc389#2,2
doc389#3,2
doc389#4,2
doc389#5,2
doc389#6,2
doc389#7,2
doc39#0,2
doc39#1,2
doc39#2,2
doc39#3,2
doc390#0,2
doc390#1,2
doc390#2,2
doc390#3,2
doc390#4,2
doc390#5,2
doc390#6,2
doc391#0,2
doc391#1,2
doc391#2,2
doc391#3,2
doc391#4,2
doc391#5,2
doc391#6,2
doc391#7,2
doc391#8,2
doc391#9,2
doc392#0,2
doc392#1,2
doc392#2,2
doc392#3,2
doc392#4,2
doc393#2,2
doc393#3,2
doc393#5,2
doc393#6,2
doc393#7,2
doc394#1,2
doc394#2,2
doc394#3,2
doc394#4,2
doc394#5,2
doc394#6,2
doc395#1,2
doc395#2,2
doc395#3,2
doc395#4,2
doc395#5,2
doc395#6,2
doc396#1,2
doc396#3,2
doc396#4,2
doc396#5,2
doc396#6,2
doc396#7,2
doc397#1,2
doc397#2,2
doc397#3,2
doc397#4,2
doc397#5,2
doc397#6,2
doc398#0,2
doc398#2,2
doc398#3,2
doc399#0,2
doc399#1,2
doc399#2,2
doc4#1,2
doc4#4,2
doc4#6,2
doc4#7,2
doc40#0,2
doc40#1,2
doc40#2,2
doc40#3,2
doc40#4,2
doc400#0,2
doc400#1,2
doc400#2,2
doc400#4,2
doc400#5,2
doc401#3,2
doc402#0,2
doc402#1,2
doc402#2,2
doc402#3,2
doc403#0,2
doc403#1,2
doc403#10,2
doc403#11,2
doc403#12,2
doc403#2,2
doc403#3,2
doc403#4,2
doc403#5,2
doc403#6,2
doc403#7,2
doc403#8,2
doc403#9,2
doc404#2,2
doc404#3,2
doc404#4,2
doc404#5,2
doc404#6,2
doc405#0,2
doc405#1,2
doc405#2,2
doc406#0,2
doc406#1,2
doc406#2,2
doc406#3,2
doc406#4,2
doc406#5,2
doc406#6,2
doc406#7,2
doc406#8,2
doc407#0,2
doc407#1,2
doc407#2,2
doc407#3,2
doc407#4,2
doc407#6,2
doc408#0,2
doc408#1,2
doc408#2,2
doc409#2,2
doc409#3,2
doc41#1,2
doc41#2,2
doc41#3,2
doc41#4,2
doc410#0,2
doc410#1,2
doc410#10,2
doc410#2,2
doc410#3,2
doc410#4,2
doc410#5,2
doc410#6,2
doc410#7,2
doc410#8,2
doc410#9,2
doc411#0,2
doc411#10,2
doc411#2,2
doc411#3,2
doc411#4,2
doc411#5,2
doc411#6,2
doc411#7,2
doc411#8,2
doc411#9,2
doc412#0,2
doc412#1,2
doc412#2,2
doc413#0,2
doc413#1,2
doc413#2,2
doc413#3,2
doc413#4,2
doc413#5,2
doc413#6,2
doc413#7,2
doc414#0,2
doc414#1,2
doc414#2,2
doc414#3,2
doc414#4,2
doc414#5,2
doc414#6,2
doc414#7,2
doc414#8,2
doc415#0,2
doc415#2,2
doc415#3,2
doc416#0,2
doc416#1,2
doc416#2,2
doc416#3,2
doc416#4,2
doc416#5,2
doc416#6,2
doc417#0,2
doc417#1,2
doc417#2,2
doc417#3,2
doc417#4,2
doc417#5,2
doc417#6,2
doc418#0,2
doc418#1,2
doc418#2,2
doc418#3,2
doc418#4,2
doc418#5,2
doc419#1,2
doc419#2,2
doc419#3,2
doc419#5,2
doc42#0,2
doc42#1,2
doc42#2,2
doc42#3,2
doc420#0,2
doc420#1,2
doc420#2,2
doc420#3,2
doc421#1,2
doc421#2,2
doc421#3,2
doc421#4,2
doc421#5,2
doc422#0,2
doc422#1,2
doc423#0,2
doc423#3,2
doc423#4,2
doc423#5,2
doc423#8,2
doc424#0,2
doc424#1,2
doc424#4,2
doc424#5,2
doc424#7,2
doc425#0,2
doc425#1,2
doc425#2,2
doc425#3,2
doc425#4,2
doc425#5,2
doc426#1,2
doc426#2,2
doc427#1,2
doc427#12,2
doc427#4,2
doc427#5,2
doc427#7,2
doc427#8,2
doc427#9,2
doc428#0,2
doc428#7,2
doc429#0,2
doc429#1,2
doc429#10,2
doc429#2,2
doc429#3,2
doc429#4,2
doc429#8,2
doc43#5,2
doc43#7,2
doc43#8,2
doc430#0,2
doc430#1,2
doc430#10,2
doc430#5,2
doc430#6,2
doc430#7,2
doc430#9,2
doc431#0,2
doc431#1,2
doc431#2,2
doc431#3,2
doc431#4,2
doc432#0,2
doc432#1,2
doc432#3,2
doc433#0,2
doc433#1,2
doc433#3,2
doc434#1,2
doc434#2,2
doc434#3,2
doc434#4,2
doc434#5,2
doc435#0,2
doc435#1,2
doc435#2,2
doc435#3,2
doc435#4,2
doc435#5,2
doc435#6,2
doc435#7,2
doc436#0,2
doc436#1,2
doc436#10,2
doc436#11,2
doc436#12,2
doc436#13,2
doc436#14,2
doc436#2,2
doc436#3,2
doc436#4,2
doc436#5,2
doc436#6,2
doc436#8,2
doc436#9,2
doc437#0,2
doc437#1,2
doc437#10,2
doc437#11,2
doc437#12,2
doc437#13,2
doc437#14,2
doc437#2,2
doc437#3,2
doc437#4,2
doc437#5,2
doc437#6,2
doc437#7,2
doc437#8,2
doc437#9,2
doc438#0,2
doc438#1,2
doc438#2,2
doc438#3,2
doc438#4,2
doc438#5,2
doc438#6,2
doc438#8,2
doc438#9,2
doc439#0,2
doc439#10,2
doc439#11,2
doc439#12,0
doc439#13,2
doc439#2,2
doc439#3,2
doc439#5,2
doc44#0,2
doc44#1,2
doc44#2,2
doc44#3,2
doc44#4,2
doc44#5,2
doc44#6,2
doc44#7,2
doc440#1,2
doc440#2,2
doc440#3,2
doc440#4,2
doc440#5,2
doc441#0,2
doc441#1,2
doc441#2,2
doc441#3,2
doc441#5,2
doc441#6,2
doc441#7,2
doc442#3,2
doc442#4,2
doc443#1,2
doc443#10,2
doc443#11,2
doc443#12,2
doc443#13,2
doc443#9,2
doc444#0,2
doc444#1,2
doc444#3,2
doc445#1,2
doc445#3,2
doc445#4,2
doc445#5,2
doc445#6,2
doc445#8,2
doc445#9,2
doc446#1,2
doc446#10,2
doc446#11,2
doc446#12,2
doc446#2,2
doc446#3,2
doc446#4,2
doc446#8,2
doc446#9,2
doc447#0,2
doc447#1,2
doc447#2,2
doc447#3,2
doc448#2,2
doc448#3,2
doc448#4,2
doc448#5,2
doc448#7,2
doc448#8,2
doc448#9,2
doc449#1,2
doc449#2,2
doc449#3,2
doc449#4,2
doc449#5,2
doc449#6,2
doc45#0,2
doc45#1,2
doc45#2,2
doc45#3,1
doc450#5,2
doc450#6,2
doc450#7,2
doc450#8,2
doc450#9,2
doc451#0,2
doc451#2,2
doc451#3,2
doc451#4,2
doc451#5,2
doc451#6,2
doc452#0,2
doc452#1,2
doc452#3,2
doc452#4,2
doc452#5,2
doc452#6,2
doc453#0,2
doc453#1,2
doc453#10,2
doc453#11,2
doc453#2,2
doc453#3,2
doc453#4,2
doc453#5,2
doc453#6,2
doc453#7,2
doc453#8,2
doc453#9,2
doc454#2,2
doc454#3,2
doc454#4,2
doc454#5,2
doc454#6,2
doc455#0,2
doc455#3,2
doc456#0,2
doc456#1,2
doc456#2,2
doc456#4,2
doc456#5,2
doc457#0,2
doc457#1,2
doc457#2,2
doc458#0,2
doc458#1,2
doc458#2,2
doc458#3,2
doc458#4,2
doc459#0,2
doc459#1,2
doc459#2,2
doc459#3,2
doc46#0,2
doc46#1,2
doc46#2,2
doc46#3,2
doc46#4,2
doc46#5,2
doc46#6,2
doc46#7,2
doc46#8,2
doc46#9,2
doc460#0,2
doc460#1,2
doc460#2,2
doc460#3,2
doc461#0,2
doc461#1,2
doc461#11,2
doc461#12,2
doc461#2,2
doc461#4,2
doc461#5,2
doc461#6,2
doc461#7,2
doc461#8,2
doc462#0,2
doc462#1,2
doc462#2,2
doc462#3,2
doc462#4,2
doc462#5,2
doc462#6,2
doc463#1,2
doc463#2,2
doc463#3,2
doc463#4,2
doc463#6,2
doc463#7,2
doc463#8,2
doc464#0,2
doc464#1,2
doc464#10,2
doc464#3,2
doc464#5,2
doc464#6,2
doc464#7,2
doc464#8,2
doc464#9,2
doc465#0,2
doc465#1,2
doc465#2,2
doc466#0,2
doc466#1,2
doc466#2,2
doc466#3,2
doc466#4,2
doc466#5,2
doc467#0,2
doc467#1,2
doc468#0,2
doc468#1,2
doc468#2,2
doc468#3,2
doc468#4,2
doc468#5,2
doc468#6,2
doc468#7,2
doc469#0,2
doc469#4,2
doc47#1,2
doc47#2,2
doc47#3,2
doc47#4,2
doc470#0,2
doc470#1,2
doc470#2,2
doc470#3,2
doc470#5,2
doc471#1,2
doc471#2,2
doc471#3,2
doc471#4,2
doc471#5,2
doc472#0,2
doc472#1,2
doc472#2,2
doc472#3,2
doc472#5,2
doc472#6,2
doc472#7,2
doc472#8,2
doc473#0,2
doc473#1,2
doc473#3,2
doc473#4,2
doc473#5,2
doc474#0,2
doc474#1,2
doc474#2,2
doc474#3,2
doc474#4,2
doc474#5,2
doc475#1,2
doc475#2,2
doc475#3,2
doc475#4,2
doc475#5,2
doc476#1,2
doc476#10,2
doc476#12,2
doc476#13,2
doc476#14,2
doc476#2,2
doc476#3,2
doc476#7,2
doc476#8,2
doc476#9,2
doc477#0,2
doc477#1,2
doc477#2,2
doc477#3,2
doc477#4,2
doc478#0,2
doc478#1,2
doc478#2,2
doc478#3,2
doc478#4,2
doc479#0,2
doc479#1,2
doc479#2,2
doc479#3,2
doc479#4,2
doc479#5,2
doc479#6,2
doc479#7,2
doc479#8,2
doc479#9,0
doc48#0,2
doc48#1,2
doc480#0,2
doc480#1,2
doc481#0,2
doc481#1,2
doc481#2,2
doc481#3,2
doc481#4,2
doc482#0,2
doc483#0,2
doc483#1,2
doc483#2,2
doc483#3,2
doc483#4,2
doc483#5,2
doc483#6,2
doc483#7,2
doc483#8,2
doc484#0,2
doc484#1,2
doc484#2,2
doc484#3,2
doc485#0,2
doc485#1,2
doc485#3,2
doc485#4,2
doc485#5,2
doc485#6,2
doc485#7,2
doc486#0,2
doc486#1,2
doc486#2,2
doc487#0,2
doc487#2,2
doc487#5,2
doc488#0,2
doc488#1,2
doc488#2,2
doc488#3,2
doc489#0,2
doc489#1,2
doc489#2,2
doc489#4,2
doc49#0,2
doc49#1,2
doc49#2,2
doc49#3,2
doc49#4,2
doc490#0,2
doc490#1,2
doc490#2,2
doc490#3,2
doc490#5,2
doc491#0,2
doc491#1,2
doc491#2,2
doc491#3,2
doc491#4,2
doc491#5,0
doc491#6,2
doc491#7,2
doc491#8,1
doc492#0,2
doc492#1,2
doc492#2,2
doc492#3,2
doc493#0,2
doc493#1,2
doc493#2,2
doc493#3,2
doc493#4,2
doc493#5,2
doc493#6,2
doc493#7,2
doc494#0,2
doc494#1,2
doc494#10,2
doc494#2,2
doc494#3,2
doc494#4,2
doc494#5,2
doc494#6,2
doc494#7,2
doc494#8,2
doc494#9,2
doc495#0,2
doc495#1,2
doc495#2,2
doc495#3,2
doc495#4,2
doc496#0,2
doc496#1,2
doc497#0,2
doc497#1,2
doc497#2,2
doc497#3,2
doc497#4,2
doc498#0,2
doc498#1,2
doc498#10,2
doc498#2,2
doc498#3,2
doc498#4,2
doc498#5,2
doc498#6,2
doc498#7,2
doc498#8,2
doc498#9,2
doc499#0,2
doc499#1,2
doc499#2,2
doc499#3,2
doc5#1,2
doc5#10,2
doc5#3,2
doc5#4,2
doc5#5,2
doc5#7,2
doc5#8,2
doc50#0,2
doc50#2,2
doc50#3,2
doc50#4,2
doc50#5,2
doc500#0,2
doc500#1,2
doc500#2,2
doc500#3,2
doc500#4,2
doc500#5,2
doc500#6,2
doc500#7,2
doc501#0,2
doc501#1,2
doc501#2,2
doc502#3,2
doc503#1,2
doc503#2,2
doc503#3,2
doc503#4,2
doc503#6,2
doc504#0,2
doc504#1,2
doc504#2,2
doc504#4,2
doc504#8,2
doc505#0,2
doc505#1,2
doc505#2,2
doc505#3,2
doc505#4,2
doc506#4,2
doc506#5,2
doc506#6,2
doc506#7,2
doc507#0,2
doc507#4,2
doc508#0,2
doc508#1,2
doc508#2,2
doc508#3,2
doc508#4,2
doc509#0,2
doc509#1,2
doc509#2,2
doc509#4,2
doc51#1,2
doc51#2,2
doc51#3,2
doc51#5,2
doc510#0,2
doc510#1,2
doc510#2,2
doc510#3,2
doc510#4,2
doc510#5,2
doc510#6,2
doc510#7,2
doc511#3,0
doc511#4,2
doc511#7,2
doc511#8,2
doc512#1,2
doc512#10,2
doc512#11,2
doc512#12,2
doc512#13,2
doc512#14,2
doc512#2,2
doc512#3,2
doc512#4,2
doc512#5,2
doc512#6,2
doc512#7,2
doc512#8,2
doc512#9,2
doc513#0,2
doc513#1,2
doc513#10,2
doc513#11,2
doc513#12,2
doc513#13,2
doc513#14,2
doc513#15,2
doc513#16,2
doc513#2,2
doc513#3,2
doc513#4,2
doc513#5,2
doc513#6,2
doc513#7,2
doc513#8,2
doc513#9,2
doc514#0,2
doc514#1,2
doc514#2,2
doc514#3,2
doc515#0,2
doc515#1,2
doc515#2,2
doc515#3,2
doc515#4,2
doc515#6,2
doc515#7,2
doc516#0,2
doc516#1,2
doc516#2,2
doc516#3,2
doc516#4,2
doc516#5,2
doc517#0,2
doc517#3,2
doc517#4,2
doc517#6,2
doc517#7,2
doc518#0,2
doc518#1,2
doc518#2,2
doc518#3,2
doc518#4,2
doc518#5,2
doc518#6,2
doc518#7,2
doc518#8,2
doc519#0,2
doc519#1,2
doc519#2,2
doc519#4,2
doc519#5,2
doc519#6,2
doc52#1,2
doc52#10,2
doc52#12,2
doc52#14,2
doc52#16,2
doc52#18,2
doc52#2,2
doc52#20,2
doc52#22,2
doc52#24,2
doc52#25,2
doc52#27,2
doc52#28,2
doc52#4,2
doc52#6,2
doc52#8,2
doc520#0,2
doc520#1,2
doc520#10,2
doc520#11,2
doc520#12,2
doc520#13,2
doc520#14,2
doc520#15,2
doc520#2,2
doc520#3,2
doc520#4,2
doc520#5,2
doc520#6,2
doc520#7,2
doc520#8,2
doc520#9,2
doc521#0,2
doc521#1,2
doc521#2,2
doc521#3,2
doc521#4,2
doc521#5,2
doc522#0,2
doc522#1,2
doc522#2,2
doc522#3,2
doc522#4,2
doc522#5,2
doc522#6,2
doc523#0,2
doc523#1,2
doc523#2,2
doc523#3,2
doc524#0,2
doc524#1,2
doc524#10,2
doc524#11,2
doc524#12,2
doc524#13,2
doc524#2,2
doc524#5,2
doc524#6,2
doc524#7,2
doc524#9,2
doc525#1,2
doc525#2,2
doc525#3,2
doc526#0,2
doc526#1,2
doc526#2,2
doc526#3,2
doc526#4,2
doc527#0,2
doc527#1,2
doc527#2,2
doc527#3,2
doc527#4,2
doc527#5,2
doc527#6,2
doc527#7,2
doc527#8,2
doc527#9,2
doc528#0,2
doc528#1,2
doc528#3,2
doc528#5,2
doc529#1,2
doc529#3,2
doc529#4,2
doc529#5,2
doc529#6,2
doc53#10,2
doc53#11,2
doc53#12,2
doc53#13,2
doc53#14,2
doc53#15,2
doc53#16,2
doc53#17,2
doc53#18,2
doc53#19,2
doc53#2,2
doc53#3,2
doc53#4,2
doc53#5,2
doc53#6,2
doc53#7,2
doc53#8,2
doc53#9,2
doc530#0,2
doc530#1,2
doc530#2,2
doc530#4,2
doc530#6,2
doc530#7,2
doc530#8,2
doc531#0,2
doc531#1,2
doc531#2,2
doc531#3,2
doc531#4,2
doc531#6,2
doc531#7,2
doc531#8,2
doc532#0,2
doc532#10,2
doc532#11,2
doc532#12,2
doc532#13,2
doc532#14,2
doc532#15,2
doc532#2,2
doc532#3,2
doc532#4,2
doc532#5,2
doc532#7,2
doc532#8,2
doc532#9,2
doc533#2,2
doc533#4,2
doc533#5,2
doc533#6,2
doc533#7,2
doc533#8,2
doc533#9,2
doc534#0,2
doc534#16,2
doc534#5,2
doc534#6,2
doc534#7,2
doc534#8,2
doc534#9,2
doc535#0,2
doc535#1,2
doc535#2,2
doc535#3,2
doc535#4,2
doc535#5,2
doc535#6,2
doc536#0,2
doc536#1,2
doc536#2,2
doc536#3,2
doc536#4,2
doc536#5,2
doc536#6,2
doc537#0,2
doc537#1,2
doc537#2,2
doc537#3,2
doc538#1,2
doc538#5,2
doc538#7,2
doc539#0,2
doc539#1,2
doc539#2,2
doc539#3,2
doc539#4,2
doc54#0,2
doc54#1,2
doc54#2,2
doc54#4,2
doc540#0,2
doc540#1,2
doc540#10,2
doc540#11,2
doc540#2,2
doc540#3,2
doc540#4,2
doc540#5,2
doc540#6,2
doc540#7,2
doc540#8,2
doc540#9,2
doc541#1,2
doc541#2,2
doc541#3,2
doc541#4,2
doc541#7,2
doc541#8,2
doc542#8,2
doc542#9,2
doc543#0,2
doc543#1,2
doc543#10,2
doc543#12,2
doc543#13,2
doc543#2,2
doc543#4,2
doc543#6,2
doc543#8,2
doc543#9,2
doc544#0,2
doc544#1,2
doc544#11,2
doc544#3,2
doc544#4,2
doc544#5,2
doc544#6,2
doc544#7,2
doc544#8,2
doc544#9,2
doc545#0,2
doc545#1,2
doc545#10,2
doc545#11,2
doc545#12,2
doc545#2,2
doc545#3,2
doc545#4,2
doc545#7,2
doc545#8,2
doc545#9,2
doc546#1,2
doc546#3,2
doc546#5,2
doc546#8,2
doc547#0,2
doc547#1,2
doc547#2,2
doc547#3,2
doc547#5,2
doc547#6,2
doc547#7,2
doc547#8,2
doc547#9,2
doc548#1,2
doc548#10,2
doc548#11,2
doc548#12,2
doc548#13,2
doc548#14,2
doc548#3,2
doc548#5,2
doc548#6,2
doc548#8,2
doc548#9,2
doc549#0,2
doc549#1,2
doc549#2,2
doc549#5,2
doc549#6,2
doc549#7,2
doc55#0,2
doc55#1,2
doc55#10,2
doc55#11,2
doc55#2,2
doc55#3,2
doc55#4,2
doc55#5,2
doc55#6,2
doc55#7,2
doc55#8,2
doc55#9,2
doc550#0,2
doc550#1,2
doc550#2,2
doc550#3,2
doc550#4,2
doc550#5,2
doc550#6,2
doc551#0,2
doc551#1,2
doc551#2,2
doc551#3,2
doc551#4,2
doc551#5,2
doc551#6,2
doc552#0,2
doc552#1,2
doc552#2,2
doc552#3,2
doc552#4,2
doc552#5,2
doc552#6,2
doc553#1,2
doc553#2,2
doc553#3,2
doc553#5,2
doc554#0,2
doc554#1,2
doc554#10,2
doc554#11,2
doc554#3,2
doc554#4,2
doc554#5,2
doc554#7,2
doc554#8,2
doc554#9,2
doc555#1,2
doc555#2,2
doc555#3,2
doc555#4,2
doc555#5,2
doc556#0,2
doc556#1,2
doc556#2,2
doc556#3,2
doc556#4,2
doc556#5,2
doc556#6,2
doc557#0,2
doc557#1,2
doc557#2,2
doc557#3,2
doc558#1,2
doc558#2,2
doc558#4,2
doc559#0,2
doc559#1,2
doc559#2,2
doc559#3,2
doc56#0,2
doc56#1,2
doc56#2,2
doc56#3,2
doc56#4,2
doc56#5,1
doc56#6,1
doc56#7,1
doc56#8,2
doc560#0,2
doc560#1,2
doc560#2,2
doc560#3,2
doc560#4,2
doc560#5,2
doc560#6,2
doc561#0,2
doc561#1,2
doc561#2,2
doc561#3,2
doc561#4,2
doc561#5,2
doc561#6,2
doc562#0,2
doc562#1,2
doc562#2,2
doc562#3,2
doc562#4,2
doc562#5,2
doc562#6,2
doc562#7,2
doc563#0,2
doc563#1,2
doc563#2,2
doc563#3,2
doc564#0,2
doc564#1,2
doc564#2,2
doc564#3,2
doc565#0,2
doc565#1,2
doc565#2,2
doc565#3,2
doc565#4,2
doc565#5,2
doc566#0,2
doc566#1,2
doc566#2,2
doc566#3,2
doc566#4,2
doc566#5,2
doc566#6,2
doc566#7,2
doc567#0,2
doc567#1,2
doc567#2,2
doc568#0,2
doc568#1,2
doc568#2,2
doc568#3,2
doc568#4,2
doc568#5,2
doc568#6,2
doc569#0,2
doc569#1,2
doc569#2,2
doc569#5,2
doc569#6,2
doc569#7,2
doc57#1,2
doc57#2,2
doc570#0,1
doc570#1,2
doc570#10,2
doc570#11,2
doc570#2,2
doc570#3,2
doc570#4,2
doc570#5,2
doc570#6,2
doc570#7,2
doc570#8,2
doc570#9,2
doc571#0,2
doc571#1,2
doc571#6,2
doc571#7,2
doc572#1,2
doc572#2,2
doc572#3,2
doc572#4,2
doc572#5,2
doc572#7,2
doc573#1,2
doc573#2,2
doc573#3,2
doc573#5,2
doc574#0,2
doc574#1,2
doc574#2,2
doc574#3,2
doc574#4,2
doc575#1,2
doc575#2,2
doc575#3,2
doc575#4,2
doc576#0,2
doc576#1,2
doc576#2,2
doc576#3,2
doc576#4,2
doc576#5,2
doc576#6,2
doc577#3,2
doc577#4,2
doc578#0,2
doc578#1,2
doc578#2,2
doc578#3,2
doc578#5,2
doc578#6,2
doc578#7,2
doc579#0,2
doc579#1,2
doc579#2,2
doc579#3,2
doc579#4,2
doc579#5,2
doc579#6,2
doc58#0,2
doc58#1,2
doc58#2,2
doc58#3,2
doc58#4,2
doc58#5,2
doc58#6,2
doc58#7,2
doc580#0,2
doc580#1,2
doc580#2,2
doc581#0,2
doc581#1,2
doc581#10,2
doc581#11,2
doc581#12,2
doc581#13,2
doc581#14,2
doc581#15,2
doc581#16,2
doc581#17,2
doc581#3,2
doc581#4,2
doc581#5,2
doc581#6,2
doc581#7,2
doc581#8,2
doc581#9,2
doc582#2,2
doc582#3,2
doc582#4,2
doc582#5,2
doc582#6,2
doc583#0,2
doc583#1,2
doc583#2,2
doc583#3,2
doc583#4,2
doc583#5,2
doc583#6,2
doc583#7,2
doc583#8,2
doc584#0,2
doc584#1,2
doc584#2,2
doc584#3,2
doc585#0,2
doc585#1,2
doc585#2,2
doc585#3,2
doc585#4,2
doc585#5,2
doc585#6,2
doc586#1,2
doc586#11,2
doc586#2,2
doc586#4,2
doc586#6,2
doc586#7,2
doc586#8,2
doc586#9,2
doc587#0,2
doc587#1,2
doc587#2,2
doc587#5,2
doc587#6,2
doc587#7,2
doc587#8,2
doc587#9,2
doc588#0,2
doc588#1,2
doc588#3,2
doc588#4,2
doc588#5,2
doc589#2,2
doc589#3,2
doc589#8,2
doc59#10,2
doc59#11,2
doc59#12,2
doc59#15,2
doc59#16,2
doc59#2,2
doc59#3,2
doc59#4,2
doc59#8,2
doc59#9,2
doc590#0,2
doc590#1,2
doc590#2,2
doc590#3,2
doc590#4,2
doc591#0,2
doc591#1,2
doc591#2,2
doc591#3,2
doc591#4,0
doc591#5,2
doc592#0,2
doc592#1,2
doc592#2,2
doc592#3,2
doc592#4,2
doc593#0,2
doc593#1,2
doc593#2,2
doc593#3,2
doc593#4,2
doc593#5,2
doc593#6,2
doc594#1,2
doc594#3,2
doc594#4,2
doc594#5,2
doc594#6,2
doc595#0,2
doc595#4,2
doc595#5,2
doc596#0,2
doc596#1,2
doc596#2,2
doc596#3,2
doc596#4,2
doc596#5,2
doc597#0,2
doc597#2,2
doc597#3,2
doc597#4,2
doc597#6,2
doc597#7,2
doc598#0,2
doc598#1,2
doc598#2,2
doc598#3,2
doc598#4,2
doc599#0,2
doc599#1,2
doc599#3,2
doc6#1,2
doc6#2,2
doc6#3,2
doc6#4,2
doc60#2,0
doc60#3,2
doc60#4,2
doc60#5,2
doc60#6,2
doc60#7,2
doc600#0,2
doc600#1,2
doc600#4,2
doc600#5,2
doc600#6,2
doc601#0,2
doc601#1,2
doc601#2,2
doc601#3,2
doc601#4,2
doc601#5,2
doc601#6,2
doc601#7,2
doc601#8,2
doc601#9,2
doc602#0,2
doc602#1,2
doc602#2,2
doc602#3,2
doc602#4,2
doc603#1,2
doc603#2,2
doc603#3,2
doc604#0,2
doc604#1,2
doc604#2,2
doc604#3,2
doc604#4,2
doc604#5,2
doc605#0,2
doc605#1,2
doc605#2,2
doc605#5,2
doc606#0,2
doc606#1,2
doc606#3,2
doc606#4,2
doc607#0,2
doc607#1,2
doc607#2,2
doc607#3,2
doc607#4,2
doc607#5,2
doc607#6,2
doc608#1,2
doc608#2,2
doc608#3,2
doc608#4,2
doc609#0,2
doc609#1,2
doc609#2,2
doc61#1,2
doc61#2,2
doc61#3,2
doc61#4,2
doc61#5,2
doc610#0,2
doc610#1,2
doc610#2,2
doc610#3,2
doc610#4,2
doc610#5,2
doc610#6,2
doc610#7,2
doc610#8,2
doc610#9,2
doc611#0,2
doc611#1,2
doc611#2,2
doc611#4,2
doc612#0,2
doc612#1,2
doc612#2,2
doc612#3,2
doc612#4,2
doc612#5,2
doc612#6,2
doc612#7,2
doc612#8,2
doc613#0,2
doc613#1,2
doc613#2,2
doc613#3,2
doc613#4,2
doc613#5,2
doc613#6,2
doc614#0,2
doc614#1,2
doc614#2,2
doc614#3,2
doc614#4,2
doc614#5,2
doc614#8,2
doc614#9,2
doc615#0,2
doc615#1,2
doc615#3,2
doc615#4,2
doc616#0,2
doc616#1,2
doc616#2,2
doc616#3,2
doc616#4,2
doc617#0,2
doc617#1,2
doc617#2,2
doc617#3,2
doc617#4,2
doc617#5,2
doc617#6,2
doc617#7,2
doc618#0,2
doc618#1,2
doc618#2,2
doc618#3,2
doc618#4,2
doc618#5,2
doc618#6,2
doc618#7,2
doc619#0,2
doc619#1,2
doc619#2,2
doc619#3,2
doc619#4,2
doc619#5,2
doc619#6,2
doc62#0,2
doc62#1,2
doc62#10,2
doc62#11,2
doc62#2,2
doc62#3,2
doc62#4,2
doc62#5,2
doc62#6,2
doc62#7,2
doc62#8,2
doc62#9,2
doc620#0,2
doc620#1,2
doc620#2,2
doc620#3,2
doc620#4,2
doc621#0,2
doc621#1,2
doc621#3,2
doc622#0,2
doc622#1,2
doc622#2,2
doc622#3,2
doc622#4,2
doc622#5,2
doc622#6,2
doc622#7,2
doc623#0,2
doc623#3,2
doc623#4,2
doc623#5,2
doc623#7,2
doc624#0,2
doc624#1,0
doc624#2,2
doc624#3,2
doc624#4,2
doc625#4,2
doc625#5,2
doc625#6,2
doc625#7,2
doc625#8,2
doc625#9,2
doc626#0,2
doc626#1,2
doc626#10,2
doc626#11,2
doc626#12,2
doc626#13,2
doc626#14,2
doc626#15,2
doc626#2,2
doc626#3,2
doc626#4,2
doc626#5,2
doc626#6,2
doc626#7,2
doc626#8,2
doc626#9,2
doc627#0,2
doc627#1,2
doc627#2,2
doc627#3,2
doc628#0,2
doc628#3,2
doc628#4,2
doc628#5,2
doc628#6,2
doc629#1,2
doc629#2,2
doc629#3,2
doc629#4,2
doc629#5,2
doc629#7,2
doc63#1,2
doc63#2,2
doc63#3,2
doc63#4,2
doc63#5,2
doc63#6,2
doc63#7,2
doc630#0,2
doc630#1,2
doc630#3,2
doc630#4,2
doc631#0,2
doc631#1,2
doc631#2,2
doc631#6,2
doc631#7,2
doc631#8,2
doc631#9,2
doc632#0,2
doc632#1,2
doc632#2,2
doc632#3,2
doc632#4,2
doc632#5,2
doc632#6,2
doc632#7,2
doc633#0,2
doc633#1,2
doc633#2,2
doc634#0,2
doc634#1,2
doc634#2,2
doc634#3,2
doc634#4,2
doc635#1,2
doc635#3,2
doc635#4,2
doc635#7,2
doc636#0,2
doc636#2,2
doc636#3,2
doc636#4,2
doc636#5,2
doc636#6,2
doc636#7,2
doc636#8,2
doc637#0,2
doc637#1,2
doc637#2,2
doc637#3,2
doc637#4,2
doc637#5,2
doc637#6,2
doc638#0,2
doc638#1,2
doc638#2,2
doc638#4,2
doc638#5,2
doc639#2,2
doc639#4,2
doc64#0,2
doc64#1,2
doc64#10,2
doc64#11,2
doc64#12,2
doc64#13,2
doc64#14,2
doc64#15,2
doc64#16,2
doc64#17,2
doc64#2,2
doc64#4,2
doc64#5,2
doc64#6,2
doc64#7,2
doc64#8,2
doc64#9,2
doc640#0,2
doc640#1,2
doc640#3,2
doc640#4,2
doc640#5,2
doc640#6,2
doc641#0,2
doc641#1,2
doc641#2,2
doc641#3,2
doc642#1,2
doc642#2,2
doc643#0,2
doc643#2,2
doc643#3,2
doc643#4,2
doc643#5,2
doc644#0,2
doc644#1,2
doc644#10,2
doc644#11,2
doc644#12,2
doc644#13,2
doc644#14,2
doc644#15,2
doc644#16,2
doc644#2,2
doc644#3,2
doc644#4,2
doc644#5,2
doc644#6,2
doc644#7,2
doc644#8,2
doc644#9,2
doc645#0,2
doc645#1,2
doc645#2,2
doc645#3,2
doc646#0,2
doc646#1,2
doc646#2,2
doc646#3,2
doc646#4,2
doc646#5,2
doc646#6,2
doc646#7,2
doc647#0,2
doc647#1,2
doc647#2,2
doc647#3,2
doc647#4,2
doc647#5,2
doc647#6,2
doc647#7,2
doc647#8,2
doc648#2,2
doc648#3,2
doc649#0,2
doc649#1,2
doc649#10,2
doc649#11,2
doc649#12,2
doc649#13,2
doc649#14,2
doc649#15,2
doc649#16,2
doc649#17,2
doc649#18,2
doc649#19,2
doc649#2,2
doc649#20,2
doc649#3,2
doc649#4,2
doc649#5,2
doc649#6,2
doc649#7,2
doc649#8,2
doc649#9,2
doc65#0,2
doc65#1,2
doc65#2,2
doc65#3,2
doc65#4,2
doc65#5,2
doc650#1,2
doc650#10,2
doc650#2,2
doc650#3,2
doc650#4,2
doc650#5,2
doc650#6,2
doc650#7,2
doc650#8,2
doc650#9,2
doc651#0,2
doc651#1,2
doc651#3,2
doc651#7,2
doc652#0,2
doc652#1,2
doc652#2,2
doc652#3,2
doc652#6,2
doc652#7,2
doc652#8,2
doc653#0,2
doc653#1,2
doc653#2,2
doc654#1,2
doc654#2,2
doc654#3,2
doc654#4,2
doc654#5,2
doc654#6,2
doc655#0,2
doc655#1,2
doc655#2,2
doc655#3,2
doc655#4,2
doc655#6,2
doc655#8,2
doc656#0,2
doc656#1,2
doc656#2,2
doc656#3,2
doc656#4,2
doc657#0,2
doc657#1,2
doc657#10,2
doc657#11,2
doc657#12,2
doc657#13,2
doc657#14,2
doc657#15,2
doc657#2,2
doc657#3,2
doc657#4,2
doc657#5,2
doc657#6,2
doc657#7,2
doc657#8,2
doc657#9,2
doc658#0,2
doc658#2,2
doc658#3,2
doc658#4,2
doc658#5,2
doc658#6,2
doc658#7,2
doc658#8,2
doc659#0,2
doc659#1,2
doc659#2,2
doc659#3,2
doc659#4,2
doc659#5,2
doc659#6,2
doc659#7,2
doc66#0,2
doc66#1,2
doc660#0,2
doc660#1,2
doc660#2,2
doc660#3,2
doc660#4,2
doc660#5,2
doc660#7,2
doc661#0,2
doc661#1,2
doc661#10,2
doc661#11,2
doc661#12,2
doc661#13,2
doc661#14,2
doc661#2,2
doc661#4,2
doc661#5,2
doc661#6,2
doc661#7,2
doc661#8,2
doc661#9,2
doc662#0,2
doc662#1,2
doc662#10,2
doc662#11,2
doc662#13,2
doc662#14,2
doc662#15,2
doc662#17,2
doc662#18,2
doc662#19,2
doc662#20,2
doc662#3,2
doc662#4,2
doc662#5,2
doc662#7,2
doc662#8,2
doc662#9,2
doc663#0,2
doc663#1,2
doc663#2,2
doc663#3,2
doc663#4,2
doc664#1,2
doc664#2,2
doc664#3,2
doc664#4,2
doc665#0,2
doc665#1,2
doc665#2,2
doc665#3,2
doc666#0,2
doc666#1,2
doc666#2,2
doc666#3,2
doc666#4,2
doc667#0,2
doc667#1,2
doc667#2,2
doc667#3,2
doc667#4,2
doc668#0,2
doc668#1,2
doc668#3,2
doc668#4,2
doc668#5,2
doc669#0,2
doc669#1,2
doc669#2,2
doc669#3,2
doc67#1,2
doc67#2,2
doc67#3,2
doc67#4,2
doc670#0,2
doc670#1,2
doc670#2,2
doc670#4,2
doc670#5,2
doc670#6,2
doc671#0,2
doc671#1,2
doc671#2,2
doc671#5,2
doc671#6,2
doc671#8,2
doc671#9,2
doc672#0,2
doc672#1,2
doc673#0,2
doc673#1,2
doc673#10,2
doc673#11,2
doc673#2,2
doc673#3,2
doc673#4,2
doc673#5,2
doc673#6,2
doc673#7,2
doc673#8,2
doc673#9,2
doc674#1,2
doc674#2,2
doc674#3,2
doc674#4,2
doc674#5,2
doc674#6,2
doc675#1,2
doc675#2,2
doc675#3,2
doc675#4,2
doc676#10,2
doc676#12,2
doc676#13,2
doc676#14,2
doc676#15,2
doc676#16,2
doc676#17,2
doc676#19,2
doc676#2,2
doc676#3,2
doc676#4,2
doc676#5,2
doc676#6,2
doc676#7,2
doc676#8,2
doc676#9,2
doc677#0,2
doc677#1,2
doc677#2,2
doc677#3,2
doc677#4,2
doc678#0,2
doc678#1,2
doc678#2,2
doc679#0,2
doc679#1,2
doc679#2,2
doc679#3,2
doc679#4,2
doc68#0,2
doc68#1,2
doc68#2,2
doc68#3,2
doc68#4,2
doc68#5,2
doc68#6,2
doc680#0,2
doc680#2,2
doc681#0,2
doc681#1,2
doc681#2,2
doc681#3,2
doc681#4,2
doc681#5,2
doc681#6,2
doc682#0,2
doc682#1,2
doc682#3,2
doc682#4,2
doc682#5,2
doc682#6,2
doc682#7,2
doc683#0,2
doc683#1,2
doc683#2,2
doc683#3,2
doc683#4,2
doc683#5,2
doc683#6,2
doc684#0,2
doc684#2,2
doc684#3,2
doc684#4,2
doc684#5,2
doc684#6,2
doc685#0,2
doc685#1,2
doc685#2,2
doc685#3,2
doc685#4,2
doc685#5,2
doc685#6,2
doc686#0,2
doc686#1,2
doc686#2,2
doc686#4,2
doc686#5,2
doc687#0,2
doc687#1,2
doc687#2,2
doc687#3,2
doc687#4,2
doc688#0,2
doc688#1,2
doc688#2,2
doc688#5,2
doc688#6,2
doc689#1,2
doc689#2,2
doc689#3,2
doc689#4,2
doc69#0,2
doc69#1,2
doc69#2,2
doc69#3,2
doc69#4,2
doc69#5,2
doc690#0,2
doc690#10,2
doc690#2,2
doc690#3,2
doc690#4,2
doc690#5,2
doc690#6,2
doc690#7,2
doc690#8,2
doc690#9,2
doc691#1,2
doc691#2,2
doc691#3,2
doc691#4,2
doc692#0,2
doc692#2,2
doc692#3,2
doc692#4,2
doc692#7,2
doc692#8,2
doc693#0,2
doc693#1,2
doc693#2,2
doc693#3,2
doc693#4,2
doc693#5,2
doc693#6,2
doc693#7,2
doc693#8,2
doc693#9,2
doc694#0,2
doc694#1,2
doc694#2,2
doc694#3,2
doc695#0,2
doc695#1,2
doc695#3,2
doc695#6,2
doc695#7,2
doc695#8,2
doc695#9,2
doc696#1,2
doc696#2,2
doc696#3,2
doc696#4,2
doc696#5,2
doc696#6,2
doc697#0,0
doc697#1,2
doc697#10,2
doc697#11,2
doc697#12,2
doc697#13,2
doc697#2,2
doc697#3,2
doc697#4,2
doc697#5,2
doc697#6,2
doc697#7,2
doc697#8,2
doc697#9,2
doc698#1,2
doc698#2,2
doc698#3,2
doc698#4,2
doc698#5,2
doc698#6,2
doc698#7,2
doc698#8,2
doc698#9,2
doc699#0,2
doc699#1,2
doc699#2,2
doc699#3,2
doc699#4,2
doc699#5,2
doc7#1,2
doc7#2,2
doc7#6,2
doc7#7,2
doc70#0,2
doc70#1,2
doc70#2,2
doc70#3,2
doc700#0,2
doc700#1,2
doc700#10,2
doc700#11,2
doc700#12,2
doc700#13,2
doc700#14,2
doc700#15,2
doc700#16,2
doc700#17,2
doc700#18,2
doc700#19,2
doc700#2,2
doc700#20,2
doc700#21,2
doc700#22,2
doc700#3,2
doc700#4,2
doc700#5,2
doc700#6,2
doc700#7,2
doc700#8,2
doc700#9,2
doc701#0,2
doc701#1,2
doc701#2,2
doc701#3,2
doc702#0,2
doc702#1,2
doc702#10,2
doc702#11,2
doc702#12,2
doc702#13,2
doc702#14,2
doc702#15,2
doc702#16,2
doc702#2,2
doc702#4,2
doc702#5,2
doc702#6,2
doc702#8,2
doc702#9,2
doc703#0,2
doc703#1,2
doc703#2,2
doc703#3,2
doc704#0,2
doc704#2,2
doc705#1,2
doc705#2,2
doc705#3,2
doc705#4,2
doc705#5,2
doc705#6,2
doc706#1,2
doc706#2,2
doc707#0,2
doc707#1,2
doc707#11,2
doc707#12,2
doc707#13,2
doc707#2,2
doc707#3,2
doc707#5,2
doc707#6,2
doc707#7,2
doc707#9,2
doc708#0,2
doc708#1,2
doc708#2,2
doc708#3,2
doc708#4,2
doc708#5,2
doc708#6,2
doc708#7,2
doc709#0,2
doc709#1,2
doc709#10,2
doc709#2,2
doc709#4,2
doc709#5,2
doc709#6,2
doc709#7,2
doc709#8,2
doc71#1,2
doc71#2,2
doc71#5,2
doc71#6,2
doc710#0,2
doc710#1,2
doc710#2,2
doc710#3,2
doc710#4,2
doc710#5,2
doc711#0,2
doc711#1,2
doc711#10,2
doc711#11,2
doc711#12,2
doc711#3,2
doc711#4,2
doc711#5,2
doc711#6,2
doc711#7,2
doc711#8,2
doc711#9,2
doc712#1,2
doc712#2,2
doc712#3,2
doc713#0,2
doc713#1,2
doc713#2,2
doc713#3,2
doc713#4,2
doc713#5,2
doc714#0,2
doc714#2,2
doc714#3,2
doc714#4,2
doc714#5,2
doc714#7,2
doc714#8,2
doc715#0,2
doc715#1,2
doc715#2,2
doc715#3,2
doc715#4,2
doc715#5,2
doc715#7,2
doc715#9,2
doc716#10,2
doc716#11,2
doc716#12,2
doc716#13,2
doc716#14,2
doc716#2,2
doc716#3,2
doc716#4,2
doc716#5,2
doc716#6,2
doc716#7,2
doc716#8,2
doc716#9,2
doc717#0,2
doc717#1,2
doc717#2,2
doc717#6,2
doc718#1,2
doc718#2,2
doc718#3,2
doc718#4,2
doc719#1,2
doc719#5,2
doc719#6,2
doc72#1,2
doc72#2,2
doc72#3,2
doc72#4,2
doc72#5,2
doc72#6,2
doc720#0,2
doc720#1,2
doc720#2,2
doc720#3,2
doc720#4,2
doc720#5,2
doc721#0,2
doc721#1,2
doc721#2,2
doc721#3,2
doc722#0,2
doc722#1,2
doc722#10,2
doc722#2,2
doc722#3,2
doc722#4,2
doc722#5,2
doc722#6,2
doc722#7,2
doc722#8,2
doc722#9,2
doc723#0,2
doc723#1,2
doc723#10,2
doc723#11,2
doc723#12,2
doc723#13,2
doc723#5,2
doc723#6,2
doc723#7,2
doc723#8,2
doc723#9,2
doc724#1,2
doc724#2,2
doc724#3,2
doc724#4,2
doc724#5,2
doc724#8,2
doc725#0,2
doc725#1,2
doc725#2,2
doc725#3,2
doc725#4,2
doc725#5,2
doc725#6,2
doc726#1,2
doc726#2,2
doc726#3,2
doc726#4,2
doc727#0,2
doc727#1,2
doc727#2,2
doc727#3,2
doc727#4,2
doc728#1,2
doc728#2,2
doc728#3,2
doc729#0,2
doc729#1,2
doc729#3,2
doc73#1,2
doc73#2,2
doc73#3,2
doc73#4,2
doc73#5,2
doc73#8,2
doc73#9,2
doc730#1,2
doc730#2,2
doc730#3,2
doc731#1,2
doc731#2,2
doc731#8,2
doc732#0,2
doc732#1,2
doc732#2,2
doc732#4,2
doc732#5,2
doc733#0,2
doc733#2,2
doc733#3,2
doc733#4,2
doc734#0,2
doc734#1,2
doc734#2,2
doc734#3,2
doc734#4,2
doc734#5,2
doc734#6,2
doc735#0,2
doc735#1,2
doc735#2,2
doc735#3,2
doc735#4,2
doc735#5,2
doc735#6,2
doc735#7,2
doc735#9,2
doc736#0,0
doc736#2,2
doc736#3,2
doc736#4,2
doc736#5,2
doc736#6,2
doc736#8,2
doc737#0,2
doc737#1,2
doc737#10,2
doc737#11,2
doc737#12,2
doc737#13,2
doc737#15,2
doc737#16,2
doc737#2,2
doc737#3,2
doc737#4,2
doc737#5,2
doc737#7,2
doc737#8,2
doc737#9,2
doc738#0,2
doc738#1,2
doc738#2,2
doc738#4,2
doc738#6,2
doc738#7,2
doc738#8,2
doc739#0,2
doc739#1,2
doc739#2,2
doc74#0,2
doc74#1,2
doc74#2,2
doc74#3,2
doc74#4,2
doc740#0,2
doc740#1,2
doc740#2,2
doc740#3,2
doc740#4,2
doc740#5,2
doc740#6,2
doc740#7,2
doc741#0,2
doc741#1,2
doc741#2,2
doc742#0,2
doc742#1,2
doc742#2,2
doc742#4,2
doc743#0,2
doc743#1,2
doc743#2,2
doc743#3,2
doc743#4,2
doc744#6,2
doc744#7,2
doc744#8,2
doc744#9,2
doc745#1,2
doc745#2,2
doc745#3,2
doc745#4,2
doc745#5,2
doc745#6,2
doc746#0,2
doc746#1,2
doc746#2,2
doc746#3,2
doc746#4,2
doc746#5,2
doc746#6,2
doc747#0,2
doc747#1,2
doc747#2,2
doc747#3,2
doc747#4,2
doc747#5,2
doc749#0,2
doc749#1,2
doc749#2,2
doc749#3,2
doc749#4,2
doc75#1,2
doc75#11,2
doc75#12,2
doc75#13,2
doc75#14,2
doc75#15,2
doc75#16,2
doc75#17,2
doc75#18,2
doc75#19,2
doc75#2,2
doc75#20,2
doc75#21,2
doc75#23,2
doc75#24,2
doc75#25,2
doc75#26,2
doc75#27,2
doc75#28,2
doc75#29,2
doc75#3,2
doc75#30,2
doc75#4,2
doc75#6,2
doc75#7,2
doc75#8,2
doc75#9,2
doc750#0,2
doc750#1,2
doc750#10,2
doc750#11,2
doc750#2,2
doc750#3,2
doc750#4,2
doc750#5,2
doc750#6,2
doc750#8,2
doc750#9,2
doc751#0,2
doc751#1,2
doc751#3,2
doc752#0,2
doc752#1,2
doc752#2,2
doc752#3,2
doc752#4,2
doc753#0,2
doc753#1,2
doc753#2,2
doc754#0,2
doc754#1,2
doc754#2,2
doc754#3,2
doc754#4,2
doc754#5,2
doc755#0,2
doc755#1,2
doc755#2,2
doc755#3,2
doc755#4,2
doc756#0,2
doc756#1,2
doc756#2,2
doc757#0,2
doc757#1,2
doc757#2,2
doc757#3,2
doc757#4,2
doc757#5,2
doc758#0,2
doc758#1,2
doc758#2,2
doc758#3,2
doc759#0,2
doc759#1,2
doc759#2,2
doc759#3,2
doc759#4,2
doc76#1,2
doc76#2,2
doc76#3,2
doc760#0,2
doc760#1,2
doc760#2,2
doc760#3,2
doc760#4,2
doc760#5,2
doc760#6,2
doc760#7,2
doc761#0,2
doc761#1,2
doc761#2,2
doc761#3,2
doc761#4,2
doc762#1,2
doc762#2,2
doc762#3,2
doc762#4,2
doc762#6,2
doc762#7,2
doc762#8,2
doc763#1,2
doc763#10,2
doc763#12,2
doc763#2,2
doc763#3,2
doc763#5,2
doc763#7,2
doc764#1,2
doc764#3,2
doc764#4,2
doc764#5,2
doc765#0,2
doc765#1,2
doc765#2,2
doc765#3,2
doc765#4,2
doc765#5,2
doc765#6,2
doc765#7,2
doc765#8,2
doc766#0,2
doc766#1,2
doc766#10,2
doc766#11,2
doc766#12,2
doc766#2,2
doc766#3,2
doc766#4,2
doc766#5,2
doc766#6,2
doc766#8,2
doc766#9,2
doc767#0,2
doc767#1,2
doc767#2,2
doc767#3,2
doc767#4,2
doc767#5,2
doc767#6,2
doc768#1,2
doc768#11,2
doc768#2,2
doc768#3,2
doc768#4,2
doc768#5,2
doc768#6,2
doc768#7,2
doc769#1,2
doc769#2,2
doc769#3,2
doc769#4,2
doc77#0,2
doc77#1,2
doc77#2,2
doc77#3,2
doc77#4,2
doc770#0,2
doc770#2,2
doc770#3,2
doc770#4,2
doc770#5,2
doc770#6,2
doc771#0,2
doc771#1,2
doc771#11,2
doc771#12,2
doc771#13,2
doc771#14,2
doc771#2,2
doc771#4,2
doc771#5,2
doc771#6,2
doc771#7,2
doc771#8,2
doc771#9,2
doc772#0,2
doc772#1,2
doc772#2,2
doc772#4,2
doc773#0,2
doc773#1,2
doc773#10,2
doc773#11,2
doc773#13,2
doc773#14,2
doc773#15,2
doc773#16,2
doc773#17,2
doc773#18,2
doc773#19,2
doc773#20,2
doc773#21,2
doc773#23,2
doc773#24,2
doc773#25,2
doc773#26,2
doc773#27,2
doc773#28,2
doc773#29,2
doc773#3,2
doc773#4,2
doc773#5,2
doc773#6,2
doc773#7,2
doc773#8,2
doc773#9,2
doc774#0,2
doc774#1,2
doc774#2,2
doc774#3,2
doc774#4,2
doc774#5,2
doc775#0,2
doc775#1,2
doc775#2,2
doc775#3,2
doc776#0,2
doc776#1,2
doc776#2,2
doc776#3,2
doc776#4,2
doc776#5,2
doc777#0,2
doc777#1,2
doc777#2,2
doc777#3,2
doc777#4,2
doc777#5,2
doc777#6,2
doc778#0,2
doc778#1,2
doc778#10,2
doc778#11,2
doc778#12,2
doc778#13,2
doc778#14,2
doc778#15,2
doc778#16,2
doc778#17,2
doc778#18,2
doc778#2,2
doc778#3,2
doc778#4,2
doc778#5,2
doc778#6,2
doc778#7,2
doc778#8,2
doc778#9,2
doc779#0,2
doc779#1,2
doc779#3,2
doc78#1,2
doc78#2,2
doc78#3,2
doc78#4,2
doc78#5,2
doc780#3,2
doc780#4,2
doc780#5,2
doc781#0,2
doc781#1,2
doc781#10,2
doc781#11,2
doc781#12,2
doc781#13,2
doc781#2,2
doc781#3,2
doc781#4,2
doc781#5,2
doc781#6,2
doc781#7,2
doc781#8,2
doc781#9,2
doc782#0,2
doc782#2,2
doc782#3,2
doc782#4,2
doc782#5,2
doc783#0,2
doc783#1,2
doc783#2,2
doc783#3,2
doc783#4,2
doc783#5,2
doc783#6,2
doc783#7,2
doc784#1,2
doc784#10,2
doc784#2,2
doc784#3,2
doc784#4,2
doc784#5,2
doc784#6,2
doc784#7,2
doc784#9,2
doc785#0,2
doc785#4,2
doc786#1,2
doc786#10,2
doc786#2,2
doc786#3,2
doc786#4,2
doc786#6,2
doc786#7,2
doc787#0,2
doc787#1,2
doc788#0,2
doc788#1,2
doc788#5,2
doc788#7,2
doc789#0,2
doc789#1,2
doc789#2,2
doc789#3,2
doc789#5,2
doc789#6,2
doc79#0,2
doc79#1,2
doc79#2,2
doc790#0,2
doc790#1,2
doc790#2,2
doc790#3,2
doc790#4,2
doc790#5,2
doc790#6,2
doc790#7,2
doc791#1,2
doc791#2,2
doc791#3,2
doc791#4,2
doc791#5,2
doc791#6,2
doc791#7,0
doc792#0,2
doc792#1,2
doc792#2,2
doc792#3,2
doc792#4,2
doc792#5,2
doc793#3,2
doc793#4,2
doc793#6,2
doc793#7,2
doc793#8,2
doc794#0,2
doc794#1,2
doc794#2,2
doc794#3,2
doc795#0,2
doc795#1,2
doc795#3,2
doc795#6,2
doc796#0,2
doc796#1,2
doc796#2,2
doc797#1,2
doc797#2,2
doc797#3,2
doc797#4,2
doc797#5,2
doc797#6,2
doc797#7,2
doc798#1,2
doc798#2,2
doc798#3,2
doc799#0,2
doc799#1,2
doc799#2,2
doc799#3,2
doc799#4,2
doc799#5,2
doc799#6,2
doc799#7,2
doc8#0,2
doc8#1,2
doc8#10,2
doc8#11,2
doc8#12,2
doc8#13,2
doc8#14,2
doc8#15,2
doc8#2,2
doc8#3,2
doc8#4,2
doc8#5,2
doc8#6,2
doc8#7,2
doc8#8,2
doc8#9,2
doc80#0,2
doc80#1,2
doc80#2,2
doc80#3,2
doc80#4,2
doc800#0,2
doc800#1,2
doc800#3,2
doc800#4,2
doc800#5,2
doc800#6,2
doc800#7,2
doc801#0,2
doc801#1,2
doc801#2,2
doc801#3,2
doc801#4,2
doc801#5,2
doc801#6,2
doc801#7,2
doc802#0,2
doc802#1,2
doc802#2,2
doc802#3,2
doc802#5,2
doc802#6,2
doc803#0,2
doc803#1,2
doc803#2,2
doc803#3,2
doc803#4,2
doc803#5,2
doc804#1,2
doc804#11,2
doc804#3,2
doc804#6,2
doc804#9,2
doc805#1,2
doc805#10,2
doc805#11,0
doc805#12,2
doc805#13,2
doc805#15,2
doc805#16,2
doc805#2,2
doc805#3,2
doc805#4,2
doc805#5,2
doc805#6,2
doc805#7,2
doc805#8,2
doc805#9,2
doc806#0,2
doc806#1,2
doc806#2,2
doc806#3,2
doc807#0,2
doc807#1,2
doc807#3,2
doc807#4,2
doc807#5,2
doc807#6,2
doc807#7,2
doc808#0,2
doc808#1,2
doc808#2,2
doc808#3,2
doc809#0,2
doc809#1,2
doc809#10,2
doc809#3,2
doc809#4,2
doc809#6,2
doc809#7,2
doc809#8,2
doc809#9,2
doc81#0,2
doc81#1,2
doc81#2,2
doc810#1,2
doc810#2,2
doc810#4,2
doc810#5,2
doc810#6,2
doc811#0,2
doc811#1,2
doc811#2,2
doc811#3,2
doc811#4,2
doc811#5,2
doc812#0,2
doc812#1,2
doc812#2,2
doc812#3,2
doc812#4,2
doc812#5,2
doc813#0,2
doc813#1,2
doc813#2,2
doc813#3,2
doc813#4,2
doc813#5,2
doc813#7,2
doc814#2,2
doc814#3,2
doc814#4,2
doc814#5,2
doc814#6,2
doc815#0,2
doc815#1,2
doc815#2,2
doc815#3,2
doc815#5,2
doc815#6,2
doc815#7,2
doc815#8,2
doc815#9,2
doc816#1,2
doc816#2,2
doc816#3,2
doc817#0,2
doc817#1,2
doc817#2,2
doc817#3,2
doc817#4,2
doc817#5,2
doc817#6,2
doc817#7,2
doc818#1,2
doc818#2,2
doc818#3,2
doc818#4,2
doc819#0,2
doc819#1,2
doc819#2,2
doc819#3,2
doc819#4,2
doc819#5,2
doc819#6,2
doc819#7,2
doc819#8,2
doc82#1,2
doc82#2,2
doc82#4,2
doc82#5,2
doc82#6,2
doc82#8,2
doc82#9,2
doc820#0,2
doc820#1,2
doc820#2,2
doc820#3,2
doc820#4,2
doc821#0,2
doc821#10,2
doc821#2,0
doc821#3,2
doc821#8,2
doc822#1,2
doc822#10,2
doc822#12,2
doc822#13,2
doc822#15,2
doc822#17,2
doc822#18,2
doc822#19,2
doc822#2,2
doc822#20,2
doc822#3,2
doc822#4,2
doc822#6,2
doc822#8,2
doc822#9,2
doc823#0,2
doc823#1,2
doc823#2,2
doc823#3,2
doc823#4,2
doc824#0,2
doc824#1,2
doc824#10,2
doc824#12,2
doc824#13,2
doc824#14,2
doc824#16,2
doc824#17,2
doc824#18,2
doc824#2,2
doc824#3,2
doc824#4,2
doc824#5,2
doc824#6,2
doc824#7,2
doc824#8,2
doc824#9,2
doc825#0,2
doc825#2,2
doc825#4,2
doc825#5,2
doc825#6,2
doc826#1,2
doc826#10,2
doc826#3,2
doc826#4,2
doc826#5,2
doc826#6,2
doc826#7,2
doc826#8,2
doc826#9,2
doc827#1,2
doc827#2,2
doc827#3,2
doc827#4,2
doc828#0,2
doc828#1,2
doc828#2,2
doc828#4,2
doc829#0,2
doc829#1,2
doc829#2,2
doc829#3,2
doc829#4,2
doc83#0,2
doc83#1,2
doc83#2,2
doc83#3,2
doc83#4,2
doc83#5,2
doc83#6,2
doc83#7,2
doc83#8,2
doc830#1,2
doc830#2,2
doc830#3,2
doc830#4,2
doc830#5,2
doc831#0,2
doc831#2,2
doc831#3,2
doc832#0,2
doc832#1,2
doc832#10,2
doc832#11,2
doc832#12,2
doc832#2,2
doc832#3,2
doc832#4,2
doc832#5,2
doc832#6,2
doc832#7,2
doc832#8,2
doc832#9,2
doc833#0,2
doc833#1,2
doc833#10,2
doc833#3,2
doc833#4,2
doc833#5,2
doc833#6,2
doc833#7,2
doc833#8,2
doc833#9,2
doc834#0,2
doc835#0,2
doc835#1,2
doc835#11,2
doc835#12,2
doc835#3,2
doc835#4,2
doc835#7,2
doc835#8,2
doc835#9,2
doc836#0,2
doc836#1,2
doc837#0,2
doc837#1,2
doc837#2,2
doc837#3,2
doc837#4,2
doc837#5,2
doc837#6,2
doc837#7,2
doc838#1,2
doc838#2,2
doc838#4,2
doc839#0,2
doc839#1,2
doc839#2,2
doc839#3,2
doc839#4,2
doc84#0,2
doc84#1,2
doc84#2,2
doc84#3,2
doc840#0,2
doc840#1,2
doc840#2,2
doc840#3,2
doc840#4,2
doc840#5,2
doc841#0,2
doc841#1,2
doc841#10,2
doc841#11,2
doc841#13,2
doc841#2,2
doc841#5,2
doc841#6,2
doc841#7,2
doc841#8,2
doc841#9,2
doc842#0,2
doc842#1,2
doc842#2,2
doc842#3,2
doc842#4,2
doc842#5,2
doc843#0,2
doc843#1,2
doc843#2,2
doc843#3,2
doc843#4,2
doc843#5,2
doc843#6,2
doc844#0,2
doc844#1,2
doc844#10,2
doc844#2,2
doc844#3,2
doc844#4,2
doc844#5,2
doc844#6,2
doc844#7,2
doc844#8,2
doc844#9,2
doc845#0,2
doc845#1,2
doc845#10,2
doc845#11,2
doc845#12,2
doc845#2,2
doc845#3,2
doc845#4,2
doc845#5,2
doc845#8,2
doc846#0,2
doc846#1,2
doc846#10,2
doc846#11,2
doc846#13,2
doc846#14,2
doc846#2,2
doc846#3,2
doc846#4,2
doc846#5,2
doc846#6,2
doc846#7,2
doc846#8,2
doc846#9,2
doc847#1,2
doc847#2,2
doc847#3,2
doc847#4,2
doc847#5,2
doc847#6,2
doc848#1,2
doc848#10,2
doc848#11,2
doc848#12,2
doc848#13,2
doc848#14,2
doc848#16,2
doc848#17,2
doc848#18,2
doc848#19,2
doc848#2,2
doc848#20,2
doc848#3,2
doc848#4,2
doc848#5,2
doc848#8,2
doc848#9,2
doc849#0,2
doc849#1,2
doc849#4,2
doc849#5,2
doc849#6,2
doc85#1,2
doc85#2,2
doc85#3,2
doc85#4,2
doc85#5,2
doc85#6,2
doc850#0,2
doc850#1,2
doc850#2,2
doc850#3,2
doc850#4,2
doc850#5,2
doc850#6,2
doc850#7,2
doc851#2,2
doc851#4,2
doc851#5,2
doc852#1,2
doc852#2,2
doc852#5,2
doc852#6,2
doc852#7,2
doc853#0,2
doc853#1,2
doc853#2,2
doc853#3,2
doc853#4,2
doc853#5,2
doc854#1,2
doc854#2,2
doc854#3,2
doc855#0,2
doc855#1,2
doc855#10,2
doc855#11,2
doc855#12,2
doc855#2,2
doc855#3,2
doc855#4,2
doc855#5,2
doc855#6,2
doc855#7,2
doc855#8,2
doc855#9,2
doc856#0,2
doc856#1,2
doc856#2,2
doc856#5,2
doc856#8,2
doc857#0,2
doc857#1,2
doc857#2,2
doc857#3,2
doc857#4,2
doc857#5,2
doc857#6,2
doc857#7,2
doc857#8,2
doc858#0,2
doc858#1,2
doc858#2,2
doc858#3,2
doc858#4,2
doc858#5,2
doc859#0,2
doc859#1,2
doc859#10,2
doc859#2,2
doc859#3,2
doc859#4,2
doc859#5,2
doc859#6,2
doc859#7,2
doc859#8,2
doc859#9,2
doc86#0,2
doc86#1,2
doc86#2,2
doc86#3,2
doc86#4,2
doc86#5,2
doc86#6,2
doc86#7,2
doc86#8,2
doc860#1,2
doc860#2,2
doc860#3,2
doc860#4,2
doc860#6,2
doc860#7,2
doc861#0,2
doc861#1,2
doc861#3,2
doc861#4,2
doc861#5,2
doc861#7,2
doc862#11,2
doc862#2,2
doc862#3,2
doc862#4,2
doc863#0,2
doc863#1,2
doc863#2,2
doc863#5,2
doc863#6,2
doc863#7,2
doc863#8,2
doc864#0,2
doc864#1,2
doc864#3,2
doc865#0,2
doc865#1,2
doc865#10,2
doc865#2,2
doc865#5,2
doc865#6,2
doc865#7,2
doc865#8,2
doc865#9,2
doc866#0,2
doc866#1,2
doc866#2,2
doc866#3,2
doc866#4,2
doc866#5,2
doc866#6,2
doc866#7,2
doc867#0,2
doc867#1,2
doc867#10,2
doc867#11,2
doc867#12,2
doc867#13,2
doc867#14,2
doc867#15,2
doc867#16,2
doc867#18,2
doc867#2,2
doc867#3,2
doc867#4,2
doc867#5,2
doc867#6,2
doc867#7,2
doc867#8,2
doc867#9,2
doc868#1,2
doc868#2,2
doc868#4,2
doc868#5,2
doc869#0,2
doc869#1,2
doc869#2,2
doc869#3,2
doc869#4,2
doc869#5,2
doc869#6,2
doc869#7,2
doc87#1,2
doc87#2,2
doc87#4,2
doc87#5,2
doc87#6,2
doc870#0,2
doc870#1,2
doc870#2,2
doc870#3,2
doc870#5,2
doc871#0,2
doc871#1,2
doc871#2,2
doc871#3,2
doc871#4,2
doc871#5,2
doc871#6,2
doc871#7,2
doc871#8,2
doc871#9,2
doc872#0,2
doc872#1,2
doc872#2,2
doc872#3,2
doc872#4,2
doc873#1,2
doc873#10,2
doc873#12,2
doc873#13,2
doc873#2,2
doc873#3,2
doc873#5,2
doc873#6,2
doc873#7,2
doc873#8,2
doc873#9,2
doc874#0,2
doc874#1,2
doc874#2,2
doc874#3,2
doc874#4,2
doc874#5,2
doc874#6,2
doc875#0,2
doc875#1,2
doc876#2,2
doc876#3,2
doc876#5,2
doc876#7,2
doc877#0,2
doc877#1,2
doc877#2,2
doc877#3,2
doc878#0,2
doc878#1,2
doc878#2,2
doc878#3,2
doc878#4,2
doc879#0,2
doc879#1,2
doc879#10,2
doc879#11,2
doc879#2,2
doc879#3,2
doc879#4,2
doc879#5,2
doc879#8,2
doc88#0,2
doc88#1,2
doc88#2,2
doc88#3,2
doc88#4,2
doc88#5,2
doc88#6,2
doc880#0,2
doc880#1,2
doc880#2,2
doc880#3,2
doc880#4,2
doc880#5,2
doc880#6,2
doc881#0,2
doc881#1,2
doc881#3,2
doc881#4,2
doc882#2,2
doc882#3,2
doc882#4,2
doc882#5,2
doc883#1,2
doc883#2,2
doc883#3,2
doc883#4,2
doc883#5,2
doc883#6,2
doc884#0,2
doc884#1,2
doc884#2,1
doc884#3,2
doc885#0,2
doc885#1,2
doc885#2,2
doc885#3,2
doc885#4,2
doc885#5,2
doc885#6,2
doc885#7,2
doc886#1,2
doc886#2,2
doc887#0,2
doc887#1,2
doc887#2,2
doc887#4,2
doc887#5,2
doc887#6,2
doc888#0,2
doc888#1,2
doc888#2,2
doc888#3,2
doc888#4,2
doc888#5,2
doc888#6,2
doc889#0,2
doc889#10,2
doc889#2,2
doc889#3,2
doc889#4,2
doc889#5,2
doc889#6,2
doc889#7,2
doc889#9,2
doc89#1,2
doc89#10,2
doc89#11,2
doc89#12,2
doc89#2,2
doc89#3,2
doc89#4,2
doc89#6,2
doc89#7,2
doc89#9,2
doc890#0,2
doc890#1,2
doc890#2,2
doc890#3,2
doc890#4,2
doc890#5,2
doc890#6,2
doc891#0,2
doc891#1,2
doc891#2,2
doc891#3,2
doc891#5,2
doc891#6,2
doc891#7,2
doc891#8,2
doc892#0,2
doc892#1,2
doc892#2,2
doc892#3,2
doc892#4,2
doc892#5,2
doc892#6,2
doc893#0,2
doc893#1,2
doc893#2,2
doc893#3,2
doc893#4,2
doc894#0,2
doc894#1,2
doc894#2,2
doc894#3,2
doc894#4,2
doc894#5,2
doc894#6,2
doc895#0,2
doc895#1,2
doc895#2,2
doc896#0,2
doc896#1,2
doc896#2,2
doc896#3,2
doc896#4,2
doc896#5,2
doc896#7,2
doc897#0,2
doc897#1,2
doc897#2,2
doc898#0,2
doc898#1,2
doc898#2,2
doc898#3,2
doc898#4,2
doc899#1,2
doc899#10,2
doc899#5,2
doc899#6,2
doc899#8,2
doc9#0,2
doc9#1,2
doc9#2,2
doc9#3,2
doc9#4,2
doc9#5,2
doc9#6,2
doc9#7,2
doc9#8,2
doc9#9,2
doc90#0,2
doc90#1,2
doc90#2,2
doc90#3,2
doc900#0,2
doc900#1,2
doc900#2,2
doc900#3,2
doc901#0,2
doc901#1,2
doc901#2,2
doc901#3,2
doc901#4,2
doc901#5,2
doc902#1,2
doc902#2,2
doc902#3,2
doc902#4,2
doc903#0,2
doc903#1,2
doc903#2,2
doc903#3,2
doc903#4,2
doc904#0,2
doc904#1,2
doc904#10,2
doc904#2,2
doc904#5,2
doc904#6,2
doc904#7,2
doc904#8,2
doc904#9,2
doc905#0,2
doc905#1,2
doc905#2,2
doc905#3,2
doc905#4,2
doc906#1,2
doc906#2,2
doc906#3,2
doc906#4,2
doc906#6,2
doc906#7,2
doc906#8,2
doc906#9,2
doc907#0,2
doc907#1,2
doc907#2,2
doc907#3,2
doc907#4,2
doc907#5,2
doc907#6,2
doc907#7,2
doc908#0,2
doc908#1,2
doc908#2,2
doc908#3,2
doc909#2,2
doc909#3,2
doc91#0,2
doc91#1,2
doc91#2,2
doc91#3,2
doc91#6,2
doc91#7,2
doc91#8,2
doc910#0,2
doc910#1,2
doc910#2,2
doc910#3,2
doc910#7,2
doc911#0,2
doc911#1,2
doc911#10,2
doc911#2,2
doc911#3,2
doc911#4,2
doc911#5,2
doc911#6,2
doc911#7,2
doc911#8,2
doc911#9,2
doc912#0,2
doc912#1,2
doc912#2,2
doc913#0,2
doc913#1,2
doc913#2,2
doc914#0,2
doc915#0,2
doc915#1,2
doc915#10,2
doc915#2,2
doc915#3,2
doc915#4,2
doc915#5,2
doc915#6,2
doc915#7,2
doc915#8,2
doc915#9,2
doc916#0,2
doc916#1,2
doc916#10,2
doc916#11,2
doc916#12,2
doc916#13,2
doc916#14,2
doc916#15,2
doc916#16,2
doc916#2,2
doc916#3,2
doc916#4,2
doc916#6,2
doc916#7,2
doc916#8,2
doc917#2,2
doc917#3,2
doc917#5,2
doc917#6,2
doc917#8,2
doc918#0,2
doc918#1,2
doc918#2,2
doc918#3,2
doc918#4,2
doc918#5,2
doc918#6,2
doc918#7,2
doc919#0,2
doc919#1,2
doc919#10,2
doc919#2,2
doc919#3,2
doc919#4,2
doc919#5,2
doc919#6,2
doc919#7,2
doc919#8,2
doc919#9,2
doc92#0,2
doc92#1,2
doc92#2,2
doc92#3,2
doc92#4,2
doc920#0,2
doc920#1,2
doc920#2,2
doc920#3,2
doc920#4,2
doc920#5,2
doc920#6,2
doc921#0,2
doc921#1,2
doc921#2,2
doc921#3,2
doc921#4,2
doc921#5,2
doc921#6,2
doc922#0,2
doc922#1,2
doc922#2,2
doc922#3,2
doc922#4,2
doc922#5,2
doc922#6,2
doc923#0,2
doc923#1,2
doc923#4,2
doc924#0,2
doc924#1,2
doc924#2,2
doc924#3,2
doc924#4,2
doc925#1,2
doc925#2,2
doc925#4,2
doc925#5,2
doc925#6,2
doc926#0,2
doc926#1,2
doc926#2,2
doc926#3,2
doc927#0,2
doc927#1,2
doc927#3,2
doc927#4,2
doc927#5,2
doc927#6,2
doc927#7,2
doc928#0,2
doc928#1,2
doc928#2,2
doc928#3,2
doc929#0,2
doc929#1,2
doc929#3,2
doc93#0,2
doc93#1,2
doc93#2,2
doc93#3,2
doc93#4,2
doc93#5,2
doc93#6,2
doc93#7,2
doc930#0,2
doc930#1,2
doc930#2,2
doc930#3,2
doc930#4,2
doc930#5,2
doc930#6,2
doc930#7,2
doc930#8,2
doc930#9,2
doc931#0,2
doc931#1,2
doc931#2,2
doc931#3,2
doc931#4,2
doc931#5,2
doc931#6,2
doc931#7,2
doc931#9,2
doc932#0,2
doc932#1,2
doc932#2,2
doc932#3,2
doc932#4,2
doc932#5,2
doc932#7,2
doc932#8,2
doc933#1,2
doc933#3,2
doc933#5,2
doc933#6,2
doc933#8,2
doc933#9,2
doc934#0,2
doc934#1,2
doc934#4,2
doc934#5,2
doc934#6,2
doc935#0,2
doc935#1,2
doc935#2,2
doc935#3,2
doc936#0,2
doc936#2,2
doc936#3,2
doc937#10,2
doc937#11,2
doc937#12,2
doc937#13,2
doc937#14,2
doc937#2,2
doc937#4,2
doc937#5,2
doc937#6,2
doc937#7,2
doc938#0,2
doc938#1,2
doc938#10,2
doc938#11,2
doc938#12,2
doc938#13,2
doc938#2,2
doc938#3,2
doc938#4,2
doc938#5,2
doc938#6,2
doc938#8,2
doc938#9,2
doc939#0,2
doc939#1,2
doc939#2,2
doc939#3,2
doc939#4,2
doc939#5,2
doc939#6,2
doc94#0,2
doc94#1,2
doc94#2,2
doc94#3,2
doc94#4,2
doc940#1,2
doc940#3,2
doc941#0,2
doc941#1,2
doc941#2,2
doc941#3,2
doc941#4,2
doc942#0,2
doc942#1,2
doc942#10,2
doc942#11,2
doc942#15,2
doc942#16,2
doc942#3,2
doc942#4,2
doc942#5,2
doc942#6,2
doc942#7,2
doc943#0,2
doc943#1,2
doc943#2,2
doc943#3,2
doc943#4,2
doc944#0,2
doc944#1,2
doc944#2,2
doc944#3,2
doc944#4,2
doc944#5,2
doc944#6,2
doc944#7,2
doc944#8,2
doc945#0,2
doc945#1,2
doc945#2,2
doc945#3,2
doc945#4,2
doc945#5,2
doc946#1,2
doc946#2,2
doc946#3,2
doc947#0,2
doc947#1,2
doc947#2,2
doc947#3,2
doc947#4,2
doc948#1,2
doc948#4,2
doc948#8,2
doc949#0,2
doc949#1,2
doc949#2,2
doc949#3,2
doc949#4,2
doc95#0,2
doc95#1,2
doc95#2,2
doc95#4,2
doc95#5,2
doc95#6,2
doc950#0,2
doc950#1,2
doc950#2,2
doc950#3,2
doc951#0,2
doc951#1,2
doc951#2,2
doc951#3,2
doc951#5,2
doc951#6,2
doc951#8,2
doc952#0,2
doc952#1,2
doc952#2,2
doc952#3,2
doc952#4,2
doc952#5,2
doc952#6,2
doc952#7,2
doc953#0,2
doc953#1,2
doc953#2,2
doc953#3,2
doc954#1,2
doc954#2,2
doc954#3,2
doc954#4,2
doc954#5,2
doc954#6,2
doc954#7,2
doc955#0,2
doc955#1,2
doc955#10,2
doc955#11,2
doc955#12,2
doc955#13,2
doc955#14,2
doc955#15,2
doc955#16,2
doc955#2,2
doc955#3,2
doc955#4,2
doc955#5,2
doc955#6,2
doc955#7,2
doc955#8,2
doc955#9,2
doc956#0,2
doc956#1,2
doc956#4,2
doc956#5,2
doc956#6,2
doc957#0,2
doc957#1,2
doc957#4,2
doc957#5,2
doc957#6,2
doc957#7,2
doc957#8,2
doc958#0,2
doc958#1,2
doc958#2,2
doc959#0,2
doc959#1,2
doc959#2,2
doc959#4,2
doc96#0,2
doc96#1,2
doc96#10,2
doc96#11,2
doc96#12,2
doc96#13,2
doc96#14,2
doc96#2,2
doc96#3,2
doc96#4,2
doc96#5,2
doc96#6,2
doc96#7,2
doc96#8,2
doc96#9,2
doc960#0,2
doc960#1,2
doc960#2,2
doc960#3,2
doc960#4,2
doc960#5,2
doc961#1,2
doc961#2,2
doc961#3,2
doc961#4,2
doc962#1,2
doc962#2,2
doc962#4,2
doc962#5,2
doc963#0,2
doc963#1,2
doc963#10,2
doc963#2,2
doc963#3,2
doc963#4,2
doc963#5,2
doc963#6,2
doc963#7,2
doc963#9,2
doc964#0,2
doc964#1,2
doc964#3,2
doc964#4,2
doc964#7,2
doc964#8,2
doc964#9,2
doc965#0,2
doc965#1,2
doc965#2,2
doc965#3,2
doc965#4,2
doc966#0,2
doc966#1,2
doc966#2,2
doc966#3,2
doc966#6,2
doc966#7,2
doc966#8,2
doc967#0,2
doc967#1,2
doc967#2,2
doc967#3,2
doc967#4,2
doc967#5,2
doc967#6,2
doc968#0,2
doc968#1,2
doc968#10,2
doc968#2,2
doc968#6,2
doc968#8,2
doc968#9,2
doc969#0,2
doc969#1,2
doc969#2,2
doc969#3,2
doc969#4,2
doc969#5,2
doc969#6,2
doc969#7,2
doc97#0,2
doc97#1,2
doc97#2,2
doc97#3,2
doc97#4,2
doc97#5,2
doc97#6,2
doc970#1,2
doc970#10,2
doc970#3,2
doc970#4,2
doc970#6,2
doc970#8,2
doc970#9,2
doc971#0,2
doc971#1,2
doc971#2,2
doc971#3,2
doc971#4,2
doc971#5,2
doc971#7,2
doc972#1,2
doc972#13,2
doc972#14,2
doc972#15,2
doc972#16,2
doc972#17,2
doc972#2,2
doc973#0,2
doc973#1,2
doc973#2,2
doc973#3,2
doc973#4,2
doc973#5,2
doc974#0,2
doc974#1,2
doc974#3,2
doc974#4,2
doc974#5,2
doc975#0,2
doc975#1,2
doc975#2,2
doc975#3,2
doc975#4,2
doc975#5,2
doc975#6,2
doc976#2,2
doc976#3,2
doc976#4,2
doc977#0,2
doc977#1,2
doc977#2,2
doc977#5,2
doc978#1,2
doc978#4,2
doc979#0,2
doc979#1,2
doc98#0,2
doc98#1,2
doc98#2,2
doc98#3,2
doc980#0,2
doc980#1,2
doc980#2,2
doc980#3,2
doc980#4,2
doc981#0,2
doc981#1,2
doc981#10,2
doc981#11,2
doc981#12,2
doc981#2,2
doc981#3,2
doc981#4,2
doc981#5,2
doc981#6,2
doc981#7,2
doc981#8,2
doc981#9,2
doc982#0,2
doc982#1,2
doc982#2,2
doc982#3,2
doc982#4,2
doc982#5,2
doc982#6,2
doc982#7,2
doc983#0,2
doc983#1,2
doc983#2,2
doc984#0,2
doc984#1,2
doc984#2,2
doc985#0,2
doc985#2,2
doc986#0,2
doc986#1,2
doc986#2,2
doc986#3,2
doc987#0,2
doc987#1,2
doc987#2,2
doc987#3,2
doc987#4,2
doc987#5,2
doc988#0,2
doc988#1,2
doc988#10,2
doc988#11,2
doc988#12,2
doc988#2,2
doc988#4,2
doc988#5,2
doc988#6,2
doc988#7,2
doc988#8,2
doc988#9,2
doc989#0,2
doc989#1,2
doc989#10,2
doc989#2,2
doc989#3,2
doc989#4,2
doc989#5,2
doc989#6,2
doc989#7,2
doc989#8,2
doc989#9,2
doc99#0,2
doc99#1,2
doc99#10,2
doc99#11,2
doc99#2,2
doc99#4,2
doc99#5,2
doc99#6,2
doc99#7,2
doc99#8,2
doc990#0,2
doc990#1,2
doc990#2,2
doc990#3,2
doc990#4,2
doc990#5,2
doc990#6,2
doc990#7,2
doc991#0,2
doc991#1,2
doc991#2,2
doc991#3,2
doc992#0,2
doc992#1,2
doc992#2,2
doc992#3,2
doc992#4,2
doc992#5,2
doc992#6,2
doc992#7,2
doc993#0,2
doc993#1,2
doc993#2,2
doc993#3,2
doc993#4,2
doc993#5,2
doc994#0,2
doc994#1,2
doc994#2,2
doc995#1,2
doc995#2,2
doc995#3,2
doc996#0,2
doc996#1,2
doc996#2,2
doc997#0,2
doc997#1,2
doc997#2,2
doc998#0,2
doc998#1,2
doc998#2,2
doc998#3,2
doc998#4,2
doc998#5,2
doc998#6,2
doc998#7,2
doc999#10,2
doc999#11,2
doc999#12,2
doc999#13,2
doc999#14,2
doc999#15,2
doc999#2,2
doc999#3,2
doc999#4,2
doc999#7,2
doc999#8,2
doc999#9,2
